experiment,model,layer,source,target,direction,auc_mj,auc_mj_ci_high,auc_mj_ci_low,auc_mj_p,bootstrap_unit,cb_delta_auc,cb_delta_auc_ci_high,cb_delta_auc_ci_low,cb_delta_auc_p,cb_meta_mj_auc,cb_meta_mj_auc_ci_high,cb_meta_mj_auc_ci_low,cb_meta_mj_auc_p,cb_sample_size,cb_truth_gt_auc,cb_truth_gt_auc_ci_high,cb_truth_gt_auc_ci_low,cb_truth_gt_auc_p,n_B,n_C,n_boot_valid,question_clusters,sample_size
Exp1,qwen25_7b,0,math,movies,math->movies,0.5203553203553204,0.5724989076491045,0.46397005646285033,0.239,target_question,,,,,,,,,,,,,,143,370,1000,468,513
Exp1,qwen25_7b,0,movies,math,movies->math,0.5493746364165212,0.5956773746007138,0.5026853963728847,0.018,target_question,,,,,,,,,,,,,,168,1719,1000,1824,1887
Exp1,qwen25_7b,0,math,math,math->math,0.5337336214299565,0.5786292861187118,0.4869716255486152,0.079,target_question,,,,,,,,,,,,,,168,1719,1000,1824,1887
Exp1,qwen25_7b,0,movies,movies,movies->movies,0.45698355698355697,0.5129512074996636,0.4022607683820864,0.939,target_question,,,,,,,,,,,,,,143,370,1000,468,513
Exp2B,qwen25_7b,0,math,movies,math->movies,,,,,target_question,0.005915705915705893,0.04380923844619242,-0.032115906264780156,0.392,0.4663012663012663,0.5237740573547603,0.4128336195937741,0.89,513,0.4603855603855604,0.5186370800083752,0.4045266673369188,0.915,143,370,1000,468,
Exp2B,qwen25_7b,0,movies,math,movies->math,,,,,target_question,0.05535125626748666,0.09894250333251606,0.014105414749419528,0.003,0.48366298235408184,0.5284814482247128,0.44168242322015194,0.762,1887,0.4283117260865952,0.47199881299176394,0.3853737169095649,1.0,168,1719,1000,1824,
Exp1,qwen25_7b,1,math,movies,math->movies,0.502967302967303,0.5534073911435606,0.44488391199596483,0.455,target_question,,,,,,,,,,,,,,143,370,1000,468,513
Exp1,qwen25_7b,1,movies,math,movies->math,0.42790312751045734,0.47321980123911195,0.3881082026436335,1.0,target_question,,,,,,,,,,,,,,168,1719,1000,1824,1887
Exp1,qwen25_7b,1,math,math,math->math,0.5368916036455303,0.5819270696013701,0.48900056254569235,0.063,target_question,,,,,,,,,,,,,,168,1719,1000,1824,1887
Exp1,qwen25_7b,1,movies,movies,movies->movies,0.4546210546210546,0.5091987233250296,0.40023528303574507,0.95,target_question,,,,,,,,,,,,,,143,370,1000,468,513
Exp2B,qwen25_7b,1,math,movies,math->movies,,,,,target_question,0.0016065016065016646,0.05362388732953995,-0.04866295640784884,0.495,0.5081081081081081,0.5620633615987981,0.4481988068858086,0.378,513,0.5065016065016065,0.5626564677827415,0.44800406285039807,0.406,143,370,1000,468,
Exp2B,qwen25_7b,1,movies,math,movies->math,,,,,target_question,-0.07035859719105797,-0.02068097270337821,-0.11698283016476252,0.995,0.4664429762597302,0.5080096434466934,0.4249462170145869,0.941,1887,0.5368015734507882,0.5842066723995873,0.4889392903123374,0.062,168,1719,1000,1824,
Exp1,qwen25_7b,2,math,movies,math->movies,0.523927423927424,0.5779739116127981,0.47105423819108533,0.157,target_question,,,,,,,,,,,,,,143,370,1000,468,513
Exp1,qwen25_7b,2,movies,math,movies->math,0.5004085985761378,0.5429637120403764,0.45148621482777357,0.504,target_question,,,,,,,,,,,,,,168,1719,1000,1824,1887
Exp1,qwen25_7b,2,math,math,math->math,0.48747887753123353,0.5294214086806921,0.4437222392410301,0.715,target_question,,,,,,,,,,,,,,168,1719,1000,1824,1887
Exp1,qwen25_7b,2,movies,movies,movies->movies,0.46182196182196183,0.5201989247632691,0.4036840553641741,0.901,target_question,,,,,,,,,,,,,,143,370,1000,468,513
Exp2B,qwen25_7b,2,math,movies,math->movies,,,,,target_question,0.046664146664146644,0.12042494085597537,-0.03662142201324021,0.142,0.5281232281232281,0.5812387428068514,0.472499537726732,0.166,513,0.48145908145908145,0.5371685623206492,0.43153614280234015,0.721,143,370,1000,468,
Exp2B,qwen25_7b,2,movies,math,movies->math,,,,,target_question,0.0019321864871602035,0.04888828700468275,-0.04255726603762722,0.46,0.5096782459347904,0.5545396015976072,0.4637974600578031,0.353,1887,0.5077460594476302,0.551097264622405,0.46425868217389366,0.369,168,1719,1000,1824,
Exp1,qwen25_7b,3,math,movies,math->movies,0.5119637119637119,0.5712555381158015,0.4540276691202517,0.333,target_question,,,,,,,,,,,,,,143,370,1000,468,513
Exp1,qwen25_7b,3,movies,math,movies->math,0.5242250477852572,0.564647572250034,0.48163525253655365,0.149,target_question,,,,,,,,,,,,,,168,1719,1000,1824,1887
Exp1,qwen25_7b,3,math,math,math->math,0.46508906063879885,0.5079561891602131,0.4212920057518456,0.952,target_question,,,,,,,,,,,,,,168,1719,1000,1824,1887
Exp1,qwen25_7b,3,movies,movies,movies->movies,0.46715176715176715,0.5293319515306122,0.40654138594505834,0.851,target_question,,,,,,,,,,,,,,143,370,1000,468,513
Exp2B,qwen25_7b,3,math,movies,math->movies,,,,,target_question,0.03396333396333395,0.12353169637237842,-0.05196446287151679,0.237,0.5122472122472123,0.5668876970142194,0.458128608692165,0.342,513,0.4782838782838783,0.5385374714893042,0.4197538677864123,0.757,143,370,1000,468,
Exp2B,qwen25_7b,3,movies,math,movies->math,,,,,target_question,0.02340265658328483,0.07174413023525643,-0.026236988816462276,0.179,0.5024931438544004,0.5440876047348232,0.45921985165336526,0.476,1887,0.47909048727111553,0.5218093528988237,0.43612983573900205,0.802,168,1719,1000,1824,
Exp1,qwen25_7b,4,math,movies,math->movies,0.5142128142128142,0.5725527718813699,0.4559597077628299,0.319,target_question,,,,,,,,,,,,,,143,370,1000,468,513
Exp1,qwen25_7b,4,movies,math,movies->math,0.5201944652206433,0.5629949280382529,0.4760845887408166,0.199,target_question,,,,,,,,,,,,,,168,1719,1000,1824,1887
Exp1,qwen25_7b,4,math,math,math->math,0.46743677110169257,0.5122693684062896,0.42426731600174666,0.921,target_question,,,,,,,,,,,,,,168,1719,1000,1824,1887
Exp1,qwen25_7b,4,movies,movies,movies->movies,0.4656397656397656,0.5193306549232568,0.4082061131466533,0.88,target_question,,,,,,,,,,,,,,143,370,1000,468,513
Exp2B,qwen25_7b,4,math,movies,math->movies,,,,,target_question,0.02203742203742204,0.12057536211149054,-0.07193737892346379,0.328,0.49444339444339447,0.553749115911814,0.4339416833365085,0.591,513,0.47240597240597243,0.5318170411898044,0.4100829817164418,0.829,143,370,1000,468,
Exp2B,qwen25_7b,4,movies,math,movies->math,,,,,target_question,0.012244106484944228,0.05851425402048986,-0.03663830567362002,0.322,0.47966702678744566,0.5223330889372781,0.4362390425645807,0.841,1887,0.46742292030250143,0.5132865193651259,0.423861029980668,0.916,168,1719,1000,1824,
Exp1,qwen25_7b,5,math,movies,math->movies,0.4960876960876961,0.55273972887965,0.4361603492373911,0.55,target_question,,,,,,,,,,,,,,143,370,1000,468,513
Exp1,qwen25_7b,5,movies,math,movies->math,0.5356069420205546,0.5761267424971259,0.4881873448623686,0.072,target_question,,,,,,,,,,,,,,168,1719,1000,1824,1887
Exp1,qwen25_7b,5,math,math,math->math,0.4828734868001884,0.527886701154914,0.44064701741916734,0.772,target_question,,,,,,,,,,,,,,168,1719,1000,1824,1887
Exp1,qwen25_7b,5,movies,movies,movies->movies,0.46635796635796634,0.5190769771775214,0.4139564512785724,0.903,target_question,,,,,,,,,,,,,,143,370,1000,468,513
Exp2B,qwen25_7b,5,math,movies,math->movies,,,,,target_question,-0.0013230013230013382,0.11249118694467101,-0.10916267021564971,0.52,0.48087318087318087,0.5434658853557347,0.4218657989719509,0.742,513,0.4821961821961822,0.5445040914563124,0.4231821680105869,0.716,143,370,1000,468,
Exp2B,qwen25_7b,5,movies,math,movies->math,,,,,target_question,0.01359282805617884,0.06591762230475207,-0.038958033840223255,0.302,0.456292071802543,0.5013050903543449,0.41322187642745156,0.971,1887,0.44269924374636416,0.4895110646462593,0.3983829462906559,0.993,168,1719,1000,1824,
Exp1,qwen25_7b,6,math,movies,math->movies,0.5172746172746173,0.5797067290405611,0.4570404983759507,0.262,target_question,,,,,,,,,,,,,,143,370,1000,468,513
Exp1,qwen25_7b,6,movies,math,movies->math,0.5044114795423696,0.5513809862706541,0.45505444298215236,0.421,target_question,,,,,,,,,,,,,,168,1719,1000,1824,1887
Exp1,qwen25_7b,6,math,math,math->math,0.47933114490706114,0.527310004053159,0.4358981387501919,0.825,target_question,,,,,,,,,,,,,,168,1719,1000,1824,1887
Exp1,qwen25_7b,6,movies,movies,movies->movies,0.4742203742203742,0.5326710140286413,0.4196132698969147,0.829,target_question,,,,,,,,,,,,,,143,370,1000,468,513
Exp2B,qwen25_7b,6,math,movies,math->movies,,,,,target_question,0.02260442260442258,0.12561680241673356,-0.08451995849191674,0.347,0.5187677187677188,0.5730683801656955,0.46274500946297303,0.289,513,0.4961632961632962,0.558217257457663,0.43882798024087916,0.545,143,370,1000,468,
Exp2B,qwen25_7b,6,movies,math,movies->math,,,,,target_question,0.007399789467852358,0.08094849358503795,-0.06444541068150059,0.418,0.5096713205351949,0.5567777292938323,0.463454243211267,0.347,1887,0.5022715310673426,0.5447096901597965,0.45672157792051604,0.462,168,1719,1000,1824,
Exp1,qwen25_7b,7,math,movies,math->movies,0.559043659043659,0.6195043143133225,0.5022364356503826,0.019,target_question,,,,,,,,,,,,,,143,370,1000,468,513
Exp1,qwen25_7b,7,movies,math,movies->math,0.526884401229951,0.5777872924529849,0.47867980814492084,0.141,target_question,,,,,,,,,,,,,,168,1719,1000,1824,1887
Exp1,qwen25_7b,7,math,math,math->math,0.4867101581761268,0.5328517777298613,0.4420806059609238,0.728,target_question,,,,,,,,,,,,,,168,1719,1000,1824,1887
Exp1,qwen25_7b,7,movies,movies,movies->movies,0.5086940086940087,0.5684569520377547,0.45118782984728273,0.332,target_question,,,,,,,,,,,,,,143,370,1000,468,513
Exp2B,qwen25_7b,7,math,movies,math->movies,,,,,target_question,0.09899829899829898,0.1965049663475379,-0.008714508749927598,0.034,0.552031752031752,0.6024908151112344,0.4959227815757958,0.035,513,0.45303345303345305,0.5119379529311416,0.39713004921484224,0.945,143,370,1000,468,
Exp2B,qwen25_7b,7,movies,math,movies->math,,,,,target_question,0.05165309288345937,0.13372402074565132,-0.033904756607916656,0.131,0.5310881187844538,0.5779138966621584,0.4835428208435764,0.103,1887,0.47943502590099446,0.5264848118792604,0.43158747163268857,0.811,168,1719,1000,1824,
Exp1,qwen25_7b,8,math,movies,math->movies,0.5540540540540541,0.6097078775262005,0.49236571183674693,0.043,target_question,,,,,,,,,,,,,,143,370,1000,468,513
Exp1,qwen25_7b,8,movies,math,movies->math,0.5081442699243747,0.5595864075576014,0.462981472295268,0.365,target_question,,,,,,,,,,,,,,168,1719,1000,1824,1887
Exp1,qwen25_7b,8,math,math,math->math,0.48183467686085485,0.525306681964178,0.4362056271019527,0.786,target_question,,,,,,,,,,,,,,168,1719,1000,1824,1887
Exp1,qwen25_7b,8,movies,movies,movies->movies,0.5075600075600075,0.5600383486787933,0.45126831265006184,0.385,target_question,,,,,,,,,,,,,,143,370,1000,468,513
Exp2B,qwen25_7b,8,math,movies,math->movies,,,,,target_question,0.10177660177660175,0.21193552602200294,-0.005348998544942451,0.032,0.5565110565110565,0.6112192676843659,0.49923231713733984,0.028,513,0.45473445473445473,0.5127389320340231,0.3982464844463432,0.947,143,370,1000,468,
Exp2B,qwen25_7b,8,movies,math,movies->math,,,,,target_question,0.015822806725948046,0.10768204055561005,-0.07530712920035608,0.369,0.5113818942352973,0.5564932421564285,0.4631606337917045,0.325,1887,0.4955590875093493,0.5434214914363422,0.44816950623068214,0.579,168,1719,1000,1824,
Exp1,qwen25_7b,9,math,movies,math->movies,0.5484785484785485,0.6050259383696776,0.48861550793403835,0.059,target_question,,,,,,,,,,,,,,143,370,1000,468,513
Exp1,qwen25_7b,9,movies,math,movies->math,0.5208246765838389,0.5685015617693965,0.4726523166051029,0.206,target_question,,,,,,,,,,,,,,168,1719,1000,1824,1887
Exp1,qwen25_7b,9,math,math,math->math,0.49748261724701515,0.5431657790113533,0.45184936653264574,0.527,target_question,,,,,,,,,,,,,,168,1719,1000,1824,1887
Exp1,qwen25_7b,9,movies,movies,movies->movies,0.4910602910602911,0.547095837419664,0.4336259723308111,0.629,target_question,,,,,,,,,,,,,,143,370,1000,468,513
Exp2B,qwen25_7b,9,math,movies,math->movies,,,,,target_question,0.08625023625023626,0.20054464232301777,-0.019980383016787104,0.064,0.5485730485730486,0.6082037438423645,0.49156497459495735,0.047,513,0.4623228123228123,0.5183254590484347,0.4050665859036867,0.902,143,370,1000,468,
Exp2B,qwen25_7b,9,movies,math,movies->math,,,,,target_question,0.0404547217374443,0.13245003751739498,-0.05116617546945338,0.164,0.5255755007063908,0.5754940685370323,0.4808572842744502,0.124,1887,0.4851207789689465,0.5325988061700303,0.43663529197815704,0.752,168,1719,1000,1824,
Exp1,qwen25_7b,10,math,movies,math->movies,0.5064449064449065,0.5619550133384288,0.44823940548822855,0.405,target_question,,,,,,,,,,,,,,143,370,1000,468,513
Exp1,qwen25_7b,10,movies,math,movies->math,0.5363271835784925,0.5836160261413689,0.4855218097520835,0.067,target_question,,,,,,,,,,,,,,168,1719,1000,1824,1887
Exp1,qwen25_7b,10,math,math,math->math,0.5004328374747223,0.5456517351798048,0.4566996266752123,0.516,target_question,,,,,,,,,,,,,,168,1719,1000,1824,1887
Exp1,qwen25_7b,10,movies,movies,movies->movies,0.4905688905688906,0.5490507093547786,0.4297332460200226,0.635,target_question,,,,,,,,,,,,,,143,370,1000,468,513
Exp2B,qwen25_7b,10,math,movies,math->movies,,,,,target_question,0.008164808164808135,0.12011453989030085,-0.10375376270137233,0.431,0.5164808164808165,0.5759748339904394,0.4565331745636725,0.286,513,0.5083160083160083,0.5682779062016744,0.4476446315205704,0.401,143,370,1000,468,
Exp2B,qwen25_7b,10,movies,math,movies->math,,,,,target_question,0.07049017978337357,0.1581573897987112,-0.017611738462207222,0.053,0.5435850023546359,0.5885367038645852,0.4953599307130824,0.034,1887,0.47309482257126234,0.5197231866421512,0.42417936361885233,0.876,168,1719,1000,1824,
Exp1,qwen25_7b,11,math,movies,math->movies,0.4998109998109998,0.5599963415670778,0.44049607234549415,0.496,target_question,,,,,,,,,,,,,,143,370,1000,468,513
Exp1,qwen25_7b,11,movies,math,movies->math,0.5559329898335134,0.6012314485267035,0.5074166293780604,0.007,target_question,,,,,,,,,,,,,,168,1719,1000,1824,1887
Exp1,qwen25_7b,11,math,math,math->math,0.512981661541871,0.5587189741239841,0.46452004048016515,0.307,target_question,,,,,,,,,,,,,,168,1719,1000,1824,1887
Exp1,qwen25_7b,11,movies,movies,movies->movies,0.4926856926856927,0.5505538336611888,0.43571775124646533,0.584,target_question,,,,,,,,,,,,,,143,370,1000,468,513
Exp2B,qwen25_7b,11,math,movies,math->movies,,,,,target_question,-0.0008127008127007951,0.10485331258815729,-0.11447240295898176,0.492,0.5193347193347193,0.5773893803829029,0.46101019744082733,0.253,513,0.5201474201474201,0.5786341200047133,0.46572849336900385,0.268,143,370,1000,468,
Exp2B,qwen25_7b,11,movies,math,movies->math,,,,,target_question,0.10645724258289707,0.18820241748374542,0.017113035827116523,0.011,0.567186764176293,0.6118182693622182,0.5211926232113169,0.001,1887,0.4607295215933959,0.5058875717573436,0.41699088041879984,0.96,168,1719,1000,1824,
Exp1,qwen25_7b,12,math,movies,math->movies,0.5708845208845209,0.6319205583453937,0.5163687126022325,0.008,target_question,,,,,,,,,,,,,,143,370,1000,468,513
Exp1,qwen25_7b,12,movies,math,movies->math,0.5543332225269398,0.6025501798245022,0.5070320778323005,0.013,target_question,,,,,,,,,,,,,,168,1719,1000,1824,1887
Exp1,qwen25_7b,12,math,math,math->math,0.5284599296379401,0.5745885000528208,0.48349772352959675,0.109,target_question,,,,,,,,,,,,,,168,1719,1000,1824,1887
Exp1,qwen25_7b,12,movies,movies,movies->movies,0.4951804951804952,0.5566070476456944,0.43837713775046666,0.537,target_question,,,,,,,,,,,,,,143,370,1000,468,513
Exp2B,qwen25_7b,12,math,movies,math->movies,,,,,target_question,0.12475902475902473,0.23280054946722253,0.0182915288959081,0.008,0.5799092799092799,0.6374688998113249,0.5244882984016246,0.005,513,0.45515025515025515,0.5103458214746919,0.3968244878973401,0.947,143,370,1000,468,
Exp2B,qwen25_7b,12,movies,math,movies->math,,,,,target_question,0.10312266267763648,0.1872759747756828,0.008259339336423718,0.015,0.5648286656140059,0.6090281209395242,0.5186253414063393,0.003,1887,0.46170600293636943,0.5086771406366235,0.41852313751714915,0.946,168,1719,1000,1824,
Exp1,qwen25_7b,13,math,movies,math->movies,0.5968058968058968,0.6523867474687908,0.5477383318331667,0.0,target_question,,,,,,,,,,,,,,143,370,1000,468,513
Exp1,qwen25_7b,13,movies,math,movies->math,0.5879456494639741,0.6339064703719383,0.5370467075067726,0.0,target_question,,,,,,,,,,,,,,168,1719,1000,1824,1887
Exp1,qwen25_7b,13,math,math,math->math,0.53467893847475,0.5783939133416448,0.4877416993570773,0.079,target_question,,,,,,,,,,,,,,168,1719,1000,1824,1887
Exp1,qwen25_7b,13,movies,movies,movies->movies,0.4947457947457947,0.5509832516184249,0.43634936810981706,0.557,target_question,,,,,,,,,,,,,,143,370,1000,468,513
Exp2B,qwen25_7b,13,math,movies,math->movies,,,,,target_question,0.16864486864486872,0.2580269306072589,0.07048569389033058,0.0,0.6262143262143263,0.6829282488398881,0.570982344304485,0.0,513,0.45756945756945755,0.5101326208808048,0.4033802445810061,0.94,143,370,1000,468,
Exp2B,qwen25_7b,13,movies,math,movies->math,,,,,target_question,0.16187255879664258,0.24500009934880793,0.07516734477193249,0.0,0.6039052328319344,0.651001563376298,0.5563180365059189,0.0,1887,0.44203267403529184,0.48617933738021546,0.39773214416472746,0.995,168,1719,1000,1824,
Exp1,qwen25_7b,14,math,movies,math->movies,0.6692496692496692,0.7206730632310713,0.61439872422533,0.0,target_question,,,,,,,,,,,,,,143,370,1000,468,513
Exp1,qwen25_7b,14,movies,math,movies->math,0.5871180642123051,0.6317846471864964,0.5394162532217982,0.0,target_question,,,,,,,,,,,,,,168,1719,1000,1824,1887
Exp1,qwen25_7b,14,math,math,math->math,0.5403369899443198,0.5887848393939197,0.49606091069254116,0.037,target_question,,,,,,,,,,,,,,168,1719,1000,1824,1887
Exp1,qwen25_7b,14,movies,movies,movies->movies,0.5237195237195237,0.584137621976947,0.4664129813421901,0.217,target_question,,,,,,,,,,,,,,143,370,1000,468,513
Exp2B,qwen25_7b,14,math,movies,math->movies,,,,,target_question,0.31426951426951427,0.4048927392769052,0.21533386504206264,0.0,0.6822339822339822,0.7291332253277871,0.628353854989765,0.0,513,0.36796446796446797,0.4173707782028896,0.32026041931615856,1.0,143,370,1000,468,
Exp2B,qwen25_7b,14,movies,math,movies->math,,,,,target_question,0.1557349234050805,0.23919745925445762,0.06261564348513354,0.0,0.6050790880633813,0.6502254584879623,0.5563280126256238,0.0,1887,0.4493441646583008,0.4949382587087372,0.4037882090812229,0.98,168,1719,1000,1824,
Exp1,qwen25_7b,15,math,movies,math->movies,0.7903798903798904,0.8310604981506634,0.7446371648018161,0.0,target_question,,,,,,,,,,,,,,143,370,1000,468,513
Exp1,qwen25_7b,15,movies,math,movies->math,0.6446023435552232,0.6916101619902139,0.6002635420326072,0.0,target_question,,,,,,,,,,,,,,168,1719,1000,1824,1887
Exp1,qwen25_7b,15,math,math,math->math,0.5822287320978421,0.631360061824722,0.5380285771140324,0.0,target_question,,,,,,,,,,,,,,168,1719,1000,1824,1887
Exp1,qwen25_7b,15,movies,movies,movies->movies,0.5865809865809866,0.6478922975256244,0.5335243051035078,0.0,target_question,,,,,,,,,,,,,,143,370,1000,468,513
Exp2B,qwen25_7b,15,math,movies,math->movies,,,,,target_question,0.5439047439047439,0.6235769235934324,0.4621436031524095,0.0,0.7976374976374976,0.8371101399375487,0.7542093416601614,0.0,513,0.2537327537327537,0.30131912466843497,0.20546343130858302,1.0,143,370,1000,468,
Exp2B,qwen25_7b,15,movies,math,movies->math,,,,,target_question,0.26687027341477604,0.3525015916468955,0.18004726852827033,0.0,0.6555825646139782,0.7014191912898513,0.6108519810418689,0.0,1887,0.3887122911992022,0.43285489025752966,0.34595972352076276,1.0,168,1719,1000,1824,
Exp1,qwen25_7b,16,math,movies,math->movies,0.7970326970326971,0.8361245649828052,0.7551417184444532,0.0,target_question,,,,,,,,,,,,,,143,370,1000,468,513
Exp1,qwen25_7b,16,movies,math,movies->math,0.670801130225214,0.7148998302925266,0.6234420067117048,0.0,target_question,,,,,,,,,,,,,,168,1719,1000,1824,1887
Exp1,qwen25_7b,16,math,math,math->math,0.6252458516856423,0.6743597687573817,0.5772637720622638,0.0,target_question,,,,,,,,,,,,,,168,1719,1000,1824,1887
Exp1,qwen25_7b,16,movies,movies,movies->movies,0.6182574182574183,0.6728015892218485,0.5607547181871291,0.0,target_question,,,,,,,,,,,,,,143,370,1000,468,513
Exp2B,qwen25_7b,16,math,movies,math->movies,,,,,target_question,0.5701001701001701,0.6577670382277221,0.4844220325110553,0.0,0.8013797013797014,0.8436057233229598,0.7601942058835803,0.0,513,0.23127953127953127,0.2788494372213043,0.18060232609921736,1.0,143,370,1000,468,
Exp2B,qwen25_7b,16,movies,math,movies->math,,,,,target_question,0.30473489570348206,0.3871728928854639,0.2150305956744878,0.0,0.6834018947893293,0.7268444906391389,0.6363516832788535,0.0,1887,0.3786669990858473,0.423383533906924,0.33440077899362186,1.0,168,1719,1000,1824,
Exp1,qwen25_7b,17,math,movies,math->movies,0.8308826308826309,0.8671285877666699,0.7906462949310035,0.0,target_question,,,,,,,,,,,,,,143,370,1000,468,513
Exp1,qwen25_7b,17,movies,math,movies->math,0.7171424416188814,0.7606345771773017,0.670764572521393,0.0,target_question,,,,,,,,,,,,,,168,1719,1000,1824,1887
Exp1,qwen25_7b,17,math,math,math->math,0.6472339954015347,0.696685469658877,0.5995060557588996,0.0,target_question,,,,,,,,,,,,,,168,1719,1000,1824,1887
Exp1,qwen25_7b,17,movies,movies,movies->movies,0.6978264978264979,0.7456746637485565,0.6497212120717026,0.0,target_question,,,,,,,,,,,,,,143,370,1000,468,513
Exp2B,qwen25_7b,17,math,movies,math->movies,,,,,target_question,0.6251937251937252,0.6949924631329506,0.5521838674417794,0.0,0.832999432999433,0.8676292023792678,0.7955154737030031,0.0,513,0.2078057078057078,0.24993457706808098,0.16705650917232817,1.0,143,370,1000,468,
Exp2B,qwen25_7b,17,movies,math,movies->math,,,,,target_question,0.38788816864733094,0.47215277201021466,0.30638816245233236,0.0,0.7251031884539738,0.7708606819253602,0.6813950801142376,0.0,1887,0.33721501980664287,0.38159779448660003,0.2937830512671205,1.0,168,1719,1000,1824,
Exp1,qwen25_7b,18,math,movies,math->movies,0.8328104328104328,0.8654979134775519,0.7957030172269159,0.0,target_question,,,,,,,,,,,,,,143,370,1000,468,513
Exp1,qwen25_7b,18,movies,math,movies->math,0.7370044876589379,0.78034376819027,0.6922157271647628,0.0,target_question,,,,,,,,,,,,,,168,1719,1000,1824,1887
Exp1,qwen25_7b,18,math,math,math->math,0.6684222554641402,0.7148032606159198,0.6213026367497944,0.0,target_question,,,,,,,,,,,,,,168,1719,1000,1824,1887
Exp1,qwen25_7b,18,movies,movies,movies->movies,0.7094500094500095,0.7557135407354905,0.6611684699624789,0.0,target_question,,,,,,,,,,,,,,143,370,1000,468,513
Exp2B,qwen25_7b,18,math,movies,math->movies,,,,,target_question,0.6265545265545266,0.7010520839571781,0.5554295972156509,0.0,0.8504630504630505,0.8838705454862562,0.8167144850552527,0.0,513,0.22390852390852392,0.27133706444337874,0.1797770530581831,1.0,143,370,1000,468,
Exp2B,qwen25_7b,18,movies,math,movies->math,,,,,target_question,0.4472561566802405,0.5357031255444508,0.36246352689948436,0.0,0.7435316767777501,0.7890131142106003,0.6980712678098521,0.0,1887,0.2962755200975096,0.33812316156400585,0.2504260638567442,1.0,168,1719,1000,1824,
Exp1,qwen25_7b,19,math,movies,math->movies,0.8556794556794557,0.8898943152939265,0.8202760865539913,0.0,target_question,,,,,,,,,,,,,,143,370,1000,468,513
Exp1,qwen25_7b,19,movies,math,movies->math,0.7452145488794704,0.7874644191342226,0.702713866153537,0.0,target_question,,,,,,,,,,,,,,168,1719,1000,1824,1887
Exp1,qwen25_7b,19,math,math,math->math,0.6802716141721378,0.730012904962588,0.6315276129710411,0.0,target_question,,,,,,,,,,,,,,168,1719,1000,1824,1887
Exp1,qwen25_7b,19,movies,movies,movies->movies,0.7783405783405783,0.8212932518920921,0.7334994989306018,0.0,target_question,,,,,,,,,,,,,,143,370,1000,468,513
Exp2B,qwen25_7b,19,math,movies,math->movies,,,,,target_question,0.6723114723114724,0.740009415612425,0.5938366142514515,0.0,0.8611604611604612,0.8934799495685548,0.8238440304885811,0.0,513,0.18884898884898885,0.23177549254274551,0.14752693566231836,1.0,143,370,1000,468,
Exp2B,qwen25_7b,19,movies,math,movies->math,,,,,target_question,0.47627011828582505,0.5632001607783844,0.3915612632046748,0.0,0.7500969555943378,0.7922200855252085,0.7075387792404231,0.0,1887,0.2738268373085127,0.3190615855972535,0.22660971111519898,1.0,168,1719,1000,1824,
Exp1,qwen25_7b,20,math,movies,math->movies,0.8476469476469477,0.8838976270655916,0.8081774780237537,0.0,target_question,,,,,,,,,,,,,,143,370,1000,468,513
Exp1,qwen25_7b,20,movies,math,movies->math,0.7334517576664173,0.7720198572175947,0.6866894690605994,0.0,target_question,,,,,,,,,,,,,,168,1719,1000,1824,1887
Exp1,qwen25_7b,20,math,math,math->math,0.6800603894844732,0.7305005717651502,0.6347761342428107,0.0,target_question,,,,,,,,,,,,,,168,1719,1000,1824,1887
Exp1,qwen25_7b,20,movies,movies,movies->movies,0.7997164997164997,0.8427168722651486,0.7602500226865037,0.0,target_question,,,,,,,,,,,,,,143,370,1000,468,513
Exp2B,qwen25_7b,20,math,movies,math->movies,,,,,target_question,0.6581931581931582,0.729016811768852,0.5757015621806024,0.0,0.8558117558117558,0.8906475522771744,0.817707798828057,0.0,513,0.19761859761859762,0.24261498161948494,0.15805402382905273,1.0,143,370,1000,468,
Exp2B,qwen25_7b,20,movies,math,movies->math,,,,,target_question,0.458807723205629,0.5428167732204549,0.37891263779114726,0.0,0.7386215684645004,0.7801824630093633,0.7000628054545444,0.0,1887,0.27981384525887143,0.3196849585711232,0.23620387434782628,1.0,168,1719,1000,1824,
Exp1,qwen25_7b,21,math,movies,math->movies,0.8366471366471366,0.8737791884185525,0.7974631110131286,0.0,target_question,,,,,,,,,,,,,,143,370,1000,468,513
Exp1,qwen25_7b,21,movies,math,movies->math,0.7293969362032189,0.7708112057023692,0.6889736671278699,0.0,target_question,,,,,,,,,,,,,,168,1719,1000,1824,1887
Exp1,qwen25_7b,21,math,math,math->math,0.6833672677913516,0.7277679069671659,0.6376695445401147,0.0,target_question,,,,,,,,,,,,,,168,1719,1000,1824,1887
Exp1,qwen25_7b,21,movies,movies,movies->movies,0.8397278397278397,0.877025415251661,0.8015385020958418,0.0,target_question,,,,,,,,,,,,,,143,370,1000,468,513
Exp2B,qwen25_7b,21,math,movies,math->movies,,,,,target_question,0.6492534492534493,0.7254395784154338,0.5725041316819239,0.0,0.8441882441882442,0.8790467347174915,0.8088647560558013,0.0,513,0.19493479493479493,0.238081138309742,0.15204171737808017,1.0,143,370,1000,468,
Exp2B,qwen25_7b,21,movies,math,movies->math,,,,,target_question,0.4525540873708413,0.5366915494785756,0.36706580117437454,0.0,0.7332336075791573,0.7749571390967119,0.6899903081859379,0.0,1887,0.28067952020831605,0.3239614689045312,0.23789411927454007,1.0,168,1719,1000,1824,
Exp1,qwen25_7b,22,math,movies,math->movies,0.8390852390852391,0.8734016880337861,0.8015288803598742,0.0,target_question,,,,,,,,,,,,,,143,370,1000,468,513
Exp1,qwen25_7b,22,movies,math,movies->math,0.7311871519986703,0.7737895865039608,0.6887197536908889,0.0,target_question,,,,,,,,,,,,,,168,1719,1000,1824,1887
Exp1,qwen25_7b,22,math,math,math->math,0.6873043574614255,0.7324503044997449,0.6397948631382239,0.0,target_question,,,,,,,,,,,,,,168,1719,1000,1824,1887
Exp1,qwen25_7b,22,movies,movies,movies->movies,0.8602343602343603,0.8925627585835434,0.8240196967860073,0.0,target_question,,,,,,,,,,,,,,143,370,1000,468,513
Exp2B,qwen25_7b,22,math,movies,math->movies,,,,,target_question,0.655962955962956,0.7285363944815934,0.5781384966202965,0.0,0.8433377433377434,0.8785009757121097,0.8049487482929207,0.0,513,0.18737478737478738,0.23252131163319384,0.14876519432199012,1.0,143,370,1000,468,
Exp2B,qwen25_7b,22,movies,math,movies->math,,,,,target_question,0.45661237153383744,0.5400135228367741,0.37247770080374826,0.0,0.7335487132607551,0.7746020212658424,0.6907207261198004,0.0,1887,0.27693634172691767,0.3184221298922212,0.2341812893175158,1.0,168,1719,1000,1824,
Exp1,qwen25_7b,23,math,movies,math->movies,0.832999432999433,0.8676233738753601,0.7970573427582691,0.0,target_question,,,,,,,,,,,,,,143,370,1000,468,513
Exp1,qwen25_7b,23,movies,math,movies->math,0.7046490207484972,0.7481847041542585,0.6610666281471824,0.0,target_question,,,,,,,,,,,,,,168,1719,1000,1824,1887
Exp1,qwen25_7b,23,math,math,math->math,0.6832772375966093,0.728832910801236,0.637178522354645,0.0,target_question,,,,,,,,,,,,,,168,1719,1000,1824,1887
Exp1,qwen25_7b,23,movies,movies,movies->movies,0.875996975996976,0.9061750284200144,0.8462646768445302,0.0,target_question,,,,,,,,,,,,,,143,370,1000,468,513
Exp2B,qwen25_7b,23,math,movies,math->movies,,,,,target_question,0.6566055566055566,0.7297973925710501,0.5789958594124953,0.0,0.8343980343980344,0.8708261346899461,0.7959623100156137,0.0,513,0.17779247779247778,0.2168090435932827,0.13934719724623904,1.0,143,370,1000,468,
Exp2B,qwen25_7b,23,movies,math,movies->math,,,,,target_question,0.4056275797113494,0.4933485641627871,0.3202778373756319,0.0,0.7060548768663952,0.7486113616433924,0.661986121646194,0.0,1887,0.30042729715504585,0.3431513328611988,0.2575891831673237,1.0,168,1719,1000,1824,
Exp1,qwen25_7b,24,math,movies,math->movies,0.8068796068796069,0.8487513768870476,0.7642921379654118,0.0,target_question,,,,,,,,,,,,,,143,370,1000,468,513
Exp1,qwen25_7b,24,movies,math,movies->math,0.6953482090916646,0.7385204492326979,0.6532356600765955,0.0,target_question,,,,,,,,,,,,,,168,1719,1000,1824,1887
Exp1,qwen25_7b,24,math,math,math->math,0.6797937616000443,0.7284339473913105,0.6330022448454973,0.0,target_question,,,,,,,,,,,,,,168,1719,1000,1824,1887
Exp1,qwen25_7b,24,movies,movies,movies->movies,0.862048762048762,0.8949270074285074,0.8247073184074839,0.0,target_question,,,,,,,,,,,,,,143,370,1000,468,513
Exp2B,qwen25_7b,24,math,movies,math->movies,,,,,target_question,0.6042903042903043,0.6798329848503477,0.5187834489403165,0.0,0.8075600075600076,0.8453137138803405,0.7632405931541518,0.0,513,0.20326970326970328,0.24839588037676494,0.16298027335043236,1.0,143,370,1000,468,
Exp2B,qwen25_7b,24,movies,math,movies->math,,,,,target_question,0.3847267237319593,0.4736016192942955,0.30168991854389143,0.0,0.6985408183052162,0.7429434027753584,0.6573311722949308,0.0,1887,0.3138140945732569,0.3556535979483308,0.26894950641942195,1.0,168,1719,1000,1824,
Exp1,qwen25_7b,25,math,movies,math->movies,0.8082782082782083,0.8520245761194674,0.7637080836514458,0.0,target_question,,,,,,,,,,,,,,143,370,1000,468,513
Exp1,qwen25_7b,25,movies,math,movies->math,0.6947041469292778,0.7337430964581756,0.6487659649510487,0.0,target_question,,,,,,,,,,,,,,168,1719,1000,1824,1887
Exp1,qwen25_7b,25,math,math,math->math,0.6796968060057065,0.72601194986439,0.632739609551612,0.0,target_question,,,,,,,,,,,,,,168,1719,1000,1824,1887
Exp1,qwen25_7b,25,movies,movies,movies->movies,0.8528066528066528,0.8887541520808293,0.818816255189349,0.0,target_question,,,,,,,,,,,,,,143,370,1000,468,513
Exp2B,qwen25_7b,25,math,movies,math->movies,,,,,target_question,0.6096390096390096,0.6967778272064835,0.5238877210920283,0.0,0.81001701001701,0.8516820910895911,0.7669533577093051,0.0,513,0.20037800037800038,0.24382256308666958,0.1548863620368977,1.0,143,370,1000,468,
Exp2B,qwen25_7b,25,movies,math,movies->math,,,,,target_question,0.3843440954043048,0.4644380916364063,0.2998083355555152,0.0,0.6984854151084517,0.7377634276796754,0.6555305371116251,0.0,1887,0.31414131970414694,0.35659042250617173,0.2728536236918294,1.0,168,1719,1000,1824,
Exp1,qwen25_7b,26,math,movies,math->movies,0.778038178038178,0.8220097935811052,0.7242774923896499,0.0,target_question,,,,,,,,,,,,,,143,370,1000,468,513
Exp1,qwen25_7b,26,movies,math,movies->math,0.698748580293083,0.738816700923744,0.6556915678224752,0.0,target_question,,,,,,,,,,,,,,168,1719,1000,1824,1887
Exp1,qwen25_7b,26,math,math,math->math,0.6819198592758802,0.724844182236518,0.6365154495186768,0.0,target_question,,,,,,,,,,,,,,168,1719,1000,1824,1887
Exp1,qwen25_7b,26,movies,movies,movies->movies,0.8381024381024381,0.8727676217129666,0.7998559563711045,0.0,target_question,,,,,,,,,,,,,,143,370,1000,468,513
Exp2B,qwen25_7b,26,math,movies,math->movies,,,,,target_question,0.5591948591948592,0.6411030706439745,0.4724212018332501,0.0,0.7739179739179739,0.8172045623986258,0.7303594038194733,0.0,513,0.21472311472311473,0.26217405786067755,0.1721231781410361,1.0,143,370,1000,468,
Exp2B,qwen25_7b,26,movies,math,movies->math,,,,,target_question,0.39035014820355135,0.47673161610500797,0.30143487924722506,0.0,0.7030665669409125,0.7474486111034905,0.6585085978271872,0.0,1887,0.31271641873736117,0.35628919392460673,0.26958693535085043,1.0,168,1719,1000,1824,
Exp1,qwen25_7b,27,math,movies,math->movies,0.7844641844641844,0.8241822306569976,0.7400481128333497,0.0,target_question,,,,,,,,,,,,,,143,370,1000,468,513
Exp1,qwen25_7b,27,movies,math,movies->math,0.677456439236544,0.7280975779404595,0.6279175076499733,0.0,target_question,,,,,,,,,,,,,,168,1719,1000,1824,1887
Exp1,qwen25_7b,27,math,math,math->math,0.6720303886534253,0.716980828460699,0.6248957042219693,0.0,target_question,,,,,,,,,,,,,,168,1719,1000,1824,1887
Exp1,qwen25_7b,27,movies,movies,movies->movies,0.8094878094878095,0.8463694837806185,0.7678930404596931,0.0,target_question,,,,,,,,,,,,,,143,370,1000,468,513
Exp2B,qwen25_7b,27,math,movies,math->movies,,,,,target_question,0.5601965601965602,0.6434019294662888,0.47104155814410426,0.0,0.7862596862596862,0.8296407046579077,0.7407054895995968,0.0,513,0.22606312606312606,0.2749497084671846,0.18353650294701018,1.0,143,370,1000,468,
Exp2B,qwen25_7b,27,movies,math,movies->math,,,,,target_question,0.3467859220477022,0.43902288727119854,0.2548736128955384,0.0,0.6842467935399873,0.7308787799464107,0.6381231833171536,0.0,1887,0.3374608714922851,0.38398975408730807,0.2913457271129581,1.0,168,1719,1000,1824,
Exp1,llama31_8b,0,math,movies,math->movies,0.49283976357866316,0.5294128193210903,0.4573187641905467,0.637,target_question,,,,,,,,,,,,,,1853,293,1000,2035,2146
Exp1,llama31_8b,0,movies,math,movies->math,0.5700369386695974,0.6054451706470362,0.5301468144760846,0.0,target_question,,,,,,,,,,,,,,915,358,1000,1240,1273
Exp1,llama31_8b,0,math,math,math->math,0.6538113990902708,0.6861846118176788,0.6226880743436846,0.0,target_question,,,,,,,,,,,,,,915,358,1000,1240,1273
Exp1,llama31_8b,0,movies,movies,movies->movies,0.5906260302912536,0.6239225115274277,0.5546432372832486,0.0,target_question,,,,,,,,,,,,,,1853,293,1000,2035,2146
Exp2B,llama31_8b,0,math,movies,math->movies,,,,,target_question,-0.0014348100764556837,0.01715043083404578,-0.02031618558852206,0.582,0.4932449730996134,0.5275067227422519,0.4569855092498985,0.673,2146,0.4946797831760691,0.5277129729763609,0.45747918026405443,0.652,1853,293,1000,2035,
Exp2B,llama31_8b,0,movies,math,movies->math,,,,,target_question,0.07706444424092557,0.11721426775490325,0.0371430511504342,0.0,0.5450560185609182,0.5806378910919868,0.5063709377392601,0.011,1273,0.46799157431999266,0.5034215009109839,0.43084305353201113,0.961,915,358,1000,1240,
Exp1,llama31_8b,1,math,movies,math->movies,0.48854914731023763,0.5238805540989326,0.45568554461851796,0.724,target_question,,,,,,,,,,,,,,1853,293,1000,2035,2146
Exp1,llama31_8b,1,movies,math,movies->math,0.4241933021949507,0.4591306848852422,0.38679724243455677,1.0,target_question,,,,,,,,,,,,,,915,358,1000,1240,1273
Exp1,llama31_8b,1,math,math,math->math,0.589461794425619,0.6234392179703536,0.5564939731920097,0.0,target_question,,,,,,,,,,,,,,915,358,1000,1240,1273
Exp1,llama31_8b,1,movies,movies,movies->movies,0.5927404872460303,0.6268396340982942,0.5566555733235876,0.0,target_question,,,,,,,,,,,,,,1853,293,1000,2035,2146
Exp2B,llama31_8b,1,math,movies,math->movies,,,,,target_question,-0.011625829528354559,0.015911189540672895,-0.04075635119676969,0.79,0.48237614863085226,0.517972942939303,0.44624083392890657,0.821,2146,0.4940019781592068,0.5306862160344381,0.4551278671834092,0.598,1853,293,1000,2035,
Exp2B,llama31_8b,1,movies,math,movies->math,,,,,target_question,-0.05910797692096342,-0.023522196409038357,-0.09485097801311736,1.0,0.42266385810666424,0.45937321542582715,0.3874970322212136,1.0,1273,0.48177183502762766,0.518626661666025,0.44670810286697016,0.838,915,358,1000,1240,
Exp1,llama31_8b,2,math,movies,math->movies,0.5028226526857102,0.5402028362872133,0.46700064827619125,0.422,target_question,,,,,,,,,,,,,,1853,293,1000,2035,2146
Exp1,llama31_8b,2,movies,math,movies->math,0.27203651128003176,0.3018402525041561,0.24092110999393684,1.0,target_question,,,,,,,,,,,,,,915,358,1000,1240,1273
Exp1,llama31_8b,2,math,math,math->math,0.418591446103123,0.4503396669767052,0.386635142682957,1.0,target_question,,,,,,,,,,,,,,915,358,1000,1240,1273
Exp1,llama31_8b,2,movies,movies,movies->movies,0.5574283193566746,0.5911834031613261,0.5251581742933992,0.0,target_question,,,,,,,,,,,,,,1853,293,1000,2035,2146
Exp2B,llama31_8b,2,math,movies,math->movies,,,,,target_question,-0.0023796850048533047,0.03455627390836407,-0.042322195375838874,0.577,0.4713378729078756,0.5078306695303988,0.43604058849415567,0.949,2146,0.4737175579127289,0.5112941730548409,0.4381314091219607,0.897,1853,293,1000,2035,
Exp2B,llama31_8b,2,movies,math,movies->math,,,,,target_question,-0.2743535732820465,-0.2293236957590648,-0.31652029174487917,1.0,0.29341514790731754,0.3228525836476405,0.26376340482479527,1.0,1273,0.5677687211893641,0.6013588539415923,0.5311244446079392,0.0,915,358,1000,1240,
Exp1,llama31_8b,3,math,movies,math->movies,0.5257464604027414,0.5591450331929981,0.49042634210238306,0.074,target_question,,,,,,,,,,,,,,1853,293,1000,2035,2146
Exp1,llama31_8b,3,movies,math,movies->math,0.2987453063467351,0.33207424912425904,0.2659700132761458,1.0,target_question,,,,,,,,,,,,,,915,358,1000,1240,1273
Exp1,llama31_8b,3,math,math,math->math,0.3605122569221846,0.3900248872042511,0.32729715422626493,1.0,target_question,,,,,,,,,,,,,,915,358,1000,1240,1273
Exp1,llama31_8b,3,movies,movies,movies->movies,0.5281464058836423,0.5628879227077276,0.49782283354972673,0.039,target_question,,,,,,,,,,,,,,1853,293,1000,2035,2146
Exp2B,llama31_8b,3,math,movies,math->movies,,,,,target_question,0.012662797529695402,0.043231119862890625,-0.01806474655716152,0.187,0.48339838174052224,0.5162371876092275,0.4494785997616594,0.827,2146,0.47073558421082684,0.5049119899977136,0.4362625220047731,0.952,1853,293,1000,2035,
Exp2B,llama31_8b,3,movies,math,movies->math,,,,,target_question,-0.26790304362426354,-0.21619823097482024,-0.31851363344939837,1.0,0.2793845590255518,0.3119150930565604,0.24822100704825475,1.0,1273,0.5472876026498154,0.5801864394016527,0.5122964073418184,0.003,915,358,1000,1240,
Exp1,llama31_8b,4,math,movies,math->movies,0.501145637827414,0.53401873389255,0.4640810069728351,0.471,target_question,,,,,,,,,,,,,,1853,293,1000,2035,2146
Exp1,llama31_8b,4,movies,math,movies->math,0.37065665353970145,0.4036372309742449,0.33924855980443164,1.0,target_question,,,,,,,,,,,,,,915,358,1000,1240,1273
Exp1,llama31_8b,4,math,math,math->math,0.38661354824922917,0.41893531542801493,0.35654377282647237,1.0,target_question,,,,,,,,,,,,,,915,358,1000,1240,1273
Exp1,llama31_8b,4,movies,movies,movies->movies,0.5222819189986168,0.553715710041238,0.48811799191716304,0.089,target_question,,,,,,,,,,,,,,1853,293,1000,2035,2146
Exp2B,llama31_8b,4,math,movies,math->movies,,,,,target_question,-0.010362312567573306,0.03341429643741484,-0.0522791300334194,0.684,0.4775007413492372,0.5110305475482355,0.44456309690567924,0.904,2146,0.4878630539168105,0.5184366646468006,0.4556991995911284,0.762,1853,293,1000,2035,
Exp2B,llama31_8b,4,movies,math,movies->math,,,,,target_question,-0.19438593277772687,-0.13707454736701288,-0.2526080560084912,1.0,0.37417345910797695,0.41089367367681984,0.34103024256451575,1.0,1273,0.5685593918857038,0.6030060748184168,0.5319305914230997,0.0,915,358,1000,1240,
Exp1,llama31_8b,5,math,movies,math->movies,0.48806565867728563,0.5259613834530643,0.45168926694926675,0.733,target_question,,,,,,,,,,,,,,1853,293,1000,2035,2146
Exp1,llama31_8b,5,movies,math,movies->math,0.472857709802485,0.508334029262117,0.4360502209310157,0.926,target_question,,,,,,,,,,,,,,915,358,1000,1240,1273
Exp1,llama31_8b,5,math,math,math->math,0.35306957291571267,0.38338298265713794,0.32193025890785076,1.0,target_question,,,,,,,,,,,,,,915,358,1000,1240,1273
Exp1,llama31_8b,5,movies,movies,movies->movies,0.5301208813675453,0.5630749228098955,0.4960350502379162,0.047,target_question,,,,,,,,,,,,,,1853,293,1000,2035,2146
Exp2B,llama31_8b,5,math,movies,math->movies,,,,,target_question,-0.021136281171202864,0.02023001083884063,-0.06361721257940457,0.84,0.47021249555650924,0.5016622532163395,0.43528126166636016,0.963,2146,0.4913487767277121,0.5254645070429326,0.4565430500092557,0.692,1853,293,1000,2035,
Exp2B,llama31_8b,5,movies,math,movies->math,,,,,target_question,-0.0411316665140275,0.021663126051097735,-0.10392643358297377,0.907,0.45208505052355225,0.48434203043771273,0.41893611275503956,0.996,1273,0.49321671703757974,0.5293049216877664,0.45731147435080227,0.639,915,358,1000,1240,
Exp1,llama31_8b,6,math,movies,math->movies,0.5367331640048699,0.5761987402457222,0.4989368792849976,0.029,target_question,,,,,,,,,,,,,,1853,293,1000,2035,2146
Exp1,llama31_8b,6,movies,math,movies->math,0.5095918429648625,0.5378816437336266,0.47705592889189036,0.306,target_question,,,,,,,,,,,,,,915,358,1000,1240,1273
Exp1,llama31_8b,6,math,math,math->math,0.36463046066489607,0.3948155229574005,0.3337246176230526,1.0,target_question,,,,,,,,,,,,,,915,358,1000,1240,1273
Exp1,llama31_8b,6,movies,movies,movies->movies,0.5682989856868946,0.6037564039450053,0.5298832264621868,0.0,target_question,,,,,,,,,,,,,,1853,293,1000,2035,2146
Exp2B,llama31_8b,6,math,movies,math->movies,,,,,target_question,0.04234623680076033,0.09247484890965846,-0.0032322753694417347,0.037,0.5204603180157995,0.5544617878091206,0.4859908904465316,0.118,2146,0.4781140812150392,0.516154962259191,0.44086305931422065,0.865,1853,293,1000,2035,
Exp2B,llama31_8b,6,movies,math,movies->math,,,,,target_question,0.028683945416246914,0.0915714441689437,-0.032212353637218,0.166,0.4986567756510059,0.533337155560786,0.4655692895700504,0.506,1273,0.469972830234759,0.502190337364822,0.43654112173112797,0.965,915,358,1000,1240,
Exp1,llama31_8b,7,math,movies,math->movies,0.5238419756542753,0.5584818874685827,0.4902477033712314,0.081,target_question,,,,,,,,,,,,,,1853,293,1000,2035,2146
Exp1,llama31_8b,7,movies,math,movies->math,0.5663217022315841,0.6011924812948909,0.5287479480541996,0.001,target_question,,,,,,,,,,,,,,915,358,1000,1240,1273
Exp1,llama31_8b,7,math,math,math->math,0.35525536526543944,0.38586431054895437,0.32429357684675353,1.0,target_question,,,,,,,,,,,,,,915,358,1000,1240,1273
Exp1,llama31_8b,7,movies,movies,movies->movies,0.7122699284805195,0.7453712382683908,0.6763221916787012,0.0,target_question,,,,,,,,,,,,,,1853,293,1000,2035,2146
Exp2B,llama31_8b,7,math,movies,math->movies,,,,,target_question,0.028410713002989363,0.07264670708320575,-0.01902184183994153,0.101,0.49532443468667176,0.5273460558514821,0.46075446126515424,0.587,2146,0.4669137216836824,0.5023484002268196,0.43064140068359547,0.963,1853,293,1000,2035,
Exp2B,llama31_8b,7,movies,math,movies->math,,,,,target_question,0.13497878316085116,0.1973722476743813,0.07069206171172446,0.0,0.5335714503770187,0.5708975801506644,0.49704487216740634,0.037,1273,0.39859266721616754,0.43105338081907263,0.36588285939502024,1.0,915,358,1000,1240,
Exp1,llama31_8b,8,math,movies,math->movies,0.6553766698776451,0.6916231856807137,0.6199152825029706,0.0,target_question,,,,,,,,,,,,,,1853,293,1000,2035,2146
Exp1,llama31_8b,8,movies,math,movies->math,0.5022376896541197,0.5367852698301682,0.4686054202269172,0.451,target_question,,,,,,,,,,,,,,915,358,1000,1240,1273
Exp1,llama31_8b,8,math,math,math->math,0.3484995573465213,0.37615198904603914,0.31792109932565477,1.0,target_question,,,,,,,,,,,,,,915,358,1000,1240,1273
Exp1,llama31_8b,8,movies,movies,movies->movies,0.7789268946768362,0.8078949476029242,0.7501165057344799,0.0,target_question,,,,,,,,,,,,,,1853,293,1000,2035,2146
Exp2B,llama31_8b,8,math,movies,math->movies,,,,,target_question,0.2047689476892927,0.2542772995855472,0.15711632607604864,0.0,0.6167417839164974,0.6504891490406026,0.5805418951806431,0.0,2146,0.41197283622720465,0.44750939365766496,0.37658990279662363,1.0,1853,293,1000,2035,
Exp2B,llama31_8b,8,movies,math,movies->math,,,,,target_question,0.007714381658882108,0.06776717723753027,-0.05792210086614402,0.438,0.5054705864395397,0.5396464339963084,0.47026746385285145,0.398,1273,0.4977562047806576,0.5318109582808452,0.46594797827624046,0.526,915,358,1000,1240,
Exp1,llama31_8b,9,math,movies,math->movies,0.6716992461261049,0.7022906309539942,0.6398295513057902,0.0,target_question,,,,,,,,,,,,,,1853,293,1000,2035,2146
Exp1,llama31_8b,9,movies,math,movies->math,0.5039075617425283,0.5354677651032421,0.47093651406794657,0.401,target_question,,,,,,,,,,,,,,915,358,1000,1240,1273
Exp1,llama31_8b,9,math,math,math->math,0.3584363647464664,0.3909191012832907,0.3273068346949032,1.0,target_question,,,,,,,,,,,,,,915,358,1000,1240,1273
Exp1,llama31_8b,9,movies,movies,movies->movies,0.8105829675703453,0.8374306993023247,0.7813612999387921,0.0,target_question,,,,,,,,,,,,,,1853,293,1000,2035,2146
Exp2B,llama31_8b,9,math,movies,math->movies,,,,,target_question,0.284201985895025,0.3396547269050551,0.22656546270804112,0.0,0.6637755581300686,0.6991735789708741,0.6300094485515005,0.0,2146,0.3795735722350436,0.4141118892439242,0.3451118051781977,1.0,1853,293,1000,2035,
Exp2B,llama31_8b,9,movies,math,movies->math,,,,,target_question,0.02372927923802548,0.0860283236236946,-0.042306226522884516,0.214,0.49664804469273743,0.5281044092749783,0.46242301030922756,0.578,1273,0.47291876545471195,0.5081308050373832,0.4382735531924487,0.943,915,358,1000,1240,
Exp1,llama31_8b,10,math,movies,math->movies,0.6994984611247511,0.7319847268013023,0.6663725339693396,0.0,target_question,,,,,,,,,,,,,,1853,293,1000,2035,2146
Exp1,llama31_8b,10,movies,math,movies->math,0.5579479195286504,0.5932473864750772,0.5260572261250829,0.001,target_question,,,,,,,,,,,,,,915,358,1000,1240,1273
Exp1,llama31_8b,10,math,math,math->math,0.36452056049088744,0.3970875039222147,0.3336210480252601,1.0,target_question,,,,,,,,,,,,,,915,358,1000,1240,1273
Exp1,llama31_8b,10,movies,movies,movies->movies,0.8258225292809925,0.8534079813796511,0.8000004547239026,0.0,target_question,,,,,,,,,,,,,,1853,293,1000,2035,2146
Exp2B,llama31_8b,10,math,movies,math->movies,,,,,target_question,0.3314208671852121,0.38800958918253703,0.2759485263993778,0.0,0.6948330260494466,0.7292572047351966,0.6618468660437083,0.0,2146,0.36341215886423456,0.39444212969117864,0.33041324302799446,1.0,1853,293,1000,2035,
Exp2B,llama31_8b,10,movies,math,movies->math,,,,,target_question,0.1277833745458986,0.19937980171877837,0.059211184648684655,0.0,0.5449155905607962,0.5812010546617287,0.5108651146762874,0.004,1273,0.4171322160148976,0.4512627117269581,0.3802975172100864,1.0,915,358,1000,1240,
Exp1,llama31_8b,11,math,movies,math->movies,0.7207738028360983,0.754760830579748,0.6867959661171618,0.0,target_question,,,,,,,,,,,,,,1853,293,1000,2035,2146
Exp1,llama31_8b,11,movies,math,movies->math,0.5765637878926642,0.605420224155703,0.5426788233723631,0.0,target_question,,,,,,,,,,,,,,915,358,1000,1240,1273
Exp1,llama31_8b,11,math,math,math->math,0.38985865616509446,0.4207086135911046,0.35868990715212723,1.0,target_question,,,,,,,,,,,,,,915,358,1000,1240,1273
Exp1,llama31_8b,11,movies,movies,movies->movies,0.8816161965929247,0.9030653141775965,0.8591277003130019,0.0,target_question,,,,,,,,,,,,,,1853,293,1000,2035,2146
Exp2B,llama31_8b,11,math,movies,math->movies,,,,,target_question,0.40904796023052736,0.4667250962979904,0.3471479993292613,0.0,0.7390487522309547,0.7699143633697318,0.7063073183546247,0.0,2146,0.3300007920004273,0.3649025617158711,0.29680908826828045,1.0,1853,293,1000,2035,
Exp2B,llama31_8b,11,movies,math,movies->math,,,,,target_question,0.1523155356107091,0.2148369260560477,0.09230628582978563,0.0,0.5705955978874744,0.603116807189868,0.5412333545770508,0.0,1273,0.4182800622767653,0.45272880918400166,0.3844731482996835,1.0,915,358,1000,1240,
Exp1,llama31_8b,12,math,movies,math->movies,0.7225769852043269,0.7534809653401784,0.6847054792768661,0.0,target_question,,,,,,,,,,,,,,1853,293,1000,2035,2146
Exp1,llama31_8b,12,movies,math,movies->math,0.5809231614616723,0.6117553629028998,0.5467252670358559,0.0,target_question,,,,,,,,,,,,,,915,358,1000,1240,1273
Exp1,llama31_8b,12,math,math,math->math,0.4172482217541289,0.44848410597797395,0.386197291547829,1.0,target_question,,,,,,,,,,,,,,915,358,1000,1240,1273
Exp1,llama31_8b,12,movies,movies,movies->movies,0.8929546957336963,0.9134381579978847,0.8725965120160862,0.0,target_question,,,,,,,,,,,,,,1853,293,1000,2035,2146
Exp2B,llama31_8b,12,math,movies,math->movies,,,,,target_question,0.4088969275909005,0.4722247872946171,0.3444221039316462,0.0,0.7209764075965734,0.7556266528276743,0.6856925746970028,0.0,2146,0.3120794800056729,0.3478737323392267,0.27877869893187923,1.0,1853,293,1000,2035,
Exp2B,llama31_8b,12,movies,math,movies->math,,,,,target_question,0.17464053484751357,0.24007903257639104,0.11156936158351465,0.0,0.568168635711451,0.6023524037570316,0.5352788116613508,0.0,1273,0.39352810086393747,0.4253621666541933,0.36035301528645347,1.0,915,358,1000,1240,
Exp1,llama31_8b,13,math,movies,math->movies,0.7532034575423305,0.7855203047851281,0.7204843445039244,0.0,target_question,,,,,,,,,,,,,,1853,293,1000,2035,2146
Exp1,llama31_8b,13,movies,math,movies->math,0.5281588668070947,0.562441990604023,0.49622607269744623,0.048,target_question,,,,,,,,,,,,,,915,358,1000,1240,1273
Exp1,llama31_8b,13,math,math,math->math,0.44196660255823184,0.47517479138105406,0.4124324938141861,1.0,target_question,,,,,,,,,,,,,,915,358,1000,1240,1273
Exp1,llama31_8b,13,movies,movies,movies->movies,0.9162229315435352,0.9349046850386609,0.8957531152299458,0.0,target_question,,,,,,,,,,,,,,1853,293,1000,2035,2146
Exp2B,llama31_8b,13,math,movies,math->movies,,,,,target_question,0.488475472851883,0.5564940137328453,0.4204894608809217,0.0,0.7513717263214895,0.7867503872039963,0.7165264361703481,0.0,2146,0.26289625346960654,0.29608079300137097,0.22883106536949005,1.0,1853,293,1000,2035,
Exp2B,llama31_8b,13,movies,math,movies->math,,,,,target_question,0.0760539731965687,0.13552889932513082,0.011091235972412109,0.009,0.5178435143633422,0.5478505407380607,0.4854121569971787,0.154,1273,0.4417895411667735,0.4756615744544833,0.41094171542381835,0.999,915,358,1000,1240,
Exp1,llama31_8b,14,math,movies,math->movies,0.7904256357645291,0.8210554002837411,0.7575592622153702,0.0,target_question,,,,,,,,,,,,,,1853,293,1000,2035,2146
Exp1,llama31_8b,14,movies,math,movies->math,0.4943218243428885,0.5219381139721667,0.4646593771614873,0.653,target_question,,,,,,,,,,,,,,915,358,1000,1240,1273
Exp1,llama31_8b,14,math,math,math->math,0.4454101413438349,0.4752333150636692,0.4139623974689283,0.999,target_question,,,,,,,,,,,,,,915,358,1000,1240,1273
Exp1,llama31_8b,14,movies,movies,movies->movies,0.9110804543503846,0.9305148625895537,0.8899213277850376,0.0,target_question,,,,,,,,,,,,,,1853,293,1000,2035,2146
Exp2B,llama31_8b,14,math,movies,math->movies,,,,,target_question,0.566604473144739,0.6334195105438866,0.5002323514268275,0.0,0.7768216470293537,0.810447379148758,0.7423198327445556,0.0,2146,0.21021717388461475,0.24417183623274247,0.17615339627394616,1.0,1853,293,1000,2035,
Exp2B,llama31_8b,14,movies,math,movies->math,,,,,target_question,0.015837836187685084,0.07462374141515352,-0.045155461520766355,0.314,0.48276093659370517,0.5131689678256245,0.4518002704756546,0.868,1273,0.4669231004060201,0.4977463600495361,0.4366570778943566,0.986,915,358,1000,1240,
Exp1,llama31_8b,15,math,movies,math->movies,0.8008855669894221,0.8317743588752461,0.769807140023253,0.0,target_question,,,,,,,,,,,,,,1853,293,1000,2035,2146
Exp1,llama31_8b,15,movies,math,movies->math,0.5434227798638459,0.5758995743931083,0.5117808090115068,0.004,target_question,,,,,,,,,,,,,,915,358,1000,1240,1273
Exp1,llama31_8b,15,math,math,math->math,0.4572335683975944,0.49097800078868165,0.4263060707298883,0.998,target_question,,,,,,,,,,,,,,915,358,1000,1240,1273
Exp1,llama31_8b,15,movies,movies,movies->movies,0.9035859200742639,0.9236753605859226,0.8794649031103957,0.0,target_question,,,,,,,,,,,,,,1853,293,1000,2035,2146
Exp2B,llama31_8b,15,math,movies,math->movies,,,,,target_question,0.5853914600251598,0.6432747127965698,0.5213685141096599,0.0,0.8099070044149419,0.8398515615983735,0.7773126461411577,0.0,2146,0.22451554438978208,0.26002629509141256,0.19473150579585707,1.0,1853,293,1000,2035,
Exp2B,llama31_8b,15,movies,math,movies->math,,,,,target_question,0.11927526940806543,0.18322683234566503,0.0528187755876342,0.0,0.529608938547486,0.5625472198188685,0.4962524474169731,0.043,1273,0.4103336691394206,0.4442757998004864,0.3783697919782186,1.0,915,358,1000,1240,
Exp1,llama31_8b,16,math,movies,math->movies,0.8056080997699515,0.8369956888923331,0.7732272110536783,0.0,target_question,,,,,,,,,,,,,,1853,293,1000,2035,2146
Exp1,llama31_8b,16,movies,math,movies->math,0.5697347131910737,0.6027931163251583,0.5340927050573877,0.0,target_question,,,,,,,,,,,,,,915,358,1000,1240,1273
Exp1,llama31_8b,16,math,math,math->math,0.43900845620783346,0.4715715558495683,0.4067116665922837,1.0,target_question,,,,,,,,,,,,,,915,358,1000,1240,1273
Exp1,llama31_8b,16,movies,movies,movies->movies,0.8997769505773314,0.9201372829699049,0.8780172178742947,0.0,target_question,,,,,,,,,,,,,,1853,293,1000,2035,2146
Exp2B,llama31_8b,16,math,movies,math->movies,,,,,target_question,0.5968017917628272,0.6530880688743419,0.5359325753868011,0.0,0.8233470674802783,0.8512358762457158,0.7942346669516216,0.0,2146,0.2265452757174511,0.25948820278566503,0.19574506981699583,1.0,1853,293,1000,2035,
Exp2B,llama31_8b,16,movies,math,movies->math,,,,,target_question,0.1356931342919071,0.2042614600412712,0.06886897854250823,0.0,0.5710657264096224,0.6058233008144461,0.5373251434436896,0.0,1273,0.4353725921177153,0.4694918728599598,0.40253502825165,1.0,915,358,1000,1240,
Exp1,llama31_8b,17,math,movies,math->movies,0.8081738127821502,0.8369595536790048,0.7785685899170006,0.0,target_question,,,,,,,,,,,,,,1853,293,1000,2035,2146
Exp1,llama31_8b,17,movies,math,movies->math,0.5846689257257991,0.6166848418038765,0.548968229741277,0.0,target_question,,,,,,,,,,,,,,915,358,1000,1240,1273
Exp1,llama31_8b,17,math,math,math->math,0.431281863418506,0.4621087834114178,0.39834175708463015,1.0,target_question,,,,,,,,,,,,,,915,358,1000,1240,1273
Exp1,llama31_8b,17,movies,movies,movies->movies,0.9016667004341268,0.9213972843364626,0.8817182615498271,0.0,target_question,,,,,,,,,,,,,,1853,293,1000,2035,2146
Exp2B,llama31_8b,17,math,movies,math->movies,,,,,target_question,0.5966489172617414,0.6574929054907012,0.5382655972638761,0.0,0.8322543094953484,0.8605841283810682,0.8050921952228571,0.0,2146,0.23560539223360696,0.26919705497856644,0.20145774200844152,1.0,1853,293,1000,2035,
Exp2B,llama31_8b,17,movies,math,movies->math,,,,,target_question,0.14210397777574263,0.20868760120954283,0.07818098962405468,0.0,0.598177488781024,0.6317512125585187,0.5642311135274546,0.0,1273,0.4560735110052813,0.48815344429096125,0.42341090120023694,0.996,915,358,1000,1240,
Exp1,llama31_8b,18,math,movies,math->movies,0.8140364578057168,0.8433242803224671,0.783440618006381,0.0,target_question,,,,,,,,,,,,,,1853,293,1000,2035,2146
Exp1,llama31_8b,18,movies,math,movies->math,0.6056445950483866,0.6393049487928135,0.5716153426458284,0.0,target_question,,,,,,,,,,,,,,915,358,1000,1240,1273
Exp1,llama31_8b,18,math,math,math->math,0.42578380193546417,0.4569624356098372,0.3924394598273401,1.0,target_question,,,,,,,,,,,,,,915,358,1000,1240,1273
Exp1,llama31_8b,18,movies,movies,movies->movies,0.8928810212753417,0.9140045835928037,0.8716629586388053,0.0,target_question,,,,,,,,,,,,,,1853,293,1000,2035,2146
Exp2B,llama31_8b,18,math,movies,math->movies,,,,,target_question,0.6092693519778829,0.6627878355424223,0.5517199368294183,0.0,0.8396512251141494,0.8650358902081624,0.8114318433580987,0.0,2146,0.23038187313626643,0.2636426558812168,0.1999623947172836,1.0,1853,293,1000,2035,
Exp2B,llama31_8b,18,movies,math,movies->math,,,,,target_question,0.18970143786060994,0.25839418478327714,0.11969348275958208,0.0,0.6162621729706628,0.6508382519277494,0.5813789888951166,0.0,1273,0.4265607351100528,0.46174773335469954,0.39109457721422125,1.0,915,358,1000,1240,
Exp1,llama31_8b,19,math,movies,math->movies,0.8202766844283507,0.8480540158062447,0.7908893677430818,0.0,target_question,,,,,,,,,,,,,,1853,293,1000,2035,2146
Exp1,llama31_8b,19,movies,math,movies->math,0.6445248343865433,0.6801087265545788,0.6067877835943568,0.0,target_question,,,,,,,,,,,,,,915,358,1000,1240,1273
Exp1,llama31_8b,19,math,math,math->math,0.426898067588607,0.4577557223502979,0.39670252786091126,1.0,target_question,,,,,,,,,,,,,,915,358,1000,1240,1273
Exp1,llama31_8b,19,movies,movies,movies->movies,0.8909875876956287,0.9145398102072493,0.8701894388472798,0.0,target_question,,,,,,,,,,,,,,1853,293,1000,2035,2146
Exp2B,llama31_8b,19,math,movies,math->movies,,,,,target_question,0.6172151423114256,0.6738554505857609,0.5562732392949061,0.0,0.8479193412029934,0.8739764203039014,0.8201380400971687,0.0,2146,0.23070419889156776,0.26598380000761157,0.19733023631052843,1.0,1853,293,1000,2035,
Exp2B,llama31_8b,19,movies,math,movies->math,,,,,target_question,0.2696187074518424,0.33351916042541946,0.20118527418911955,0.0,0.6535000152639131,0.6840948884857899,0.619506337664152,0.0,1273,0.3838813078120707,0.41775569369026216,0.35099672478281674,1.0,915,358,1000,1240,
Exp1,llama31_8b,20,math,movies,math->movies,0.8097872834201157,0.8405718750651395,0.7779251657954094,0.0,target_question,,,,,,,,,,,,,,1853,293,1000,2035,2146
Exp1,llama31_8b,20,movies,math,movies->math,0.5855664438135361,0.6196118255504608,0.5491453431153119,0.0,target_question,,,,,,,,,,,,,,915,358,1000,1240,1273
Exp1,llama31_8b,20,math,math,math->math,0.42341789541166774,0.4549719997033462,0.3928448893829633,1.0,target_question,,,,,,,,,,,,,,915,358,1000,1240,1273
Exp1,llama31_8b,20,movies,movies,movies->movies,0.882375043513977,0.9053061076182664,0.8581026019311201,0.0,target_question,,,,,,,,,,,,,,1853,293,1000,2035,2146
Exp2B,llama31_8b,20,math,movies,math->movies,,,,,target_question,0.6077663930274493,0.6672961157437085,0.5508464875490827,0.0,0.8332470728216765,0.8619726656980532,0.8080970483495684,0.0,2146,0.22548067979422723,0.2574509530457957,0.19274774189605184,1.0,1853,293,1000,2035,
Exp2B,llama31_8b,20,movies,math,movies->math,,,,,target_question,0.1572793601367647,0.2276034422245549,0.08805198973199059,0.0,0.5920810819061575,0.6268111507902353,0.5578823191623686,0.0,1273,0.4348017217693928,0.47157790349111395,0.3996652964058928,1.0,915,358,1000,1240,
Exp1,llama31_8b,21,math,movies,math->movies,0.8204663961586137,0.8500817182142222,0.788531750462804,0.0,target_question,,,,,,,,,,,,,,1853,293,1000,2035,2146
Exp1,llama31_8b,21,movies,math,movies->math,0.5950605977348353,0.627924214787411,0.5588759733618062,0.0,target_question,,,,,,,,,,,,,,915,358,1000,1240,1273
Exp1,llama31_8b,21,math,math,math->math,0.425328937326373,0.4561100147496346,0.3928414514604654,1.0,target_question,,,,,,,,,,,,,,915,358,1000,1240,1273
Exp1,llama31_8b,21,movies,movies,movies->movies,0.8888510284033455,0.9094207722227639,0.8663799407503295,0.0,target_question,,,,,,,,,,,,,,1853,293,1000,2035,2146
Exp2B,llama31_8b,21,math,movies,math->movies,,,,,target_question,0.6281852691604243,0.6888395171725399,0.5726082178557106,0.0,0.8398814577965075,0.8684414449037663,0.8131938357052172,0.0,2146,0.21169618863608317,0.24407987816393167,0.1782812492898396,1.0,1853,293,1000,2035,
Exp2B,llama31_8b,21,movies,math,movies->math,,,,,target_question,0.1805415636352536,0.24695584972048382,0.11171040191469911,0.0,0.5983881307812071,0.6319184567076715,0.5645942657072512,0.0,1273,0.41784656714595353,0.4526620898501948,0.384342008412985,1.0,915,358,1000,1240,
Exp1,llama31_8b,22,math,movies,math->movies,0.8221903784841111,0.8529159369782536,0.7905483350799118,0.0,target_question,,,,,,,,,,,,,,1853,293,1000,2035,2146
Exp1,llama31_8b,22,movies,math,movies->math,0.5793570839820497,0.6144020418558676,0.5431855201639391,0.0,target_question,,,,,,,,,,,,,,915,358,1000,1240,1273
Exp1,llama31_8b,22,math,math,math->math,0.42142748114906736,0.45099494387269556,0.39044390817088775,1.0,target_question,,,,,,,,,,,,,,915,358,1000,1240,1273
Exp1,llama31_8b,22,movies,movies,movies->movies,0.8898732615130155,0.910866440249346,0.8670015755963039,0.0,target_question,,,,,,,,,,,,,,1853,293,1000,2035,2146
Exp2B,llama31_8b,22,math,movies,math->movies,,,,,target_question,0.6319113548917077,0.6911216400446321,0.5722489208105388,0.0,0.8385258477627829,0.8657979759237785,0.8103846817344946,0.0,2146,0.20661449287107522,0.23906165283240136,0.1747233027902914,1.0,1853,293,1000,2035,
Exp2B,llama31_8b,22,movies,math,movies->math,,,,,target_question,0.15217205482797563,0.21335356620228668,0.08660945666835515,0.0,0.5815795097231126,0.6126403594615071,0.5478111155488238,0.0,1273,0.42940745489513693,0.46257294403673416,0.3986560656195433,1.0,915,358,1000,1240,
Exp1,llama31_8b,23,math,movies,math->movies,0.8238867328877256,0.8532384720647931,0.7935422907803898,0.0,target_question,,,,,,,,,,,,,,1853,293,1000,2035,2146
Exp1,llama31_8b,23,movies,math,movies->math,0.5607381628354244,0.5956596516437304,0.5245534745950979,0.001,target_question,,,,,,,,,,,,,,915,358,1000,1240,1273
Exp1,llama31_8b,23,math,math,math->math,0.42474280306499373,0.45609245323005787,0.3925688309133537,1.0,target_question,,,,,,,,,,,,,,915,358,1000,1240,1273
Exp1,llama31_8b,23,movies,movies,movies->movies,0.8862797898067704,0.9083516712860022,0.8628738447845927,0.0,target_question,,,,,,,,,,,,,,1853,293,1000,2035,2146
Exp2B,llama31_8b,23,math,movies,math->movies,,,,,target_question,0.6362599897960876,0.6924210705403785,0.5762436678172976,0.0,0.8407858117728101,0.8667053469901707,0.8128808498952036,0.0,2146,0.20452582197672256,0.23800558257006954,0.17363905657803916,1.0,1853,293,1000,2035,
Exp2B,llama31_8b,23,movies,math,movies->math,,,,,target_question,0.1113380346185548,0.17675371475340662,0.04408832681426835,0.0,0.5660500045791739,0.598151237317805,0.5321717872783146,0.0,1273,0.4547119699606191,0.489043619727031,0.4213099552919889,0.994,915,358,1000,1240,
Exp1,llama31_8b,24,math,movies,math->movies,0.8271044648563625,0.8580251978933318,0.7963874437656094,0.0,target_question,,,,,,,,,,,,,,1853,293,1000,2035,2146
Exp1,llama31_8b,24,movies,math,movies->math,0.5539579326556155,0.5883477786507532,0.5193409217869009,0.002,target_question,,,,,,,,,,,,,,915,358,1000,1240,1273
Exp1,llama31_8b,24,math,math,math->math,0.41378941905546907,0.4449585649730164,0.3826787894886178,1.0,target_question,,,,,,,,,,,,,,915,358,1000,1240,1273
Exp1,llama31_8b,24,movies,movies,movies->movies,0.8878840511374415,0.9101136160206811,0.8655258824413927,0.0,target_question,,,,,,,,,,,,,,1853,293,1000,2035,2146
Exp2B,llama31_8b,24,math,movies,math->movies,,,,,target_question,0.6452316969622178,0.6998797846550758,0.5892075113932783,0.0,0.8388500153795432,0.864911510382601,0.809786209789129,0.0,2146,0.1936183184173253,0.22411087207284214,0.16329235749452536,1.0,1853,293,1000,2035,
Exp2B,llama31_8b,24,movies,math,movies->math,,,,,target_question,0.10587660652684922,0.17315520677399368,0.036205839667643805,0.0,0.5538113990902708,0.5870145749392225,0.5185808674395671,0.0,1273,0.44793479256342156,0.4836377369414401,0.41335327316512654,1.0,915,358,1000,1240,
Exp1,llama31_8b,25,math,movies,math->movies,0.8193447025301651,0.8472166136789389,0.7888492295546925,0.0,target_question,,,,,,,,,,,,,,1853,293,1000,2035,2146
Exp1,llama31_8b,25,movies,math,movies->math,0.5011722685227585,0.534500840757646,0.4695559485605133,0.496,target_question,,,,,,,,,,,,,,915,358,1000,1240,1273
Exp1,llama31_8b,25,math,math,math->math,0.3986811979118967,0.430509897140282,0.3663442490736594,1.0,target_question,,,,,,,,,,,,,,915,358,1000,1240,1273
Exp1,llama31_8b,25,movies,movies,movies->movies,0.8876648696238366,0.9093478194767431,0.8645533585659985,0.0,target_question,,,,,,,,,,,,,,1853,293,1000,2035,2146
Exp2B,llama31_8b,25,math,movies,math->movies,,,,,target_question,0.6301984237349635,0.6901430791425619,0.5694450628407822,0.0,0.8358385718942992,0.8639581620162612,0.8071827957036993,0.0,2146,0.20564014815933576,0.23733921640745234,0.17384458232996253,1.0,1853,293,1000,2035,
Exp2B,llama31_8b,25,movies,math,movies->math,,,,,target_question,-0.013844369142473334,0.05269144153746837,-0.0783404028575715,0.635,0.5119791189669384,0.5465210275945493,0.4781030240553235,0.255,1273,0.5258234881094117,0.5579234832014028,0.49198600916626056,0.075,915,358,1000,1240,
Exp1,llama31_8b,26,math,movies,math->movies,0.8301895827999609,0.861489778946238,0.7995744781563038,0.0,target_question,,,,,,,,,,,,,,1853,293,1000,2035,2146
Exp1,llama31_8b,26,movies,math,movies->math,0.510293982965473,0.5458986710378468,0.4728377522808503,0.281,target_question,,,,,,,,,,,,,,915,358,1000,1240,1273
Exp1,llama31_8b,26,math,math,math->math,0.3997283023475898,0.430655608008789,0.36743591957204524,1.0,target_question,,,,,,,,,,,,,,915,358,1000,1240,1273
Exp1,llama31_8b,26,movies,movies,movies->movies,0.8924095047418723,0.913789651576666,0.8711219775691155,0.0,target_question,,,,,,,,,,,,,,1853,293,1000,2035,2146
Exp2B,llama31_8b,26,math,movies,math->movies,,,,,target_question,0.6511182861847498,0.7052544285989742,0.5874314263259447,0.0,0.8501277330921723,0.8748578802137718,0.8217858624421697,0.0,2146,0.1990094469074225,0.23430574019200337,0.16839799359963756,1.0,1853,293,1000,2035,
Exp2B,llama31_8b,26,movies,math,movies->math,,,,,target_question,-0.005383582135116249,0.05484438269159887,-0.07129796185292961,0.553,0.5268690661537991,0.5587080851611371,0.4938701329810149,0.059,1273,0.5322526482889154,0.5660674532150737,0.5025898436952831,0.015,915,358,1000,1240,
Exp1,llama31_8b,27,math,movies,math->movies,0.8280438142003834,0.8586923317349041,0.7968590089203136,0.0,target_question,,,,,,,,,,,,,,1853,293,1000,2035,2146
Exp1,llama31_8b,27,movies,math,movies->math,0.5080410293982965,0.5393348449590583,0.4753610308442739,0.341,target_question,,,,,,,,,,,,,,915,358,1000,1240,1273
Exp1,llama31_8b,27,math,math,math->math,0.4018072473059193,0.43582165723867033,0.37084616951299165,1.0,target_question,,,,,,,,,,,,,,915,358,1000,1240,1273
Exp1,llama31_8b,27,movies,movies,movies->movies,0.891188350594645,0.9118203178745068,0.8696311744119347,0.0,target_question,,,,,,,,,,,,,,1853,293,1000,2035,2146
Exp2B,llama31_8b,27,math,movies,math->movies,,,,,target_question,0.6489301547716184,0.7050966521536103,0.5904786573179579,0.0,0.8477388387800247,0.8738355292309623,0.820461334252672,0.0,2146,0.19880868400840626,0.23108537976535318,0.16771339138483907,1.0,1853,293,1000,2035,
Exp2B,llama31_8b,27,movies,math,movies->math,,,,,target_question,-0.01018713557407569,0.055052625794902596,-0.07695887367520869,0.62,0.5256067405440059,0.5586126933403643,0.490860877592027,0.066,1273,0.5357938761180816,0.5705297991462518,0.5024662078846787,0.018,915,358,1000,1240,
Exp1,llama31_8b,28,math,movies,math->movies,0.8298414709842356,0.858454811771999,0.800267082794725,0.0,target_question,,,,,,,,,,,,,,1853,293,1000,2035,2146
Exp1,llama31_8b,28,movies,math,movies->math,0.5171261104496748,0.5500255495556203,0.4827330313226591,0.158,target_question,,,,,,,,,,,,,,915,358,1000,1240,1273
Exp1,llama31_8b,28,math,math,math->math,0.40863021644228714,0.4415675192567702,0.37604083591603765,1.0,target_question,,,,,,,,,,,,,,915,358,1000,1240,1273
Exp1,llama31_8b,28,movies,movies,movies->movies,0.8900427127672311,0.9108280807677254,0.8662462237204497,0.0,target_question,,,,,,,,,,,,,,1853,293,1000,2035,2146
Exp2B,llama31_8b,28,math,movies,math->movies,,,,,target_question,0.6521791983850558,0.7097681647623266,0.5890845247101397,0.0,0.8495346537024178,0.8758011580570558,0.8198152637293896,0.0,2146,0.19735545531736193,0.23193818384702738,0.16618013261989004,1.0,1853,293,1000,2035,
Exp2B,llama31_8b,28,movies,math,movies->math,,,,,target_question,0.006481057483896602,0.07229554955282007,-0.05783329612783049,0.462,0.5370241475104558,0.569886257679336,0.5038701728440799,0.016,1273,0.5305430900265592,0.5644249635016505,0.4961822104589343,0.034,915,358,1000,1240,
Exp1,llama31_8b,29,math,movies,math->movies,0.8292041869194683,0.8581163773286321,0.7967758501321126,0.0,target_question,,,,,,,,,,,,,,1853,293,1000,2035,2146
Exp1,llama31_8b,29,movies,math,movies->math,0.51743138871081,0.5515868862128048,0.48284923856329803,0.151,target_question,,,,,,,,,,,,,,915,358,1000,1240,1273
Exp1,llama31_8b,29,math,math,math->math,0.40873095826846173,0.4412842022372424,0.3744458786084383,1.0,target_question,,,,,,,,,,,,,,915,358,1000,1240,1273
Exp1,llama31_8b,29,movies,movies,movies->movies,0.8872688694101807,0.9071364352003394,0.8672564339817952,0.0,target_question,,,,,,,,,,,,,,1853,293,1000,2035,2146
Exp2B,llama31_8b,29,math,movies,math->movies,,,,,target_question,0.6503889090470393,0.7045140777121435,0.590457162877801,0.0,0.8494922908888639,0.8754706962530915,0.8202371509510159,0.0,2146,0.19910338184182463,0.23419120210904557,0.1692110418119428,1.0,1853,293,1000,2035,
Exp2B,llama31_8b,29,movies,math,movies->math,,,,,target_question,0.0038434533076899813,0.06984689613457327,-0.06522715884077886,0.48,0.5376530207283939,0.5726652261143468,0.5028908984503252,0.018,1273,0.533809567420704,0.5692990640990209,0.500195406650418,0.024,915,358,1000,1240,
Exp1,llama31_8b,30,math,movies,math->movies,0.8336928032947217,0.8610670529327289,0.8027272481670703,0.0,target_question,,,,,,,,,,,,,,1853,293,1000,2035,2146
Exp1,llama31_8b,30,movies,math,movies->math,0.5374637482064902,0.5695436781936744,0.5021141412858815,0.02,target_question,,,,,,,,,,,,,,915,358,1000,1240,1273
Exp1,llama31_8b,30,math,math,math->math,0.4212107335836615,0.4522396917604328,0.38801918868342233,1.0,target_question,,,,,,,,,,,,,,915,358,1000,1240,1273
Exp1,llama31_8b,30,movies,movies,movies->movies,0.8829810159339435,0.9040205439416623,0.8607166217807095,0.0,target_question,,,,,,,,,,,,,,1853,293,1000,2035,2146
Exp2B,llama31_8b,30,math,movies,math->movies,,,,,target_question,0.6600568398446206,0.7197107329952511,0.5998993297454792,0.0,0.8526418739835228,0.8789879198856515,0.8246714011200867,0.0,2146,0.19258503413890213,0.2260458315818007,0.15911201139143427,1.0,1853,293,1000,2035,
Exp2B,llama31_8b,30,movies,math,movies->math,,,,,target_question,0.04362731629880634,0.11151786313826248,-0.023482549238587773,0.104,0.555966663613884,0.590988348430642,0.5231297181350025,0.0,1273,0.5123393473150777,0.5470446564359074,0.47852162376732543,0.241,915,358,1000,1240,
Exp1,llama31_8b,31,math,movies,math->movies,0.8321051187171803,0.8603956876504941,0.8011164847466449,0.0,target_question,,,,,,,,,,,,,,1853,293,1000,2035,2146
Exp1,llama31_8b,31,movies,math,movies->math,0.45442195561254084,0.48893055546022396,0.42227792630502153,0.994,target_question,,,,,,,,,,,,,,915,358,1000,1240,1273
Exp1,llama31_8b,31,math,math,math->math,0.42633330280550724,0.46165394788232045,0.3953922946029619,1.0,target_question,,,,,,,,,,,,,,915,358,1000,1240,1273
Exp1,llama31_8b,31,movies,movies,movies->movies,0.8827507832515854,0.9034048851023082,0.8593954176871843,0.0,target_question,,,,,,,,,,,,,,1853,293,1000,2035,2146
Exp2B,llama31_8b,31,math,movies,math->movies,,,,,target_question,0.6547191253368303,0.7113034721261201,0.5958234815845068,0.0,0.8425761011108266,0.8704582777097696,0.8132245986284977,0.0,2146,0.18785697577399624,0.21965463678716501,0.15651327308521273,1.0,1853,293,1000,2035,
Exp2B,llama31_8b,31,movies,math,movies->math,,,,,target_question,-0.10887138626858378,-0.048299740557741,-0.17402804747571218,1.0,0.4642122294471411,0.49540613483232704,0.43152047307029784,0.988,1273,0.5730836157157249,0.6063236633252596,0.5411629222695812,0.0,915,358,1000,1240,
Exp1,qwen25_14b,0,math,movies,math->movies,0.5181736694677871,0.5629409949410131,0.4770038003407424,0.213,target_question,,,,,,,,,,,,,,1190,150,1000,1274,1340
Exp1,qwen25_14b,0,movies,math,movies->math,0.5176932998355676,0.5550964934620028,0.4782454327074823,0.201,target_question,,,,,,,,,,,,,,1314,249,1000,1493,1563
Exp1,qwen25_14b,0,math,math,math->math,0.5296436889108947,0.5665202136996624,0.49224901340461924,0.066,target_question,,,,,,,,,,,,,,1314,249,1000,1493,1563
Exp1,qwen25_14b,0,movies,movies,movies->movies,0.4897478991596639,0.5417780995329675,0.4414988980548009,0.649,target_question,,,,,,,,,,,,,,1190,150,1000,1274,1340
Exp2B,qwen25_14b,0,math,movies,math->movies,,,,,target_question,0.030739495798319305,0.08460641840641604,-0.020416121140662193,0.131,0.49033053221288514,0.5365178285801565,0.4427181126358169,0.639,1340,0.45959103641456583,0.5062429572770253,0.4152661960954054,0.956,1190,150,1000,1274,
Exp2B,qwen25_14b,0,movies,math,movies->math,,,,,target_question,0.021666574975701902,0.08596788318241573,-0.041230142868685794,0.24,0.4857817877293038,0.5204770751559249,0.44947390767398054,0.771,1563,0.4641152127536019,0.5002371791917213,0.4258046293578936,0.973,1314,249,1000,1493,
Exp1,qwen25_14b,1,math,movies,math->movies,0.521126050420168,0.5641589207498316,0.4795017741542012,0.17,target_question,,,,,,,,,,,,,,1190,150,1000,1274,1340
Exp1,qwen25_14b,1,movies,math,movies->math,0.5199366721069972,0.557493565199559,0.4804022526377661,0.146,target_question,,,,,,,,,,,,,,1314,249,1000,1493,1563
Exp1,qwen25_14b,1,math,math,math->math,0.5368047532596137,0.5758385935144607,0.49343311636005444,0.044,target_question,,,,,,,,,,,,,,1314,249,1000,1493,1563
Exp1,qwen25_14b,1,movies,movies,movies->movies,0.4853781512605042,0.5332672930442918,0.4351088351832605,0.703,target_question,,,,,,,,,,,,,,1190,150,1000,1274,1340
Exp2B,qwen25_14b,1,math,movies,math->movies,,,,,target_question,0.04186554621848737,0.0911730020530147,-0.01383705822188139,0.077,0.4918207282913165,0.5395737365782568,0.4392146408228323,0.63,1340,0.44995518207282914,0.4978376687589517,0.4046658337838915,0.978,1190,150,1000,1274,
Exp2B,qwen25_14b,1,movies,math,movies->math,,,,,target_question,0.02777930596052397,0.0895551044137417,-0.039187913074717286,0.221,0.4905894506488664,0.5246479451944075,0.4524863097632163,0.719,1563,0.4628101446883424,0.49957668374710107,0.4272679207483254,0.976,1314,249,1000,1493,
Exp1,qwen25_14b,2,math,movies,math->movies,0.5385882352941177,0.5842211763241281,0.4930648335930512,0.05,target_question,,,,,,,,,,,,,,1190,150,1000,1274,1340
Exp1,qwen25_14b,2,movies,math,movies->math,0.5212723038271808,0.559079643175995,0.48514072813147985,0.12,target_question,,,,,,,,,,,,,,1314,249,1000,1493,1563
Exp1,qwen25_14b,2,math,math,math->math,0.5278282078084026,0.5678873116084331,0.4912778823561034,0.078,target_question,,,,,,,,,,,,,,1314,249,1000,1493,1563
Exp1,qwen25_14b,2,movies,movies,movies->movies,0.48478991596638654,0.5363548218515518,0.4330190468055787,0.724,target_question,,,,,,,,,,,,,,1190,150,1000,1274,1340
Exp2B,qwen25_14b,2,math,movies,math->movies,,,,,target_question,0.05443697478991599,0.11309077852094733,-0.009666659920929209,0.046,0.510436974789916,0.5599637227697842,0.4628029115118216,0.318,1340,0.456,0.5073323218021503,0.4104438074418508,0.957,1190,150,1000,1274,
Exp2B,qwen25_14b,2,movies,math,movies->math,,,,,target_question,0.03523989412749928,0.09273754259163533,-0.025399926094639265,0.142,0.5100707242974943,0.5463496415433253,0.4708384970986794,0.324,1563,0.47483083016999506,0.5106007526786088,0.43835445944787194,0.923,1314,249,1000,1493,
Exp1,qwen25_14b,3,math,movies,math->movies,0.5081008403361345,0.5587359349703989,0.46333403845498883,0.401,target_question,,,,,,,,,,,,,,1190,150,1000,1274,1340
Exp1,qwen25_14b,3,movies,math,movies->math,0.5293900105750245,0.568972145829828,0.49426813835968947,0.054,target_question,,,,,,,,,,,,,,1314,249,1000,1493,1563
Exp1,qwen25_14b,3,math,math,math->math,0.5237785235309579,0.5607401982343202,0.4827209305374571,0.113,target_question,,,,,,,,,,,,,,1314,249,1000,1493,1563
Exp1,qwen25_14b,3,movies,movies,movies->movies,0.481546218487395,0.5331600566795994,0.4302790203753634,0.752,target_question,,,,,,,,,,,,,,1190,150,1000,1274,1340
Exp2B,qwen25_14b,3,math,movies,math->movies,,,,,target_question,0.021411764705882352,0.09068980450240192,-0.05172639138730687,0.293,0.49579271708683476,0.5434677724174559,0.4470634029805849,0.569,1340,0.4743809523809524,0.5229396260613756,0.428605843706269,0.83,1190,150,1000,1274,
Exp2B,qwen25_14b,3,movies,math,movies->math,,,,,target_question,0.055158228041542134,0.11845020411389837,-0.009353099505048678,0.042,0.5266851271142409,0.5636234483607623,0.48777881842037524,0.083,1563,0.47152689907269874,0.5091064306878045,0.434229547254388,0.928,1314,249,1000,1493,
Exp1,qwen25_14b,4,math,movies,math->movies,0.5157703081232493,0.5613859937897303,0.4717556999802775,0.271,target_question,,,,,,,,,,,,,,1190,150,1000,1274,1340
Exp1,qwen25_14b,4,movies,math,movies->math,0.5266392816318547,0.5641598538252239,0.4901613693026273,0.082,target_question,,,,,,,,,,,,,,1314,249,1000,1493,1563
Exp1,qwen25_14b,4,math,math,math->math,0.5064183675340632,0.543922261536785,0.4658506544109831,0.39,target_question,,,,,,,,,,,,,,1314,249,1000,1493,1563
Exp1,qwen25_14b,4,movies,movies,movies->movies,0.482078431372549,0.536410448458342,0.43247167155273863,0.767,target_question,,,,,,,,,,,,,,1190,150,1000,1274,1340
Exp2B,qwen25_14b,4,math,movies,math->movies,,,,,target_question,0.02936134453781508,0.10120396994787985,-0.04432859843949215,0.206,0.5052549019607843,0.552902161660243,0.4545377067917291,0.413,1340,0.4758935574229692,0.5256893850766888,0.42647643369870986,0.84,1190,150,1000,1274,
Exp2B,qwen25_14b,4,movies,math,movies->math,,,,,target_question,0.044390652411777975,0.10634662703104332,-0.014841607429267654,0.069,0.5179469781714376,0.5583268030311482,0.48004688192686407,0.165,1563,0.47355632575965967,0.5109952880205337,0.43411361079551825,0.925,1314,249,1000,1493,
Exp1,qwen25_14b,5,math,movies,math->movies,0.5168179271708684,0.5608876971486458,0.46998359958176067,0.243,target_question,,,,,,,,,,,,,,1190,150,1000,1274,1340
Exp1,qwen25_14b,5,movies,math,movies->math,0.5355608125042025,0.5767783085493451,0.4974588087699068,0.033,target_question,,,,,,,,,,,,,,1314,249,1000,1493,1563
Exp1,qwen25_14b,5,math,math,math->math,0.519860262969687,0.5607194175969555,0.47849906314441687,0.171,target_question,,,,,,,,,,,,,,1314,249,1000,1493,1563
Exp1,qwen25_14b,5,movies,movies,movies->movies,0.49336694677871146,0.5420222659837135,0.4414610198455112,0.602,target_question,,,,,,,,,,,,,,1190,150,1000,1274,1340
Exp2B,qwen25_14b,5,math,movies,math->movies,,,,,target_question,0.03497478991596642,0.10466521539502015,-0.03831312525938494,0.19,0.526280112044818,0.5721500324209132,0.47966259700549135,0.131,1340,0.49130532212885153,0.5397005158325158,0.44559649572480103,0.643,1190,150,1000,1274,
Exp2B,qwen25_14b,5,movies,math,movies->math,,,,,target_question,0.05558611921047962,0.11688721187563089,-0.006012571814936347,0.034,0.5324586015294053,0.5702735351262467,0.49181788513428304,0.051,1563,0.47687248231892565,0.515740263141661,0.43948666609328113,0.881,1314,249,1000,1493,
Exp1,qwen25_14b,6,math,movies,math->movies,0.5090084033613446,0.5574868843369865,0.4658699254130412,0.341,target_question,,,,,,,,,,,,,,1190,150,1000,1274,1340
Exp1,qwen25_14b,6,movies,math,movies->math,0.5161956807442861,0.5521370179400985,0.4782494632103183,0.231,target_question,,,,,,,,,,,,,,1314,249,1000,1493,1563
Exp1,qwen25_14b,6,math,math,math->math,0.5120145727506679,0.5530719838531107,0.47345605490983705,0.264,target_question,,,,,,,,,,,,,,1314,249,1000,1493,1563
Exp1,qwen25_14b,6,movies,movies,movies->movies,0.4976638655462185,0.5509309810504791,0.44492620369031827,0.549,target_question,,,,,,,,,,,,,,1190,150,1000,1274,1340
Exp2B,qwen25_14b,6,math,movies,math->movies,,,,,target_question,0.01936694677871148,0.09219630417924408,-0.05253070934611847,0.303,0.5124201680672269,0.554293576978557,0.4710975068561153,0.3,1340,0.4930532212885154,0.5403484841817222,0.44603479776319177,0.597,1190,150,1000,1274,
Exp2B,qwen25_14b,6,movies,math,movies->math,,,,,target_question,0.02330173051414175,0.08307400612393695,-0.03485545871995057,0.227,0.5070846552114088,0.5482224357289368,0.46669234235723833,0.366,1563,0.483782924697267,0.5200598974775725,0.4484457805811653,0.798,1314,249,1000,1493,
Exp1,qwen25_14b,7,math,movies,math->movies,0.5221680672268908,0.5706897728412175,0.47377057599036365,0.222,target_question,,,,,,,,,,,,,,1190,150,1000,1274,1340
Exp1,qwen25_14b,7,movies,math,movies->math,0.5259638248580318,0.5655204022867734,0.4859258594985934,0.094,target_question,,,,,,,,,,,,,,1314,249,1000,1493,1563
Exp1,qwen25_14b,7,math,math,math->math,0.5195729646134003,0.5627685058562498,0.479552328715405,0.164,target_question,,,,,,,,,,,,,,1314,249,1000,1493,1563
Exp1,qwen25_14b,7,movies,movies,movies->movies,0.4965098039215686,0.5488474791051564,0.44595887106725557,0.561,target_question,,,,,,,,,,,,,,1190,150,1000,1274,1340
Exp2B,qwen25_14b,7,math,movies,math->movies,,,,,target_question,0.036420168067226866,0.11148000474676292,-0.0467014407918254,0.184,0.5153725490196078,0.5646713593886349,0.46162648706181464,0.273,1340,0.47895238095238096,0.5259462429539861,0.4338654336605899,0.815,1190,150,1000,1274,
Exp2B,qwen25_14b,7,movies,math,movies->math,,,,,target_question,0.03180148294853691,0.08211269257033484,-0.016797655756269302,0.106,0.5076806464824289,0.5483990293940676,0.47130854293912666,0.355,1563,0.47587916353389204,0.5131573149928206,0.4412114652388239,0.904,1314,249,1000,1493,
Exp1,qwen25_14b,8,math,movies,math->movies,0.5194509803921569,0.5705758879650294,0.4722527746042431,0.23,target_question,,,,,,,,,,,,,,1190,150,1000,1274,1340
Exp1,qwen25_14b,8,movies,math,movies->math,0.5678207502766011,0.6071800320474517,0.5300630834998509,0.0,target_question,,,,,,,,,,,,,,1314,249,1000,1493,1563
Exp1,qwen25_14b,8,math,math,math->math,0.5210583582427121,0.560968860930339,0.4820677513014943,0.153,target_question,,,,,,,,,,,,,,1314,249,1000,1493,1563
Exp1,qwen25_14b,8,movies,movies,movies->movies,0.5000056022408964,0.5487818179521534,0.45266428143431453,0.498,target_question,,,,,,,,,,,,,,1190,150,1000,1274,1340
Exp2B,qwen25_14b,8,math,movies,math->movies,,,,,target_question,0.02865546218487397,0.09995353953224045,-0.04244117292656296,0.203,0.5001960784313726,0.5534705394201462,0.45237956045513444,0.498,1340,0.4715406162464986,0.5163703349725302,0.42629755053054963,0.911,1190,150,1000,1274,
Exp2B,qwen25_14b,8,movies,math,movies->math,,,,,target_question,0.08127181480870205,0.1294494127740964,0.031929200569792204,0.002,0.5226446119332734,0.5596397362969349,0.4822962247167869,0.125,1563,0.44137279712457134,0.47864899645015574,0.4049232527016326,0.999,1314,249,1000,1493,
Exp1,qwen25_14b,9,math,movies,math->movies,0.5107843137254902,0.5596984674493768,0.46421593306454195,0.33,target_question,,,,,,,,,,,,,,1190,150,1000,1274,1340
Exp1,qwen25_14b,9,movies,math,movies->math,0.5744194433747165,0.6115357272324946,0.5345497374881026,0.0,target_question,,,,,,,,,,,,,,1314,249,1000,1493,1563
Exp1,qwen25_14b,9,math,math,math->math,0.5187997041438204,0.5577733029283208,0.4780817162226158,0.194,target_question,,,,,,,,,,,,,,1314,249,1000,1493,1563
Exp1,qwen25_14b,9,movies,movies,movies->movies,0.5053389355742297,0.555129223162897,0.45803970846975317,0.408,target_question,,,,,,,,,,,,,,1190,150,1000,1274,1340
Exp2B,qwen25_14b,9,math,movies,math->movies,,,,,target_question,0.016380952380952385,0.09685009840738959,-0.06270562335665293,0.346,0.49288515406162464,0.5471835442280075,0.4425686754331269,0.615,1340,0.47650420168067226,0.5202449289229415,0.4312080612536743,0.858,1190,150,1000,1274,
Exp2B,qwen25_14b,9,movies,math,movies->math,,,,,target_question,0.10188088732402978,0.15922887793060153,0.04557846557246355,0.001,0.5271558074000722,0.5644239136664201,0.48969514371924877,0.087,1563,0.4252749200760424,0.4638787235646846,0.3871454674598367,1.0,1314,249,1000,1493,
Exp1,qwen25_14b,10,math,movies,math->movies,0.4956638655462185,0.5437728421914347,0.4504681293121932,0.585,target_question,,,,,,,,,,,,,,1190,150,1000,1274,1340
Exp1,qwen25_14b,10,movies,math,movies->math,0.5951416014132634,0.6326646177101961,0.5574188777742318,0.0,target_question,,,,,,,,,,,,,,1314,249,1000,1493,1563
Exp1,qwen25_14b,10,math,math,math->math,0.5217796604989211,0.5589348148008401,0.4819596102860127,0.142,target_question,,,,,,,,,,,,,,1314,249,1000,1493,1563
Exp1,qwen25_14b,10,movies,movies,movies->movies,0.5066218487394958,0.5534982162649553,0.461312342855948,0.395,target_question,,,,,,,,,,,,,,1190,150,1000,1274,1340
Exp2B,qwen25_14b,10,math,movies,math->movies,,,,,target_question,-0.0061960784313725425,0.06077380738274161,-0.06693427906264508,0.572,0.48546778711484595,0.5301725872174816,0.4343054859346103,0.721,1340,0.4916638655462185,0.5356640886255963,0.44145227072354404,0.639,1190,150,1000,1274,
Exp2B,qwen25_14b,10,movies,math,movies->math,,,,,target_question,0.15529698703489758,0.21521465436437326,0.0879515578997149,0.0,0.5595043797717506,0.5958029858008703,0.521651484291771,0.002,1563,0.404207392736853,0.44034718852136123,0.3696100783636514,1.0,1314,249,1000,1493,
Exp1,qwen25_14b,11,math,movies,math->movies,0.4869467787114846,0.5374439362448722,0.44062262079693726,0.69,target_question,,,,,,,,,,,,,,1190,150,1000,1274,1340
Exp1,qwen25_14b,11,movies,math,movies->math,0.6054935113360597,0.6429756682859029,0.5684111810428508,0.0,target_question,,,,,,,,,,,,,,1314,249,1000,1493,1563
Exp1,qwen25_14b,11,math,math,math->math,0.5155416185289101,0.5543611632072464,0.4764561124149666,0.212,target_question,,,,,,,,,,,,,,1314,249,1000,1493,1563
Exp1,qwen25_14b,11,movies,movies,movies->movies,0.5027394957983193,0.549487888268355,0.4548870518354369,0.441,target_question,,,,,,,,,,,,,,1190,150,1000,1274,1340
Exp2B,qwen25_14b,11,math,movies,math->movies,,,,,target_question,-0.0028627450980391878,0.04923122243178649,-0.054893552332422546,0.556,0.4775014005602241,0.5267511124828709,0.43257289825570006,0.807,1340,0.4803641456582633,0.5292806610418215,0.4341986913249476,0.777,1190,150,1000,1274,
Exp2B,qwen25_14b,11,movies,math,movies->math,,,,,target_question,0.1731186542211463,0.24002431058056203,0.10780966828654016,0.0,0.5651036413538476,0.6019867375540189,0.5275583914801784,0.0,1563,0.3919849871327013,0.42964558775551864,0.35525033355055136,1.0,1314,249,1000,1493,
Exp1,qwen25_14b,12,math,movies,math->movies,0.48310364145658263,0.53200482881183,0.4367437388023971,0.761,target_question,,,,,,,,,,,,,,1190,150,1000,1274,1340
Exp1,qwen25_14b,12,movies,math,movies->math,0.620546111386184,0.6552300488390681,0.5838171268359351,0.0,target_question,,,,,,,,,,,,,,1314,249,1000,1493,1563
Exp1,qwen25_14b,12,math,math,math->math,0.5193743008563936,0.5606306406662955,0.48004920422184366,0.164,target_question,,,,,,,,,,,,,,1314,249,1000,1493,1563
Exp1,qwen25_14b,12,movies,movies,movies->movies,0.49976470588235294,0.5467157446503522,0.45445126251282414,0.536,target_question,,,,,,,,,,,,,,1190,150,1000,1274,1340
Exp2B,qwen25_14b,12,math,movies,math->movies,,,,,target_question,0.008537815126050396,0.07578094423958878,-0.06265660713417386,0.419,0.47836974789915965,0.524859350972461,0.42678642121261895,0.806,1340,0.46983193277310925,0.5167390010698741,0.42161728921216163,0.89,1190,150,1000,1274,
Exp2B,qwen25_14b,12,movies,math,movies->math,,,,,target_question,0.21460575941513393,0.2879505569010775,0.15184218921077586,0.0,0.5964344440165533,0.6381062917498619,0.560917931113957,0.0,1563,0.3818286846014194,0.41658923608820425,0.34486795371301737,1.0,1314,249,1000,1493,
Exp1,qwen25_14b,13,math,movies,math->movies,0.4874621848739496,0.5337461625733363,0.4420897962544923,0.71,target_question,,,,,,,,,,,,,,1190,150,1000,1274,1340
Exp1,qwen25_14b,13,movies,math,movies->math,0.6178183051842071,0.6561779217412509,0.5819693391358057,0.0,target_question,,,,,,,,,,,,,,1314,249,1000,1493,1563
Exp1,qwen25_14b,13,math,math,math->math,0.5315905937295605,0.5744250662666809,0.49192373338613493,0.053,target_question,,,,,,,,,,,,,,1314,249,1000,1493,1563
Exp1,qwen25_14b,13,movies,movies,movies->movies,0.5185826330532213,0.5669593560040671,0.47032995735415783,0.237,target_question,,,,,,,,,,,,,,1190,150,1000,1274,1340
Exp2B,qwen25_14b,13,math,movies,math->movies,,,,,target_question,-0.01908683473389361,0.07223653208870377,-0.10072397121427393,0.665,0.48749019607843136,0.5362824144955162,0.44085747209331494,0.693,1340,0.506577030812325,0.5520948482469361,0.45846915588533743,0.388,1190,150,1000,1274,
Exp2B,qwen25_14b,13,movies,math,movies->math,,,,,target_question,0.2162011822021725,0.28389684522240816,0.15474978282398857,0.0,0.5976875538684419,0.6362836763328532,0.5628130638005322,0.0,1563,0.38148637166626936,0.4146448605997261,0.34419063523837884,1.0,1314,249,1000,1493,
Exp1,qwen25_14b,14,math,movies,math->movies,0.5065434173669467,0.5550402424205031,0.45819340141862863,0.4,target_question,,,,,,,,,,,,,,1190,150,1000,1274,1340
Exp1,qwen25_14b,14,movies,math,movies->math,0.6467697273110707,0.6826640787945671,0.6126838210727931,0.0,target_question,,,,,,,,,,,,,,1314,249,1000,1493,1563
Exp1,qwen25_14b,14,math,math,math->math,0.5255542718820487,0.5635883771605965,0.48439203193569824,0.098,target_question,,,,,,,,,,,,,,1314,249,1000,1493,1563
Exp1,qwen25_14b,14,movies,movies,movies->movies,0.5340392156862745,0.582170927844388,0.48553297856090355,0.082,target_question,,,,,,,,,,,,,,1190,150,1000,1274,1340
Exp2B,qwen25_14b,14,math,movies,math->movies,,,,,target_question,0.02690756302521008,0.1045926174900602,-0.05327329123512975,0.237,0.49964145658263304,0.5479302466788286,0.4492722750736239,0.525,1340,0.47273389355742296,0.5210972540633271,0.42527501407827784,0.898,1190,150,1000,1274,
Exp2B,qwen25_14b,14,movies,math,movies->math,,,,,target_question,0.2847340656385053,0.3476198425444387,0.21129134988668047,0.0,0.6369679631769085,0.6696462206925405,0.5983286930819666,0.0,1563,0.35223389753840323,0.3885250569517036,0.32084427982269437,1.0,1314,249,1000,1493,
Exp1,qwen25_14b,15,math,movies,math->movies,0.5123865546218488,0.5559382917269836,0.46928093582218294,0.29,target_question,,,,,,,,,,,,,,1190,150,1000,1274,1340
Exp1,qwen25_14b,15,movies,math,movies->math,0.6285904653622099,0.6659981162752594,0.5926684274426001,0.0,target_question,,,,,,,,,,,,,,1314,249,1000,1493,1563
Exp1,qwen25_14b,15,math,math,math->math,0.5305269785382015,0.5687884954492723,0.48945566228925413,0.059,target_question,,,,,,,,,,,,,,1314,249,1000,1493,1563
Exp1,qwen25_14b,15,movies,movies,movies->movies,0.5534453781512605,0.5998588400638638,0.5050238811046277,0.013,target_question,,,,,,,,,,,,,,1190,150,1000,1274,1340
Exp2B,qwen25_14b,15,math,movies,math->movies,,,,,target_question,0.03391596638655464,0.118863430464241,-0.05023586089829355,0.246,0.5051708683473389,0.5508658847875801,0.458041887598407,0.441,1340,0.4712549019607843,0.515981641123356,0.4238879505419303,0.871,1190,150,1000,1274,
Exp2B,qwen25_14b,15,movies,math,movies->math,,,,,target_question,0.24937802962229438,0.31809478584331474,0.18320962909047372,0.0,0.6198523164194067,0.6562348466819112,0.5849597136832451,0.0,1563,0.37047428679711236,0.40386306811349326,0.33592352884583454,1.0,1314,249,1000,1493,
Exp1,qwen25_14b,16,math,movies,math->movies,0.5435686274509804,0.5938624317335855,0.4956968260415507,0.038,target_question,,,,,,,,,,,,,,1190,150,1000,1274,1340
Exp1,qwen25_14b,16,movies,math,movies->math,0.6378405555249919,0.6712509317805312,0.6054899284321671,0.0,target_question,,,,,,,,,,,,,,1314,249,1000,1493,1563
Exp1,qwen25_14b,16,math,math,math->math,0.5437060265414779,0.5808976176467904,0.5047358713289011,0.015,target_question,,,,,,,,,,,,,,1314,249,1000,1493,1563
Exp1,qwen25_14b,16,movies,movies,movies->movies,0.5604033613445378,0.6066977232648537,0.5163943725253433,0.005,target_question,,,,,,,,,,,,,,1190,150,1000,1274,1340
Exp2B,qwen25_14b,16,math,movies,math->movies,,,,,target_question,0.08745658263305317,0.1792854070576731,0.0006195239295510926,0.021,0.5372268907563025,0.586723255985263,0.4917445577616427,0.053,1340,0.4497703081232493,0.49471652245064246,0.3992852782842235,0.988,1190,150,1000,1274,
Exp2B,qwen25_14b,16,movies,math,movies->math,,,,,target_question,0.2639874566760191,0.3306389939956042,0.19648416581242803,0.0,0.6324720495375719,0.6671045469450224,0.5961399443279801,0.0,1563,0.3684845928615528,0.40203090660676144,0.3352526101754521,1.0,1314,249,1000,1493,
Exp1,qwen25_14b,17,math,movies,math->movies,0.552,0.5959201506941952,0.506695147220662,0.011,target_question,,,,,,,,,,,,,,1190,150,1000,1274,1340
Exp1,qwen25_14b,17,movies,math,movies->math,0.668527993251545,0.7037549560777953,0.6371858925617362,0.0,target_question,,,,,,,,,,,,,,1314,249,1000,1493,1563
Exp1,qwen25_14b,17,math,math,math->math,0.5424223530346653,0.5811872584282763,0.5074233937490025,0.009,target_question,,,,,,,,,,,,,,1314,249,1000,1493,1563
Exp1,qwen25_14b,17,movies,movies,movies->movies,0.5688571428571428,0.6157325830847025,0.5189832191484601,0.007,target_question,,,,,,,,,,,,,,1190,150,1000,1274,1340
Exp2B,qwen25_14b,17,math,movies,math->movies,,,,,target_question,0.0951708683473389,0.17076984978769383,0.011327660724844672,0.011,0.542515406162465,0.5891213527921949,0.4938861154407184,0.042,1340,0.44734453781512606,0.49418053868551004,0.4041435390624473,0.989,1190,150,1000,1274,
Exp2B,qwen25_14b,17,movies,math,movies->math,,,,,target_question,0.3265268073817339,0.3917610149780513,0.26128040250005763,0.0,0.6628293997909446,0.6968215435898724,0.6292159372754311,0.0,1563,0.3363025924092107,0.3699392026024394,0.30194153182049227,1.0,1314,249,1000,1493,
Exp1,qwen25_14b,18,math,movies,math->movies,0.5581456582633053,0.6064855713726834,0.5107574693222686,0.006,target_question,,,,,,,,,,,,,,1190,150,1000,1274,1340
Exp1,qwen25_14b,18,movies,math,movies->math,0.6867194806623755,0.7214008850841366,0.6529956781574235,0.0,target_question,,,,,,,,,,,,,,1314,249,1000,1493,1563
Exp1,qwen25_14b,18,math,math,math->math,0.5422389711051206,0.5812898918770051,0.5070521781052577,0.007,target_question,,,,,,,,,,,,,,1314,249,1000,1493,1563
Exp1,qwen25_14b,18,movies,movies,movies->movies,0.570610644257703,0.6181633852988018,0.5192195932684548,0.003,target_question,,,,,,,,,,,,,,1190,150,1000,1274,1340
Exp2B,qwen25_14b,18,math,movies,math->movies,,,,,target_question,0.09556862745098033,0.17584799962891054,0.015151013202483776,0.008,0.5475686274509803,0.5965091080925881,0.49993762486650783,0.026,1340,0.452,0.4956676098396349,0.4076020307877251,0.989,1190,150,1000,1274,
Exp2B,qwen25_14b,18,movies,math,movies->math,,,,,target_question,0.35733802791072966,0.4191247016589814,0.29359425950649115,0.0,0.6850675151137273,0.7179048120356922,0.6522741807904455,0.0,1563,0.32772948720299766,0.36117750672011073,0.29605305395562953,1.0,1314,249,1000,1493,
Exp1,qwen25_14b,19,math,movies,math->movies,0.577764705882353,0.619454346837865,0.5354029296063034,0.0,target_question,,,,,,,,,,,,,,1190,150,1000,1274,1340
Exp1,qwen25_14b,19,movies,math,movies->math,0.7019860262969687,0.7363322454575127,0.6694130283796654,0.0,target_question,,,,,,,,,,,,,,1314,249,1000,1493,1563
Exp1,qwen25_14b,19,math,math,math->math,0.5825707701429768,0.6187731346653385,0.5487338325725046,0.0,target_question,,,,,,,,,,,,,,1314,249,1000,1493,1563
Exp1,qwen25_14b,19,movies,movies,movies->movies,0.5857254901960784,0.6339712860963296,0.5359351110581918,0.0,target_question,,,,,,,,,,,,,,1190,150,1000,1274,1340
Exp2B,qwen25_14b,19,math,movies,math->movies,,,,,target_question,0.13615686274509797,0.2197204612467374,0.05563433888496791,0.001,0.5651596638655462,0.6143082121742521,0.5160862367305248,0.004,1340,0.4290028011204482,0.47298551648237575,0.3847024824155163,0.998,1190,150,1000,1274,
Exp2B,qwen25_14b,19,movies,math,movies->math,,,,,target_question,0.38683501127798864,0.455545041057427,0.32423405129500005,0.0,0.7002652925247412,0.7369331925407591,0.6692538042789564,0.0,1563,0.3134302812467526,0.3464307797185822,0.2778009340661301,1.0,1314,249,1000,1493,
Exp1,qwen25_14b,20,math,movies,math->movies,0.5871316526610644,0.6321324695755375,0.5390249213934172,0.0,target_question,,,,,,,,,,,,,,1190,150,1000,1274,1340
Exp1,qwen25_14b,20,movies,math,movies->math,0.7340167366574365,0.7638879834897233,0.7005581659154975,0.0,target_question,,,,,,,,,,,,,,1314,249,1000,1493,1563
Exp1,qwen25_14b,20,math,math,math->math,0.6336151302317337,0.6687160512279247,0.599135287215358,0.0,target_question,,,,,,,,,,,,,,1314,249,1000,1493,1563
Exp1,qwen25_14b,20,movies,movies,movies->movies,0.6176470588235294,0.6690747163572732,0.5740723507941293,0.0,target_question,,,,,,,,,,,,,,1190,150,1000,1274,1340
Exp2B,qwen25_14b,20,math,movies,math->movies,,,,,target_question,0.16610084033613443,0.23758074539220003,0.0839210504120477,0.0,0.5737703081232493,0.6205674908539035,0.5253227507793193,0.001,1340,0.4076694677871148,0.45424375708466613,0.3673521947229835,1.0,1190,150,1000,1274,
Exp2B,qwen25_14b,20,movies,math,movies->math,,,,,target_question,0.45352796268789003,0.5137643614649403,0.3910517430923673,0.0,0.7385248757587427,0.7690295868531872,0.7054553814948148,0.0,1563,0.2849969130708527,0.3171448562542037,0.2539903125233731,1.0,1314,249,1000,1493,
Exp1,qwen25_14b,21,math,movies,math->movies,0.6048459383753502,0.6504226223407424,0.5609600145479137,0.0,target_question,,,,,,,,,,,,,,1190,150,1000,1274,1340
Exp1,qwen25_14b,21,movies,math,movies->math,0.7662919562572971,0.7947478698674726,0.7343975817609575,0.0,target_question,,,,,,,,,,,,,,1314,249,1000,1493,1563
Exp1,qwen25_14b,21,math,math,math->math,0.6677241691270409,0.6990101237212814,0.6366401030170281,0.0,target_question,,,,,,,,,,,,,,1314,249,1000,1493,1563
Exp1,qwen25_14b,21,movies,movies,movies->movies,0.6317422969187675,0.6789068063141201,0.5827522791175324,0.0,target_question,,,,,,,,,,,,,,1190,150,1000,1274,1340
Exp2B,qwen25_14b,21,math,movies,math->movies,,,,,target_question,0.18815686274509807,0.2580799340429485,0.1136320605853366,0.0,0.5833445378151261,0.6291525484392475,0.5344943650416422,0.0,1340,0.395187675070028,0.4378470817290177,0.3490972509512181,1.0,1190,150,1000,1274,
Exp2B,qwen25_14b,21,movies,math,movies->math,,,,,target_question,0.5149104790547272,0.5701788697152086,0.46065498823042716,0.0,0.7651580446596126,0.7946300809728996,0.7374831119843808,0.0,1563,0.2502475656048853,0.28007364926734796,0.22078924558253296,1.0,1314,249,1000,1493,
Exp1,qwen25_14b,22,math,movies,math->movies,0.5914957983193277,0.6388334429299548,0.5448709605254078,0.0,target_question,,,,,,,,,,,,,,1190,150,1000,1274,1340
Exp1,qwen25_14b,22,movies,math,movies->math,0.7712952265683739,0.7999084921443442,0.74269812514606,0.0,target_question,,,,,,,,,,,,,,1314,249,1000,1493,1563
Exp1,qwen25_14b,22,math,math,math->math,0.6884463271655877,0.7177578017620644,0.6576196811928847,0.0,target_question,,,,,,,,,,,,,,1314,249,1000,1493,1563
Exp1,qwen25_14b,22,movies,movies,movies->movies,0.6199383753501401,0.6627885154786142,0.5736495322323957,0.0,target_question,,,,,,,,,,,,,,1190,150,1000,1274,1340
Exp2B,qwen25_14b,22,math,movies,math->movies,,,,,target_question,0.2161568627450981,0.28489075158458366,0.14564164727633674,0.0,0.5575910364145659,0.6056012411610379,0.51370884407482,0.005,1340,0.34143417366946777,0.3847773251915367,0.30139312179741135,1.0,1190,150,1000,1274,
Exp2B,qwen25_14b,22,movies,math,movies->math,,,,,target_question,0.5311504770986535,0.5835468881417097,0.4756546357297622,0.0,0.7648493517448791,0.7934187950531395,0.7341272633148779,0.0,1563,0.23369887464622568,0.2611559139552997,0.20573913051190393,1.0,1314,249,1000,1493,
Exp1,qwen25_14b,23,math,movies,math->movies,0.6503081232492998,0.6941824819771105,0.6026888782719738,0.0,target_question,,,,,,,,,,,,,,1190,150,1000,1274,1340
Exp1,qwen25_14b,23,movies,math,movies->math,0.7803879139082968,0.806203279959413,0.7521622111969929,0.0,target_question,,,,,,,,,,,,,,1314,249,1000,1493,1563
Exp1,qwen25_14b,23,math,math,math->math,0.7066408709419107,0.738186816223086,0.6760066357815742,0.0,target_question,,,,,,,,,,,,,,1314,249,1000,1493,1563
Exp1,qwen25_14b,23,movies,movies,movies->movies,0.6417927170868347,0.687908668331955,0.5900970034885084,0.0,target_question,,,,,,,,,,,,,,1190,150,1000,1274,1340
Exp2B,qwen25_14b,23,math,movies,math->movies,,,,,target_question,0.24384873949579833,0.3136834785179154,0.17151544304480118,0.0,0.6174565826330533,0.6589324907902475,0.5720797058447689,0.0,1340,0.3736078431372549,0.42242109730841876,0.32969330267122504,1.0,1190,150,1000,1274,
Exp2B,qwen25_14b,23,movies,math,movies->math,,,,,target_question,0.5491983153313406,0.6016944973339653,0.49389476786315806,0.0,0.7724199690695812,0.799106901218399,0.7447359565206433,0.0,1563,0.22322165373824063,0.250401169411592,0.19696800778024512,1.0,1314,249,1000,1493,
Exp1,qwen25_14b,24,math,movies,math->movies,0.657921568627451,0.6998171922328726,0.6128253072760266,0.0,target_question,,,,,,,,,,,,,,1190,150,1000,1274,1340
Exp1,qwen25_14b,24,movies,math,movies->math,0.7846118110188088,0.8131842775182848,0.7567258846567424,0.0,target_question,,,,,,,,,,,,,,1314,249,1000,1493,1563
Exp1,qwen25_14b,24,math,math,math->math,0.7214948072350283,0.7540834318052243,0.6916676711249343,0.0,target_question,,,,,,,,,,,,,,1314,249,1000,1493,1563
Exp1,qwen25_14b,24,movies,movies,movies->movies,0.6480952380952381,0.6966401720250089,0.598343634974651,0.0,target_question,,,,,,,,,,,,,,1190,150,1000,1274,1340
Exp2B,qwen25_14b,24,math,movies,math->movies,,,,,target_question,0.2756694677871149,0.342981542280966,0.19664171496952831,0.0,0.6227787114845938,0.6684793225058427,0.5759268848010743,0.0,1340,0.347109243697479,0.3931775190300715,0.3078910825903629,1.0,1190,150,1000,1274,
Exp2B,qwen25_14b,24,movies,math,movies->math,,,,,target_question,0.5562829705427494,0.6081948986042321,0.5003218881486151,0.0,0.7758125347661575,0.8038746053580216,0.7463796612413967,0.0,1563,0.21952956422340808,0.24700135196856768,0.19162300013404454,1.0,1314,249,1000,1493,
Exp1,qwen25_14b,25,math,movies,math->movies,0.644095238095238,0.6844454314233245,0.6011558929050059,0.0,target_question,,,,,,,,,,,,,,1190,150,1000,1274,1340
Exp1,qwen25_14b,25,movies,math,movies->math,0.8015532449432433,0.8272814972715488,0.7748996632208057,0.0,target_question,,,,,,,,,,,,,,1314,249,1000,1493,1563
Exp1,qwen25_14b,25,math,math,math->math,0.7385065375657882,0.767477789328613,0.7084047063119462,0.0,target_question,,,,,,,,,,,,,,1314,249,1000,1493,1563
Exp1,qwen25_14b,25,movies,movies,movies->movies,0.659047619047619,0.7031921408128613,0.6115330420200148,0.0,target_question,,,,,,,,,,,,,,1190,150,1000,1274,1340
Exp2B,qwen25_14b,25,math,movies,math->movies,,,,,target_question,0.2788851540616246,0.3597612420871387,0.20292491442760857,0.0,0.6255238095238095,0.6714350615520698,0.5823607219590934,0.0,1340,0.34663865546218486,0.38834467577554105,0.30584168434020703,1.0,1190,150,1000,1274,
Exp2B,qwen25_14b,25,movies,math,movies->math,,,,,target_question,0.5882036517454903,0.640143317246994,0.5302644583785585,0.0,0.7962351689864481,0.821929614607617,0.7670797158741818,0.0,1563,0.20803151724095775,0.23824422717070887,0.1793026561501267,1.0,1314,249,1000,1493,
Exp1,qwen25_14b,26,math,movies,math->movies,0.7096582633053221,0.7489844329210856,0.6716386311394983,0.0,target_question,,,,,,,,,,,,,,1190,150,1000,1274,1340
Exp1,qwen25_14b,26,movies,math,movies->math,0.8107406796134309,0.8350066650351096,0.7849243700813628,0.0,target_question,,,,,,,,,,,,,,1314,249,1000,1493,1563
Exp1,qwen25_14b,26,math,math,math->math,0.7512149052832334,0.7790268301163704,0.7225424691607295,0.0,target_question,,,,,,,,,,,,,,1314,249,1000,1493,1563
Exp1,qwen25_14b,26,movies,movies,movies->movies,0.7071484593837535,0.7500418761853278,0.6610643081920029,0.0,target_question,,,,,,,,,,,,,,1190,150,1000,1274,1340
Exp2B,qwen25_14b,26,math,movies,math->movies,,,,,target_question,0.4071148459383754,0.4793161387381502,0.33449904449775775,0.0,0.6844929971988796,0.7244913488226784,0.6456961908428641,0.0,1340,0.2773781512605042,0.31768325143325143,0.2355942891906307,1.0,1190,150,1000,1274,
Exp2B,qwen25_14b,26,movies,math,movies->math,,,,,target_question,0.6024019976404859,0.6498965772580896,0.5543162806772528,0.0,0.7987597268831796,0.8249302140748782,0.7739449180607815,0.0,1563,0.19635772924269376,0.22266604430599377,0.17008933589725886,1.0,1314,249,1000,1493,
Exp1,qwen25_14b,27,math,movies,math->movies,0.7870924369747899,0.8195077659919654,0.751375228310688,0.0,target_question,,,,,,,,,,,,,,1190,150,1000,1274,1340
Exp1,qwen25_14b,27,movies,math,movies->math,0.832557016498261,0.8530325077113599,0.8107092291448349,0.0,target_question,,,,,,,,,,,,,,1314,249,1000,1493,1563
Exp1,qwen25_14b,27,math,math,math->math,0.7575813146039256,0.7827163544308647,0.7307724969579754,0.0,target_question,,,,,,,,,,,,,,1314,249,1000,1493,1563
Exp1,qwen25_14b,27,movies,movies,movies->movies,0.7485378151260504,0.7915863958412044,0.7039559533156552,0.0,target_question,,,,,,,,,,,,,,1190,150,1000,1274,1340
Exp2B,qwen25_14b,27,math,movies,math->movies,,,,,target_question,0.5070364145658263,0.5694063240309247,0.4428687606579566,0.0,0.7693165266106442,0.8012660097643366,0.7366384303581505,0.0,1340,0.26228011204481794,0.3008335783502783,0.22305694813348345,1.0,1190,150,1000,1274,
Exp2B,qwen25_14b,27,movies,math,movies->math,,,,,target_question,0.6463754561625497,0.6895280693714781,0.5969016374801708,0.0,0.8292133526495632,0.8513004959758962,0.805894097977266,0.0,1563,0.1828378964870135,0.2079689230284399,0.16036796594815672,1.0,1314,249,1000,1493,
Exp1,qwen25_14b,28,math,movies,math->movies,0.7956582633053221,0.8280790574064472,0.7594873514599514,0.0,target_question,,,,,,,,,,,,,,1190,150,1000,1274,1340
Exp1,qwen25_14b,28,movies,math,movies->math,0.8572004914635711,0.8778823548654863,0.83659800468807,0.0,target_question,,,,,,,,,,,,,,1314,249,1000,1493,1563
Exp1,qwen25_14b,28,math,math,math->math,0.7540053669778046,0.7788168358346235,0.7269920853554089,0.0,target_question,,,,,,,,,,,,,,1314,249,1000,1493,1563
Exp1,qwen25_14b,28,movies,movies,movies->movies,0.7685602240896359,0.8101507330567707,0.7243424663299125,0.0,target_question,,,,,,,,,,,,,,1190,150,1000,1274,1340
Exp2B,qwen25_14b,28,math,movies,math->movies,,,,,target_question,0.5234005602240897,0.5909724884231795,0.459822302025378,0.0,0.7880056022408963,0.8208666683990474,0.7505438110466999,0.0,1340,0.26460504201680674,0.3081357319653202,0.22435058850887254,1.0,1190,150,1000,1274,
Exp2B,qwen25_14b,28,movies,math,movies->math,,,,,target_question,0.7036303509318859,0.7442613367481734,0.6629324517006492,0.0,0.850745447543599,0.8717841508599339,0.8299374658202203,0.0,1563,0.1471150966117132,0.16949489873878198,0.1267072131696866,1.0,1314,249,1000,1493,
Exp1,qwen25_14b,29,math,movies,math->movies,0.7844649859943977,0.8203575868623202,0.7502523612187535,0.0,target_question,,,,,,,,,,,,,,1190,150,1000,1274,1340
Exp1,qwen25_14b,29,movies,math,movies->math,0.8374838776720275,0.859433225469298,0.8139064719681722,0.0,target_question,,,,,,,,,,,,,,1314,249,1000,1493,1563
Exp1,qwen25_14b,29,math,math,math->math,0.7510590306431204,0.7783755045454123,0.7222691324370022,0.0,target_question,,,,,,,,,,,,,,1314,249,1000,1493,1563
Exp1,qwen25_14b,29,movies,movies,movies->movies,0.7987787114845938,0.8357328167109765,0.7603391536746736,0.0,target_question,,,,,,,,,,,,,,1190,150,1000,1274,1340
Exp2B,qwen25_14b,29,math,movies,math->movies,,,,,target_question,0.5353389355742296,0.601120353925286,0.46264301541382746,0.0,0.7713949579831932,0.8077780178856556,0.7322545884187307,0.0,1340,0.2360560224089636,0.27481349859751314,0.20035975742500065,1.0,1190,150,1000,1274,
Exp2B,qwen25_14b,29,movies,math,movies->math,,,,,target_question,0.6696496793872598,0.7094723992889572,0.6254249240124055,0.0,0.8242314768969332,0.8460037135157303,0.8003704989271393,0.0,1563,0.1545817975096734,0.17729740834218297,0.1333654344448366,1.0,1314,249,1000,1493,
Exp1,qwen25_14b,30,math,movies,math->movies,0.806812324929972,0.8384609677066314,0.7723584173355431,0.0,target_question,,,,,,,,,,,,,,1190,150,1000,1274,1340
Exp1,qwen25_14b,30,movies,math,movies->math,0.8102272102107059,0.8323869236193377,0.7868947603103267,0.0,target_question,,,,,,,,,,,,,,1314,249,1000,1493,1563
Exp1,qwen25_14b,30,math,math,math->math,0.731761138924037,0.7582918108487258,0.70419131406344,0.0,target_question,,,,,,,,,,,,,,1314,249,1000,1493,1563
Exp1,qwen25_14b,30,movies,movies,movies->movies,0.8206498599439775,0.8534549775492574,0.7835736988889558,0.0,target_question,,,,,,,,,,,,,,1190,150,1000,1274,1340
Exp2B,qwen25_14b,30,math,movies,math->movies,,,,,target_question,0.5939719887955183,0.6549525643209015,0.526240820113297,0.0,0.8041120448179272,0.8350095642321406,0.7679452505631555,0.0,1340,0.21014005602240896,0.24541926474435988,0.17731102419527991,1.0,1190,150,1000,1274,
Exp2B,qwen25_14b,30,movies,math,movies->math,,,,,target_question,0.6234771658934063,0.6691749491463537,0.5760062930692434,0.0,0.7991173216457917,0.8233283071257459,0.77448991092835,0.0,1563,0.17564015575238548,0.19922447035292679,0.15271897761034323,1.0,1314,249,1000,1493,
Exp1,qwen25_14b,31,math,movies,math->movies,0.7966330532212885,0.8311328470856086,0.7632971982940401,0.0,target_question,,,,,,,,,,,,,,1190,150,1000,1274,1340
Exp1,qwen25_14b,31,movies,math,movies->math,0.7914122242394235,0.8163981367771787,0.7662202944529368,0.0,target_question,,,,,,,,,,,,,,1314,249,1000,1493,1563
Exp1,qwen25_14b,31,math,math,math->math,0.7276961728191303,0.7569275338630973,0.6977444935914695,0.0,target_question,,,,,,,,,,,,,,1314,249,1000,1493,1563
Exp1,qwen25_14b,31,movies,movies,movies->movies,0.8307675070028011,0.8604071269505749,0.7947024579555406,0.0,target_question,,,,,,,,,,,,,,1190,150,1000,1274,1340
Exp2B,qwen25_14b,31,math,movies,math->movies,,,,,target_question,0.5837759103641457,0.6481985575966963,0.5114768166565893,0.0,0.7946218487394958,0.8269505466880384,0.7564682502435227,0.0,1340,0.21084593837535015,0.24617172716086133,0.1768772270249214,1.0,1190,150,1000,1274,
Exp2B,qwen25_14b,31,movies,math,movies->math,,,,,target_question,0.5862964796782258,0.6308428468580946,0.5346785972695387,0.0,0.7845873600948696,0.8082259455739546,0.7579253541762127,0.0,1563,0.19829088041664375,0.22421251279275253,0.17542331193847904,1.0,1314,249,1000,1493,
Exp1,qwen25_14b,32,math,movies,math->movies,0.7887563025210084,0.8211467733546508,0.7531440783340895,0.0,target_question,,,,,,,,,,,,,,1190,150,1000,1274,1340
Exp1,qwen25_14b,32,movies,math,movies->math,0.7950401300789154,0.8204810691128611,0.7696561882739805,0.0,target_question,,,,,,,,,,,,,,1314,249,1000,1493,1563
Exp1,qwen25_14b,32,math,math,math->math,0.7281271203535603,0.7565814967381115,0.6993945425520178,0.0,target_question,,,,,,,,,,,,,,1314,249,1000,1493,1563
Exp1,qwen25_14b,32,movies,movies,movies->movies,0.8287563025210084,0.8604279652570992,0.7932931830817532,0.0,target_question,,,,,,,,,,,,,,1190,150,1000,1274,1340
Exp2B,qwen25_14b,32,math,movies,math->movies,,,,,target_question,0.56806162464986,0.6309855686960106,0.49679695056111456,0.0,0.786733893557423,0.8179270148016511,0.7494750887178784,0.0,1340,0.21867226890756303,0.2555506437736337,0.186067021330712,1.0,1190,150,1000,1274,
Exp2B,qwen25_14b,32,movies,math,movies->math,,,,,target_question,0.5941605080901995,0.6445431716283071,0.5458197348446531,0.0,0.7880838422181878,0.8138307927652907,0.76310592376092,0.0,1563,0.19392333412798837,0.21833475200011193,0.16887855764701867,1.0,1314,249,1000,1493,
Exp1,qwen25_14b,33,math,movies,math->movies,0.7832997198879552,0.8197854963455017,0.7457453834516262,0.0,target_question,,,,,,,,,,,,,,1190,150,1000,1274,1340
Exp1,qwen25_14b,33,movies,math,movies->math,0.7923933175624874,0.816269331043559,0.7630117497355615,0.0,target_question,,,,,,,,,,,,,,1314,249,1000,1493,1563
Exp1,qwen25_14b,33,math,math,math->math,0.718346750777845,0.7478683499864048,0.6887840728080471,0.0,target_question,,,,,,,,,,,,,,1314,249,1000,1493,1563
Exp1,qwen25_14b,33,movies,movies,movies->movies,0.8268795518207283,0.8571394676221474,0.7914399169208894,0.0,target_question,,,,,,,,,,,,,,1190,150,1000,1274,1340
Exp2B,qwen25_14b,33,math,movies,math->movies,,,,,target_question,0.5530700280112045,0.6200091264895075,0.4833917249510254,0.0,0.786280112044818,0.819332036402016,0.7500083557025556,0.0,1340,0.23321008403361346,0.26921515979365296,0.19933722068161605,1.0,1190,150,1000,1274,
Exp2B,qwen25_14b,33,movies,math,movies->math,,,,,target_question,0.5853704009340253,0.6314813080694796,0.5346867479319161,0.0,0.7884261551533378,0.8119997558889701,0.7621944695645906,0.0,1563,0.20305575421931257,0.2289457623271672,0.1794248476258193,1.0,1314,249,1000,1493,
Exp1,qwen25_14b,34,math,movies,math->movies,0.7820224089635854,0.8160338535291559,0.7475251417348271,0.0,target_question,,,,,,,,,,,,,,1190,150,1000,1274,1340
Exp1,qwen25_14b,34,movies,math,movies->math,0.7707206298558007,0.7964713559562054,0.744069151444239,0.0,target_question,,,,,,,,,,,,,,1314,249,1000,1493,1563
Exp1,qwen25_14b,34,math,math,math->math,0.7151406233763058,0.7427424882427047,0.6864898091412638,0.0,target_question,,,,,,,,,,,,,,1314,249,1000,1493,1563
Exp1,qwen25_14b,34,movies,movies,movies->movies,0.8241680672268907,0.8546171571369878,0.7915461862744331,0.0,target_question,,,,,,,,,,,,,,1190,150,1000,1274,1340
Exp2B,qwen25_14b,34,math,movies,math->movies,,,,,target_question,0.5575462184873949,0.6244117002850934,0.4838295810173326,0.0,0.7836470588235294,0.8174066716093042,0.7466886129864871,0.0,1340,0.22610084033613445,0.2634553572690792,0.19197628812738857,1.0,1190,150,1000,1274,
Exp2B,qwen25_14b,34,movies,math,movies->math,,,,,target_question,0.544940798200412,0.5970381249431004,0.4881030675248381,0.0,0.7665700855171065,0.7926526340931318,0.7392411593057866,0.0,1563,0.22162928731669448,0.24914921469948736,0.19499139053103642,1.0,1314,249,1000,1493,
Exp1,qwen25_14b,35,math,movies,math->movies,0.790358543417367,0.8240484470975697,0.7540416197843435,0.0,target_question,,,,,,,,,,,,,,1190,150,1000,1274,1340
Exp1,qwen25_14b,35,movies,math,movies->math,0.781126026174714,0.8069856171224279,0.7538509132447851,0.0,target_question,,,,,,,,,,,,,,1314,249,1000,1493,1563
Exp1,qwen25_14b,35,math,math,math->math,0.7149878051016852,0.742311147342204,0.6855817605449075,0.0,target_question,,,,,,,,,,,,,,1314,249,1000,1493,1563
Exp1,qwen25_14b,35,movies,movies,movies->movies,0.8146274509803921,0.8467243747468758,0.7787767757500705,0.0,target_question,,,,,,,,,,,,,,1190,150,1000,1274,1340
Exp2B,qwen25_14b,35,math,movies,math->movies,,,,,target_question,0.569703081232493,0.6354916882309944,0.5012136500114398,0.0,0.7908235294117647,0.8245797033183225,0.7559636089365539,0.0,1340,0.2211204481792717,0.25644437337875803,0.18804138082843716,1.0,1190,150,1000,1274,
Exp2B,qwen25_14b,35,movies,math,movies->math,,,,,target_question,0.5639208279082846,0.6188521989323573,0.5092025370203748,0.0,0.7774904794214912,0.8037214090855042,0.7506410890364779,0.0,1563,0.21356965151320656,0.23935487947485515,0.18682814393789737,1.0,1314,249,1000,1493,
Exp1,qwen25_14b,36,math,movies,math->movies,0.7869635854341737,0.8202852405281755,0.7516977526443552,0.0,target_question,,,,,,,,,,,,,,1190,150,1000,1274,1340
Exp1,qwen25_14b,36,movies,math,movies->math,0.7693819417701246,0.7960023589150346,0.743633104380479,0.0,target_question,,,,,,,,,,,,,,1314,249,1000,1493,1563
Exp1,qwen25_14b,36,math,math,math->math,0.7155501763522889,0.7464641078649501,0.6870940514054261,0.0,target_question,,,,,,,,,,,,,,1314,249,1000,1493,1563
Exp1,qwen25_14b,36,movies,movies,movies->movies,0.8069131652661065,0.8394462719973077,0.7720845238719434,0.0,target_question,,,,,,,,,,,,,,1190,150,1000,1274,1340
Exp2B,qwen25_14b,36,math,movies,math->movies,,,,,target_question,0.5718095238095238,0.6373648535397788,0.4957776321161935,0.0,0.7851204481792717,0.8193855808698358,0.746195342631816,0.0,1340,0.2133109243697479,0.25203584208300694,0.17977510100283872,1.0,1190,150,1000,1274,
Exp2B,qwen25_14b,36,movies,math,movies->math,,,,,target_question,0.5440513958421204,0.5953390080379545,0.48834259858570406,0.0,0.765316975665218,0.7910914290020502,0.7375734396327117,0.0,1563,0.22126557982309755,0.24923797440472273,0.1953690627688875,1.0,1314,249,1000,1493,
Exp1,qwen25_14b,37,math,movies,math->movies,0.772733893557423,0.8082956622906122,0.7324903138989654,0.0,target_question,,,,,,,,,,,,,,1190,150,1000,1274,1340
Exp1,qwen25_14b,37,movies,math,movies->math,0.7532596137976564,0.7825557223617097,0.7248021365515359,0.0,target_question,,,,,,,,,,,,,,1314,249,1000,1493,1563
Exp1,qwen25_14b,37,math,math,math->math,0.7095566436216708,0.7415434751450908,0.6808514830711364,0.0,target_question,,,,,,,,,,,,,,1314,249,1000,1493,1563
Exp1,qwen25_14b,37,movies,movies,movies->movies,0.801187675070028,0.834577694886123,0.7652585487089224,0.0,target_question,,,,,,,,,,,,,,1190,150,1000,1274,1340
Exp2B,qwen25_14b,37,math,movies,math->movies,,,,,target_question,0.5433389355742297,0.6156361155699235,0.47477167820576116,0.0,0.7712997198879552,0.8071154239433632,0.7362527518020218,0.0,1340,0.2279607843137255,0.263124575789153,0.1917493095700239,1.0,1190,150,1000,1274,
Exp2B,qwen25_14b,37,movies,math,movies->math,,,,,target_question,0.5113452287078297,0.5636686299774235,0.45342563472512637,0.0,0.7493688605258171,0.7758388826592881,0.720854504704095,0.0,1563,0.23802363181798733,0.26797441354253415,0.21148281078502998,1.0,1314,249,1000,1493,
Exp1,qwen25_14b,38,math,movies,math->movies,0.7808347338935574,0.8173333941545412,0.7447540492066637,0.0,target_question,,,,,,,,,,,,,,1190,150,1000,1274,1340
Exp1,qwen25_14b,38,movies,math,movies->math,0.7454276772233531,0.7728298001892204,0.7155568822163249,0.0,target_question,,,,,,,,,,,,,,1314,249,1000,1493,1563
Exp1,qwen25_14b,38,math,math,math->math,0.7081140391092529,0.7369467492336821,0.6794819765547373,0.0,target_question,,,,,,,,,,,,,,1314,249,1000,1493,1563
Exp1,qwen25_14b,38,movies,movies,movies->movies,0.8043529411764706,0.8362934055191056,0.7703019529274062,0.0,target_question,,,,,,,,,,,,,,1190,150,1000,1274,1340
Exp2B,qwen25_14b,38,math,movies,math->movies,,,,,target_question,0.5588683473389355,0.6289605301553655,0.49585652318787893,0.0,0.7798767507002801,0.8156974561405111,0.7483420348375485,0.0,1340,0.22100840336134453,0.25310446572767986,0.1853945236888373,1.0,1190,150,1000,1274,
Exp2B,qwen25_14b,38,movies,math,movies->math,,,,,target_question,0.4966777307097492,0.5556601716464546,0.43545177033965843,0.0,0.741211421026572,0.7705890352699213,0.7112107742824704,0.0,1563,0.24453369031682284,0.27458969544815054,0.21456265193736898,1.0,1314,249,1000,1493,
Exp1,qwen25_14b,39,math,movies,math->movies,0.7739047619047619,0.8103712884892758,0.7381803669397526,0.0,target_question,,,,,,,,,,,,,,1190,150,1000,1274,1340
Exp1,qwen25_14b,39,movies,math,movies->math,0.7349000262847433,0.7659774824660267,0.703895784302216,0.0,target_question,,,,,,,,,,,,,,1314,249,1000,1493,1563
Exp1,qwen25_14b,39,math,math,math->math,0.7048773480527896,0.7341605847776344,0.6738316866546128,0.0,target_question,,,,,,,,,,,,,,1314,249,1000,1493,1563
Exp1,qwen25_14b,39,movies,movies,movies->movies,0.799047619047619,0.8336422685994866,0.7633068491659029,0.0,target_question,,,,,,,,,,,,,,1190,150,1000,1274,1340
Exp2B,qwen25_14b,39,math,movies,math->movies,,,,,target_question,0.544532212885154,0.6205355490947535,0.4714730047542355,0.0,0.7735966386554621,0.8115355354933919,0.7379387360313585,0.0,1340,0.2290644257703081,0.2656828767904837,0.19062281924958155,1.0,1190,150,1000,1274,
Exp2B,qwen25_14b,39,movies,math,movies->math,,,,,target_question,0.4761511800627166,0.5303980087357192,0.41740613975468366,0.0,0.7305966636714285,0.7576707122159686,0.7006380311694642,0.0,1563,0.2544454836087119,0.28451492809341317,0.2266658736963538,1.0,1314,249,1000,1493,
Exp1,qwen25_14b,40,math,movies,math->movies,0.7635070028011205,0.7991048328433422,0.722941057560869,0.0,target_question,,,,,,,,,,,,,,1190,150,1000,1274,1340
Exp1,qwen25_14b,40,movies,math,movies->math,0.7320667754732781,0.7603153860162108,0.7043990851361696,0.0,target_question,,,,,,,,,,,,,,1314,249,1000,1493,1563
Exp1,qwen25_14b,40,math,math,math->math,0.7042874695127542,0.7354208345784121,0.6711320203625171,0.0,target_question,,,,,,,,,,,,,,1314,249,1000,1493,1563
Exp1,qwen25_14b,40,movies,movies,movies->movies,0.7932380952380952,0.8294671509585336,0.7591940058080766,0.0,target_question,,,,,,,,,,,,,,1190,150,1000,1274,1340
Exp2B,qwen25_14b,40,math,movies,math->movies,,,,,target_question,0.5238711484593838,0.6008410942151967,0.44574211929600077,0.0,0.7633389355742297,0.8007720399009567,0.7246551002000838,0.0,1340,0.23946778711484593,0.27844459146765504,0.19991273522696276,1.0,1190,150,1000,1274,
Exp2B,qwen25_14b,40,movies,math,movies->math,,,,,target_question,0.46818629158949343,0.5278665188647057,0.4110390250791257,0.0,0.7289401135745417,0.7578204695232458,0.7008487160103368,0.0,1563,0.26075382198504826,0.2899165077128508,0.23071676831131974,1.0,1314,249,1000,1493,
Exp1,qwen25_14b,41,math,movies,math->movies,0.75103081232493,0.7899053602238808,0.7070580282238734,0.0,target_question,,,,,,,,,,,,,,1190,150,1000,1274,1340
Exp1,qwen25_14b,41,movies,math,movies->math,0.7333779562695225,0.7627646071984612,0.7038415375537429,0.0,target_question,,,,,,,,,,,,,,1314,249,1000,1493,1563
Exp1,qwen25_14b,41,math,math,math->math,0.7046786842957828,0.7356766312122733,0.6748175648664477,0.0,target_question,,,,,,,,,,,,,,1314,249,1000,1493,1563
Exp1,qwen25_14b,41,movies,movies,movies->movies,0.7851932773109244,0.8225089515281478,0.7487855618298481,0.0,target_question,,,,,,,,,,,,,,1190,150,1000,1274,1340
Exp2B,qwen25_14b,41,math,movies,math->movies,,,,,target_question,0.4985490196078432,0.5738263938110048,0.42491221153720443,0.0,0.7507058823529412,0.7882802623399329,0.7129632112137437,0.0,1340,0.252156862745098,0.2896786910650769,0.2132133803995789,1.0,1190,150,1000,1274,
Exp2B,qwen25_14b,41,movies,math,movies->math,,,,,target_question,0.46752917300862507,0.5267705759229214,0.40758148652738907,0.0,0.7320178736253996,0.7611732302841011,0.7018498113992442,0.0,1563,0.26448870061677454,0.2949670942525261,0.23505917098070853,1.0,1314,249,1000,1493,
Exp1,qwen25_14b,42,math,movies,math->movies,0.7537086834733894,0.7921036696652538,0.7141093895752282,0.0,target_question,,,,,,,,,,,,,,1190,150,1000,1274,1340
Exp1,qwen25_14b,42,movies,math,movies->math,0.7242210852542591,0.7559452566858794,0.6941591584964258,0.0,target_question,,,,,,,,,,,,,,1314,249,1000,1493,1563
Exp1,qwen25_14b,42,math,math,math->math,0.7040979748522247,0.7332343166062039,0.6734667591509452,0.0,target_question,,,,,,,,,,,,,,1314,249,1000,1493,1563
Exp1,qwen25_14b,42,movies,movies,movies->movies,0.7816918767507003,0.8169587798442441,0.7429551575942145,0.0,target_question,,,,,,,,,,,,,,1190,150,1000,1274,1340
Exp2B,qwen25_14b,42,math,movies,math->movies,,,,,target_question,0.5048795518207283,0.574913699291004,0.43437521304196614,0.0,0.7538823529411764,0.7889036706845041,0.7165907277963295,0.0,1340,0.24900280112044818,0.2848600380147113,0.2133258225225599,1.0,1190,150,1000,1274,
Exp2B,qwen25_14b,42,movies,math,movies->math,,,,,target_question,0.44839632502613197,0.5134042165495225,0.3872218306982884,0.0,0.7233591901853992,0.7551207621786771,0.6918193351491891,0.0,1563,0.2749628651592672,0.3053197627173714,0.2417296123257075,1.0,1314,249,1000,1493,
Exp1,qwen25_14b,43,math,movies,math->movies,0.7457759103641457,0.7830922043615085,0.7082000775189823,0.0,target_question,,,,,,,,,,,,,,1190,150,1000,1274,1340
Exp1,qwen25_14b,43,movies,math,movies->math,0.703022134198896,0.7340602247290267,0.6750711039306604,0.0,target_question,,,,,,,,,,,,,,1314,249,1000,1493,1563
Exp1,qwen25_14b,43,math,math,math->math,0.6965762593754011,0.7243239156401148,0.6667930434153767,0.0,target_question,,,,,,,,,,,,,,1314,249,1000,1493,1563
Exp1,qwen25_14b,43,movies,movies,movies->movies,0.7740336134453781,0.8095784352568833,0.7367696595180776,0.0,target_question,,,,,,,,,,,,,,1190,150,1000,1274,1340
Exp2B,qwen25_14b,43,math,movies,math->movies,,,,,target_question,0.48687394957983193,0.5625962247334176,0.41235442572057224,0.0,0.7472717086834734,0.7854287975731664,0.7096324929211644,0.0,1340,0.26039775910364144,0.29887600388409885,0.22191930641420102,1.0,1190,150,1000,1274,
Exp2B,qwen25_14b,43,movies,math,movies->math,,,,,target_question,0.40488896224166077,0.46898940870955064,0.34164801516652576,0.0,0.7033705598650309,0.7351841228836475,0.6716133212762255,0.0,1563,0.2984815976233702,0.3298168414609261,0.26592899096379036,1.0,1314,249,1000,1493,
Exp1,qwen25_14b,44,math,movies,math->movies,0.7428571428571429,0.7815634175731655,0.7055199839320467,0.0,target_question,,,,,,,,,,,,,,1190,150,1000,1274,1340
Exp1,qwen25_14b,44,movies,math,movies->math,0.6835469732812529,0.7161870019670091,0.6503960885807354,0.0,target_question,,,,,,,,,,,,,,1314,249,1000,1493,1563
Exp1,qwen25_14b,44,math,math,math->math,0.6920925711980341,0.7228163557484099,0.6597187538338898,0.0,target_question,,,,,,,,,,,,,,1314,249,1000,1493,1563
Exp1,qwen25_14b,44,movies,movies,movies->movies,0.7693781512605042,0.80282799099826,0.7311793852250488,0.0,target_question,,,,,,,,,,,,,,1190,150,1000,1274,1340
Exp2B,qwen25_14b,44,math,movies,math->movies,,,,,target_question,0.480593837535014,0.551846608050553,0.4035818138900576,0.0,0.7442296918767507,0.7794315400119143,0.7059474427264077,0.0,1340,0.2636358543417367,0.3041097086174418,0.22679068561235557,1.0,1190,150,1000,1274,
Exp2B,qwen25_14b,44,movies,math,movies->math,,,,,target_question,0.36556270745080777,0.42906244900833596,0.2980754088693385,0.0,0.6847267303613235,0.7166762680268407,0.6514063898558032,0.0,1563,0.3191640229105157,0.3529301340024554,0.28721205472688827,1.0,1314,249,1000,1493,
Exp1,qwen25_14b,45,math,movies,math->movies,0.7703305322128852,0.8049341943767964,0.7323461657214126,0.0,target_question,,,,,,,,,,,,,,1190,150,1000,1274,1340
Exp1,qwen25_14b,45,movies,math,movies->math,0.6536404369380108,0.6894499506947244,0.6170688433024543,0.0,target_question,,,,,,,,,,,,,,1314,249,1000,1493,1563
Exp1,qwen25_14b,45,math,math,math->math,0.6884524398965726,0.7162130603293188,0.6561981579150419,0.0,target_question,,,,,,,,,,,,,,1314,249,1000,1493,1563
Exp1,qwen25_14b,45,movies,movies,movies->movies,0.7692773109243698,0.8053420072695913,0.7330984318146438,0.0,target_question,,,,,,,,,,,,,,1190,150,1000,1274,1340
Exp2B,qwen25_14b,45,math,movies,math->movies,,,,,target_question,0.531406162464986,0.6039988410782473,0.4572078878366776,0.0,0.7721792717086835,0.807074818958653,0.7362041385364024,0.0,1340,0.2407731092436975,0.27859909811087386,0.2023789745122577,1.0,1190,150,1000,1274,
Exp2B,qwen25_14b,45,movies,math,movies->math,,,,,target_question,0.3017702468932045,0.3725152905390974,0.22714541017677112,0.0,0.6570880172134504,0.6922784572815128,0.6206632830731521,0.0,1563,0.355317770320246,0.39426089376623397,0.31919115913842333,1.0,1314,249,1000,1493,
Exp1,qwen25_14b,46,math,movies,math->movies,0.7268515406162465,0.7652242292967142,0.6887176419839564,0.0,target_question,,,,,,,,,,,,,,1190,150,1000,1274,1340
Exp1,qwen25_14b,46,movies,math,movies->math,0.5939404497747459,0.6296066834348522,0.5569578321274289,0.0,target_question,,,,,,,,,,,,,,1314,249,1000,1493,1563
Exp1,qwen25_14b,46,math,math,math->math,0.6711442421130488,0.7013273040248749,0.6365281270207098,0.0,target_question,,,,,,,,,,,,,,1314,249,1000,1493,1563
Exp1,qwen25_14b,46,movies,movies,movies->movies,0.7606386554621849,0.7986612380378337,0.720563524984923,0.0,target_question,,,,,,,,,,,,,,1190,150,1000,1274,1340
Exp2B,qwen25_14b,46,math,movies,math->movies,,,,,target_question,0.4296918767507003,0.5046592929095287,0.35374529423041173,0.0,0.7367675070028011,0.7728819824547672,0.6986373012147634,0.0,1340,0.30707563025210083,0.35068808049816935,0.2666854504055201,1.0,1190,150,1000,1274,
Exp2B,qwen25_14b,46,movies,math,movies->math,,,,,target_question,0.17943157714572144,0.24852824632088544,0.10102199005871688,0.0,0.602811550616469,0.6376179698798277,0.5637211687125787,0.0,1563,0.4233799734707475,0.4621731601846594,0.3881114295650987,1.0,1314,249,1000,1493,
Exp1,qwen25_14b,47,math,movies,math->movies,0.6912324929971989,0.73091883630849,0.6465031658968029,0.0,target_question,,,,,,,,,,,,,,1190,150,1000,1274,1340
Exp1,qwen25_14b,47,movies,math,movies->math,0.5497820811403911,0.5896016726224523,0.5082306032044562,0.007,target_question,,,,,,,,,,,,,,1314,249,1000,1493,1563
Exp1,qwen25_14b,47,math,math,math->math,0.6885135672064208,0.7216657561211859,0.657594093632955,0.0,target_question,,,,,,,,,,,,,,1314,249,1000,1493,1563
Exp1,qwen25_14b,47,movies,movies,movies->movies,0.758095238095238,0.7935076877340883,0.7190743329373618,0.0,target_question,,,,,,,,,,,,,,1190,150,1000,1274,1340
Exp2B,qwen25_14b,47,math,movies,math->movies,,,,,target_question,0.3431148459383753,0.42333046923596673,0.27034300690740565,0.0,0.7017871148459384,0.7468562850187901,0.661458280995855,0.0,1340,0.35867226890756304,0.399954515166419,0.3161112411587429,1.0,1190,150,1000,1274,
Exp2B,qwen25_14b,47,movies,math,movies->math,,,,,target_question,0.08585941941281106,0.16494786479521506,0.00918142378253967,0.018,0.5714272615576461,0.6119382354758515,0.5319024168309036,0.0,1563,0.48556784214483506,0.5246347810221729,0.44568487112174243,0.776,1314,249,1000,1493,
Exp1,olmo3_7b_it,0,math,movies,math->movies,0.45508166969147007,0.5259067258595217,0.38368286507731614,0.889,target_question,,,,,,,,,,,,,,133,116,1000,249,249
Exp1,olmo3_7b_it,0,movies,math,movies->math,0.43543334493560737,0.4972720777746618,0.3683931806163388,0.979,target_question,,,,,,,,,,,,,,104,221,1000,318,325
Exp1,olmo3_7b_it,0,math,math,math->math,0.5972415593456317,0.6563663160873461,0.5368380598755155,0.003,target_question,,,,,,,,,,,,,,104,221,1000,318,325
Exp1,olmo3_7b_it,0,movies,movies,movies->movies,0.5443997925849106,0.612654531815876,0.46599400236609206,0.126,target_question,,,,,,,,,,,,,,133,116,1000,249,249
Exp2B,olmo3_7b_it,0,math,movies,math->movies,,,,,target_question,-0.026963961628208466,0.07256023260296204,-0.11987927839546544,0.697,0.4349883329012186,0.506910035305377,0.3669667127795594,0.959,249,0.46195229452942704,0.5346279961945376,0.38831149903064605,0.848,133,116,1000,249,
Exp2B,olmo3_7b_it,0,movies,math,movies->math,,,,,target_question,-0.06691611555864951,0.04684235536130429,-0.16501230459280486,0.9,0.4286025060911939,0.49393820508318337,0.3658489922906915,0.982,325,0.4955186216498434,0.5604568652210162,0.4295875630122825,0.549,104,221,1000,318,
Exp1,olmo3_7b_it,1,math,movies,math->movies,0.49358309567021,0.5614402262033643,0.42305143541745127,0.532,target_question,,,,,,,,,,,,,,133,116,1000,249,249
Exp1,olmo3_7b_it,1,movies,math,movies->math,0.4949530107901149,0.5616407721221642,0.4263445400553784,0.58,target_question,,,,,,,,,,,,,,104,221,1000,318,325
Exp1,olmo3_7b_it,1,math,math,math->math,0.5821005917159763,0.6450304440880169,0.5174534507530293,0.005,target_question,,,,,,,,,,,,,,104,221,1000,318,325
Exp1,olmo3_7b_it,1,movies,movies,movies->movies,0.5603448275862069,0.6308655794191012,0.4866179890570134,0.061,target_question,,,,,,,,,,,,,,133,116,1000,249,249
Exp2B,olmo3_7b_it,1,math,movies,math->movies,,,,,target_question,0.010370754472387833,0.10110278783329972,-0.08408940292764722,0.44,0.451257453979777,0.5231836579662666,0.37778570702663655,0.915,249,0.4408866995073892,0.5169575942182325,0.3747830666885949,0.951,133,116,1000,249,
Exp2B,olmo3_7b_it,1,movies,math,movies->math,,,,,target_question,0.0006961364427427452,0.10911571346015564,-0.1111566934315387,0.499,0.47171945701357465,0.5325895503702583,0.40981316438842846,0.818,325,0.4710233205708319,0.5342642148160386,0.4093794256811878,0.803,104,221,1000,318,
Exp1,olmo3_7b_it,2,math,movies,math->movies,0.4715452424163858,0.5406503059132551,0.39943449006190945,0.781,target_question,,,,,,,,,,,,,,133,116,1000,249,249
Exp1,olmo3_7b_it,2,movies,math,movies->math,0.48829620605638707,0.5538082705969835,0.42163627910788964,0.638,target_question,,,,,,,,,,,,,,104,221,1000,318,325
Exp1,olmo3_7b_it,2,math,math,math->math,0.5858423250957188,0.6457809700586533,0.5261517448332491,0.002,target_question,,,,,,,,,,,,,,104,221,1000,318,325
Exp1,olmo3_7b_it,2,movies,movies,movies->movies,0.6144023852735286,0.6840004018667358,0.5442057435556257,0.004,target_question,,,,,,,,,,,,,,133,116,1000,249,249
Exp2B,olmo3_7b_it,2,math,movies,math->movies,,,,,target_question,0.0047316567280270005,0.0985060289613202,-0.08746433838322294,0.445,0.4458128078817734,0.5190693999858218,0.37375311427546015,0.932,249,0.4410811511537464,0.5143866661660121,0.3699977835170766,0.939,133,116,1000,249,
Exp2B,olmo3_7b_it,2,movies,math,movies->math,,,,,target_question,-0.011660285415941551,0.10657134576314417,-0.12114133978114346,0.567,0.45788374521406194,0.525598201442224,0.3944444115105686,0.906,325,0.4695440306300035,0.5348020363387336,0.4032760420926501,0.808,104,221,1000,318,
Exp1,olmo3_7b_it,3,math,movies,math->movies,0.4635079077002852,0.5387089605690102,0.3917455762792922,0.853,target_question,,,,,,,,,,,,,,133,116,1000,249,249
Exp1,olmo3_7b_it,3,movies,math,movies->math,0.5109206404455273,0.5766693887183353,0.445216410398033,0.37,target_question,,,,,,,,,,,,,,104,221,1000,318,325
Exp1,olmo3_7b_it,3,math,math,math->math,0.5862339018447615,0.646476867335563,0.5269512439472366,0.003,target_question,,,,,,,,,,,,,,104,221,1000,318,325
Exp1,olmo3_7b_it,3,movies,movies,movies->movies,0.6135597614726471,0.6831350830052554,0.5450845031688164,0.002,target_question,,,,,,,,,,,,,,133,116,1000,249,249
Exp2B,olmo3_7b_it,3,math,movies,math->movies,,,,,target_question,-0.029880736323567525,0.07452884215181314,-0.12213663243075008,0.716,0.44814622763806067,0.5262720567584884,0.38125054608999565,0.906,249,0.4780269639616282,0.5460400586062575,0.40312786023143216,0.717,133,116,1000,249,
Exp2B,olmo3_7b_it,3,movies,math,movies->math,,,,,target_question,0.038331012878524195,0.14461731925196197,-0.07537914658497326,0.251,0.4904716324399582,0.554906462473574,0.4255475619326679,0.616,325,0.45214061956143403,0.5188801261564198,0.3911197693548322,0.926,104,221,1000,318,
Exp1,olmo3_7b_it,4,math,movies,math->movies,0.5042131190044076,0.5808548812199577,0.4320270787662092,0.451,target_question,,,,,,,,,,,,,,133,116,1000,249,249
Exp1,olmo3_7b_it,4,movies,math,movies->math,0.5077880264531848,0.5732095994640873,0.4466823800411207,0.378,target_question,,,,,,,,,,,,,,104,221,1000,318,325
Exp1,olmo3_7b_it,4,math,math,math->math,0.6083362339018448,0.672004912652683,0.5478566781492461,0.0,target_question,,,,,,,,,,,,,,104,221,1000,318,325
Exp1,olmo3_7b_it,4,movies,movies,movies->movies,0.6397459165154264,0.7069155065961518,0.5702913752913753,0.0,target_question,,,,,,,,,,,,,,133,116,1000,249,249
Exp2B,olmo3_7b_it,4,math,movies,math->movies,,,,,target_question,0.02061187451387092,0.1199459407312148,-0.07619867531572531,0.345,0.4985740212600467,0.5665351992409867,0.42657604412923567,0.513,249,0.47796214674617576,0.5492560236615875,0.40662837856011014,0.737,133,116,1000,249,
Exp2B,olmo3_7b_it,4,movies,math,movies->math,,,,,target_question,0.025234946049425666,0.1452277764995649,-0.10198852805665486,0.348,0.5061782109293421,0.5699925362508066,0.4421416682172139,0.412,325,0.48094326487991645,0.5496630427821186,0.4171603202205667,0.714,104,221,1000,318,
Exp1,olmo3_7b_it,5,math,movies,math->movies,0.5400570391495981,0.612296172344907,0.4643085514660231,0.148,target_question,,,,,,,,,,,,,,133,116,1000,249,249
Exp1,olmo3_7b_it,5,movies,math,movies->math,0.5584754611903933,0.6139025642594911,0.49317914850178163,0.043,target_question,,,,,,,,,,,,,,104,221,1000,318,325
Exp1,olmo3_7b_it,5,math,math,math->math,0.638661677688827,0.6983625613783834,0.5770553825584327,0.0,target_question,,,,,,,,,,,,,,104,221,1000,318,325
Exp1,olmo3_7b_it,5,movies,movies,movies->movies,0.6408478091781177,0.7011012997398484,0.5705223488197626,0.0,target_question,,,,,,,,,,,,,,133,116,1000,249,249
Exp2B,olmo3_7b_it,5,math,movies,math->movies,,,,,target_question,0.0469276639875551,0.1393965648274813,-0.048742514925585394,0.167,0.5421311900440757,0.6137492252613826,0.4649734547719981,0.133,249,0.4952035260565206,0.571909507796418,0.4246613300492611,0.558,133,116,1000,249,
Exp2B,olmo3_7b_it,5,movies,math,movies->math,,,,,target_question,0.09689349112426038,0.2209301568374247,-0.010711632701524153,0.047,0.5507744517925514,0.6200883441499763,0.4874182465559607,0.052,325,0.453880960668291,0.5144650363114446,0.38813516808438575,0.919,104,221,1000,318,
Exp1,olmo3_7b_it,6,math,movies,math->movies,0.5471869328493648,0.6205132959559985,0.48034557859841187,0.083,target_question,,,,,,,,,,,,,,133,116,1000,249,249
Exp1,olmo3_7b_it,6,movies,math,movies->math,0.5960233205708318,0.6593595364476064,0.5289791171983022,0.001,target_question,,,,,,,,,,,,,,104,221,1000,318,325
Exp1,olmo3_7b_it,6,math,math,math->math,0.6414897319874695,0.700017619962993,0.5808109925387058,0.0,target_question,,,,,,,,,,,,,,104,221,1000,318,325
Exp1,olmo3_7b_it,6,movies,movies,movies->movies,0.6477832512315271,0.714803143479614,0.5760776800260672,0.0,target_question,,,,,,,,,,,,,,133,116,1000,249,249
Exp2B,olmo3_7b_it,6,math,movies,math->movies,,,,,target_question,0.07447498055483542,0.18339754694270308,-0.0289701550189277,0.087,0.5567150635208712,0.6296645455526222,0.48475824339951573,0.062,249,0.48224008296603577,0.5530832538827317,0.4099998168400595,0.7,133,116,1000,249,
Exp2B,olmo3_7b_it,6,movies,math,movies->math,,,,,target_question,0.1675078315349809,0.28547924305843825,0.045908080427664213,0.003,0.589975635224504,0.654291098725309,0.5213467289042262,0.007,325,0.42246780368952314,0.48699582672124914,0.35908098098178914,0.994,104,221,1000,318,
Exp1,olmo3_7b_it,7,math,movies,math->movies,0.5369458128078818,0.6070126046225409,0.4647250486991188,0.144,target_question,,,,,,,,,,,,,,133,116,1000,249,249
Exp1,olmo3_7b_it,7,movies,math,movies->math,0.5967629655412461,0.6557077496406238,0.5321904622448151,0.002,target_question,,,,,,,,,,,,,,104,221,1000,318,325
Exp1,olmo3_7b_it,7,math,math,math->math,0.6587626174730247,0.7234384694778274,0.6008045875646894,0.0,target_question,,,,,,,,,,,,,,104,221,1000,318,325
Exp1,olmo3_7b_it,7,movies,movies,movies->movies,0.680775213896811,0.7456909845832876,0.6186282100916247,0.0,target_question,,,,,,,,,,,,,,133,116,1000,249,249
Exp2B,olmo3_7b_it,7,math,movies,math->movies,,,,,target_question,0.05185377236193939,0.16496877650142622,-0.0595360657860658,0.183,0.5481591910811512,0.6191650796860283,0.48008429824231363,0.108,249,0.4963054187192118,0.5703607060558845,0.42376975108899795,0.543,133,116,1000,249,
Exp2B,olmo3_7b_it,7,movies,math,movies->math,,,,,target_question,0.188478941872607,0.30919215200640854,0.06340785216138073,0.001,0.597067525234946,0.6602112712643848,0.529275515445007,0.001,325,0.408588583362339,0.474422110466631,0.3438154823539014,0.998,104,221,1000,318,
Exp1,olmo3_7b_it,8,math,movies,math->movies,0.5320845216489499,0.6009279524780492,0.4636991622389901,0.181,target_question,,,,,,,,,,,,,,133,116,1000,249,249
Exp1,olmo3_7b_it,8,movies,math,movies->math,0.573746954403063,0.6346822415352869,0.5111979534340158,0.01,target_question,,,,,,,,,,,,,,104,221,1000,318,325
Exp1,olmo3_7b_it,8,math,math,math->math,0.6798642533936652,0.736994610170902,0.617531615459704,0.0,target_question,,,,,,,,,,,,,,104,221,1000,318,325
Exp1,olmo3_7b_it,8,movies,movies,movies->movies,0.6676173191599689,0.7332861677382541,0.6028293785462903,0.0,target_question,,,,,,,,,,,,,,133,116,1000,249,249
Exp2B,olmo3_7b_it,8,math,movies,math->movies,,,,,target_question,0.04789992221934147,0.15735091490376002,-0.058926427121056724,0.202,0.5344179414052372,0.6139672649793388,0.4641992619164363,0.183,249,0.48651801918589577,0.5592495887011322,0.41322416432297676,0.658,133,116,1000,249,
Exp2B,olmo3_7b_it,8,movies,math,movies->math,,,,,target_question,0.14631917855899756,0.2676170504689836,0.02728480840280405,0.009,0.5732248520710059,0.6333121878343371,0.5076882640812558,0.012,325,0.42690567351200837,0.49158541448859966,0.36351144953358633,0.98,104,221,1000,318,
Exp1,olmo3_7b_it,9,math,movies,math->movies,0.6365050557428052,0.7075224772528997,0.5708245828367733,0.0,target_question,,,,,,,,,,,,,,133,116,1000,249,249
Exp1,olmo3_7b_it,9,movies,math,movies->math,0.5676992690567351,0.6328871290098668,0.5071906780880253,0.017,target_question,,,,,,,,,,,,,,104,221,1000,318,325
Exp1,olmo3_7b_it,9,math,math,math->math,0.6835624782457361,0.7412273246699991,0.6254793662237786,0.0,target_question,,,,,,,,,,,,,,104,221,1000,318,325
Exp1,olmo3_7b_it,9,movies,movies,movies->movies,0.6980165932071558,0.7654544327758273,0.6322347888947331,0.0,target_question,,,,,,,,,,,,,,133,116,1000,249,249
Exp2B,olmo3_7b_it,9,math,movies,math->movies,,,,,target_question,0.23165672802696402,0.34766006537835425,0.11607199605729603,0.0,0.6310604096448017,0.7001523815099484,0.5553461405352625,0.001,249,0.3994036816178377,0.46933639578812386,0.32860495985495985,0.997,133,116,1000,249,
Exp2B,olmo3_7b_it,9,movies,math,movies->math,,,,,target_question,0.12808910546467106,0.24013347041786912,0.003845664854150136,0.022,0.5730508179603202,0.632198166637789,0.508583477758006,0.015,325,0.44496171249564914,0.5080531011971147,0.3860550369243738,0.941,104,221,1000,318,
Exp1,olmo3_7b_it,10,math,movies,math->movies,0.6737101374124967,0.7344714760525065,0.6087244897959183,0.0,target_question,,,,,,,,,,,,,,133,116,1000,249,249
Exp1,olmo3_7b_it,10,movies,math,movies->math,0.556909154194222,0.6228936187057267,0.49393857128232127,0.047,target_question,,,,,,,,,,,,,,104,221,1000,318,325
Exp1,olmo3_7b_it,10,math,math,math->math,0.6943525931082493,0.750318476020319,0.6397056220718376,0.0,target_question,,,,,,,,,,,,,,104,221,1000,318,325
Exp1,olmo3_7b_it,10,movies,movies,movies->movies,0.7302955665024631,0.7917132497981122,0.6610072142387098,0.0,target_question,,,,,,,,,,,,,,133,116,1000,249,249
Exp2B,olmo3_7b_it,10,math,movies,math->movies,,,,,target_question,0.28830697433238267,0.40098187157656817,0.17489977541986154,0.0,0.6548483277158413,0.7207213063032655,0.5852524937286135,0.0,249,0.36654135338345867,0.43719421002029696,0.30075199697663185,0.999,133,116,1000,249,
Exp2B,olmo3_7b_it,10,movies,math,movies->math,,,,,target_question,0.10907587887225895,0.2299862966589377,-0.02090316551141669,0.049,0.5689610163592064,0.6307703986834421,0.5043962645800881,0.017,325,0.4598851374869474,0.5281827666326241,0.39801180157430155,0.894,104,221,1000,318,
Exp1,olmo3_7b_it,11,math,movies,math->movies,0.7527223230490018,0.8166712634620436,0.692268154852087,0.0,target_question,,,,,,,,,,,,,,133,116,1000,249,249
Exp1,olmo3_7b_it,11,movies,math,movies->math,0.5314566655064392,0.5855843127093777,0.4676489843788902,0.151,target_question,,,,,,,,,,,,,,104,221,1000,318,325
Exp1,olmo3_7b_it,11,math,math,math->math,0.7084928646014619,0.766286272757203,0.6482674354956963,0.0,target_question,,,,,,,,,,,,,,104,221,1000,318,325
Exp1,olmo3_7b_it,11,movies,movies,movies->movies,0.7645838734767955,0.8285219305583273,0.6996106902356902,0.0,target_question,,,,,,,,,,,,,,133,116,1000,249,249
Exp2B,olmo3_7b_it,11,math,movies,math->movies,,,,,target_question,0.43848846253564944,0.5439108926627698,0.33393279305507906,0.0,0.7268602540834845,0.7865691141068849,0.657814304146284,0.0,249,0.2883717915478351,0.34839415641552884,0.2252441979809492,1.0,133,116,1000,249,
Exp2B,olmo3_7b_it,11,movies,math,movies->math,,,,,target_question,0.0562130177514793,0.17927539983853363,-0.05909989461917564,0.184,0.5466411416637661,0.6095093033661994,0.4854164887034154,0.069,325,0.4904281239122868,0.5495550237737739,0.4288551978556459,0.62,104,221,1000,318,
Exp1,olmo3_7b_it,12,math,movies,math->movies,0.7986777288047705,0.8519386894613754,0.7437144945697577,0.0,target_question,,,,,,,,,,,,,,133,116,1000,249,249
Exp1,olmo3_7b_it,12,movies,math,movies->math,0.5758788722589627,0.6333101747617876,0.5147455644727335,0.008,target_question,,,,,,,,,,,,,,104,221,1000,318,325
Exp1,olmo3_7b_it,12,math,math,math->math,0.7407326836059868,0.7950598979801247,0.6877975762754203,0.0,target_question,,,,,,,,,,,,,,104,221,1000,318,325
Exp1,olmo3_7b_it,12,movies,movies,movies->movies,0.7818900700025927,0.8401067500110064,0.7232813191646752,0.0,target_question,,,,,,,,,,,,,,133,116,1000,249,249
Exp2B,olmo3_7b_it,12,math,movies,math->movies,,,,,target_question,0.5202877884366087,0.6175094930760868,0.41688676331661945,0.0,0.7836401348198081,0.8380741646112285,0.7280835942921502,0.0,249,0.2633523463831994,0.3250171059190847,0.2029607053055861,1.0,133,116,1000,249,
Exp2B,olmo3_7b_it,12,movies,math,movies->math,,,,,target_question,0.14014096762965544,0.25899402455130005,0.01182462942016916,0.017,0.6015053950574313,0.6611504136975769,0.5337680331846998,0.0,325,0.46136442742777584,0.5257535121466982,0.39857144496271585,0.891,104,221,1000,318,
Exp1,olmo3_7b_it,13,math,movies,math->movies,0.8492351568576614,0.8961595133516523,0.7984108834321241,0.0,target_question,,,,,,,,,,,,,,133,116,1000,249,249
Exp1,olmo3_7b_it,13,movies,math,movies->math,0.7071441002436477,0.769485041350174,0.6506128800166937,0.0,target_question,,,,,,,,,,,,,,104,221,1000,318,325
Exp1,olmo3_7b_it,13,math,math,math->math,0.7944657152801949,0.8415130621300764,0.7430921826183357,0.0,target_question,,,,,,,,,,,,,,104,221,1000,318,325
Exp1,olmo3_7b_it,13,movies,movies,movies->movies,0.793233082706767,0.8480027556745412,0.7317612776428172,0.0,target_question,,,,,,,,,,,,,,133,116,1000,249,249
Exp2B,olmo3_7b_it,13,math,movies,math->movies,,,,,target_question,0.6271713767176562,0.726183406141732,0.5207142376946146,0.0,0.849624060150376,0.8971303942365014,0.7998635383356884,0.0,249,0.22245268343271973,0.2870107342065984,0.16501673343756107,1.0,133,116,1000,249,
Exp2B,olmo3_7b_it,13,movies,math,movies->math,,,,,target_question,0.3508962756700313,0.4597882996249104,0.2375961859620304,0.0,0.7463452836756004,0.7999937773627032,0.6886767843219469,0.0,325,0.3954490080055691,0.4616755474253322,0.3365594685864541,0.999,104,221,1000,318,
Exp1,olmo3_7b_it,14,math,movies,math->movies,0.8474202748249935,0.8901194657300979,0.7944946848768565,0.0,target_question,,,,,,,,,,,,,,133,116,1000,249,249
Exp1,olmo3_7b_it,14,movies,math,movies->math,0.6605899756352245,0.7195053231016412,0.5972258107126345,0.0,target_question,,,,,,,,,,,,,,104,221,1000,318,325
Exp1,olmo3_7b_it,14,math,math,math->math,0.7910285415941525,0.8366573002353115,0.7415156584120853,0.0,target_question,,,,,,,,,,,,,,104,221,1000,318,325
Exp1,olmo3_7b_it,14,movies,movies,movies->movies,0.7906403940886699,0.8472800900834971,0.7275684012037874,0.0,target_question,,,,,,,,,,,,,,133,116,1000,249,249
Exp2B,olmo3_7b_it,14,math,movies,math->movies,,,,,target_question,0.6233471610059632,0.7095008246649434,0.5267163007886527,0.0,0.8557816956183563,0.8964311308248262,0.8108699018980231,0.0,249,0.23243453461239305,0.2903444007940708,0.17498540784723368,1.0,133,116,1000,249,
Exp2B,olmo3_7b_it,14,movies,math,movies->math,,,,,target_question,0.24899930386355723,0.36631551564927556,0.14640113131708993,0.0,0.7200226244343891,0.7759722878674491,0.6631127365791718,0.0,325,0.4710233205708319,0.5306960942244814,0.4056461302951616,0.839,104,221,1000,318,
Exp1,olmo3_7b_it,15,math,movies,math->movies,0.8469665543168265,0.8928636260327014,0.8005179018613037,0.0,target_question,,,,,,,,,,,,,,133,116,1000,249,249
Exp1,olmo3_7b_it,15,movies,math,movies->math,0.6155151409676296,0.677846001594548,0.5545942584154777,0.0,target_question,,,,,,,,,,,,,,104,221,1000,318,325
Exp1,olmo3_7b_it,15,math,math,math->math,0.7939871214758093,0.8392864791547687,0.741409239556995,0.0,target_question,,,,,,,,,,,,,,104,221,1000,318,325
Exp1,olmo3_7b_it,15,movies,movies,movies->movies,0.7975110189266269,0.850827532251914,0.7379857836222469,0.0,target_question,,,,,,,,,,,,,,133,116,1000,249,249
Exp2B,olmo3_7b_it,15,math,movies,math->movies,,,,,target_question,0.610318900700026,0.7124140171164345,0.5163202434985363,0.0,0.8518278454757584,0.8968321018677469,0.8060266365676035,0.0,249,0.24150894477573243,0.30113667534060107,0.17896772135886743,1.0,133,116,1000,249,
Exp2B,olmo3_7b_it,15,movies,math,movies->math,,,,,target_question,0.17090149669335186,0.2869892413487134,0.05728779480571519,0.001,0.6784284719805082,0.7375805675510361,0.6180959058404711,0.0,325,0.5075269752871563,0.5694420469113809,0.4429307048057048,0.395,104,221,1000,318,
Exp1,olmo3_7b_it,16,math,movies,math->movies,0.8784029038112523,0.9176968087676619,0.8328988193188136,0.0,target_question,,,,,,,,,,,,,,133,116,1000,249,249
Exp1,olmo3_7b_it,16,movies,math,movies->math,0.649234249912983,0.7093452032106896,0.5860109826619727,0.0,target_question,,,,,,,,,,,,,,104,221,1000,318,325
Exp1,olmo3_7b_it,16,math,math,math->math,0.8203097807170205,0.863407452032012,0.7735665469138393,0.0,target_question,,,,,,,,,,,,,,104,221,1000,318,325
Exp1,olmo3_7b_it,16,movies,movies,movies->movies,0.8209100337049521,0.8765721048876672,0.7641076959251634,0.0,target_question,,,,,,,,,,,,,,133,116,1000,249,249
Exp2B,olmo3_7b_it,16,math,movies,math->movies,,,,,target_question,0.679543686803215,0.7704612549626897,0.5952993915371463,0.0,0.8959683691988592,0.9323523089321973,0.860138634888797,0.0,249,0.21642468239564427,0.2718983985551737,0.1596171748484997,1.0,133,116,1000,249,
Exp2B,olmo3_7b_it,16,movies,math,movies->math,,,,,target_question,0.20044378698224852,0.3194650289215528,0.0876952506894525,0.0,0.7131917855899756,0.7709023823732718,0.652854658565669,0.0,325,0.5127479986077271,0.5756537881994944,0.44778121015985095,0.354,104,221,1000,318,
Exp1,olmo3_7b_it,17,math,movies,math->movies,0.9165802437127301,0.9457229873904144,0.8819696214577032,0.0,target_question,,,,,,,,,,,,,,133,116,1000,249,249
Exp1,olmo3_7b_it,17,movies,math,movies->math,0.6875652627915071,0.7471911296932148,0.6223050562995414,0.0,target_question,,,,,,,,,,,,,,104,221,1000,318,325
Exp1,olmo3_7b_it,17,math,math,math->math,0.8572920292377306,0.8959032988691378,0.8153733488971832,0.0,target_question,,,,,,,,,,,,,,104,221,1000,318,325
Exp1,olmo3_7b_it,17,movies,movies,movies->movies,0.8281047446201711,0.8802440489432702,0.772219063188062,0.0,target_question,,,,,,,,,,,,,,133,116,1000,249,249
Exp2B,olmo3_7b_it,17,math,movies,math->movies,,,,,target_question,0.7536297640653358,0.8225712250071809,0.6810647316746226,0.0,0.9351827845475759,0.9611204162321864,0.9050255871260809,0.0,249,0.1815530204822401,0.23927319922128487,0.1321947576645961,1.0,133,116,1000,249,
Exp2B,olmo3_7b_it,17,movies,math,movies->math,,,,,target_question,0.2703184824225548,0.3817376273653566,0.15743426592265228,0.0,0.7474765053950574,0.8037139084591023,0.6894908771904663,0.0,325,0.4771580229725026,0.5413574840384981,0.4129787581699346,0.732,104,221,1000,318,
Exp1,olmo3_7b_it,18,math,movies,math->movies,0.9520352605652062,0.9747128891980918,0.9239453805856185,0.0,target_question,,,,,,,,,,,,,,133,116,1000,249,249
Exp1,olmo3_7b_it,18,movies,math,movies->math,0.7414288200487296,0.7988425299017327,0.6805669509782749,0.0,target_question,,,,,,,,,,,,,,104,221,1000,318,325
Exp1,olmo3_7b_it,18,math,math,math->math,0.8994953010790114,0.929266223875962,0.8639415787237709,0.0,target_question,,,,,,,,,,,,,,104,221,1000,318,325
Exp1,olmo3_7b_it,18,movies,movies,movies->movies,0.8387347679543686,0.8911643681562592,0.784826287384239,0.0,target_question,,,,,,,,,,,,,,133,116,1000,249,249
Exp2B,olmo3_7b_it,18,math,movies,math->movies,,,,,target_question,0.8113170858179932,0.8752283077971005,0.7482387394819336,0.0,0.9600725952813067,0.9798997684968909,0.9364334877197398,0.0,249,0.14875550946331345,0.19739302748799967,0.10092049267424737,1.0,133,116,1000,249,
Exp2B,olmo3_7b_it,18,movies,math,movies->math,,,,,target_question,0.355682213713888,0.4610647957740751,0.24650422124594493,0.0,0.8032109293421511,0.8513385467469916,0.7532171376955243,0.0,325,0.44752871562826313,0.5125846967574909,0.38129824032176973,0.941,104,221,1000,318,
Exp1,olmo3_7b_it,19,math,movies,math->movies,0.952164894996111,0.9739699289519433,0.9271406939422174,0.0,target_question,,,,,,,,,,,,,,133,116,1000,249,249
Exp1,olmo3_7b_it,19,movies,math,movies->math,0.7546554124608423,0.8073705927715216,0.6979124446477488,0.0,target_question,,,,,,,,,,,,,,104,221,1000,318,325
Exp1,olmo3_7b_it,19,math,math,math->math,0.9046728158719108,0.9353490230028185,0.8717848465655246,0.0,target_question,,,,,,,,,,,,,,104,221,1000,318,325
Exp1,olmo3_7b_it,19,movies,movies,movies->movies,0.8382810474462017,0.886506781201087,0.7827895459884242,0.0,target_question,,,,,,,,,,,,,,133,116,1000,249,249
Exp2B,olmo3_7b_it,19,math,movies,math->movies,,,,,target_question,0.8114467202488981,0.8693901584526584,0.7495667081747549,0.0,0.961952294529427,0.9804289048854266,0.9411360575486954,0.0,249,0.1505055742805289,0.20054689801913778,0.10393341952165482,1.0,133,116,1000,249,
Exp2B,olmo3_7b_it,19,movies,math,movies->math,,,,,target_question,0.37904629307344245,0.48276671348729583,0.2675872644028718,0.0,0.8159154194222068,0.8652000315480748,0.7639395639942778,0.0,325,0.43686912634876435,0.505281974414416,0.3751871302826893,0.961,104,221,1000,318,
Exp1,olmo3_7b_it,20,math,movies,math->movies,0.9496370235934665,0.9732225340823254,0.923566388568775,0.0,target_question,,,,,,,,,,,,,,133,116,1000,249,249
Exp1,olmo3_7b_it,20,movies,math,movies->math,0.7740602158022972,0.8240161270898119,0.7216320563482763,0.0,target_question,,,,,,,,,,,,,,104,221,1000,318,325
Exp1,olmo3_7b_it,20,math,math,math->math,0.9048468499825966,0.934898194963586,0.8728997330704117,0.0,target_question,,,,,,,,,,,,,,104,221,1000,318,325
Exp1,olmo3_7b_it,20,movies,movies,movies->movies,0.8340679284417941,0.8819058654645243,0.7821410493325901,0.0,target_question,,,,,,,,,,,,,,133,116,1000,249,249
Exp2B,olmo3_7b_it,20,math,movies,math->movies,,,,,target_question,0.807298418459943,0.8683250317156872,0.7382129032651685,0.0,0.9585169821104486,0.9765883434901128,0.9343775679488086,0.0,249,0.15121856365050557,0.20297183180686096,0.10216204218022609,1.0,133,116,1000,249,
Exp2B,olmo3_7b_it,20,movies,math,movies->math,,,,,target_question,0.43286634180299344,0.5334898721820567,0.33297231922993914,0.0,0.8286199095022625,0.877785538365869,0.7811246701139314,0.0,325,0.39575356769926906,0.45624439793141613,0.3341191697845573,0.999,104,221,1000,318,
Exp1,olmo3_7b_it,21,math,movies,math->movies,0.955989110707804,0.9766601603707908,0.9307152577506007,0.0,target_question,,,,,,,,,,,,,,133,116,1000,249,249
Exp1,olmo3_7b_it,21,movies,math,movies->math,0.7530455969369997,0.8064780926760093,0.6939513962260004,0.0,target_question,,,,,,,,,,,,,,104,221,1000,318,325
Exp1,olmo3_7b_it,21,math,math,math->math,0.9017577445179256,0.9335545749020546,0.8686625874125875,0.0,target_question,,,,,,,,,,,,,,104,221,1000,318,325
Exp1,olmo3_7b_it,21,movies,movies,movies->movies,0.8382810474462017,0.8868322421557117,0.7836972321792492,0.0,target_question,,,,,,,,,,,,,,133,116,1000,249,249
Exp2B,olmo3_7b_it,21,math,movies,math->movies,,,,,target_question,0.840614467202489,0.8958988277266349,0.7763678057044802,0.0,0.9653876069484055,0.9824637772708136,0.9446258453937674,0.0,249,0.12477313974591651,0.1728653543187232,0.08274704784879203,1.0,133,116,1000,249,
Exp2B,olmo3_7b_it,21,movies,math,movies->math,,,,,target_question,0.37782805429864247,0.47933001330256414,0.2757862095681409,0.0,0.8096501914375217,0.8579196503891261,0.7606262377305112,0.0,325,0.43182213713887924,0.49194517421077566,0.37171741668995073,0.985,104,221,1000,318,
Exp1,olmo3_7b_it,22,math,movies,math->movies,0.9552113041223749,0.9759293920227184,0.930403773338556,0.0,target_question,,,,,,,,,,,,,,133,116,1000,249,249
Exp1,olmo3_7b_it,22,movies,math,movies->math,0.7627915071353986,0.8162471986644969,0.7072602563889459,0.0,target_question,,,,,,,,,,,,,,104,221,1000,318,325
Exp1,olmo3_7b_it,22,math,math,math->math,0.8830490776192134,0.9144998039006397,0.8428122852258909,0.0,target_question,,,,,,,,,,,,,,104,221,1000,318,325
Exp1,olmo3_7b_it,22,movies,movies,movies->movies,0.8338086595799844,0.8857787501859797,0.7819521141790049,0.0,target_question,,,,,,,,,,,,,,133,116,1000,249,249
Exp2B,olmo3_7b_it,22,math,movies,math->movies,,,,,target_question,0.8463183821623024,0.9005291552833921,0.7813872770022673,0.0,0.9648042520093337,0.9812259968340892,0.9428612267872108,0.0,249,0.11848586984703137,0.1688686575479028,0.07837276840303253,1.0,133,116,1000,249,
Exp2B,olmo3_7b_it,22,movies,math,movies->math,,,,,target_question,0.4243821789070658,0.5293671272891449,0.31345811820127045,0.0,0.8071702053602506,0.8530709856489077,0.7525552814327485,0.0,325,0.3827880264531848,0.4460620685058934,0.32388775218880855,1.0,104,221,1000,318,
Exp1,olmo3_7b_it,23,math,movies,math->movies,0.9607855846512834,0.9794934508534223,0.9383460919315282,0.0,target_question,,,,,,,,,,,,,,133,116,1000,249,249
Exp1,olmo3_7b_it,23,movies,math,movies->math,0.7738861816916116,0.827846956964604,0.7253500043077453,0.0,target_question,,,,,,,,,,,,,,104,221,1000,318,325
Exp1,olmo3_7b_it,23,math,math,math->math,0.9048033414549251,0.9367794811310174,0.8690187287271722,0.0,target_question,,,,,,,,,,,,,,104,221,1000,318,325
Exp1,olmo3_7b_it,23,movies,movies,movies->movies,0.8386699507389163,0.8886541227931782,0.7865416636635915,0.0,target_question,,,,,,,,,,,,,,133,116,1000,249,249
Exp2B,olmo3_7b_it,23,math,movies,math->movies,,,,,target_question,0.862004148301789,0.911287491162834,0.803579712163631,0.0,0.9677858439201452,0.9833018738209977,0.9471168063962995,0.0,249,0.10578169561835624,0.15057483735873897,0.06669368346526226,1.0,133,116,1000,249,
Exp2B,olmo3_7b_it,23,movies,math,movies->math,,,,,target_question,0.41881308736512357,0.5173241380512276,0.3048960195193198,0.0,0.8243560737904629,0.8698927474516223,0.7708073904294542,0.0,325,0.40554298642533937,0.4711020942206422,0.3451342331392075,0.998,104,221,1000,318,
Exp1,olmo3_7b_it,24,math,movies,math->movies,0.9591651542649727,0.9793557868633825,0.9344779810319185,0.0,target_question,,,,,,,,,,,,,,133,116,1000,249,249
Exp1,olmo3_7b_it,24,movies,math,movies->math,0.7581796032022277,0.8150301585046883,0.7018997711367131,0.0,target_question,,,,,,,,,,,,,,104,221,1000,318,325
Exp1,olmo3_7b_it,24,math,math,math->math,0.9035415941524538,0.9346057912844037,0.8661174372488428,0.0,target_question,,,,,,,,,,,,,,104,221,1000,318,325
Exp1,olmo3_7b_it,24,movies,movies,movies->movies,0.8358179932590096,0.8862037050482126,0.7805953926022063,0.0,target_question,,,,,,,,,,,,,,133,116,1000,249,249
Exp2B,olmo3_7b_it,24,math,movies,math->movies,,,,,target_question,0.8599299974073114,0.910437626026315,0.8059499672988881,0.0,0.9668784029038112,0.9831567107860211,0.9468751275652334,0.0,249,0.10694840549649987,0.1490504508795305,0.06754856063126094,1.0,133,116,1000,249,
Exp2B,olmo3_7b_it,24,movies,math,movies->math,,,,,target_question,0.37956839540549947,0.48095660095129095,0.2749573115931504,0.0,0.8122171945701357,0.8587861086097688,0.76202332123831,0.0,325,0.4326487991646363,0.4939204157877339,0.3737174010200326,0.981,104,221,1000,318,
Exp1,olmo3_7b_it,25,math,movies,math->movies,0.9544334975369458,0.9754374689453993,0.9271454269816931,0.0,target_question,,,,,,,,,,,,,,133,116,1000,249,249
Exp1,olmo3_7b_it,25,movies,math,movies->math,0.7484336930038288,0.8043919649092118,0.6927997998829009,0.0,target_question,,,,,,,,,,,,,,104,221,1000,318,325
Exp1,olmo3_7b_it,25,math,math,math->math,0.8959276018099548,0.9287340283667047,0.8556637137883224,0.0,target_question,,,,,,,,,,,,,,104,221,1000,318,325
Exp1,olmo3_7b_it,25,movies,movies,movies->movies,0.8422348975887995,0.8907066248619006,0.7849611044795687,0.0,target_question,,,,,,,,,,,,,,133,116,1000,249,249
Exp2B,olmo3_7b_it,25,math,movies,math->movies,,,,,target_question,0.8570780399274047,0.9090889132187522,0.7975742577419176,0.0,0.9641560798548094,0.982309616178243,0.943458697865438,0.0,249,0.10707803992740472,0.1478286834265095,0.06858324919114933,1.0,133,116,1000,249,
Exp2B,olmo3_7b_it,25,movies,math,movies->math,,,,,target_question,0.36912634876435785,0.476768458790538,0.25845707652869043,0.0,0.7957274625826662,0.8469578522198353,0.7452728569545147,0.0,325,0.4266011138183084,0.4931280423829667,0.3644946126102172,0.982,104,221,1000,318,
Exp1,olmo3_7b_it,26,math,movies,math->movies,0.9565076484314234,0.9772661102044516,0.9330057956605945,0.0,target_question,,,,,,,,,,,,,,133,116,1000,249,249
Exp1,olmo3_7b_it,26,movies,math,movies->math,0.7603985381134702,0.8111153571795784,0.7043116529532283,0.0,target_question,,,,,,,,,,,,,,104,221,1000,318,325
Exp1,olmo3_7b_it,26,math,math,math->math,0.8956230421162548,0.9290222340159301,0.859094896573003,0.0,target_question,,,,,,,,,,,,,,104,221,1000,318,325
Exp1,olmo3_7b_it,26,movies,movies,movies->movies,0.8411330049261084,0.8895519679814192,0.7830685840937639,0.0,target_question,,,,,,,,,,,,,,133,116,1000,249,249
Exp2B,olmo3_7b_it,26,math,movies,math->movies,,,,,target_question,0.866152450090744,0.9171154660073064,0.8050424054117138,0.0,0.9646098003629764,0.9817268354279775,0.943715853930804,0.0,249,0.0984573502722323,0.14318794851729133,0.06053453030701597,1.0,133,116,1000,249,
Exp2B,olmo3_7b_it,26,movies,math,movies->math,,,,,target_question,0.3830925861468848,0.49457378239393157,0.27728747753182853,0.0,0.8041681169509224,0.8535597563264518,0.7511474002147376,0.0,325,0.4210755308040376,0.48216603895344834,0.3535541621633077,0.994,104,221,1000,318,
Exp1,olmo3_7b_it,27,math,movies,math->movies,0.9519056261343013,0.9750539485473005,0.9270091693831876,0.0,target_question,,,,,,,,,,,,,,133,116,1000,249,249
Exp1,olmo3_7b_it,27,movies,math,movies->math,0.7732770623042117,0.8224917653122037,0.7184548018892679,0.0,target_question,,,,,,,,,,,,,,104,221,1000,318,325
Exp1,olmo3_7b_it,27,math,math,math->math,0.9007135398538113,0.9309537444272428,0.8654546235858284,0.0,target_question,,,,,,,,,,,,,,104,221,1000,318,325
Exp1,olmo3_7b_it,27,movies,movies,movies->movies,0.8421052631578947,0.8910951935545299,0.7855461876832845,0.0,target_question,,,,,,,,,,,,,,133,116,1000,249,249
Exp2B,olmo3_7b_it,27,math,movies,math->movies,,,,,target_question,0.862911589318123,0.9158644374266973,0.7994138166269474,0.0,0.9592299714804252,0.9785739641151414,0.9357534872211739,0.0,249,0.0963183821623023,0.14032969966629588,0.060154856574277916,1.0,133,116,1000,249,
Exp2B,olmo3_7b_it,27,movies,math,movies->math,,,,,target_question,0.42851548903585107,0.5314944585092376,0.32272405975593293,0.0,0.8153498085624783,0.8620431764930253,0.7677690093826394,0.0,325,0.3868343195266272,0.44680448197067624,0.3267710606480637,0.999,104,221,1000,318,
Exp1,olmo3_7b_it,28,math,movies,math->movies,0.9485999481462276,0.9717837432703242,0.9223516576920154,0.0,target_question,,,,,,,,,,,,,,133,116,1000,249,249
Exp1,olmo3_7b_it,28,movies,math,movies->math,0.7719718064740689,0.8192298995097641,0.7135138424559033,0.0,target_question,,,,,,,,,,,,,,104,221,1000,318,325
Exp1,olmo3_7b_it,28,math,math,math->math,0.9032370344587539,0.9337089565703364,0.8682641565401524,0.0,target_question,,,,,,,,,,,,,,104,221,1000,318,325
Exp1,olmo3_7b_it,28,movies,movies,movies->movies,0.842753435312419,0.8920275984174562,0.7903180763756763,0.0,target_question,,,,,,,,,,,,,,133,116,1000,249,249
Exp2B,olmo3_7b_it,28,math,movies,math->movies,,,,,target_question,0.8574021260046668,0.9147443018915178,0.7985528924553315,0.0,0.9557298418459943,0.9771896213436775,0.9329681452149179,0.0,249,0.09832771584132746,0.139964147299358,0.058486201692723436,1.0,133,116,1000,249,
Exp2B,olmo3_7b_it,28,movies,math,movies->math,,,,,target_question,0.42864601461886526,0.5281895189005569,0.32025261354788764,0.0,0.8120866689871215,0.8577784441744222,0.7606790834613415,0.0,325,0.3834406543682562,0.44666165308683786,0.3233187191712116,1.0,104,221,1000,318,
Exp1,olmo3_7b_it,29,math,movies,math->movies,0.9438682914182007,0.9707711044601289,0.9146584263689527,0.0,target_question,,,,,,,,,,,,,,133,116,1000,249,249
Exp1,olmo3_7b_it,29,movies,math,movies->math,0.7464758092586147,0.7980528279262266,0.6862138810791989,0.0,target_question,,,,,,,,,,,,,,104,221,1000,318,325
Exp1,olmo3_7b_it,29,math,math,math->math,0.9049338670379394,0.9362871206159084,0.8721101512079983,0.0,target_question,,,,,,,,,,,,,,104,221,1000,318,325
Exp1,olmo3_7b_it,29,movies,movies,movies->movies,0.8375032408607727,0.8891028195154562,0.7831119657759406,0.0,target_question,,,,,,,,,,,,,,133,116,1000,249,249
Exp2B,olmo3_7b_it,29,math,movies,math->movies,,,,,target_question,0.8446331345605393,0.9039022969115982,0.7734779564899247,0.0,0.9511926367643246,0.9744210827048525,0.9215944049467566,0.0,249,0.10655950220378532,0.15321544663964876,0.06701730178915685,1.0,133,116,1000,249,
Exp2B,olmo3_7b_it,29,movies,math,movies->math,,,,,target_question,0.36834319526627224,0.4765744914036065,0.2581852937019999,0.0,0.7973807866341803,0.8461217006620944,0.743455963560872,0.0,325,0.4290375913679081,0.49542267752627805,0.36401258737990116,0.985,104,221,1000,318,
Exp1,olmo3_7b_it,30,math,movies,math->movies,0.9441923774954628,0.9698501097069558,0.9141586287799792,0.0,target_question,,,,,,,,,,,,,,133,116,1000,249,249
Exp1,olmo3_7b_it,30,movies,math,movies->math,0.6803863557257223,0.7416709744119927,0.6217138017711688,0.0,target_question,,,,,,,,,,,,,,104,221,1000,318,325
Exp1,olmo3_7b_it,30,math,math,math->math,0.9041507135398538,0.9340937091349946,0.8727987565759928,0.0,target_question,,,,,,,,,,,,,,104,221,1000,318,325
Exp1,olmo3_7b_it,30,movies,movies,movies->movies,0.8365309826289863,0.8894038526263218,0.7760827037236914,0.0,target_question,,,,,,,,,,,,,,133,116,1000,249,249
Exp2B,olmo3_7b_it,30,math,movies,math->movies,,,,,target_question,0.8340679284417942,0.8962436031718702,0.7651797718988373,0.0,0.9539797770287789,0.9776759890539608,0.9269252369211927,0.0,249,0.1199118485869847,0.1677441991197143,0.07693141298328836,1.0,133,116,1000,249,
Exp2B,olmo3_7b_it,30,movies,math,movies->math,,,,,target_question,0.244343891402715,0.35800494896152935,0.1288628949669168,0.0,0.7255046989209886,0.7807219390163315,0.6653441665182728,0.0,325,0.48116080751827356,0.5453439034115837,0.41380387325280565,0.722,104,221,1000,318,
Exp1,olmo3_7b_it,31,math,movies,math->movies,0.941016333938294,0.9687549538532848,0.9105139465560854,0.0,target_question,,,,,,,,,,,,,,133,116,1000,249,249
Exp1,olmo3_7b_it,31,movies,math,movies->math,0.5274103724329968,0.5941159956805688,0.459359477124183,0.202,target_question,,,,,,,,,,,,,,104,221,1000,318,325
Exp1,olmo3_7b_it,31,math,math,math->math,0.9087191089453532,0.9393394086937205,0.875041271068914,0.0,target_question,,,,,,,,,,,,,,104,221,1000,318,325
Exp1,olmo3_7b_it,31,movies,movies,movies->movies,0.8191599688877366,0.872289657703013,0.7566355697910407,0.0,target_question,,,,,,,,,,,,,,133,116,1000,249,249
Exp2B,olmo3_7b_it,31,math,movies,math->movies,,,,,target_question,0.7809178117708063,0.8384674791449427,0.7196258365993369,0.0,0.9076354679802956,0.9405707318999147,0.8718411565238207,0.0,249,0.12671765620948924,0.17322117995348646,0.08380699939213772,1.0,133,116,1000,249,
Exp2B,olmo3_7b_it,31,movies,math,movies->math,,,,,target_question,-0.05551688130873644,0.059023786949426976,-0.17834619841757265,0.825,0.582057083188305,0.6463784102484984,0.5177942163074323,0.011,325,0.6375739644970414,0.6997850898127377,0.5778283836845781,0.0,104,221,1000,318,
