experiment,model,layer,source,target,direction,delta_auc,delta_auc_ci_high,delta_auc_ci_low,delta_auc_p,delta_n_boot_valid,meta_gt_auc,meta_gt_auc_ci_high,meta_gt_auc_ci_low,meta_gt_auc_p,meta_gt_n_boot_valid,meta_mj_auc,meta_mj_auc_ci_high,meta_mj_auc_ci_low,meta_mj_auc_p,meta_mj_n_boot_valid,model_label,n_B,n_C,n_questions,sample_size,source_empty_quadrants,source_label,target_label,truth_gt_auc,truth_gt_auc_ci_high,truth_gt_auc_ci_low,truth_gt_auc_p,truth_gt_n_boot_valid,truth_mj_auc,truth_mj_auc_ci_high,truth_mj_auc_ci_low,truth_mj_auc_p,truth_mj_n_boot_valid
OOD,qwen25_7b,0,math,mmlu,math->mmlu,0.013581730769230749,0.10687328638679802,-0.07153467283867793,0.368,1000,0.4932692307692308,0.5971931226412334,0.38605077214452216,0.574,1000,0.5067307692307692,0.6094297623694342,0.4132704584917842,0.434,1000,Qwen2.5-7B,260,32,280,292,,Math source,MMLU,0.49314903846153846,0.5940268635971497,0.3900929629196728,0.566,1000,0.5068509615384615,0.5957528090173166,0.40999586454563985,0.466,1000
OOD,qwen25_7b,0,math,truthfulqa_binary,math->truthfulqa_binary,-0.008278704328545272,0.11591457026954737,-0.12297876037055015,0.565,1000,0.4599922876699123,0.5295191969503725,0.3887949002358135,0.867,1000,0.5400077123300877,0.6103696249333268,0.4749366586121236,0.136,1000,Qwen2.5-7B,506,82,535,588,,Math source,TruthfulQA,0.548286416658633,0.6168044385321911,0.47872594430801474,0.085,1000,0.451713583341367,0.5163130331806594,0.38840468613417833,0.922,1000
OOD,qwen25_7b,0,movies,mmlu,movies->mmlu,0.007932692307692224,0.08534637455820096,-0.05871374865735768,0.409,1000,0.4387019230769231,0.547649325306768,0.33321301982401125,0.866,1000,0.5612980769230769,0.6743819343430022,0.44081312093707836,0.137,1000,Qwen2.5-7B,260,32,280,292,,Movies source,MMLU,0.5533653846153846,0.6644144470749536,0.43605735032479964,0.175,1000,0.4466346153846154,0.5616502353793229,0.33767868450174887,0.791,1000
OOD,qwen25_7b,0,movies,truthfulqa_binary,movies->truthfulqa_binary,-0.005374530029885305,0.04365819397183303,-0.04943035722063815,0.573,1000,0.444929142967319,0.5119115803246688,0.37693684361913526,0.948,1000,0.555070857032681,0.6222821252508698,0.48834995819230176,0.056,1000,Qwen2.5-7B,506,82,535,588,,Movies source,TruthfulQA,0.5604453870625663,0.6296195951615818,0.4868893758746884,0.059,1000,0.4395546129374337,0.5155076173167775,0.3698621181271158,0.948,1000
OOD,qwen25_7b,1,math,mmlu,math->mmlu,-0.018389423076923095,0.12757701326403204,-0.15402423550817163,0.579,1000,0.5120192307692307,0.6265023510971786,0.3997549956219311,0.439,1000,0.4879807692307692,0.5914806864722782,0.38137236257184726,0.58,1000,Qwen2.5-7B,260,32,280,292,,Math source,MMLU,0.5063701923076923,0.6154968084475279,0.40382097249926685,0.48,1000,0.4936298076923077,0.6015400335674423,0.3843745830556345,0.556,1000
OOD,qwen25_7b,1,math,truthfulqa_binary,math->truthfulqa_binary,0.06162633760724956,0.1770234894802179,-0.06426063644079846,0.164,1000,0.4747903210257399,0.5525002141716344,0.40249177027592825,0.761,1000,0.5252096789742601,0.6002408499290127,0.453209191105539,0.254,1000,Qwen2.5-7B,506,82,535,588,,Math source,TruthfulQA,0.4635833413670105,0.5264630714100162,0.3995013473989569,0.864,1000,0.5364166586329895,0.605171668381986,0.46926238155149846,0.138,1000
OOD,qwen25_7b,1,movies,mmlu,movies->mmlu,-0.03629807692307696,0.03608912340186783,-0.10828158526566001,0.819,1000,0.4564903846153846,0.5735956499137079,0.34123835696713994,0.792,1000,0.5435096153846154,0.6601298465685257,0.4289374813404986,0.223,1000,Qwen2.5-7B,260,32,280,292,,Movies source,MMLU,0.5798076923076924,0.6905475075179274,0.4687671285920653,0.074,1000,0.4201923076923077,0.5280152314687804,0.3118950213672829,0.932,1000
OOD,qwen25_7b,1,movies,truthfulqa_binary,movies->truthfulqa_binary,0.03200616986407023,0.09235177857147144,-0.030184316913860726,0.158,1000,0.45531668755422733,0.5345149330635264,0.3844449678829577,0.857,1000,0.5446833124457727,0.6207559524620108,0.4642997653556371,0.119,1000,Qwen2.5-7B,506,82,535,588,,Movies source,TruthfulQA,0.5126771425817025,0.5737879901960784,0.44460810099043674,0.352,1000,0.4873228574182975,0.5537798094123463,0.4149398810035432,0.633,1000
OOD,qwen25_7b,2,math,mmlu,math->mmlu,0.2608173076923077,0.4154462586050423,0.11251005779102786,0.0,1000,0.3836538461538462,0.4775471652755468,0.29345251602680844,0.994,1000,0.6163461538461539,0.699728538092391,0.5223638793060303,0.012,1000,Qwen2.5-7B,260,32,280,292,,Math source,MMLU,0.35552884615384617,0.4428510178517201,0.26765154967987276,1.0,1000,0.6444711538461538,0.7273839664331999,0.5537949034575662,0.002,1000
OOD,qwen25_7b,2,math,truthfulqa_binary,math->truthfulqa_binary,0.12149329991323626,0.21745106176764567,0.019617345519759365,0.013,1000,0.4593897618818085,0.5260344518736054,0.3907041910315912,0.868,1000,0.5406102381181914,0.6079457324855183,0.4774455488591677,0.127,1000,Qwen2.5-7B,506,82,535,588,,Math source,TruthfulQA,0.41911693820495516,0.48057049452313294,0.3573467188590854,0.99,1000,0.5808830617950448,0.6410781919665105,0.5223188260859346,0.006,1000
OOD,qwen25_7b,2,movies,mmlu,movies->mmlu,0.01814903846153848,0.08524949422870585,-0.05107291151241322,0.308,1000,0.4125,0.5150360861678296,0.3087167797568561,0.95,1000,0.5875,0.6970977290041517,0.48430141476241617,0.048,1000,Qwen2.5-7B,260,32,280,292,,Movies source,MMLU,0.5693509615384615,0.6682033889882727,0.470453708491761,0.078,1000,0.43064903846153846,0.5331491966115469,0.32809617525445295,0.897,1000
OOD,qwen25_7b,2,movies,truthfulqa_binary,movies->truthfulqa_binary,-0.035163404993733716,0.013751743101731415,-0.08062711357602562,0.932,1000,0.44702593270991997,0.5134974474344552,0.3757782372966839,0.94,1000,0.55297406729008,0.6147474527033119,0.48949262838447455,0.047,1000,Qwen2.5-7B,506,82,535,588,,Movies source,TruthfulQA,0.5881374722838137,0.6576035894805908,0.514825382470714,0.011,1000,0.41186252771618626,0.4828842953975732,0.33963306961519163,0.986,1000
OOD,qwen25_7b,3,math,mmlu,math->mmlu,0.08329326923076918,0.2991669315947589,-0.1487732704425494,0.209,1000,0.46105769230769234,0.5666625264351186,0.35229606220895554,0.781,1000,0.5389423076923077,0.6439796766770276,0.44191733511586456,0.225,1000,Qwen2.5-7B,260,32,280,292,,Math source,MMLU,0.4556490384615385,0.5782325971755958,0.3573327371489136,0.786,1000,0.5443509615384615,0.6527631721462703,0.41836357953049846,0.2,1000
OOD,qwen25_7b,3,math,truthfulqa_binary,math->truthfulqa_binary,0.010098332208618443,0.1498649123263405,-0.1273011231887497,0.448,1000,0.48710594813458014,0.5560189163821849,0.42257755963330107,0.615,1000,0.5128940518654198,0.5799675321785391,0.43573807152163524,0.385,1000,Qwen2.5-7B,506,82,535,588,,Math source,TruthfulQA,0.5027957196568014,0.567923276556067,0.44185344123595616,0.477,1000,0.4972042803431987,0.5645710109623324,0.4302731997903744,0.533,1000
OOD,qwen25_7b,3,movies,mmlu,movies->mmlu,-0.041947115384615374,0.022191512514921873,-0.10043252485710889,0.897,1000,0.45709134615384617,0.5668409137272356,0.3553142677455354,0.789,1000,0.5429086538461538,0.6453913306895792,0.4360572476215645,0.187,1000,Qwen2.5-7B,260,32,280,292,,Movies source,MMLU,0.5848557692307692,0.6922121583886851,0.48311603823685606,0.054,1000,0.4151442307692308,0.5230018160546837,0.3097648127953471,0.939,1000
OOD,qwen25_7b,3,movies,truthfulqa_binary,movies->truthfulqa_binary,-0.06367492528680224,-0.008180749455604711,-0.1156017547130893,0.984,1000,0.5361274462546997,0.6096383576062393,0.46685317962707396,0.151,1000,0.4638725537453003,0.5316436345304865,0.39672475316750294,0.843,1000,Qwen2.5-7B,506,82,535,588,,Movies source,TruthfulQA,0.5275474790321025,0.5987980711418899,0.4554906049243278,0.233,1000,0.4724525209678974,0.5449586483250237,0.40742033863729094,0.771,1000
OOD,qwen25_7b,4,math,mmlu,math->mmlu,0.08569711538461533,0.2944700870224899,-0.12490476190476195,0.206,1000,0.4567307692307692,0.561048126614987,0.3476319166879895,0.773,1000,0.5432692307692307,0.6407019949059911,0.4265978901604962,0.215,1000,Qwen2.5-7B,260,32,280,292,,Math source,MMLU,0.4575721153846154,0.5579590098162935,0.35956166017483643,0.782,1000,0.5424278846153846,0.646390267466784,0.43484294970889315,0.229,1000
OOD,qwen25_7b,4,math,truthfulqa_binary,math->truthfulqa_binary,0.04673190012532541,0.19191737712543155,-0.09010043579608791,0.282,1000,0.4757061602236576,0.5445472296583445,0.40691167911971915,0.75,1000,0.5242938397763425,0.5952668018969709,0.4529867264142986,0.253,1000,Qwen2.5-7B,506,82,535,588,,Math source,TruthfulQA,0.47756193965101706,0.5493506113712607,0.4075055535971973,0.733,1000,0.522438060348983,0.5897087083877248,0.45145097546161517,0.28,1000
OOD,qwen25_7b,4,movies,mmlu,movies->mmlu,-0.078125,-0.003887577011278106,-0.14205890885378172,0.98,1000,0.4905048076923077,0.5929635111400549,0.3839747991921905,0.563,1000,0.5094951923076924,0.6131744942487131,0.4107977928667584,0.4,1000,Qwen2.5-7B,260,32,280,292,,Movies source,MMLU,0.5876201923076924,0.6823711085946904,0.48374981238220455,0.055,1000,0.4123798076923077,0.5163448111970631,0.3065470421966485,0.946,1000
OOD,qwen25_7b,4,movies,truthfulqa_binary,movies->truthfulqa_binary,0.0258845078569363,0.06705267594382366,-0.014171521088258296,0.105,1000,0.523739516051287,0.5944358845802944,0.4520628503033405,0.278,1000,0.476260483948713,0.543797913950259,0.40395002213128123,0.754,1000,Qwen2.5-7B,506,82,535,588,,Movies source,TruthfulQA,0.4503759760917767,0.5138446137347085,0.3879482348305862,0.933,1000,0.5496240239082233,0.6192092286523339,0.4863174303503057,0.054,1000
OOD,qwen25_7b,5,math,mmlu,math->mmlu,0.09723557692307694,0.3155428003281846,-0.12019136088960301,0.174,1000,0.4662259615384615,0.569864950694294,0.3642784442021083,0.752,1000,0.5337740384615385,0.6394954403772378,0.42617197025788056,0.26,1000,Qwen2.5-7B,260,32,280,292,,Math source,MMLU,0.43653846153846154,0.5486176378446116,0.3367067778669392,0.866,1000,0.5634615384615385,0.6754826742382616,0.4475382199666596,0.119,1000
OOD,qwen25_7b,5,math,truthfulqa_binary,math->truthfulqa_binary,0.032777402872842976,0.17515355668693913,-0.10630208513554742,0.295,1000,0.48664802853562134,0.5579496108640427,0.42024648618708027,0.639,1000,0.5133519714643787,0.5773580699767018,0.44371373214489196,0.344,1000,Qwen2.5-7B,506,82,535,588,,Math source,TruthfulQA,0.48057456859153574,0.547713273884641,0.40827322472937766,0.702,1000,0.5194254314084643,0.5935282890817374,0.4492685284753601,0.291,1000
OOD,qwen25_7b,5,movies,mmlu,movies->mmlu,-0.04507211538461542,0.023605960547078385,-0.11292994462325862,0.912,1000,0.45709134615384617,0.568329767137019,0.3539905592405688,0.781,1000,0.5429086538461538,0.648732784000086,0.44197393368751015,0.213,1000,Qwen2.5-7B,260,32,280,292,,Movies source,MMLU,0.5879807692307693,0.6936402486402485,0.4864191166340799,0.052,1000,0.41201923076923075,0.5193113459133847,0.30955836412764864,0.939,1000
OOD,qwen25_7b,5,movies,truthfulqa_binary,movies->truthfulqa_binary,-0.04726212281885667,0.005175491474516881,-0.08922840896864745,0.963,1000,0.5327050997782705,0.603509911309465,0.4663514403479638,0.176,1000,0.4672949002217295,0.5329967414867635,0.40528964994488614,0.831,1000,Qwen2.5-7B,506,82,535,588,,Movies source,TruthfulQA,0.5145570230405861,0.579592438984557,0.4492898833956738,0.329,1000,0.48544297695941385,0.5520949102995534,0.41979421225935976,0.681,1000
OOD,qwen25_7b,6,math,mmlu,math->mmlu,0.11045673076923074,0.3201776948651948,-0.1065765210241954,0.161,1000,0.45661057692307694,0.5588045023481616,0.3375769918059936,0.788,1000,0.5433894230769231,0.660327582535691,0.4290931515931516,0.226,1000,Qwen2.5-7B,260,32,280,292,,Math source,MMLU,0.4329326923076923,0.5495785656398036,0.31998872180451127,0.86,1000,0.5670673076923077,0.6746753541733856,0.45615529685002304,0.129,1000
OOD,qwen25_7b,6,math,truthfulqa_binary,math->truthfulqa_binary,0.031283138918345665,0.17923231071758733,-0.10814667755991285,0.327,1000,0.4851055625180758,0.5549237898875761,0.4171640376235965,0.645,1000,0.5148944374819242,0.584783344813835,0.4424722582683599,0.352,1000,Qwen2.5-7B,506,82,535,588,,Math source,TruthfulQA,0.48361129856357854,0.5587629405077287,0.4088758576068413,0.677,1000,0.5163887014364215,0.5880600134211671,0.4457706882841824,0.358,1000
OOD,qwen25_7b,6,movies,mmlu,movies->mmlu,0.0848557692307692,0.18413151364764266,-0.021171044808347278,0.057,1000,0.4186298076923077,0.5218987544214392,0.30345507644349423,0.941,1000,0.5813701923076923,0.6852265221388114,0.47465002429449554,0.059,1000,Qwen2.5-7B,260,32,280,292,,Movies source,MMLU,0.49651442307692306,0.5957189625480122,0.3934162053447902,0.548,1000,0.5034855769230769,0.5978758997176907,0.40913818764198423,0.476,1000
OOD,qwen25_7b,6,movies,truthfulqa_binary,movies->truthfulqa_binary,0.009688614672707985,0.05356654253185618,-0.030054354572245,0.318,1000,0.5209678974260098,0.5932642465060364,0.457392361028374,0.254,1000,0.47903210257399015,0.5450410002815392,0.4160954760246778,0.728,1000,Qwen2.5-7B,506,82,535,588,,Movies source,TruthfulQA,0.46934348790128216,0.5357006110892921,0.40625166934064405,0.798,1000,0.5306565120987178,0.5994149050779487,0.4655138126410747,0.171,1000
OOD,qwen25_7b,7,math,mmlu,math->mmlu,0.05612980769230763,0.29543211765552996,-0.18132104506957047,0.304,1000,0.48064903846153845,0.5971342539818244,0.3786898217008543,0.623,1000,0.5193509615384615,0.6307136699774462,0.41107446374390294,0.358,1000,Qwen2.5-7B,260,32,280,292,,Math source,MMLU,0.46322115384615387,0.5891136832516143,0.3411246861324342,0.707,1000,0.5367788461538462,0.6612135331186972,0.40296647202081143,0.284,1000
OOD,qwen25_7b,7,math,truthfulqa_binary,math->truthfulqa_binary,0.00151836498602137,0.13521765536251873,-0.12443789722461752,0.484,1000,0.5084835630965006,0.5764751741589181,0.44462195257562215,0.378,1000,0.49151643690349944,0.5547990765605305,0.4218682255853308,0.592,1000,Qwen2.5-7B,506,82,535,588,,Math source,TruthfulQA,0.4899980719174781,0.5594226082287413,0.42344691717739696,0.617,1000,0.510001928082522,0.5802001211625657,0.44666095342997636,0.392,1000
OOD,qwen25_7b,7,movies,mmlu,movies->mmlu,-0.012139423076923062,0.13358877422405158,-0.14994992726341874,0.555,1000,0.46634615384615385,0.5677587109348975,0.37482427381599026,0.768,1000,0.5336538461538461,0.6246640221792351,0.43961086387077697,0.241,1000,Qwen2.5-7B,260,32,280,292,,Movies source,MMLU,0.5457932692307692,0.6570556715266361,0.4389170296606037,0.192,1000,0.4542067307692308,0.5637912072479818,0.33367419841290563,0.777,1000
OOD,qwen25_7b,7,movies,truthfulqa_binary,movies->truthfulqa_binary,-0.05904752723416562,0.05964772974488014,-0.17483900198792163,0.836,1000,0.548129759953726,0.6110067564037134,0.48352459782207463,0.067,1000,0.45187024004627396,0.5169461046450666,0.391423478482302,0.924,1000,Qwen2.5-7B,506,82,535,588,,Movies source,TruthfulQA,0.5109177672804396,0.5805776597396582,0.43309537544995885,0.38,1000,0.4890822327195604,0.5600045670514618,0.4181927880288029,0.637,1000
OOD,qwen25_7b,8,math,mmlu,math->mmlu,0.04579326923076926,0.2451903527384295,-0.16736155148484055,0.292,1000,0.48125,0.5854202244804358,0.3816460837989291,0.633,1000,0.51875,0.6162674618090517,0.42139103882588175,0.348,1000,Qwen2.5-7B,260,32,280,292,,Math source,MMLU,0.4729567307692308,0.5751629233719501,0.3684502987608343,0.687,1000,0.5270432692307693,0.6263535424120453,0.41915927686665017,0.312,1000
OOD,qwen25_7b,8,math,truthfulqa_binary,math->truthfulqa_binary,0.01118287862720524,0.12647927219615016,-0.11176586337691086,0.403,1000,0.4932999132362865,0.5564182940135545,0.4301209458455733,0.592,1000,0.5067000867637135,0.5631986864912877,0.4459326456217916,0.411,1000,Qwen2.5-7B,506,82,535,588,,Math source,TruthfulQA,0.49551720813650824,0.5580619605616033,0.43372229700487624,0.534,1000,0.5044827918634918,0.5680987408756896,0.44003324178283887,0.445,1000
OOD,qwen25_7b,8,movies,mmlu,movies->mmlu,0.03281250000000002,0.2185534045950713,-0.1738951612903226,0.387,1000,0.48173076923076924,0.5792097667662018,0.3803524820405638,0.655,1000,0.5182692307692308,0.6270554270800313,0.4175300233125036,0.363,1000,Qwen2.5-7B,260,32,280,292,,Movies source,MMLU,0.4854567307692308,0.5822270195049722,0.3752462121212121,0.637,1000,0.5145432692307692,0.6168266823515217,0.4102027010513011,0.387,1000
OOD,qwen25_7b,8,movies,truthfulqa_binary,movies->truthfulqa_binary,-0.11722741733346193,0.022097085552415345,-0.24708298196727732,0.957,1000,0.5673382820784729,0.6315498330587437,0.5037086487231632,0.02,1000,0.432661717921527,0.49866442030177394,0.3714617925308731,0.978,1000,Qwen2.5-7B,506,82,535,588,,Movies source,TruthfulQA,0.549889135254989,0.6104158673635169,0.48273353952130943,0.063,1000,0.4501108647450111,0.5129584736595392,0.38053776778161785,0.938,1000
OOD,qwen25_7b,9,math,mmlu,math->mmlu,0.0424278846153846,0.250647802548044,-0.1916473864101244,0.381,1000,0.47608173076923077,0.5893536121673004,0.3765282905833437,0.665,1000,0.5239182692307692,0.6287907134328751,0.4140592022767479,0.318,1000,Qwen2.5-7B,260,32,280,292,,Math source,MMLU,0.4814903846153846,0.5911196654805168,0.3774761761003878,0.641,1000,0.5185096153846154,0.6253666036831401,0.41440447138138276,0.344,1000
OOD,qwen25_7b,9,math,truthfulqa_binary,math->truthfulqa_binary,0.026005013014557044,0.15964833970810058,-0.10533889980353639,0.342,1000,0.48804588836402196,0.5527504812483125,0.42499524579386594,0.639,1000,0.511954111635978,0.5765413450980396,0.44382063175436526,0.358,1000,Qwen2.5-7B,506,82,535,588,,Math source,TruthfulQA,0.485949098621421,0.5496509921713105,0.41696266926341086,0.656,1000,0.514050901378579,0.5816745054701754,0.45433637530372484,0.331,1000
OOD,qwen25_7b,9,movies,mmlu,movies->mmlu,0.07487980769230762,0.3071135043244271,-0.17705837444209538,0.263,1000,0.45528846153846153,0.5818230352036649,0.33628998004439226,0.738,1000,0.5447115384615384,0.6551785934989495,0.4187824420152006,0.231,1000,Qwen2.5-7B,260,32,280,292,,Movies source,MMLU,0.4698317307692308,0.5908738594131853,0.3521989748369059,0.682,1000,0.5301682692307692,0.6462711176208535,0.4035418741585053,0.307,1000
OOD,qwen25_7b,9,movies,truthfulqa_binary,movies->truthfulqa_binary,0.07003759760917772,0.21450687164887552,-0.058964531779304344,0.148,1000,0.46266750216909286,0.5352022082126581,0.3936778356285382,0.85,1000,0.5373324978309072,0.6041668245776025,0.47049735793840824,0.138,1000,Qwen2.5-7B,506,82,535,588,,Movies source,TruthfulQA,0.4672949002217295,0.5312816014839402,0.3988487983756492,0.818,1000,0.5327050997782705,0.6003274321493874,0.4617291046032863,0.167,1000
OOD,qwen25_7b,10,math,mmlu,math->mmlu,0.06334134615384612,0.2564656431921697,-0.1440764998615311,0.276,1000,0.4668269230769231,0.5763472772401343,0.3655198414005953,0.741,1000,0.5331730769230769,0.6336899987267633,0.42860597590630856,0.272,1000,Qwen2.5-7B,260,32,280,292,,Math source,MMLU,0.4698317307692308,0.5862505941770647,0.3697375369666244,0.7,1000,0.5301682692307692,0.6356583114134824,0.40799113529020475,0.319,1000
OOD,qwen25_7b,10,math,truthfulqa_binary,math->truthfulqa_binary,-0.028101802757158012,0.0835739409351901,-0.14461719926055552,0.694,1000,0.51841318808445,0.5800096590909091,0.45832379132438056,0.245,1000,0.48158681191555,0.5427605442714707,0.4133584168845333,0.713,1000,Qwen2.5-7B,506,82,535,588,,Math source,TruthfulQA,0.509688614672708,0.5680342506893223,0.4464967528952555,0.377,1000,0.490311385327292,0.5549671961601739,0.42913939597640866,0.608,1000
OOD,qwen25_7b,10,movies,mmlu,movies->mmlu,0.11706730769230772,0.3411655286532133,-0.1090240281806104,0.119,1000,0.3919471153846154,0.5176560335500374,0.2842615852342812,0.954,1000,0.6080528846153846,0.7314919704861111,0.49319416549411327,0.037,1000,Qwen2.5-7B,260,32,280,292,,Movies source,MMLU,0.4909855769230769,0.6022449638460406,0.3746991438796867,0.581,1000,0.5090144230769231,0.6217388038315695,0.39307271561888635,0.45,1000
OOD,qwen25_7b,10,movies,truthfulqa_binary,movies->truthfulqa_binary,-0.0828352453485009,0.04302931008308578,-0.21204261589097897,0.896,1000,0.5154969632700279,0.5817101980129095,0.4403029989134695,0.307,1000,0.484503036729972,0.55197515970934,0.42039242638384233,0.682,1000,Qwen2.5-7B,506,82,535,588,,Movies source,TruthfulQA,0.5673382820784729,0.6416795889042981,0.49665240356689955,0.032,1000,0.432661717921527,0.5015048844352248,0.37119439400593346,0.972,1000
OOD,qwen25_7b,11,math,mmlu,math->mmlu,0.057331730769230815,0.24333710669917563,-0.13316386410719064,0.258,1000,0.4675480769230769,0.5717129661845607,0.3669982428905558,0.715,1000,0.5324519230769231,0.6206783172467583,0.42570242656449553,0.288,1000,Qwen2.5-7B,260,32,280,292,,Math source,MMLU,0.4751201923076923,0.5738535843020838,0.3787259757104115,0.672,1000,0.5248798076923077,0.621825021043771,0.415001301631378,0.324,1000
OOD,qwen25_7b,11,math,truthfulqa_binary,math->truthfulqa_binary,0.06049358912561453,0.1868908919655776,-0.06172398244308432,0.151,1000,0.4889617275619397,0.5477483691922557,0.42770534526278714,0.647,1000,0.5110382724380603,0.5773605859731259,0.45306693846466595,0.36,1000,Qwen2.5-7B,506,82,535,588,,Math source,TruthfulQA,0.4505446833124458,0.5083148693151215,0.38598171469061976,0.953,1000,0.5494553166875542,0.611807629555289,0.48492548261933216,0.059,1000
OOD,qwen25_7b,11,movies,mmlu,movies->mmlu,0.06442307692307692,0.2561786766298099,-0.14177668281994327,0.268,1000,0.41983173076923075,0.5360855221098473,0.30424206292051603,0.908,1000,0.5801682692307693,0.6981606450719823,0.46675931305731855,0.08,1000,Qwen2.5-7B,260,32,280,292,,Movies source,MMLU,0.5157451923076923,0.6189231106464079,0.4058341165413534,0.408,1000,0.48425480769230766,0.5975637982361723,0.3797871611779426,0.598,1000
OOD,qwen25_7b,11,movies,truthfulqa_binary,movies->truthfulqa_binary,-0.13744818278222304,-0.001727016719478085,-0.27094220521864454,0.979,1000,0.5493348115299335,0.6185102398719213,0.4782627513684133,0.093,1000,0.45066518847006654,0.5149939604403252,0.3827673403887494,0.938,1000,Qwen2.5-7B,506,82,535,588,,Movies source,TruthfulQA,0.5881133712522896,0.6525009380402326,0.5233616144724841,0.008,1000,0.4118866287477104,0.4793748023777904,0.34322455629862536,0.997,1000
OOD,qwen25_7b,12,math,mmlu,math->mmlu,0.08533653846153844,0.25861468072259536,-0.10697441086656649,0.206,1000,0.4620192307692308,0.567101577176754,0.3663627278620256,0.756,1000,0.5379807692307692,0.6381582142734337,0.4405474923473008,0.228,1000,Qwen2.5-7B,260,32,280,292,,Math source,MMLU,0.45264423076923077,0.5569965554249358,0.3519782388080867,0.815,1000,0.5473557692307692,0.6428245192307692,0.4457809500088846,0.188,1000
OOD,qwen25_7b,12,math,truthfulqa_binary,math->truthfulqa_binary,0.0803769401330377,0.20239631988566575,-0.050146982243575895,0.118,1000,0.4869613419454353,0.5504946193760845,0.4271231142995897,0.654,1000,0.5130386580545647,0.5784044621105899,0.4399918151385356,0.343,1000,Qwen2.5-7B,506,82,535,588,,Math source,TruthfulQA,0.432661717921527,0.5008859585131462,0.37126316164049983,0.974,1000,0.5673382820784729,0.6299068313411101,0.5058318009649991,0.015,1000
OOD,qwen25_7b,12,movies,mmlu,movies->mmlu,0.05576923076923068,0.2599973412229906,-0.17475157406069855,0.332,1000,0.42596153846153845,0.5476197703064289,0.2983747580044269,0.887,1000,0.5740384615384615,0.6974431910273793,0.45889472245600327,0.106,1000,Qwen2.5-7B,260,32,280,292,,Movies source,MMLU,0.5182692307692308,0.6313020867712567,0.4063835767251265,0.366,1000,0.48173076923076924,0.6000130998345283,0.3822878906433724,0.613,1000
OOD,qwen25_7b,12,movies,truthfulqa_binary,movies->truthfulqa_binary,-0.03486214209968186,0.12114238957830278,-0.16767633788851521,0.695,1000,0.4770196664417237,0.5444689261242958,0.4075822070988353,0.758,1000,0.5229803335582763,0.5956611892065743,0.45644413715776383,0.228,1000,Qwen2.5-7B,506,82,535,588,,Movies source,TruthfulQA,0.5578424756579582,0.6299416106769048,0.48786188665611807,0.065,1000,0.44215752434204186,0.5143041023711388,0.3731989386438644,0.941,1000
OOD,qwen25_7b,13,math,mmlu,math->mmlu,0.09362980769230772,0.2860222978387041,-0.09559819868755233,0.172,1000,0.4480769230769231,0.5470225000504684,0.3488563783501566,0.86,1000,0.551923076923077,0.6439986195958646,0.45532071546957087,0.133,1000,Qwen2.5-7B,260,32,280,292,,Math source,MMLU,0.45829326923076924,0.5644510582010582,0.3561463178714334,0.766,1000,0.5417067307692308,0.6437540092012075,0.4268037525884028,0.255,1000
OOD,qwen25_7b,13,math,truthfulqa_binary,math->truthfulqa_binary,0.07924419165140273,0.2081824266075229,-0.05150274011518302,0.112,1000,0.48303287380699894,0.5534785490107603,0.41441081575169264,0.682,1000,0.5169671261930011,0.5845470134933819,0.44976961362148005,0.309,1000,Qwen2.5-7B,506,82,535,588,,Math source,TruthfulQA,0.4377229345415984,0.5043824534285783,0.37430640732281506,0.967,1000,0.5622770654584016,0.6262706048155284,0.4897099594471992,0.053,1000
OOD,qwen25_7b,13,movies,mmlu,movies->mmlu,0.05120192307692317,0.27131449839282684,-0.14926606066153483,0.286,1000,0.43677884615384616,0.5570349875663236,0.32626146161589636,0.845,1000,0.5632211538461539,0.6875929500861372,0.44493523720349565,0.149,1000,Qwen2.5-7B,260,32,280,292,,Movies source,MMLU,0.5120192307692307,0.6257767069758502,0.39694978844453715,0.435,1000,0.4879807692307692,0.5963626403092813,0.37654780105825736,0.609,1000
OOD,qwen25_7b,13,movies,truthfulqa_binary,movies->truthfulqa_binary,-0.1165887399980719,0.024721585971739388,-0.23394814590330626,0.953,1000,0.5320664224428806,0.5965366496327051,0.4690758896806281,0.162,1000,0.46793357755711945,0.5334317710256773,0.40607771221099526,0.826,1000,Qwen2.5-7B,506,82,535,588,,Movies source,TruthfulQA,0.5845223175551914,0.6450078649015604,0.5201509869306965,0.008,1000,0.41547768244480865,0.48114307913625126,0.3520117370446318,0.992,1000
OOD,qwen25_7b,14,math,mmlu,math->mmlu,0.1758413461538461,0.36523402611410327,-0.038636850025411326,0.051,1000,0.43185096153846153,0.5369016728103019,0.33267621445964307,0.895,1000,0.5681490384615384,0.6596833416298671,0.46398039065687474,0.086,1000,Qwen2.5-7B,260,32,280,292,,Math source,MMLU,0.3923076923076923,0.500081585081585,0.3001614856994151,0.975,1000,0.6076923076923076,0.7124245115877976,0.4970768435902023,0.029,1000
OOD,qwen25_7b,14,math,truthfulqa_binary,math->truthfulqa_binary,0.06292779330955367,0.19308576895753551,-0.05194133643415649,0.154,1000,0.491757447218741,0.5517872487288218,0.4279705718998461,0.61,1000,0.5082425527812591,0.5702980910112243,0.4450485370793409,0.387,1000,Qwen2.5-7B,506,82,535,588,,Math source,TruthfulQA,0.4453147594717054,0.511881501097433,0.3821633825944171,0.947,1000,0.5546852405282946,0.6183144612691723,0.4888495932038292,0.054,1000
OOD,qwen25_7b,14,movies,mmlu,movies->mmlu,0.14999999999999997,0.34821620089477223,-0.04493326366288865,0.078,1000,0.36983173076923076,0.4785968812871738,0.2598649351062788,0.988,1000,0.6301682692307692,0.7519326331967213,0.5213317884405672,0.012,1000,Qwen2.5-7B,260,32,280,292,,Movies source,MMLU,0.4801682692307692,0.5748975640572075,0.38150805430498913,0.671,1000,0.5198317307692307,0.6133913099329317,0.4218720946902496,0.346,1000
OOD,qwen25_7b,14,movies,truthfulqa_binary,movies->truthfulqa_binary,0.13429094765255956,0.2565954188543185,0.015949138312419613,0.014,1000,0.3906777210064591,0.4503427107755393,0.33039855867792295,1.0,1000,0.609322278993541,0.6622122325980963,0.5435791699084727,0.0,1000,Qwen2.5-7B,506,82,535,588,,Movies source,TruthfulQA,0.4750313313409814,0.5359486233694645,0.4154086424494256,0.779,1000,0.5249686686590186,0.5864038929278182,0.46135703775364384,0.231,1000
OOD,qwen25_7b,15,math,mmlu,math->mmlu,0.3707932692307693,0.5595421616323831,0.1591296520921421,0.0,1000,0.3308894230769231,0.4290049562335055,0.23654984041980948,0.998,1000,0.669110576923077,0.7636284016111602,0.5600811871748494,0.0,1000,Qwen2.5-7B,260,32,280,292,,Math source,MMLU,0.2983173076923077,0.408599922861902,0.20288493580084932,1.0,1000,0.7016826923076923,0.7933670852493809,0.5901139405118897,0.0,1000
OOD,qwen25_7b,15,math,truthfulqa_binary,math->truthfulqa_binary,0.2401667791381471,0.3613325446442,0.11452509678668217,0.0,1000,0.37968765063144705,0.44654610038816556,0.319454000516428,1.0,1000,0.620312349368553,0.6825822839370835,0.5581029371032667,0.0,1000,Qwen2.5-7B,506,82,535,588,,Math source,TruthfulQA,0.38014557023040585,0.4497563202976378,0.31119843889550786,1.0,1000,0.6198544297695942,0.691767984166208,0.5535987452353808,0.0,1000
OOD,qwen25_7b,15,movies,mmlu,movies->mmlu,0.4177884615384615,0.6142067286892983,0.2379222429507601,0.0,1000,0.24627403846153847,0.3397788673203922,0.15865396660476908,1.0,1000,0.7537259615384615,0.8414056647032989,0.6564366248616809,0.0,1000,Qwen2.5-7B,260,32,280,292,,Movies source,MMLU,0.3359375,0.44978214605201045,0.2397577751196172,0.998,1000,0.6640625,0.7668767221584386,0.5618727234024367,0.003,1000
OOD,qwen25_7b,15,movies,truthfulqa_binary,movies->truthfulqa_binary,0.3982936469680902,0.4919119515939954,0.2853190280249541,0.0,1000,0.28306661525113275,0.3332402221542294,0.23684799397814177,1.0,1000,0.7169333847488673,0.7679062959832191,0.6673305786753974,0.0,1000,Qwen2.5-7B,506,82,535,588,,Movies source,TruthfulQA,0.31863973778077703,0.374587379806114,0.267264508521574,1.0,1000,0.681360262219223,0.7334344236172686,0.6264539929774614,0.0,1000
OOD,qwen25_7b,16,math,mmlu,math->mmlu,0.36718749999999994,0.5359222409471956,0.18962082762225285,0.0,1000,0.32884615384615384,0.42051705118721044,0.24281802933374944,1.0,1000,0.6711538461538461,0.757537708422719,0.579102318556585,0.001,1000,Qwen2.5-7B,260,32,280,292,,Math source,MMLU,0.30396634615384616,0.39465259357500737,0.22145567076601558,1.0,1000,0.6960336538461539,0.7831432586927722,0.6036621172189623,0.0,1000
OOD,qwen25_7b,16,math,truthfulqa_binary,math->truthfulqa_binary,-0.053239178636845685,0.05841956327102394,-0.16552881025769572,0.811,1000,0.5301021883736624,0.5899173515916871,0.4723369466700144,0.154,1000,0.4698978116263376,0.5281166419906124,0.413119282262909,0.819,1000,Qwen2.5-7B,506,82,535,588,,Math source,TruthfulQA,0.5231369902631833,0.5848033410838007,0.46440641406470584,0.238,1000,0.4768630097368167,0.5367893838738912,0.4134101215987242,0.765,1000
OOD,qwen25_7b,16,movies,mmlu,movies->mmlu,0.509375,0.6757036913437665,0.33977060977552104,0.0,1000,0.1986778846153846,0.2825756585504638,0.12346398175340423,1.0,1000,0.8013221153846154,0.8792418085566787,0.7102116685064802,0.0,1000,Qwen2.5-7B,260,32,280,292,,Movies source,MMLU,0.2919471153846154,0.3947436074743377,0.19358888205087482,1.0,1000,0.7080528846153846,0.8049457040344137,0.6057909757197205,0.0,1000
OOD,qwen25_7b,16,movies,truthfulqa_binary,movies->truthfulqa_binary,0.3430058806516919,0.44794940706637376,0.25347946892444423,0.0,1000,0.3194591728525981,0.3748650465893711,0.2685677691579806,1.0,1000,0.6805408271474019,0.7321720065190526,0.6283647339710924,0.0,1000,Qwen2.5-7B,506,82,535,588,,Movies source,TruthfulQA,0.33753494649571003,0.39234413084645026,0.28316651622152605,1.0,1000,0.66246505350429,0.7172438557403481,0.6065711733667274,0.0,1000
OOD,qwen25_7b,17,math,mmlu,math->mmlu,0.26394230769230764,0.43197980080333026,0.0953857014434905,0.005,1000,0.3951923076923077,0.4906494936845708,0.3062556089106286,0.978,1000,0.6048076923076923,0.6962714192981392,0.5109001103529268,0.018,1000,Qwen2.5-7B,260,32,280,292,,Math source,MMLU,0.3408653846153846,0.43991044981315064,0.25613958379139723,0.998,1000,0.6591346153846154,0.7435145301466595,0.5657750582589933,0.0,1000
OOD,qwen25_7b,17,math,truthfulqa_binary,math->truthfulqa_binary,0.15453581413284484,0.2759054394013301,0.030679495454199145,0.006,1000,0.46608984864552205,0.5281275116421418,0.40819347032414366,0.842,1000,0.533910151354478,0.5972616346417821,0.46931820288568127,0.143,1000,Qwen2.5-7B,506,82,535,588,,Math source,TruthfulQA,0.3793743372216331,0.4419898376134519,0.3190772620748349,1.0,1000,0.620625662778367,0.683985783459854,0.5567979615685732,0.0,1000
OOD,qwen25_7b,17,movies,mmlu,movies->mmlu,0.29206730769230776,0.4638966266437964,0.1269134165248054,0.0,1000,0.3498798076923077,0.4450039850833577,0.263478835978836,0.999,1000,0.6501201923076924,0.7352714152855743,0.5521933962264151,0.003,1000,Qwen2.5-7B,260,32,280,292,,Movies source,MMLU,0.3580528846153846,0.4534558914953581,0.2603027739264825,0.997,1000,0.6419471153846154,0.7486634673217534,0.531128873332163,0.002,1000
OOD,qwen25_7b,17,movies,truthfulqa_binary,movies->truthfulqa_binary,0.45688325460329704,0.5538402370080452,0.34829733695986237,0.0,1000,0.2799093801214692,0.34110724273612664,0.22586344072149395,1.0,1000,0.7200906198785308,0.7789806308058608,0.6625270252220373,0.0,1000,Qwen2.5-7B,506,82,535,588,,Movies source,TruthfulQA,0.2632073652752338,0.3123440615891479,0.21544990335751205,1.0,1000,0.7367926347247662,0.7845020626822609,0.6870474010815254,0.0,1000
OOD,qwen25_7b,18,math,mmlu,math->mmlu,0.25048076923076923,0.4487720600694738,0.050627918974693216,0.01,1000,0.3890625,0.4926945486415708,0.28303400830707726,0.982,1000,0.6109375,0.7157824626895435,0.49882087840240635,0.028,1000,Qwen2.5-7B,260,32,280,292,,Math source,MMLU,0.3604567307692308,0.46664058011295734,0.25842569508254626,0.995,1000,0.6395432692307692,0.7445487353781163,0.5343073652423153,0.005,1000
OOD,qwen25_7b,18,math,truthfulqa_binary,math->truthfulqa_binary,0.1912416851441241,0.3296033401196573,0.06271958711447907,0.001,1000,0.4147787525306083,0.481520026135211,0.35073725954280704,0.995,1000,0.5852212474693916,0.65034998071501,0.5199497269256763,0.008,1000,Qwen2.5-7B,506,82,535,588,,Math source,TruthfulQA,0.39397956232526754,0.4671127774054528,0.3225540663412708,0.994,1000,0.6060204376747325,0.6713316066403716,0.5366123580057272,0.001,1000
OOD,qwen25_7b,18,movies,mmlu,movies->mmlu,0.2832932692307692,0.48204050725602443,0.0981237907623035,0.002,1000,0.33016826923076925,0.43505732357307214,0.23686920762898817,1.0,1000,0.6698317307692307,0.7592009917147011,0.5740828341471723,0.0,1000,Qwen2.5-7B,260,32,280,292,,Movies source,MMLU,0.38653846153846155,0.5021947552977771,0.281850369407097,0.973,1000,0.6134615384615385,0.7261031160220636,0.5077358337096767,0.018,1000
OOD,qwen25_7b,18,movies,truthfulqa_binary,movies->truthfulqa_binary,0.32635206786850474,0.43773058974771417,0.21214119522093616,0.0,1000,0.32909958546225776,0.393682656705559,0.26665954989248275,1.0,1000,0.6709004145377422,0.7343676222903646,0.6081190462177672,0.0,1000,Qwen2.5-7B,506,82,535,588,,Movies source,TruthfulQA,0.34454834666923745,0.40461782930429796,0.28520833235817455,1.0,1000,0.6554516533307626,0.7150235408837442,0.6005544888050744,0.0,1000
OOD,qwen25_7b,19,math,mmlu,math->mmlu,0.2655048076923077,0.4281767684126174,0.07528629187991047,0.006,1000,0.38329326923076923,0.4834621898359634,0.28993781948577096,0.982,1000,0.6167067307692308,0.7078265260858544,0.5101183962264151,0.009,1000,Qwen2.5-7B,260,32,280,292,,Math source,MMLU,0.35120192307692305,0.44741763120342476,0.2741951055231253,0.999,1000,0.6487980769230769,0.7293419674140044,0.5515919021195478,0.003,1000
OOD,qwen25_7b,19,math,truthfulqa_binary,math->truthfulqa_binary,0.2901041164561843,0.42868190173796794,0.16101760843314766,0.0,1000,0.3503566952665574,0.42205641416681905,0.28684025842953825,1.0,1000,0.6496433047334426,0.7158106235979552,0.5770245789589931,0.0,1000,Qwen2.5-7B,506,82,535,588,,Math source,TruthfulQA,0.3595391882772583,0.4290204122489012,0.29219104601770163,1.0,1000,0.6404608117227417,0.7116901966734301,0.566401738915965,0.0,1000
OOD,qwen25_7b,19,movies,mmlu,movies->mmlu,0.23485576923076923,0.43209821719840796,0.04883022182278689,0.011,1000,0.3612980769230769,0.46365745349383314,0.2595942744502315,0.996,1000,0.6387019230769231,0.7463087124994452,0.5374929063577407,0.005,1000,Qwen2.5-7B,260,32,280,292,,Movies source,MMLU,0.40384615384615385,0.5055161015100674,0.2968103055999728,0.965,1000,0.5961538461538461,0.7030156512406437,0.4942063162190288,0.03,1000
OOD,qwen25_7b,19,movies,truthfulqa_binary,movies->truthfulqa_binary,0.41800829075484436,0.5327656596781865,0.30053858323236493,0.0,1000,0.3121083582377326,0.38018834828848874,0.24339955770876823,1.0,1000,0.6878916417622675,0.7515308573212736,0.6242432420743651,0.0,1000,Qwen2.5-7B,506,82,535,588,,Movies source,TruthfulQA,0.2698833510074231,0.33454922933470865,0.211247046732316,1.0,1000,0.7301166489925769,0.786083861523913,0.6695506112310429,0.0,1000
OOD,qwen25_7b,20,math,mmlu,math->mmlu,0.09218749999999998,0.26765847197694953,-0.09804540085846797,0.149,1000,0.4659855769230769,0.5574467247523275,0.37791615652944854,0.772,1000,0.534014423076923,0.6324930526937059,0.44184935449087837,0.221,1000,Qwen2.5-7B,260,32,280,292,,Math source,MMLU,0.44182692307692306,0.5285644544666053,0.3609989454263989,0.908,1000,0.5581730769230769,0.6503135401411264,0.47204329194177014,0.095,1000
OOD,qwen25_7b,20,math,truthfulqa_binary,math->truthfulqa_binary,0.3845319579678011,0.5148188847729375,0.2455888896569398,0.0,1000,0.3124698737105948,0.3795310443393468,0.24620808577789563,1.0,1000,0.6875301262894052,0.753002338107743,0.6211578486051992,0.0,1000,Qwen2.5-7B,506,82,535,588,,Math source,TruthfulQA,0.30299816832160414,0.3740902617181851,0.23546695424240421,1.0,1000,0.6970018316783958,0.761123136768461,0.6269145561762383,0.0,1000
OOD,qwen25_7b,20,movies,mmlu,movies->mmlu,0.11562500000000003,0.3437706603582221,-0.08813061677679952,0.146,1000,0.42704326923076924,0.5354298125023866,0.32137471549150143,0.916,1000,0.5729567307692308,0.6800959635630001,0.46868481324876676,0.09,1000,Qwen2.5-7B,260,32,280,292,,Movies source,MMLU,0.4573317307692308,0.5690729385289433,0.35071440495986805,0.788,1000,0.5426682692307693,0.656002789171452,0.4375779716466739,0.228,1000
OOD,qwen25_7b,20,movies,truthfulqa_binary,movies->truthfulqa_binary,0.40041453774221536,0.5260860546572473,0.26923942276618357,0.0,1000,0.309915164369035,0.3767385698198198,0.24847967359387396,1.0,1000,0.690084835630965,0.7543492296380815,0.6308281822463346,0.0,1000,Qwen2.5-7B,506,82,535,588,,Movies source,TruthfulQA,0.28967029788874965,0.3506128716327116,0.2266076231539328,1.0,1000,0.7103297021112503,0.7696303168086024,0.6529148917135563,0.0,1000
OOD,qwen25_7b,21,math,mmlu,math->mmlu,0.17644230769230773,0.3659451686185943,-0.013290326753967395,0.035,1000,0.40552884615384616,0.5027447085731284,0.3109725640275925,0.971,1000,0.5944711538461539,0.69804909509343,0.49663103077307186,0.028,1000,Qwen2.5-7B,260,32,280,292,,Math source,MMLU,0.41802884615384617,0.5082719748398262,0.3305023356499943,0.965,1000,0.5819711538461538,0.6698864841500412,0.49448549127659075,0.033,1000
OOD,qwen25_7b,21,math,truthfulqa_binary,math->truthfulqa_binary,0.4425431408464282,0.5757417537349596,0.30777176563396447,0.0,1000,0.2759086088884604,0.3419522145098349,0.21106222740613875,1.0,1000,0.7240913911115395,0.7878887029119948,0.6553892282057244,0.0,1000,Qwen2.5-7B,506,82,535,588,,Math source,TruthfulQA,0.2815482502651113,0.3483403483512923,0.21831234008772332,1.0,1000,0.7184517497348887,0.78278953889248,0.6551785199244173,0.0,1000
OOD,qwen25_7b,21,movies,mmlu,movies->mmlu,0.22680288461538456,0.42280438434448187,0.027604126041626126,0.014,1000,0.3703125,0.4731359422387648,0.2697866016366224,0.993,1000,0.6296875,0.728533154048884,0.5217687195616882,0.009,1000,Qwen2.5-7B,260,32,280,292,,Movies source,MMLU,0.4028846153846154,0.5153889127986963,0.29164432243786176,0.962,1000,0.5971153846153846,0.7012439722948351,0.49093254946372994,0.044,1000
OOD,qwen25_7b,21,movies,truthfulqa_binary,movies->truthfulqa_binary,0.497083775185578,0.612641229030845,0.36873273492622893,0.0,1000,0.26834088498987757,0.3298918593420378,0.20747866694667724,1.0,1000,0.7316591150101225,0.7914673872869892,0.6677931056513163,0.0,1000,Qwen2.5-7B,506,82,535,588,,Movies source,TruthfulQA,0.23457533982454448,0.297495157142784,0.17688453697801576,1.0,1000,0.7654246601754555,0.8223897441167454,0.7036574952956436,0.0,1000
OOD,qwen25_7b,22,math,mmlu,math->mmlu,0.12896634615384617,0.3099894488705123,-0.06829258428580634,0.098,1000,0.40420673076923075,0.5084576296469799,0.31261887757919105,0.966,1000,0.5957932692307693,0.6880527564323514,0.48922448811110997,0.042,1000,Qwen2.5-7B,260,32,280,292,,Math source,MMLU,0.4668269230769231,0.5674348659003832,0.3734970062078566,0.753,1000,0.5331730769230769,0.6302859251907508,0.4311995813073587,0.261,1000
OOD,qwen25_7b,22,math,truthfulqa_binary,math->truthfulqa_binary,0.3986792634724767,0.5366760702813547,0.25697338715618784,0.0,1000,0.28525980911983034,0.3594572152972659,0.2181999246427481,1.0,1000,0.7147401908801697,0.7823227039279688,0.6482096421884752,0.0,1000,Qwen2.5-7B,506,82,535,588,,Math source,TruthfulQA,0.31606092740769304,0.3801136014192785,0.24322440400859036,1.0,1000,0.6839390725923069,0.750829213568356,0.6086221236789564,0.0,1000
OOD,qwen25_7b,22,movies,mmlu,movies->mmlu,0.22139423076923082,0.41125685510418325,0.02042634916581544,0.017,1000,0.3576923076923077,0.4598487933634992,0.2567217719833999,0.998,1000,0.6423076923076924,0.7366402346277494,0.5381779761102821,0.005,1000,Qwen2.5-7B,260,32,280,292,,Movies source,MMLU,0.42091346153846154,0.5186726760868114,0.30805195222018267,0.938,1000,0.5790865384615385,0.6925858322098006,0.4775812311080106,0.067,1000
OOD,qwen25_7b,22,movies,truthfulqa_binary,movies->truthfulqa_binary,0.4645473826279765,0.5793477029874987,0.3205476516374968,0.0,1000,0.2713535139303962,0.33742476041409136,0.21035673632275828,1.0,1000,0.7286464860696038,0.7911845273336977,0.6668042786421499,0.0,1000,Qwen2.5-7B,506,82,535,588,,Movies source,TruthfulQA,0.2640991034416273,0.3244607625157995,0.2087391480101589,1.0,1000,0.7359008965583727,0.7936879831814458,0.6701887901750582,0.0,1000
OOD,qwen25_7b,23,math,mmlu,math->mmlu,0.18557692307692308,0.36769398636950007,-0.007711677672139127,0.03,1000,0.38822115384615385,0.49457738005352025,0.2826540719074302,0.977,1000,0.6117788461538461,0.7108031200047362,0.5107626154326464,0.015,1000,Qwen2.5-7B,260,32,280,292,,Math source,MMLU,0.42620192307692306,0.5318891790008259,0.3244024123643689,0.921,1000,0.5737980769230769,0.6727956234531558,0.473656045137223,0.074,1000
OOD,qwen25_7b,23,math,truthfulqa_binary,math->truthfulqa_binary,0.3809168032391787,0.5150190159194962,0.2488508649919449,0.0,1000,0.3092403354863588,0.3689419738579182,0.24666608139343385,1.0,1000,0.6907596645136412,0.7568716293647642,0.6261010513217931,0.0,1000,Qwen2.5-7B,506,82,535,588,,Math source,TruthfulQA,0.30984286127446253,0.37765739475273014,0.24859142419192448,1.0,1000,0.6901571387255374,0.7509930803965827,0.6323813953610271,0.0,1000
OOD,qwen25_7b,23,movies,mmlu,movies->mmlu,0.19735576923076925,0.4055490436154499,0.0038214572115935715,0.022,1000,0.38221153846153844,0.4848913554146112,0.2844651132226095,0.99,1000,0.6177884615384616,0.7181859488207913,0.5131962360415865,0.01,1000,Qwen2.5-7B,260,32,280,292,,Movies source,MMLU,0.4204326923076923,0.5295729830258653,0.32810421451508853,0.933,1000,0.5795673076923077,0.6799003487347949,0.4741833739061428,0.062,1000
OOD,qwen25_7b,23,movies,truthfulqa_binary,movies->truthfulqa_binary,0.3959076448471995,0.5164107737514261,0.26695916220572546,0.0,1000,0.30092547961052735,0.3614731992977593,0.2400032769399613,1.0,1000,0.6990745203894727,0.7639970774297564,0.6309950785162514,0.0,1000,Qwen2.5-7B,506,82,535,588,,Movies source,TruthfulQA,0.30316687554227323,0.36853175660400506,0.24354293594950277,1.0,1000,0.6968331244577268,0.7588396326798674,0.6345500778601567,0.0,1000
OOD,qwen25_7b,24,math,mmlu,math->mmlu,0.11802884615384612,0.3130750867229992,-0.07631464880149096,0.119,1000,0.41959134615384613,0.5155011115441913,0.3140298444674875,0.94,1000,0.5804086538461538,0.6792826753884023,0.48351200743570427,0.057,1000,Qwen2.5-7B,260,32,280,292,,Math source,MMLU,0.4623798076923077,0.5566740932306969,0.36493471582181264,0.811,1000,0.5376201923076923,0.6361207526152908,0.4319943622269204,0.22,1000
OOD,qwen25_7b,24,math,truthfulqa_binary,math->truthfulqa_binary,0.366769497734503,0.4937032363094988,0.23392593970207534,0.0,1000,0.310083871589704,0.3750324893361968,0.24700694458010197,1.0,1000,0.6899161284102959,0.7535953077090228,0.6179937325632054,0.0,1000,Qwen2.5-7B,506,82,535,588,,Math source,TruthfulQA,0.3231466306757929,0.3955711098312379,0.25733454492977137,1.0,1000,0.676853369324207,0.7400579044654905,0.6062277633181425,0.0,1000
OOD,qwen25_7b,24,movies,mmlu,movies->mmlu,0.1310096153846153,0.34113696895263507,-0.07122038101118064,0.104,1000,0.4064903846153846,0.507224342375327,0.3000248534798535,0.961,1000,0.5935096153846153,0.6951210232577449,0.49126842748209015,0.035,1000,Qwen2.5-7B,260,32,280,292,,Movies source,MMLU,0.4625,0.5627547831614391,0.3613355660114215,0.745,1000,0.5375,0.6463293883012722,0.4335718995090096,0.213,1000
OOD,qwen25_7b,24,movies,truthfulqa_binary,movies->truthfulqa_binary,0.3927986117805842,0.5060116819410371,0.26667577714455365,0.0,1000,0.29916610430926444,0.36959952021443915,0.2364947373389763,1.0,1000,0.7008338956907355,0.764890536318481,0.6309017961641731,0.0,1000,Qwen2.5-7B,506,82,535,588,,Movies source,TruthfulQA,0.30803528391015134,0.3771022539728812,0.24820109512581012,1.0,1000,0.6919647160898487,0.7532905713287462,0.6285540245284368,0.0,1000
OOD,qwen25_7b,25,math,mmlu,math->mmlu,0.1036057692307693,0.2796520039895672,-0.09027953296703298,0.136,1000,0.4372596153846154,0.5341792719096823,0.3408095635073998,0.897,1000,0.5627403846153847,0.6583658908040918,0.46138011526449657,0.119,1000,Qwen2.5-7B,260,32,280,292,,Math source,MMLU,0.45913461538461536,0.5541626246650168,0.3704293305209642,0.802,1000,0.5408653846153846,0.6446655634101622,0.44423576642290397,0.204,1000
OOD,qwen25_7b,25,math,truthfulqa_binary,math->truthfulqa_binary,0.3999807191747807,0.5333369969929701,0.2573840650039583,0.0,1000,0.28766991227224525,0.3511179602958401,0.22243123342770815,1.0,1000,0.7123300877277547,0.7791071116737123,0.6418652419059483,0.0,1000,Qwen2.5-7B,506,82,535,588,,Math source,TruthfulQA,0.31234936855297407,0.3854882174134382,0.25070821331397825,1.0,1000,0.687650631447026,0.7517449946331036,0.6187122545181991,0.0,1000
OOD,qwen25_7b,25,movies,mmlu,movies->mmlu,0.12584134615384618,0.3322394117537576,-0.07770384630514743,0.125,1000,0.4149038461538462,0.5192705295883362,0.3063261665472698,0.94,1000,0.5850961538461539,0.6885427673101494,0.4779861976581055,0.065,1000,Qwen2.5-7B,260,32,280,292,,Movies source,MMLU,0.4592548076923077,0.5701450892857143,0.3488435750073681,0.758,1000,0.5407451923076924,0.6515331857191089,0.4229996969963618,0.241,1000
OOD,qwen25_7b,25,movies,truthfulqa_binary,movies->truthfulqa_binary,0.46821073941964714,0.5902772810197223,0.3458084713944807,0.0,1000,0.2568928950159067,0.32127890300967227,0.19679100119456897,1.0,1000,0.7431071049840933,0.8055326477364378,0.6836328911647548,0.0,1000,Qwen2.5-7B,506,82,535,588,,Movies source,TruthfulQA,0.27489636556444613,0.33789209175463986,0.22102307766457566,1.0,1000,0.7251036344355538,0.7811028664096001,0.6592643377801816,0.0,1000
OOD,qwen25_7b,26,math,mmlu,math->mmlu,0.22235576923076927,0.3888633030005269,0.004813854536994591,0.025,1000,0.36947115384615387,0.46482495444808736,0.2726537658982512,0.993,1000,0.6305288461538462,0.7290557519509,0.5169125214408233,0.014,1000,Qwen2.5-7B,260,32,280,292,,Math source,MMLU,0.4081730769230769,0.5066731075244374,0.31431491640543363,0.966,1000,0.5918269230769231,0.6872102053463283,0.48812844371465064,0.043,1000
OOD,qwen25_7b,26,math,truthfulqa_binary,math->truthfulqa_binary,0.3532488190494553,0.48799861131707956,0.21659330791194492,0.0,1000,0.3183505254024872,0.38159423348019594,0.25634251567307836,1.0,1000,0.6816494745975128,0.7498164533132531,0.6103696651457381,0.0,1000,Qwen2.5-7B,506,82,535,588,,Math source,TruthfulQA,0.3284006555480575,0.3980028006936085,0.26423236387213533,1.0,1000,0.6715993444519426,0.7340790434133092,0.6060606063604285,0.0,1000
OOD,qwen25_7b,26,movies,mmlu,movies->mmlu,0.13605769230769227,0.35896459438384903,-0.07242412444629022,0.098,1000,0.4009615384615385,0.4983538344880566,0.2997482069922716,0.976,1000,0.5990384615384615,0.6974540743210738,0.4939640095350647,0.037,1000,Qwen2.5-7B,260,32,280,292,,Movies source,MMLU,0.46298076923076925,0.5674821967191961,0.3521248802681992,0.763,1000,0.5370192307692307,0.6423562809305735,0.429176997667209,0.241,1000
OOD,qwen25_7b,26,movies,truthfulqa_binary,movies->truthfulqa_binary,0.2987081847103055,0.4203600060882053,0.1735732475417981,0.0,1000,0.33471512580738455,0.39682916593805323,0.27444519849915994,1.0,1000,0.6652848741926154,0.7347270420946527,0.6020966745712468,0.0,1000,Qwen2.5-7B,506,82,535,588,,Movies source,TruthfulQA,0.36657668948230987,0.43208577943616394,0.30509125182699937,1.0,1000,0.6334233105176902,0.694823999649244,0.5717284520376408,0.0,1000
OOD,qwen25_7b,27,math,mmlu,math->mmlu,0.1545673076923077,0.3667683813701904,-0.08599526990890519,0.1,1000,0.4188701923076923,0.5349273947931694,0.31239790468051337,0.925,1000,0.5811298076923077,0.6797659995216598,0.4746508286554397,0.07,1000,Qwen2.5-7B,260,32,280,292,,Math source,MMLU,0.4265625,0.5459358104950759,0.3133400300370302,0.898,1000,0.5734375,0.6818080305147914,0.46882522943442206,0.083,1000
OOD,qwen25_7b,27,math,truthfulqa_binary,math->truthfulqa_binary,0.18391497156078274,0.308064453125,0.05182474415587859,0.002,1000,0.4009688614672708,0.465737764786002,0.333652476896094,0.997,1000,0.5990311385327292,0.6563626935159619,0.534318732732005,0.0,1000,Qwen2.5-7B,506,82,535,588,,Math source,TruthfulQA,0.4151161669719464,0.4852100375925764,0.34442850097917593,0.991,1000,0.5848838330280536,0.6444507297164778,0.5159929875741334,0.011,1000
OOD,qwen25_7b,27,movies,mmlu,movies->mmlu,0.08269230769230762,0.28385607286974474,-0.13394816560568643,0.229,1000,0.46358173076923076,0.5685934126661436,0.3576423745173745,0.775,1000,0.5364182692307692,0.6433562744483688,0.4223498998606757,0.238,1000,Qwen2.5-7B,260,32,280,292,,Movies source,MMLU,0.45372596153846156,0.5629541993974585,0.35185211381803616,0.808,1000,0.5462740384615384,0.6483363246698169,0.44387964997855917,0.185,1000
OOD,qwen25_7b,27,movies,truthfulqa_binary,movies->truthfulqa_binary,0.16564638966547768,0.28195321356355146,0.026311456966517443,0.007,1000,0.42092451556926636,0.4826777212765448,0.358531422969748,0.99,1000,0.5790754844307336,0.6395158034597853,0.5157814375686538,0.003,1000,Qwen2.5-7B,506,82,535,588,,Movies source,TruthfulQA,0.41342909476525597,0.47970355519484065,0.349146193809917,0.995,1000,0.5865709052347441,0.6470309131257772,0.5210457157057654,0.008,1000
OOD,llama31_8b,0,math,mmlu,math->mmlu,0.06624872924432396,0.3141195638070281,-0.18395936159001647,0.301,1000,0.5030498136225009,0.6784621510604408,0.3274053030303031,0.507,1000,0.49695018637749916,0.6596056383370125,0.30593446234035476,0.535,1000,Llama-3.1-8B,13,454,258,467,,Math source,MMLU,0.4307014571331752,0.6258763890574306,0.25420237913603994,0.767,1000,0.5692985428668248,0.7356878122033768,0.39489097496706194,0.23,1000
OOD,llama31_8b,0,math,truthfulqa_binary,math->truthfulqa_binary,-0.004741472560755744,0.09613671884920859,-0.10042232934355122,0.545,1000,0.4908415663085022,0.54505628788631,0.43426621159313256,0.624,1000,0.5091584336914978,0.5626635311323016,0.4582433828647532,0.346,1000,Llama-3.1-8B,283,196,420,479,,Math source,TruthfulQA,0.5138999062522536,0.5705456245208469,0.45663507230866657,0.294,1000,0.48610009374774643,0.538531744802823,0.4286494537501122,0.685,1000
OOD,llama31_8b,0,movies,mmlu,movies->mmlu,0.003388681802778737,0.12982178813460105,-0.1268763310567673,0.481,1000,0.48475093188749574,0.6533925720145911,0.31590137851674416,0.574,1000,0.5152490681125043,0.699626816216433,0.3633107144339863,0.409,1000,Llama-3.1-8B,13,454,258,467,,Movies source,MMLU,0.5118603863097255,0.6989863393735074,0.3276587455643074,0.463,1000,0.4881396136902745,0.686744576446281,0.3135574176347362,0.553,1000
OOD,llama31_8b,0,movies,truthfulqa_binary,movies->truthfulqa_binary,-0.0011718468306050056,0.023888468856288085,-0.026895733372208505,0.534,1000,0.5282865796495276,0.5836056704921155,0.4738766159312138,0.164,1000,0.47171342035047237,0.5238244839146926,0.4198064826855718,0.87,1000,Llama-3.1-8B,283,196,420,479,,Movies source,TruthfulQA,0.4728852671810774,0.5300816613900773,0.4202097287549467,0.838,1000,0.5271147328189226,0.584796557399393,0.47192211808693124,0.177,1000
OOD,llama31_8b,1,math,mmlu,math->mmlu,0.028973229413758017,0.2483771605678064,-0.21518458038237123,0.394,1000,0.5016943409013893,0.6606722464495777,0.31647104896335193,0.482,1000,0.49830565909861063,0.6686917820257652,0.3418096540450706,0.504,1000,Llama-3.1-8B,13,454,258,467,,Math source,MMLU,0.4693324296848526,0.6293380351233052,0.3166994061527448,0.646,1000,0.5306675703151474,0.6813694924301241,0.36925627627233615,0.333,1000
OOD,llama31_8b,1,math,truthfulqa_binary,math->truthfulqa_binary,0.017379389918511567,0.10732796120285422,-0.09164839573636868,0.376,1000,0.4839366842143218,0.5384504763291951,0.42563667052484316,0.741,1000,0.5160633157856782,0.5744928212978732,0.46338009436009414,0.286,1000,Llama-3.1-8B,283,196,420,479,,Math source,TruthfulQA,0.49868392586716664,0.5536014002194451,0.44111575163104827,0.533,1000,0.5013160741328333,0.5538812026826161,0.44360612654129167,0.5,1000
OOD,llama31_8b,1,movies,mmlu,movies->mmlu,0.008980006777363547,0.16718308661570355,-0.14947442075904954,0.474,1000,0.4532361911216537,0.6263249350955864,0.2791640386839062,0.682,1000,0.5467638088783463,0.7241844539818789,0.37025502668191346,0.266,1000,Llama-3.1-8B,13,454,258,467,,Movies source,MMLU,0.5377838021009828,0.6944766542980828,0.371516481349672,0.329,1000,0.4622161978990173,0.62409297751816,0.28786207165412653,0.686,1000
OOD,llama31_8b,1,movies,truthfulqa_binary,movies->truthfulqa_binary,0.043286219081272115,0.07351199234121153,0.015493238039458007,0.003,1000,0.5061296603447033,0.5599072132862203,0.4505852483952723,0.456,1000,0.49387033965529675,0.5477122343499975,0.4410383887173976,0.58,1000,Llama-3.1-8B,283,196,420,479,,Movies source,TruthfulQA,0.45058412057402464,0.5111281142686016,0.39634510383684046,0.949,1000,0.5494158794259754,0.6038230313559054,0.495366245695748,0.042,1000
OOD,llama31_8b,2,math,mmlu,math->mmlu,-0.05709928837682138,0.2549125369988466,-0.35971504702194357,0.637,1000,0.5711623178583531,0.7104108154573516,0.4279407067884234,0.156,1000,0.4288376821416469,0.5762837492532157,0.2903781022202075,0.834,1000,Llama-3.1-8B,13,454,258,467,,Math source,MMLU,0.4859369705184683,0.6632455259904889,0.30459640632421575,0.585,1000,0.5140630294815317,0.7029975225523384,0.3336914968352704,0.444,1000
OOD,llama31_8b,2,math,truthfulqa_binary,math->truthfulqa_binary,0.0969748323357611,0.18938272435681763,0.004291022252920557,0.021,1000,0.40127641162472055,0.4548393771299901,0.35181094689170134,1.0,1000,0.5987235883752794,0.6522323685899035,0.5518375006754433,0.0,1000,Llama-3.1-8B,283,196,420,479,,Math source,TruthfulQA,0.5017487560395183,0.5619126793350735,0.4464375644629623,0.486,1000,0.4982512439604817,0.5567148812945358,0.440852622250026,0.539,1000
OOD,llama31_8b,2,movies,mmlu,movies->mmlu,0.017790579464588174,0.1562560766766103,-0.10801627031803246,0.38,1000,0.4481531684174856,0.6126834844420075,0.28419117403301014,0.734,1000,0.5518468315825144,0.7205219592965493,0.39414330897708794,0.274,1000,Llama-3.1-8B,13,454,258,467,,Movies source,MMLU,0.5340562521179262,0.6794864666762014,0.39028348951733777,0.304,1000,0.4659437478820739,0.6054573156174887,0.317094751866491,0.667,1000
OOD,llama31_8b,2,movies,truthfulqa_binary,movies->truthfulqa_binary,-0.0015865003245114084,0.03862082126912838,-0.046158915311698016,0.512,1000,0.5355880868248359,0.5936656274630641,0.48481572212785307,0.087,1000,0.46441191317516406,0.5177211670227376,0.40824557240042136,0.897,1000,Llama-3.1-8B,283,196,420,479,,Movies source,TruthfulQA,0.46599841349967547,0.5234621998877406,0.4059755663197725,0.879,1000,0.5340015865003245,0.5905535901592697,0.4754795809835708,0.111,1000
OOD,llama31_8b,3,math,mmlu,math->mmlu,-0.07692307692307693,0.1500083402835696,-0.32975967026694764,0.739,1000,0.5997966790918333,0.766311940862089,0.41021735371564755,0.146,1000,0.40020332090816674,0.5857163608372629,0.219516288199578,0.879,1000,Llama-3.1-8B,13,454,258,467,,Math source,MMLU,0.47712639783124366,0.667207558555337,0.2895538371059521,0.605,1000,0.5228736021687563,0.7108236011807828,0.3391576542366626,0.385,1000
OOD,llama31_8b,3,math,truthfulqa_binary,math->truthfulqa_binary,0.07041898031297322,0.10253717858361554,0.03631795064988573,0.0,1000,0.417213528520949,0.4701441478179073,0.36729879558511,0.999,1000,0.5827864714790509,0.6344773552947179,0.5301752530569406,0.003,1000,Llama-3.1-8B,283,196,420,479,,Math source,TruthfulQA,0.5123674911660777,0.5705533437459949,0.45658056666765384,0.322,1000,0.4876325088339223,0.5374606242153532,0.4275701800070669,0.693,1000
OOD,llama31_8b,3,movies,mmlu,movies->mmlu,0.12588952897322947,0.3201899711849806,-0.06581538897933005,0.1,1000,0.35598102338190446,0.5370651875320489,0.18553416750697227,0.944,1000,0.6440189766180956,0.8267846686324948,0.4604530261303318,0.064,1000,Llama-3.1-8B,13,454,258,467,,Movies source,MMLU,0.5181294476448661,0.6662600290955996,0.3667893612746554,0.424,1000,0.4818705523551339,0.6340550181587338,0.3260097428233038,0.575,1000
OOD,llama31_8b,3,movies,truthfulqa_binary,movies->truthfulqa_binary,-0.040005047955577966,-0.002098267054810731,-0.07891144516795119,0.978,1000,0.5407802697050552,0.5970383721052902,0.481649676916221,0.087,1000,0.45921973029494484,0.5187296531099045,0.40111899247112676,0.911,1000,Llama-3.1-8B,283,196,420,479,,Movies source,TruthfulQA,0.4992247782505228,0.5549640959006704,0.44414483799346954,0.484,1000,0.5007752217494772,0.554375406442323,0.443174731985664,0.53,1000
OOD,llama31_8b,4,math,mmlu,math->mmlu,-0.05676042019654348,0.23120610630780658,-0.3334583652337474,0.661,1000,0.5491358861402914,0.7023392105920392,0.4054499430851313,0.256,1000,0.4508641138597086,0.5890469128626056,0.2872814023549817,0.746,1000,Llama-3.1-8B,13,454,258,467,,Math source,MMLU,0.5076245340562521,0.674000047394893,0.3374159849159849,0.452,1000,0.49237546594374787,0.6859354831994005,0.3176365546218487,0.508,1000
OOD,llama31_8b,4,math,truthfulqa_binary,math->truthfulqa_binary,0.036543592702098504,0.1340056376609619,-0.058285235808185384,0.245,1000,0.4475012619888945,0.5005958940518583,0.3839010485688765,0.973,1000,0.5524987380111055,0.6053399569746377,0.49647596192708754,0.034,1000,Llama-3.1-8B,283,196,420,479,,Math source,TruthfulQA,0.515955145309007,0.5684815023233721,0.4614936707477353,0.31,1000,0.484044854690993,0.5407898377463652,0.4294247014077841,0.702,1000
OOD,llama31_8b,4,movies,mmlu,movies->mmlu,-0.14520501524906815,0.1920386904761904,-0.47504053544494723,0.802,1000,0.5403253134530668,0.7322687124703254,0.3251840590843756,0.364,1000,0.4596746865469332,0.6603712303769708,0.2612803726572176,0.626,1000,Llama-3.1-8B,13,454,258,467,,Movies source,MMLU,0.6048797017960014,0.7479368358913813,0.44539000424284503,0.1,1000,0.39512029820399863,0.5569773976023974,0.23818047516033197,0.919,1000
OOD,llama31_8b,4,movies,truthfulqa_binary,movies->truthfulqa_binary,-0.0698961563423956,-0.005857959356746076,-0.13330439641111794,0.987,1000,0.551074493401601,0.5999408568904223,0.4981218841413303,0.028,1000,0.4489255065983991,0.5015119709316174,0.39558250317886084,0.971,1000,Llama-3.1-8B,283,196,420,479,,Movies source,TruthfulQA,0.5188216629407947,0.5732012050038465,0.4644824230077093,0.233,1000,0.4811783370592053,0.5360685929137198,0.4269170492905953,0.737,1000
OOD,llama31_8b,5,math,mmlu,math->mmlu,-0.06133514063029483,0.1904276815858811,-0.33372040551316867,0.691,1000,0.518468315825144,0.7012148266223734,0.33401265625572785,0.426,1000,0.481531684174856,0.6646524245527426,0.3134909875012912,0.589,1000,Llama-3.1-8B,13,454,258,467,,Math source,MMLU,0.5428668248051508,0.6841503887778683,0.409324272219009,0.264,1000,0.4571331751948492,0.6067210996888417,0.31600973973254154,0.726,1000
OOD,llama31_8b,5,math,truthfulqa_binary,math->truthfulqa_binary,0.004326819066849341,0.11182964991739712,-0.09994178502310383,0.493,1000,0.496989255065984,0.5516992539203557,0.4445519255493486,0.564,1000,0.503010744934016,0.5554859182918168,0.44877270683453235,0.446,1000,Llama-3.1-8B,283,196,420,479,,Math source,TruthfulQA,0.49868392586716664,0.559315568086711,0.44101192239850723,0.512,1000,0.5013160741328333,0.5592940414028784,0.4390994946598395,0.484,1000
OOD,llama31_8b,5,movies,mmlu,movies->mmlu,0.0022026431718061845,0.3127447169099959,-0.3187007043687566,0.5,1000,0.5083022704168079,0.6882193167190321,0.33918208856576343,0.479,1000,0.49169772958319213,0.6592861295989608,0.30626828508379095,0.539,1000,Llama-3.1-8B,13,454,258,467,,Movies source,MMLU,0.48949508641138595,0.6452189522447033,0.3251900278940028,0.589,1000,0.510504913588614,0.6619580158289836,0.35963019181663947,0.443,1000
OOD,llama31_8b,5,movies,truthfulqa_binary,movies->truthfulqa_binary,-0.1736136150573303,-0.07333765229464671,-0.2775244142996237,1.0,1000,0.5966322924929689,0.6479846690122044,0.5443061377538994,0.0,1000,0.4033677075070311,0.4604512583209497,0.34816200907770123,1.0,1000,Llama-3.1-8B,283,196,420,479,,Movies source,TruthfulQA,0.5769813225643614,0.6303626432190523,0.5210543764646038,0.0,1000,0.4230186774356386,0.48145799145769314,0.37342096066090535,0.996,1000
OOD,llama31_8b,6,math,mmlu,math->mmlu,-0.06692646560487969,0.1903324243604725,-0.3421657351713375,0.67,1000,0.5345645543883429,0.6727052712018061,0.3826533069579427,0.315,1000,0.46543544561165706,0.6036681595726691,0.32127353182033686,0.683,1000,Llama-3.1-8B,13,454,258,467,,Math source,MMLU,0.5323619112165368,0.6740744446992043,0.3955473400524855,0.328,1000,0.46763808878346325,0.5984577492476826,0.3152835656741907,0.692,1000
OOD,llama31_8b,6,math,truthfulqa_binary,math->truthfulqa_binary,0.008545467657027461,0.1164788060490877,-0.10377280357673115,0.469,1000,0.502776375567895,0.5536539911308204,0.4512583733962898,0.462,1000,0.497223624432105,0.5574456948016755,0.44262960532445444,0.522,1000,Llama-3.1-8B,283,196,420,479,,Math source,TruthfulQA,0.48867815677507753,0.546045383410481,0.4331299252374217,0.642,1000,0.5113218432249225,0.5652117481117731,0.45452383412887776,0.326,1000
OOD,llama31_8b,6,movies,mmlu,movies->mmlu,-0.291087766858692,-0.003967806387161266,-0.5607025295830652,0.976,1000,0.7085733649610302,0.8283200357648887,0.583501181755185,0.004,1000,0.2914266350389698,0.4260543665835779,0.1778717814707066,0.999,1000,Llama-3.1-8B,13,454,258,467,,Movies source,MMLU,0.5825144018976618,0.763703287626039,0.41119195856111224,0.163,1000,0.4174855981023382,0.5857350704510943,0.25354460268720586,0.838,1000
OOD,llama31_8b,6,movies,truthfulqa_binary,movies->truthfulqa_binary,-0.14496646715223194,-0.037186781108300794,-0.2442264289844517,0.994,1000,0.5775221749477176,0.6295809697125206,0.5233410203593827,0.004,1000,0.4224778250522824,0.47474614803210985,0.36568431025364617,0.998,1000,Llama-3.1-8B,283,196,420,479,,Movies source,TruthfulQA,0.5674442922045143,0.623971613125041,0.5123998211909802,0.01,1000,0.4325557077954857,0.48503188359652966,0.37702711494684954,0.991,1000
OOD,llama31_8b,7,math,mmlu,math->mmlu,-0.08302270416807866,0.14768557773459737,-0.28700638607336026,0.755,1000,0.5474415452389021,0.6687078741735123,0.4384729751046865,0.174,1000,0.4525584547610979,0.5659449722624698,0.34772832906292045,0.801,1000,Llama-3.1-8B,13,454,258,467,,Math source,MMLU,0.5355811589291766,0.6766796673091507,0.41139437902532916,0.295,1000,0.46441884107082343,0.5902374401913875,0.3227578877578878,0.73,1000
OOD,llama31_8b,7,math,truthfulqa_binary,math->truthfulqa_binary,-0.026898391865580185,0.07645246547492146,-0.1270841770239261,0.685,1000,0.5466395038580804,0.6035695881143437,0.4908597220543621,0.051,1000,0.45336049614191964,0.5122125242308537,0.39473340319659783,0.942,1000,Llama-3.1-8B,283,196,420,479,,Math source,TruthfulQA,0.48025888800749983,0.5361740895753603,0.423242387575249,0.755,1000,0.5197411119925002,0.5746384587807618,0.464114760432621,0.255,1000
OOD,llama31_8b,7,movies,mmlu,movies->mmlu,-0.29803456455438837,-0.05764814983020817,-0.5133094523758517,0.992,1000,0.6589291765503219,0.7808284413527882,0.5302657198880463,0.009,1000,0.3410708234496781,0.4674789414090348,0.22097541774880644,0.994,1000,Llama-3.1-8B,13,454,258,467,,Movies source,MMLU,0.6391053880040665,0.7681197536791678,0.519542484789823,0.003,1000,0.3608946119959336,0.4944084533568273,0.24622961293378523,0.981,1000
OOD,llama31_8b,7,movies,truthfulqa_binary,movies->truthfulqa_binary,-0.15531477608711336,-0.059783967816470426,-0.23304119016624394,1.0,1000,0.5555094829451215,0.6032958186595706,0.500519242999475,0.022,1000,0.44449051705487846,0.4951698046071021,0.3943331714004048,0.984,1000,Llama-3.1-8B,283,196,420,479,,Movies source,TruthfulQA,0.5998052931419918,0.6511138054737614,0.5464386472044439,0.0,1000,0.40019470685800823,0.4510269564704335,0.3442363088447236,1.0,1000
OOD,llama31_8b,8,math,mmlu,math->mmlu,0.011521518129447572,0.29613478436027985,-0.2814513045192701,0.46,1000,0.48763131141985766,0.6579797714540362,0.3134621511078226,0.571,1000,0.5123686885801423,0.6828894313320488,0.34435873583345494,0.41,1000,Llama-3.1-8B,13,454,258,467,,Math source,MMLU,0.5008471704506947,0.6480910802296075,0.360385101010101,0.485,1000,0.49915282954930534,0.6541797952111004,0.3456279915570984,0.509,1000
OOD,llama31_8b,8,math,truthfulqa_binary,math->truthfulqa_binary,-0.04447609432465566,0.05182337398218942,-0.1406796046601937,0.803,1000,0.5144047018100526,0.5655794799066307,0.4594552900729968,0.322,1000,0.48559529818994734,0.5445104594093335,0.424851385632478,0.672,1000,Llama-3.1-8B,283,196,420,479,,Math source,TruthfulQA,0.530071392514603,0.5815232728212072,0.4761768040002384,0.127,1000,0.469928607485397,0.5256328681847054,0.414347058281082,0.852,1000
OOD,llama31_8b,8,movies,mmlu,movies->mmlu,0.04506946797695699,0.3787038281718957,-0.29162952284314214,0.35,1000,0.4706879024059641,0.6380611050877935,0.2958664221423822,0.658,1000,0.529312097594036,0.6760663099838813,0.37777009222661395,0.355,1000,Llama-3.1-8B,13,454,258,467,,Movies source,MMLU,0.484242629617079,0.6616111347668724,0.2997523271359829,0.586,1000,0.515757370382921,0.6981426629573063,0.3413647005965933,0.446,1000
OOD,llama31_8b,8,movies,truthfulqa_binary,movies->truthfulqa_binary,-0.10452873728996898,-0.01474149151326863,-0.20294850715789253,0.986,1000,0.526826278214466,0.5739735767305998,0.47618769675513484,0.133,1000,0.473173721785534,0.5260254967809204,0.41996168917312926,0.845,1000,Llama-3.1-8B,283,196,420,479,,Movies source,TruthfulQA,0.577702459075503,0.631349005281422,0.5252946903947174,0.0,1000,0.422297540924497,0.47630417283392157,0.3669272743335117,0.996,1000
OOD,llama31_8b,9,math,mmlu,math->mmlu,0.08098949508641134,0.36525814651535643,-0.22355192512858765,0.278,1000,0.457641477465266,0.6021174789831506,0.3151505821713863,0.728,1000,0.5423585225347339,0.6832561843937647,0.3969674231674073,0.272,1000,Llama-3.1-8B,13,454,258,467,,Math source,MMLU,0.4613690274483226,0.6133254515128232,0.3230316113684383,0.711,1000,0.5386309725516774,0.668555676687872,0.38481226869384766,0.294,1000
OOD,llama31_8b,9,math,truthfulqa_binary,math->truthfulqa_binary,0.06259464916708735,0.17861551029734624,-0.05808843416362778,0.158,1000,0.4437513521309584,0.5037224423876125,0.3859891818796484,0.969,1000,0.5562486478690416,0.615250028962362,0.499552531100887,0.026,1000,Llama-3.1-8B,283,196,420,479,,Math source,TruthfulQA,0.49365399870195426,0.549148113244628,0.43777530121772246,0.592,1000,0.5063460012980457,0.5677142553975718,0.44578937706498206,0.419,1000
OOD,llama31_8b,9,movies,mmlu,movies->mmlu,-0.04354456116570654,0.20251002666440246,-0.29054887339771057,0.639,1000,0.5377838021009828,0.7024613630271669,0.3732165065008479,0.301,1000,0.4622161978990173,0.6350578896182835,0.31223093482444425,0.654,1000,Llama-3.1-8B,13,454,258,467,,Movies source,MMLU,0.5057607590647238,0.6675215678856831,0.34254718605953677,0.48,1000,0.49423924093527616,0.6486989119384733,0.32927125079097236,0.528,1000
OOD,llama31_8b,9,movies,truthfulqa_binary,movies->truthfulqa_binary,0.3031117040455758,0.3893949555968898,0.21305655502250653,0.0,1000,0.23368428643542222,0.27896248815421565,0.19122863771945336,1.0,1000,0.7663157135645777,0.8060474189155096,0.7205585180450965,0.0,1000,Llama-3.1-8B,283,196,420,479,,Movies source,TruthfulQA,0.4632040095190019,0.5206710815786437,0.40680836633985695,0.888,1000,0.536795990480998,0.59033050316677,0.4787072560998286,0.112,1000
OOD,llama31_8b,10,math,mmlu,math->mmlu,0.25465943747882075,0.5388096105150818,-0.0384511461692669,0.043,1000,0.35123686885801425,0.5241780572061461,0.20982643183331748,0.959,1000,0.6487631311419858,0.7984160644292013,0.48995510129760605,0.034,1000,Llama-3.1-8B,13,454,258,467,,Math source,MMLU,0.39410369366316506,0.548825730755752,0.2512257009480212,0.919,1000,0.605896306336835,0.757843984962406,0.44417602156405805,0.088,1000
OOD,llama31_8b,10,math,truthfulqa_binary,math->truthfulqa_binary,0.06789500252397779,0.1813577922158315,-0.039062859673338536,0.092,1000,0.4512872286723877,0.5096471207865167,0.3954725753111188,0.949,1000,0.5487127713276123,0.6041371427847066,0.4921710983452178,0.053,1000,Llama-3.1-8B,283,196,420,479,,Math source,TruthfulQA,0.4808177688036345,0.5389775404180857,0.421558020126443,0.734,1000,0.5191822311963654,0.576352934987481,0.464328006172323,0.257,1000
OOD,llama31_8b,10,movies,mmlu,movies->mmlu,0.17383937648254827,0.422007133729776,-0.1127285898900695,0.107,1000,0.38427651643510674,0.5328609064511104,0.25377575714544504,0.946,1000,0.6157234835648933,0.741983253717609,0.47781825218289325,0.044,1000,Llama-3.1-8B,13,454,258,467,,Movies source,MMLU,0.441884107082345,0.6023825610894276,0.2919392164030029,0.772,1000,0.5581158929176551,0.7163250421003908,0.39502117812351495,0.241,1000
OOD,llama31_8b,10,movies,truthfulqa_binary,movies->truthfulqa_binary,0.19355303959039444,0.30244551223779803,0.08351559381710046,0.0,1000,0.328639936539987,0.38264619171079595,0.276847457926407,1.0,1000,0.671360063460013,0.7252975112104982,0.6154642740782849,0.0,1000,Llama-3.1-8B,283,196,420,479,,Movies source,TruthfulQA,0.47780702386961854,0.5395414363522618,0.4219265858610121,0.773,1000,0.5221929761303815,0.5814705631732152,0.4672390559362994,0.226,1000
OOD,llama31_8b,11,math,mmlu,math->mmlu,0.30243985089800063,0.5771910558365104,0.022316516853091144,0.017,1000,0.338529312097594,0.4676074762104497,0.19211863173216884,0.993,1000,0.6614706879024059,0.7906529069197472,0.5155569257243379,0.014,1000,Llama-3.1-8B,13,454,258,467,,Math source,MMLU,0.3590308370044053,0.5399917431706225,0.20137438875246882,0.941,1000,0.6409691629955947,0.7806638462480746,0.4757799018973895,0.047,1000
OOD,llama31_8b,11,math,truthfulqa_binary,math->truthfulqa_binary,0.11009951683853758,0.21494992800133852,0.001980170788116057,0.024,1000,0.44239922117256797,0.5015623406005257,0.3882187544401819,0.969,1000,0.5576007788274321,0.614278697323511,0.5019734436155061,0.019,1000,Llama-3.1-8B,283,196,420,479,,Math source,TruthfulQA,0.4475012619888945,0.5040962391095586,0.390186887288782,0.964,1000,0.5524987380111055,0.608192519834373,0.49985815572426456,0.027,1000
OOD,llama31_8b,11,movies,mmlu,movies->mmlu,0.13114198576753644,0.4703300622050621,-0.20191895980817542,0.211,1000,0.40698068451372416,0.5858983564562354,0.2406443587835998,0.859,1000,0.5930193154862758,0.7565822226019594,0.4206021890950761,0.134,1000,Llama-3.1-8B,13,454,258,467,,Movies source,MMLU,0.4618773297187394,0.6356401982190255,0.28533408912775726,0.695,1000,0.5381226702812606,0.7085895228367138,0.3599638910014229,0.362,1000
OOD,llama31_8b,11,movies,truthfulqa_binary,movies->truthfulqa_binary,0.32788274320328836,0.4206187628206896,0.2292517289829571,0.0,1000,0.21232061729285354,0.25678176008771136,0.1682845602839843,1.0,1000,0.7876793827071464,0.8297068188335659,0.74093004777532,0.0,1000,Llama-3.1-8B,283,196,420,479,,Movies source,TruthfulQA,0.4597966395038581,0.5171965192635827,0.4051042136291367,0.91,1000,0.5402033604961419,0.5977936321808274,0.482987640021965,0.084,1000
OOD,llama31_8b,12,math,mmlu,math->mmlu,0.21518129447644863,0.4931184573002755,-0.09003823839662442,0.083,1000,0.43646221619789904,0.5735599994435506,0.2955406782256355,0.805,1000,0.563537783802101,0.7192356552394845,0.4061054827361844,0.235,1000,Llama-3.1-8B,13,454,258,467,,Math source,MMLU,0.34835648932565233,0.5346731961220597,0.1826162096811693,0.952,1000,0.6516435106743477,0.8146416382447474,0.464864235466914,0.053,1000
OOD,llama31_8b,12,math,truthfulqa_binary,math->truthfulqa_binary,0.2653602076873153,0.36071353862535144,0.15731340546488173,0.0,1000,0.3833381409100743,0.43822037600683866,0.33383456808444806,1.0,1000,0.6166618590899258,0.6698436165228496,0.5664566644108493,0.0,1000,Llama-3.1-8B,283,196,420,479,,Math source,TruthfulQA,0.3513016514026105,0.40301451134320554,0.30214140352593016,1.0,1000,0.6486983485973895,0.6967133621392724,0.5997141355686476,0.0,1000
OOD,llama31_8b,12,movies,mmlu,movies->mmlu,0.042697390715011885,0.3911973662047858,-0.3186121829307167,0.392,1000,0.4622161978990173,0.6627682699478,0.26445804570344766,0.635,1000,0.5377838021009828,0.7131125422673754,0.3431525631321533,0.358,1000,Llama-3.1-8B,13,454,258,467,,Movies source,MMLU,0.49508641138597087,0.6720630931614582,0.32135048302501135,0.53,1000,0.5049135886140291,0.6696526834292791,0.3253424157871756,0.473,1000
OOD,llama31_8b,12,movies,truthfulqa_binary,movies->truthfulqa_binary,0.39446167159443285,0.4926849817433066,0.2980668028246306,0.0,1000,0.24349174298694742,0.28647573653556796,0.19956360922353267,1.0,1000,0.7565082570130526,0.7989714707050999,0.7106931292156858,0.0,1000,Llama-3.1-8B,283,196,420,479,,Movies source,TruthfulQA,0.3620465854186197,0.4145540029403813,0.31114883435542057,1.0,1000,0.6379534145813802,0.6890745414595093,0.5835010446515955,0.0,1000
OOD,llama31_8b,13,math,mmlu,math->mmlu,0.12741443578447986,0.42269539240924037,-0.18795321118893607,0.194,1000,0.42629617078956283,0.576815070935036,0.2855537581007531,0.85,1000,0.5737038292104372,0.7188508077288565,0.4236095610119048,0.158,1000,Llama-3.1-8B,13,454,258,467,,Math source,MMLU,0.4462893934259573,0.6192215600615115,0.2696685146299684,0.738,1000,0.5537106065740427,0.7133330366810541,0.36746464646464644,0.277,1000
OOD,llama31_8b,13,math,truthfulqa_binary,math->truthfulqa_binary,0.2697591404052787,0.3630187745675056,0.1679093816444249,0.0,1000,0.35743131174731374,0.4063227691890386,0.3038925416995009,1.0,1000,0.6425686882526862,0.6952408988957902,0.5899882319866916,0.0,1000,Llama-3.1-8B,283,196,420,479,,Math source,TruthfulQA,0.3728095478474075,0.42139140326027563,0.32154994970851464,1.0,1000,0.6271904521525925,0.6765844368958924,0.5707300650964444,0.0,1000
OOD,llama31_8b,13,movies,mmlu,movies->mmlu,0.06404608607251783,0.38473623260463746,-0.2876972949966286,0.346,1000,0.4235852253473399,0.6106564286439645,0.25314586365841824,0.811,1000,0.5764147746526601,0.7498712448647972,0.3878425992364045,0.188,1000,Llama-3.1-8B,13,454,258,467,,Movies source,MMLU,0.5123686885801423,0.6811536129122545,0.3375243880585855,0.434,1000,0.48763131141985766,0.673367903930131,0.31033463183200716,0.536,1000
OOD,llama31_8b,13,movies,truthfulqa_binary,movies->truthfulqa_binary,0.5267361361505732,0.6067395202122574,0.43329950759912794,0.0,1000,0.19813225643614335,0.23576933421224752,0.16122120361901404,1.0,1000,0.8018677435638566,0.8393110328340291,0.7613389330697311,0.0,1000,Llama-3.1-8B,283,196,420,479,,Movies source,TruthfulQA,0.27513160741328335,0.3249017340680163,0.2280474860478083,1.0,1000,0.7248683925867166,0.7713428805528854,0.6771531570118142,0.0,1000
OOD,llama31_8b,14,math,mmlu,math->mmlu,0.2021348695357506,0.5042747434371858,-0.13434927598179275,0.124,1000,0.3903761436801084,0.5630747659479108,0.23214860530385475,0.902,1000,0.6096238563198916,0.7648774092970521,0.45361218699333455,0.093,1000,Llama-3.1-8B,13,454,258,467,,Math source,MMLU,0.40748898678414097,0.5970714670106263,0.2222044043560124,0.825,1000,0.5925110132158591,0.7674527669992609,0.39905430703112194,0.152,1000
OOD,llama31_8b,14,math,truthfulqa_binary,math->truthfulqa_binary,0.28459652412201625,0.3851457120452748,0.18072482772158951,0.0,1000,0.3525816687098868,0.40758070833109483,0.3015375547115248,1.0,1000,0.6474183312901132,0.6973333043164327,0.5935024979530432,0.0,1000,Llama-3.1-8B,283,196,420,479,,Math source,TruthfulQA,0.3628218071680969,0.41462117289109707,0.31413231558223026,1.0,1000,0.6371781928319031,0.689665299154348,0.5889300226916119,0.0,1000
OOD,llama31_8b,14,movies,mmlu,movies->mmlu,0.17451711284310406,0.5742301111738262,-0.23985347358042378,0.195,1000,0.39190105049135887,0.5759242678280885,0.20142910824145097,0.877,1000,0.6080989495086412,0.8008187577902472,0.4194736970663101,0.119,1000,Llama-3.1-8B,13,454,258,467,,Movies source,MMLU,0.4335818366655371,0.6302867955978314,0.23859577604059776,0.767,1000,0.5664181633344629,0.7701407994589263,0.35120540247392223,0.265,1000
OOD,llama31_8b,14,movies,truthfulqa_binary,movies->truthfulqa_binary,0.3802552823249441,0.4764632323696589,0.28315267653138937,0.0,1000,0.29586428210860316,0.3430080073606895,0.24810527803957727,1.0,1000,0.7041357178913968,0.7525311808196498,0.6566708855824197,0.0,1000,Llama-3.1-8B,283,196,420,479,,Movies source,TruthfulQA,0.32388043556645274,0.3724869485879277,0.27788161287636864,1.0,1000,0.6761195644335473,0.7266822359555852,0.628693757349087,0.0,1000
OOD,llama31_8b,15,math,mmlu,math->mmlu,0.26956963741104706,0.5679276574985631,-0.07512730719062596,0.063,1000,0.35276177566926464,0.5170061929595827,0.2129540754230076,0.955,1000,0.6472382243307353,0.8072990060705577,0.4676604745234572,0.053,1000,Llama-3.1-8B,13,454,258,467,,Math source,MMLU,0.37766858691968824,0.5730613107220175,0.20496548933672362,0.905,1000,0.6223314130803118,0.8212078264517289,0.43475882421747614,0.107,1000
OOD,llama31_8b,15,math,truthfulqa_binary,math->truthfulqa_binary,0.3237181798514459,0.41708591929007544,0.22198072766306887,0.0,1000,0.32966755606836373,0.38226163540184915,0.28093832457503026,1.0,1000,0.6703324439316363,0.7174705562980288,0.6181161092093377,0.0,1000,Llama-3.1-8B,283,196,420,479,,Math source,TruthfulQA,0.34661426408019036,0.397184940092691,0.2991096260741878,1.0,1000,0.6533857359198096,0.7048414875396795,0.6049741051676215,0.0,1000
OOD,llama31_8b,15,movies,mmlu,movies->mmlu,0.31802778719078273,0.6646403734456849,-0.05289946603383272,0.047,1000,0.31921382582175534,0.5085640646240089,0.15509782819107087,0.968,1000,0.6807861741782446,0.8440656277410238,0.5028935896123395,0.024,1000,Llama-3.1-8B,13,454,258,467,,Movies source,MMLU,0.3627583869874619,0.575739802066886,0.17190271514947478,0.908,1000,0.6372416130125381,0.825922619047619,0.4386948837014725,0.079,1000
OOD,llama31_8b,15,movies,truthfulqa_binary,movies->truthfulqa_binary,0.2864895074637629,0.39143541756630706,0.17800755181189962,0.0,1000,0.33877190452152595,0.3895190904910477,0.28706302961788654,1.0,1000,0.661228095478474,0.7119792106960884,0.608256037860445,0.0,1000,Llama-3.1-8B,283,196,420,479,,Movies source,TruthfulQA,0.37473858801471116,0.4278889262098091,0.3205039721833223,1.0,1000,0.6252614119852888,0.6729682183228878,0.573857156712183,0.0,1000
OOD,llama31_8b,16,math,mmlu,math->mmlu,0.34005421890884446,0.6493604212993296,0.0017753840875764707,0.025,1000,0.3007455099966113,0.445271079130903,0.1610946252368694,0.998,1000,0.6992544900033887,0.8355556713928273,0.5587305425506424,0.005,1000,Llama-3.1-8B,13,454,258,467,,Math source,MMLU,0.3592002710945442,0.565577768936631,0.16392535642071693,0.93,1000,0.6407997289054558,0.8294793641935845,0.4442164806135394,0.083,1000
OOD,llama31_8b,16,math,truthfulqa_binary,math->truthfulqa_binary,0.3613254489074782,0.4571284677708242,0.26689401186823863,0.0,1000,0.31001658613975625,0.3603150375611248,0.26207952548929414,1.0,1000,0.6899834138602438,0.7361060716394975,0.6395674940962073,0.0,1000,Llama-3.1-8B,283,196,420,479,,Math source,TruthfulQA,0.32865796495276556,0.3761311458189952,0.28011395920327026,1.0,1000,0.6713420350472344,0.7200500946243159,0.6169977796911499,0.0,1000
OOD,llama31_8b,16,movies,mmlu,movies->mmlu,0.32378854625550657,0.6757312209283803,-0.04007980623726065,0.05,1000,0.32175533717383936,0.517303431984529,0.14973776313420217,0.964,1000,0.6782446628261606,0.8484371754354729,0.4977991956280897,0.027,1000,Llama-3.1-8B,13,454,258,467,,Movies source,MMLU,0.354456116570654,0.5526349710217374,0.16487992019747147,0.931,1000,0.645543883429346,0.8300923489396727,0.4309620785427237,0.069,1000
OOD,llama31_8b,16,movies,truthfulqa_binary,movies->truthfulqa_binary,0.38532126631571356,0.48128524479575735,0.2795727298818805,0.0,1000,0.3024987380111055,0.34962827275386693,0.2570867621631531,1.0,1000,0.6975012619888945,0.7483373363895548,0.6483371509563876,0.0,1000,Llama-3.1-8B,283,196,420,479,,Movies source,TruthfulQA,0.31217999567318094,0.3687463397160802,0.2633643669389059,1.0,1000,0.6878200043268191,0.7375433111674565,0.6382852806443667,0.0,1000
OOD,llama31_8b,17,math,mmlu,math->mmlu,0.34903422568620807,0.6676730167873601,0.0348829533778445,0.014,1000,0.2531345306675703,0.35791887065443195,0.13489835268193057,1.0,1000,0.7468654693324297,0.855913422953451,0.6281207030397743,0.0,1000,Llama-3.1-8B,13,454,258,467,,Math source,MMLU,0.39783124364622163,0.6128381835980954,0.18966866223313164,0.831,1000,0.6021687563537784,0.8135895770757167,0.38519014858742,0.159,1000
OOD,llama31_8b,17,math,truthfulqa_binary,math->truthfulqa_binary,0.4085598903872504,0.4948460994940668,0.3127415461716027,0.0,1000,0.292547054157352,0.34058574371782163,0.2490261157646952,1.0,1000,0.7074529458426481,0.7550811817924463,0.6597159239098126,0.0,1000,Llama-3.1-8B,283,196,420,479,,Math source,TruthfulQA,0.2988930554553977,0.34829870591700124,0.25146329214419133,1.0,1000,0.7011069445446023,0.7460871080322352,0.6492477888233076,0.0,1000
OOD,llama31_8b,17,movies,mmlu,movies->mmlu,0.404778041341918,0.6989872709535252,0.051532546867141864,0.011,1000,0.2783802100982718,0.4474259955193194,0.11688149076847706,0.991,1000,0.7216197899017283,0.8667551632793237,0.5204239225773389,0.017,1000,Llama-3.1-8B,13,454,258,467,,Movies source,MMLU,0.31684174855981023,0.5064608364608364,0.15074089783884514,0.97,1000,0.6831582514401897,0.8514557964203988,0.5125941595281737,0.022,1000
OOD,llama31_8b,17,movies,truthfulqa_binary,movies->truthfulqa_binary,0.4277962068219514,0.5198972651237299,0.3317179072914785,0.0,1000,0.29247494050623785,0.34556744712093157,0.24321182266467517,1.0,1000,0.7075250594937622,0.7517874804888749,0.6551743801923667,0.0,1000,Llama-3.1-8B,283,196,420,479,,Movies source,TruthfulQA,0.2797288526718108,0.3302724249255724,0.22994690379616697,1.0,1000,0.7202711473281892,0.7668440123119031,0.6676113034923484,0.0,1000
OOD,llama31_8b,18,math,mmlu,math->mmlu,0.330565909861064,0.6724134968570803,-0.0035826447979610664,0.029,1000,0.2716028464927143,0.41686965420332356,0.14365482299958107,0.997,1000,0.7283971535072856,0.8551234274258449,0.590116072302312,0.002,1000,Llama-3.1-8B,13,454,258,467,,Math source,MMLU,0.39783124364622163,0.6179449194303452,0.19038642423539828,0.818,1000,0.6021687563537784,0.8002978102375852,0.3859337103623247,0.189,1000
OOD,llama31_8b,18,math,truthfulqa_binary,math->truthfulqa_binary,0.4482043700872575,0.5353527740839501,0.3550313912272695,0.0,1000,0.28158577918800026,0.33014099463883256,0.23449018024819482,1.0,1000,0.7184142208119997,0.7664756534649849,0.6678555578421624,0.0,1000,Llama-3.1-8B,283,196,420,479,,Math source,TruthfulQA,0.2702098507247422,0.3174914227802346,0.22492095061554257,1.0,1000,0.7297901492752578,0.7732527992100727,0.6837304148889248,0.0,1000
OOD,llama31_8b,18,movies,mmlu,movies->mmlu,0.38647915960691287,0.6924157873583984,0.034485438719728034,0.02,1000,0.2873602168756354,0.4656450973943462,0.13541397780072276,0.986,1000,0.7126397831243646,0.8673196368848543,0.5266313477871634,0.011011011011011011,999,Llama-3.1-8B,13,454,258,467,,Movies source,MMLU,0.32616062351745173,0.5144462719298245,0.17162062101164263,0.961,1000,0.6738393764825483,0.8394831742305108,0.5111499367719191,0.015,1000
OOD,llama31_8b,18,movies,truthfulqa_binary,movies->truthfulqa_binary,0.4309692074709743,0.5253244033077132,0.33133585080733524,0.0,1000,0.2876613542943679,0.3361230264305959,0.2404245909619309,1.0,1000,0.7123386457056321,0.7591723774013415,0.6626021057392117,0.0,1000,Llama-3.1-8B,283,196,420,479,,Movies source,TruthfulQA,0.2813694382346578,0.33764741336132803,0.23496469371084364,1.0,1000,0.7186305617653421,0.7659693268259417,0.6685172087129043,0.0,1000
OOD,llama31_8b,19,math,mmlu,math->mmlu,0.3534395120298204,0.6489679951690821,0.038458765605767505,0.017,1000,0.25381226702812604,0.40332515888366943,0.13009893669857325,0.999,1000,0.7461877329718739,0.8664465524830407,0.6017864467664228,0.001,1000,Llama-3.1-8B,13,454,258,467,,Math source,MMLU,0.3927482209420535,0.6069626696832578,0.19346232237043354,0.837,1000,0.6072517790579465,0.8107176475662728,0.38923105604313657,0.155,1000
OOD,llama31_8b,19,math,truthfulqa_binary,math->truthfulqa_binary,0.45748900266820514,0.5499496203975799,0.36898269546752094,0.0,1000,0.2708408451719911,0.3146273918231798,0.22748919769575396,1.0,1000,0.729159154828009,0.7778751040505449,0.6821746329508842,0.0,1000,Llama-3.1-8B,283,196,420,479,,Math source,TruthfulQA,0.27167015215980383,0.3239774284534409,0.22795542297146268,1.0,1000,0.7283298478401962,0.7717968572678523,0.681722151605617,0.0,1000
OOD,llama31_8b,19,movies,mmlu,movies->mmlu,0.40545577770247376,0.7092624477002487,0.0653364595804025,0.014,1000,0.2793968146391054,0.44818204384431715,0.12545318529549357,0.994,1000,0.7206031853608946,0.8690776581470413,0.5493797191180912,0.01,1000,Llama-3.1-8B,13,454,258,467,,Movies source,MMLU,0.31514740765842086,0.4959903413077428,0.16079685750537231,0.978,1000,0.6848525923415791,0.838245524256559,0.506447884592865,0.021,1000
OOD,llama31_8b,19,movies,truthfulqa_binary,movies->truthfulqa_binary,0.46049974760222107,0.550633072153029,0.3579226865729067,0.0,1000,0.2713095839042331,0.32437580492579754,0.2236150472627902,1.0,1000,0.7286904160957669,0.7745755618254896,0.67738985053254,0.0,1000,Llama-3.1-8B,283,196,420,479,,Movies source,TruthfulQA,0.26819066849354584,0.31947864063289594,0.22035182695673763,1.0,1000,0.7318093315064542,0.7791826608449645,0.6824888710271199,0.0,1000
OOD,llama31_8b,20,math,mmlu,math->mmlu,0.3722466960352423,0.6927253471152438,0.04088592628832353,0.018,1000,0.2638088783463233,0.41870244598450873,0.13152763622774835,0.996,1000,0.7361911216536767,0.8632503249438733,0.5934333398704021,0.002,1000,Llama-3.1-8B,13,454,258,467,,Math source,MMLU,0.36394442561843443,0.5558763331360175,0.18651791200124715,0.913,1000,0.6360555743815656,0.8258728567663794,0.43738688730624214,0.095,1000
OOD,llama31_8b,20,math,truthfulqa_binary,math->truthfulqa_binary,0.4652231917501983,0.554551294703847,0.3702721955911896,0.0,1000,0.2617545251316074,0.30977345378387044,0.2170666960945413,1.0,1000,0.7382454748683925,0.7832168265563575,0.6911998391785787,0.0,1000,Llama-3.1-8B,283,196,420,479,,Math source,TruthfulQA,0.27302228311819426,0.31818153425208395,0.22709779103796973,1.0,1000,0.7269777168818057,0.77021970852065,0.6829780233797537,0.0,1000
OOD,llama31_8b,20,movies,mmlu,movies->mmlu,0.3861402914266351,0.7119736874147671,0.0063636001737116385,0.022,1000,0.2973568281938326,0.46945638877391116,0.14504713361967708,0.986,1000,0.7026431718061674,0.8585109021064782,0.5170150695015242,0.018,1000,Llama-3.1-8B,13,454,258,467,,Movies source,MMLU,0.31650288037953234,0.5015575284193845,0.16734220311685852,0.971,1000,0.6834971196204677,0.8538333433205495,0.5059377765728791,0.023,1000
OOD,llama31_8b,20,movies,truthfulqa_binary,movies->truthfulqa_binary,0.46297865435927027,0.5537079000400214,0.36426070107708824,0.0,1000,0.27043520588447395,0.3240788404244746,0.22213052382117843,1.0,1000,0.7295647941155261,0.7764751800698931,0.6838080837981909,0.0,1000,Llama-3.1-8B,283,196,420,479,,Movies source,TruthfulQA,0.26658613975625584,0.3174446314901759,0.22221127946127944,1.0,1000,0.7334138602437441,0.7813674233635477,0.6841339304255973,0.0,1000
OOD,llama31_8b,21,math,mmlu,math->mmlu,0.3471704506946798,0.6649298987515838,0.013433054765291663,0.023,1000,0.2890545577770247,0.46818180582735375,0.15357166515254753,0.987,1000,0.7109454422229753,0.8587623214973584,0.5363431112498049,0.012,1000,Llama-3.1-8B,13,454,258,467,,Math source,MMLU,0.3637749915282955,0.5598744717085008,0.16055909158850334,0.909,1000,0.6362250084717045,0.8342790749206941,0.4413800062688044,0.089,1000
OOD,llama31_8b,21,math,truthfulqa_binary,math->truthfulqa_binary,0.4443282613398717,0.5350356048777871,0.3502283162025133,0.0,1000,0.2626198889449773,0.31106988693430226,0.2189933167389993,1.0,1000,0.7373801110550228,0.7822845008043829,0.687924006622131,0.0,1000,Llama-3.1-8B,283,196,420,479,,Math source,TruthfulQA,0.2930518497151511,0.3423921219275416,0.24628683741767757,1.0,1000,0.7069481502848489,0.7504605743422017,0.6578216035770287,0.0,1000
OOD,llama31_8b,21,movies,mmlu,movies->mmlu,0.35072856658759743,0.6627891414141415,-0.043907518157749265,0.037,1000,0.31040325313453065,0.5061767487134717,0.13852285522766072,0.968,1000,0.6895967468654693,0.8674522121445938,0.4964200372293291,0.029,1000,Llama-3.1-8B,13,454,258,467,,Movies source,MMLU,0.3388681802778719,0.5224604931391333,0.1617080220283428,0.963,1000,0.6611318197221281,0.8178015819642819,0.4686659275683666,0.046,1000
OOD,llama31_8b,21,movies,truthfulqa_binary,movies->truthfulqa_binary,0.4700728347876253,0.5615597729953068,0.37649273940695444,0.0,1000,0.2648914689550732,0.31281389471940085,0.22022235452853242,1.0,1000,0.7351085310449268,0.7796253680533599,0.68666857766924,0.0,1000,Llama-3.1-8B,283,196,420,479,,Movies source,TruthfulQA,0.2650356962573015,0.31158073261148095,0.21614612732271013,1.0,1000,0.7349643037426985,0.7850293113574475,0.6873160741280141,0.0,1000
OOD,llama31_8b,22,math,mmlu,math->mmlu,0.31955269400203323,0.661496358982593,-0.059232519100426435,0.054,1000,0.3007455099966113,0.46506417315897447,0.14460744199100617,0.994,1000,0.6992544900033887,0.8463410708384478,0.5165754472664685,0.016,1000,Llama-3.1-8B,13,454,258,467,,Math source,MMLU,0.37970179600135545,0.600009029380179,0.1892850362868015,0.88,1000,0.6202982039986445,0.8123054928666315,0.4051187751109441,0.116,1000
OOD,llama31_8b,22,math,truthfulqa_binary,math->truthfulqa_binary,0.43495348669503137,0.5222941042273873,0.3392218757562314,0.0,1000,0.26968702675416456,0.31902278978033677,0.22287242040815597,1.0,1000,0.7303129732458354,0.7743163665958294,0.6841836635333096,0.0,1000,Llama-3.1-8B,283,196,420,479,,Math source,TruthfulQA,0.2953594865508041,0.3472708559308409,0.2480438023155938,1.0,1000,0.704640513449196,0.7492523541525357,0.6537555189808874,0.0,1000
OOD,llama31_8b,22,movies,mmlu,movies->mmlu,0.3414096916299559,0.7036111233966846,-0.03863751174812036,0.038,1000,0.3205692985428668,0.5262377442638297,0.14910011432304424,0.959,1000,0.6794307014571331,0.8468451126499071,0.49736800518996604,0.026,1000,Llama-3.1-8B,13,454,258,467,,Movies source,MMLU,0.33802100982717725,0.5391636615856432,0.1568689849250511,0.946,1000,0.6619789901728228,0.8446350644259505,0.4687888744940565,0.042,1000
OOD,llama31_8b,22,movies,truthfulqa_binary,movies->truthfulqa_binary,0.44982692723732604,0.5417918882984202,0.35541353922971936,0.0,1000,0.2735631355015504,0.3196999965255518,0.22895535714285714,1.0,1000,0.7264368644984496,0.7727482845906214,0.678031018590947,0.0,1000,Llama-3.1-8B,283,196,420,479,,Movies source,TruthfulQA,0.27660993726112354,0.3274406450962144,0.22858370405322706,1.0,1000,0.7233900627388765,0.7721803403489386,0.6738278316482907,0.0,1000
OOD,llama31_8b,23,math,mmlu,math->mmlu,0.33209081667231455,0.7012530639415344,-0.07767581774072115,0.047,1000,0.2976956963741105,0.4654200132035078,0.14540188209988572,0.991,1000,0.7023043036258896,0.8445090310899134,0.5248796594852875,0.012,1000,Llama-3.1-8B,13,454,258,467,,Math source,MMLU,0.37021348695357503,0.5850184938151831,0.18857091432685386,0.9,1000,0.629786513046425,0.821989967357911,0.4337857367698794,0.087,1000
OOD,llama31_8b,23,math,truthfulqa_binary,math->truthfulqa_binary,0.45110694454460226,0.5448373695824061,0.35746102704711574,0.0,1000,0.2573555924136439,0.3046333190372163,0.21350099815380127,1.0,1000,0.7426444075863561,0.7862816034379747,0.6941784769463342,0.0,1000,Llama-3.1-8B,283,196,420,479,,Math source,TruthfulQA,0.2915374630417538,0.341548488949707,0.24131294496672226,1.0,1000,0.7084625369582462,0.7559404336119604,0.6601756567266374,0.0,1000
OOD,llama31_8b,23,movies,mmlu,movies->mmlu,0.354625550660793,0.6950190934462457,-0.06734523371925652,0.048,1000,0.3129447644866147,0.4950814684627362,0.1475241977890283,0.977,1000,0.6870552355133853,0.859215819559706,0.4869205676620931,0.032,1000,Llama-3.1-8B,13,454,258,467,,Movies source,MMLU,0.33242968485259233,0.5131955194358445,0.15360887096774195,0.964,1000,0.6675703151474076,0.8191045920504443,0.4688535574564021,0.048,1000
OOD,llama31_8b,23,movies,truthfulqa_binary,movies->truthfulqa_binary,0.47739237037571214,0.5734380129737163,0.37956763817947964,0.0,1000,0.25863560972092015,0.31195577639285554,0.214218242648145,1.0,1000,0.7413643902790799,0.7866887595164878,0.6917454478405012,0.0,1000,Llama-3.1-8B,283,196,420,479,,Movies source,TruthfulQA,0.2639720199033677,0.3135287916158593,0.21903620724415016,1.0,1000,0.7360279800966323,0.7782708199888885,0.6878599491148091,0.0,1000
OOD,llama31_8b,24,math,mmlu,math->mmlu,0.3214164689935616,0.653586921902628,-0.06523933484032327,0.046,1000,0.30125381226702813,0.47175342495008055,0.1484957264957265,0.987,1000,0.6987461877329719,0.8477280218661266,0.5258754857196813,0.012,1000,Llama-3.1-8B,13,454,258,467,,Math source,MMLU,0.37732971873941035,0.5718020162308954,0.18500570874474187,0.881,1000,0.6226702812605897,0.8149459621044886,0.4331108452007502,0.106,1000
OOD,llama31_8b,24,math,truthfulqa_binary,math->truthfulqa_binary,0.4041609576692867,0.4953268407581469,0.30584744404267294,0.0,1000,0.2673433330929545,0.3149101732299418,0.22332339631676892,1.0,1000,0.7326566669070455,0.780092232255534,0.6830360776871517,0.0,1000,Llama-3.1-8B,283,196,420,479,,Math source,TruthfulQA,0.3284957092377587,0.3821783448759794,0.2790533862968583,1.0,1000,0.6715042907622413,0.721213269692679,0.615368153080065,0.0,1000
OOD,llama31_8b,24,movies,mmlu,movies->mmlu,0.35428668248051515,0.7147224232773595,-0.07082471994543768,0.039,1000,0.3166723144696713,0.5049425028654788,0.14017765785844163,0.97,1000,0.6833276855303287,0.8564387028325812,0.49770245228063414,0.026,1000,Llama-3.1-8B,13,454,258,467,,Movies source,MMLU,0.3290410030498136,0.5044764512075137,0.1660589599698215,0.972,1000,0.6709589969501863,0.8455513478372203,0.4801179874727669,0.034,1000
OOD,llama31_8b,24,movies,truthfulqa_binary,movies->truthfulqa_binary,0.45788562774933295,0.5450467804206209,0.3498948187770431,0.0,1000,0.2678120718251965,0.3174797105801286,0.22301533016363345,1.0,1000,0.7321879281748035,0.7784271138734568,0.6873970858723357,0.0,1000,Llama-3.1-8B,283,196,420,479,,Movies source,TruthfulQA,0.27430230042547055,0.3175791349789786,0.2254017295259855,1.0,1000,0.7256976995745295,0.7706083398054338,0.6792011596437062,0.0,1000
OOD,llama31_8b,25,math,mmlu,math->mmlu,0.37800745509996614,0.6489646178092986,0.05515857617991767,0.013,1000,0.283124364622162,0.4412843295844872,0.1380718842560948,0.995,1000,0.716875635377838,0.8519508208055945,0.5562822929758414,0.002,1000,Llama-3.1-8B,13,454,258,467,,Math source,MMLU,0.3388681802778719,0.4951990924796536,0.1917701303065559,0.978,1000,0.6611318197221281,0.8139666161435047,0.4874142767279449,0.034,1000
OOD,llama31_8b,25,math,truthfulqa_binary,math->truthfulqa_binary,0.39749044494122737,0.49506611929589645,0.29931459948849526,0.0,1000,0.27790798298117836,0.32752961839157213,0.22991057320680044,1.0,1000,0.7220920170188216,0.7686972518681796,0.677271833040173,0.0,1000,Llama-3.1-8B,283,196,420,479,,Math source,TruthfulQA,0.32460157207759427,0.37419142891664803,0.27576947234612925,1.0,1000,0.6753984279224057,0.7225469353163246,0.6245745398345472,0.0,1000
OOD,llama31_8b,25,movies,mmlu,movies->mmlu,0.38529312097594043,0.7110796620764293,0.024998448928944622,0.022,1000,0.3024398508980007,0.4874884021785046,0.14302523140127704,0.982,1000,0.6975601491019994,0.8635528566229985,0.5023892668178382,0.024,1000,Llama-3.1-8B,13,454,258,467,,Movies source,MMLU,0.31226702812605894,0.5026308540886348,0.1545751171075145,0.972,1000,0.687732971873941,0.8468672190510174,0.5205727685804105,0.019,1000
OOD,llama31_8b,25,movies,truthfulqa_binary,movies->truthfulqa_binary,0.4337816398644263,0.5236587294271914,0.340456746093916,0.0,1000,0.27671810773779476,0.3305612475679427,0.22882455873065444,1.0,1000,0.7232818922622052,0.7700992778498112,0.6753401661850963,0.0,1000,Llama-3.1-8B,283,196,420,479,,Movies source,TruthfulQA,0.2895002523977789,0.33391604301580874,0.24123664545188436,1.0,1000,0.7104997476022211,0.7625665071217848,0.6640247334993682,0.0,1000
OOD,llama31_8b,26,math,mmlu,math->mmlu,0.3893595391392748,0.6584846338462604,0.041048137254020775,0.017,1000,0.27634700101660453,0.4233067348008386,0.1434563364624506,0.998,1000,0.7236529989833954,0.8503899313195049,0.5631591499990926,0.007,1000,Llama-3.1-8B,13,454,258,467,,Math source,MMLU,0.3342934598441206,0.5209594057977778,0.1843427127674703,0.963,1000,0.6657065401558794,0.8173265417261051,0.5018316425532501,0.021,1000
OOD,llama31_8b,26,math,truthfulqa_binary,math->truthfulqa_binary,0.39505660921612457,0.48654297682547876,0.2949656481050146,0.0,1000,0.2674875603951828,0.31543772412961035,0.22112258616749048,1.0,1000,0.7325124396048172,0.7763749135324861,0.6848511033414565,0.0,1000,Llama-3.1-8B,283,196,420,479,,Math source,TruthfulQA,0.3374558303886926,0.3904751627190545,0.2886757661827618,1.0,1000,0.6625441696113075,0.7144467730660082,0.6131430515788201,0.0,1000
OOD,llama31_8b,26,movies,mmlu,movies->mmlu,0.383598780074551,0.7124168514412416,0.03005374108974923,0.021,1000,0.29955947136563876,0.4973990273819652,0.13018941951780713,0.977,1000,0.7004405286343612,0.8598022744563059,0.5027592547596885,0.024,1000,Llama-3.1-8B,13,454,258,467,,Movies source,MMLU,0.31684174855981023,0.4973192637492608,0.16620121499349902,0.976,1000,0.6831582514401897,0.8477907863849765,0.4978055015519538,0.026,1000
OOD,llama31_8b,26,movies,truthfulqa_binary,movies->truthfulqa_binary,0.453035984711906,0.5448130314356351,0.3549652524266258,0.0,1000,0.2642063892694887,0.31478301825668786,0.21550442971144237,1.0,1000,0.7357936107305113,0.7776656794029314,0.6913612245564518,0.0,1000,Llama-3.1-8B,283,196,420,479,,Movies source,TruthfulQA,0.2827576260186053,0.32980930699139377,0.23436484979212452,1.0,1000,0.7172423739813947,0.7678417891819805,0.6666070318667254,0.0,1000
OOD,llama31_8b,27,math,mmlu,math->mmlu,0.39156218231108103,0.6640978770088359,0.050224078118089335,0.014,1000,0.27702473737716027,0.4460690007742857,0.13814326817683598,0.996,1000,0.7229752626228397,0.8633267723573746,0.5583478547003908,0.013,1000,Llama-3.1-8B,13,454,258,467,,Math source,MMLU,0.3314130803117587,0.49224631578647376,0.17553551068496723,0.98,1000,0.6685869196882412,0.8267972777255865,0.5061428712066244,0.016,1000
OOD,llama31_8b,27,math,truthfulqa_binary,math->truthfulqa_binary,0.38681762457633234,0.4840384931271687,0.2898851414812368,0.0,1000,0.2810449268046441,0.32882859098408684,0.23600547982545603,1.0,1000,0.7189550731953559,0.7670500366592568,0.6719640641638533,0.0,1000,Llama-3.1-8B,283,196,420,479,,Math source,TruthfulQA,0.33213744861902356,0.38786453948518285,0.28623559925962305,1.0,1000,0.6678625513809764,0.7162449798374687,0.612962804958923,0.0,1000
OOD,llama31_8b,27,movies,mmlu,movies->mmlu,0.3946119959335818,0.7129043840731254,-0.02556859410430839,0.029,1000,0.2921043713995256,0.4831522778027956,0.13119025088765324,0.981,1000,0.7078956286004744,0.8750085216205687,0.5191077767858996,0.014,1000,Llama-3.1-8B,13,454,258,467,,Movies source,MMLU,0.3132836326668926,0.5028443900291096,0.15669067615922277,0.972,1000,0.6867163673331074,0.8528236171865863,0.5028295967709706,0.022,1000
OOD,llama31_8b,27,movies,truthfulqa_binary,movies->truthfulqa_binary,0.42300064902286,0.5161277471316891,0.32865669897583044,0.0,1000,0.27776375567895,0.3247255420142152,0.2308641043447171,1.0,1000,0.7222362443210499,0.7694248454965218,0.6748571798112855,0.0,1000,Llama-3.1-8B,283,196,420,479,,Movies source,TruthfulQA,0.29923559529818994,0.3494177686769174,0.25244860317579104,1.0,1000,0.70076440470181,0.7495845324400692,0.6508821328855208,0.0,1000
OOD,llama31_8b,28,math,mmlu,math->mmlu,0.40664181633344626,0.6906650135427225,0.07139512307489804,0.012,1000,0.2729583192138258,0.4343902671487259,0.13979232595114202,0.995,1000,0.7270416807861741,0.862174688057041,0.5630886561355312,0.005,1000,Llama-3.1-8B,13,454,258,467,,Math source,MMLU,0.3203998644527279,0.4830462065186133,0.1773373015873016,0.985,1000,0.6796001355472722,0.8356019840961459,0.51564736920439,0.018,1000
OOD,llama31_8b,28,math,truthfulqa_binary,math->truthfulqa_binary,0.4147436359702891,0.5037980043587938,0.3160433494473086,0.0,1000,0.2647472416528449,0.31225578994058223,0.21939514943443253,1.0,1000,0.7352527583471551,0.7798307233557145,0.6894168282600349,0.0,1000,Llama-3.1-8B,283,196,420,479,,Math source,TruthfulQA,0.32050912237686596,0.36966680761453935,0.2723422867484022,1.0,1000,0.6794908776231341,0.725949076241555,0.6267893817407504,0.0,1000
OOD,llama31_8b,28,movies,mmlu,movies->mmlu,0.39156218231108103,0.7119425205666816,0.012906203288490285,0.024,1000,0.2915960691291088,0.452449197657943,0.11729953269688369,0.989,1000,0.7084039308708913,0.8731714730655408,0.5165803091838072,0.018,1000,Llama-3.1-8B,13,454,258,467,,Movies source,MMLU,0.31684174855981023,0.4992384805225934,0.15971325095795422,0.975,1000,0.6831582514401897,0.8493268110031998,0.504582639451306,0.023,1000
OOD,llama31_8b,28,movies,truthfulqa_binary,movies->truthfulqa_binary,0.44443643181654285,0.534297040445105,0.3555565956669155,0.0,1000,0.26496358260618735,0.31378489110089336,0.21988199117104346,1.0,1000,0.7350364173938126,0.7786039715690959,0.6895098275801244,0.0,1000,Llama-3.1-8B,283,196,420,479,,Movies source,TruthfulQA,0.2905999855772698,0.3400556120202658,0.24495507982355091,1.0,1000,0.7094000144227303,0.7604074441107143,0.6609071483076451,0.0,1000
OOD,llama31_8b,29,math,mmlu,math->mmlu,0.38021009827177227,0.6687346365845644,0.027968307903232018,0.015,1000,0.2873602168756354,0.45520153231462757,0.14010638947615695,0.988,1000,0.7126397831243646,0.8589267463494045,0.5409317817392945,0.008,1000,Llama-3.1-8B,13,454,258,467,,Math source,MMLU,0.33242968485259233,0.5107413699177328,0.17153077174864226,0.966,1000,0.6675703151474076,0.8235822732300885,0.47836516838140214,0.038,1000
OOD,llama31_8b,29,math,truthfulqa_binary,math->truthfulqa_binary,0.4118951467512801,0.5085478826300541,0.3202115912846497,0.0,1000,0.2709850724742194,0.31688313393213985,0.22592077188744406,1.0,1000,0.7290149275257807,0.7758873597480345,0.6838809845353515,0.0,1000,Llama-3.1-8B,283,196,420,479,,Math source,TruthfulQA,0.3171197807745006,0.36784866285054146,0.26822606446661473,1.0,1000,0.6828802192254994,0.7337610538341417,0.6259569577375498,0.0,1000
OOD,llama31_8b,29,movies,mmlu,movies->mmlu,0.36428329379871227,0.6813391541915853,-0.014399628923075647,0.031,1000,0.30379532361911216,0.5039802658120215,0.13275896462803485,0.974,1000,0.6962046763808878,0.8616963547205483,0.4977922227853681,0.026,1000,Llama-3.1-8B,13,454,258,467,,Movies source,MMLU,0.3319213825821755,0.5259897583234379,0.1653373323013416,0.955,1000,0.6680786174178245,0.8173233212985921,0.47197056484017513,0.038,1000
OOD,llama31_8b,29,movies,truthfulqa_binary,movies->truthfulqa_binary,0.4230367058484171,0.5075247897729734,0.32157524507633656,0.0,1000,0.2700656234225139,0.3124252562267753,0.22375092226671622,1.0,1000,0.7299343765774862,0.7743385096293708,0.6797663045733451,0.0,1000,Llama-3.1-8B,283,196,420,479,,Movies source,TruthfulQA,0.30689767072906904,0.3604479965663335,0.2601540954321316,1.0,1000,0.693102329270931,0.7399275290813931,0.6430914736985112,0.0,1000
OOD,llama31_8b,30,math,mmlu,math->mmlu,0.33361572348356494,0.6791690738137934,-0.05849667054388246,0.044,1000,0.32006099627245,0.5051396225943827,0.15659633161081862,0.972,1000,0.67993900372755,0.8435644957821524,0.4796319202614116,0.032,1000,Llama-3.1-8B,13,454,258,467,,Math source,MMLU,0.34632328024398507,0.5361672056401101,0.17691802252816022,0.948,1000,0.6536767197560149,0.833459302613589,0.4701615451036164,0.059,1000
OOD,llama31_8b,30,math,truthfulqa_binary,math->truthfulqa_binary,0.40490012259320685,0.5005183658362085,0.3123636456376093,0.0,1000,0.282379029350256,0.33178359502994653,0.23595186571083906,1.0,1000,0.717620970649744,0.7676659396795255,0.6709277041308265,0.0,1000,Llama-3.1-8B,283,196,420,479,,Math source,TruthfulQA,0.3127208480565371,0.36431934557917,0.26627568327454754,1.0,1000,0.6872791519434629,0.7377332301931023,0.6364778621138655,0.0,1000
OOD,llama31_8b,30,movies,mmlu,movies->mmlu,0.3319213825821755,0.6717362834090775,-0.03912086757780036,0.046,1000,0.31260589630633684,0.5076230099246004,0.1414533910295713,0.969,1000,0.6873941036936632,0.862157996664006,0.4972130368564825,0.027,1000,Llama-3.1-8B,13,454,258,467,,Movies source,MMLU,0.35547272111148764,0.5553491328415322,0.1782088162733324,0.927,1000,0.6445272788885124,0.8218817719344609,0.4258454208293284,0.077,1000
OOD,llama31_8b,30,movies,truthfulqa_binary,movies->truthfulqa_binary,0.4369185836878921,0.5287259384128116,0.33018019945139554,0.0,1000,0.2696149131030504,0.31792078212554126,0.22405752656112174,1.0,1000,0.7303850868969496,0.7764616763644966,0.6816059287254734,0.0,1000,Llama-3.1-8B,283,196,420,479,,Movies source,TruthfulQA,0.2934665032090575,0.34957837515993306,0.2448142473769067,1.0,1000,0.7065334967909426,0.7549201466616803,0.6540461287801713,0.0,1000
OOD,llama31_8b,31,math,mmlu,math->mmlu,0.3264994916977295,0.6305255360117265,-0.04350326677807752,0.04,1000,0.33242968485259233,0.514373453109398,0.17529809469421417,0.965,1000,0.6675703151474076,0.831240910315109,0.48854731345663266,0.032,1000,Llama-3.1-8B,13,454,258,467,,Math source,MMLU,0.3410708234496781,0.5298903981720757,0.1705745415575137,0.956,1000,0.6589291765503219,0.8234848755882276,0.4910412560862509,0.033,1000
OOD,llama31_8b,31,math,truthfulqa_binary,math->truthfulqa_binary,0.39237037571212224,0.4928372754277,0.29473441619190877,0.0,1000,0.2946383500396625,0.34425293669827695,0.2500612410904673,1.0,1000,0.7053616499603375,0.7538500670052193,0.6590830832880318,0.0,1000,Llama-3.1-8B,283,196,420,479,,Math source,TruthfulQA,0.3129912742482152,0.3621904609800042,0.26479835392349843,1.0,1000,0.6870087257517848,0.7347246651785714,0.6330531797997436,0.0,1000
OOD,llama31_8b,31,movies,mmlu,movies->mmlu,0.3159945781091156,0.7004806199281671,-0.08976512521454201,0.055,1000,0.32582175533717384,0.532331197259364,0.14526276189465073,0.957,1000,0.6741782446628262,0.8473897378188423,0.46298656534564575,0.045,1000,Llama-3.1-8B,13,454,258,467,,Movies source,MMLU,0.3581836665537106,0.5396303187644252,0.18042213628531667,0.934,1000,0.6418163334462894,0.8153803923335736,0.4607164223527931,0.065,1000
OOD,llama31_8b,31,movies,truthfulqa_binary,movies->truthfulqa_binary,0.4150320905747458,0.5141463285512738,0.3151040549133353,0.0,1000,0.2830100237975049,0.33129843525424646,0.2339199501448018,1.0,1000,0.7169899762024952,0.7643082184996037,0.6678525353020959,0.0,1000,Llama-3.1-8B,283,196,420,479,,Movies source,TruthfulQA,0.30195788562774933,0.35628461401973194,0.25250340187392784,1.0,1000,0.6980421143722507,0.7452965585166466,0.6479267364849259,0.0,1000
OOD,qwen25_14b,0,math,mmlu,math->mmlu,0.09206349206349201,0.23142589121592785,-0.03345152912818014,0.071,1000,0.4778835978835979,0.5468147790148843,0.4070062535565968,0.75,1000,0.5221164021164021,0.589867705258155,0.4525787213231894,0.278,1000,Qwen2.5-14B,135,140,201,275,,Math source,MMLU,0.4300529100529101,0.5014370480686373,0.36015364291107776,0.974,1000,0.56994708994709,0.6410626449428692,0.5049436663100217,0.017,1000
OOD,qwen25_14b,0,math,truthfulqa_binary,math->truthfulqa_binary,0.17844759653270287,0.31269510425944547,0.0384975934153566,0.004,1000,0.3994877856579984,0.4781465951202793,0.32924788504026586,0.995,1000,0.6005122143420015,0.6705570018845647,0.5245032461144994,0.007,1000,Qwen2.5-14B,270,94,292,364,,Math source,TruthfulQA,0.42206461780929866,0.494647377500685,0.34846251921969423,0.983,1000,0.5779353821907013,0.6491472126729528,0.5083757143636769,0.012,1000
OOD,qwen25_14b,0,movies,mmlu,movies->mmlu,0.0864550264550264,0.16378436769185847,0.0052328081199300835,0.018,1000,0.4284126984126984,0.4942205015637149,0.36496725120205187,0.98,1000,0.5715873015873015,0.6363111185626391,0.5050834167605223,0.018,1000,Qwen2.5-14B,135,140,201,275,,Movies source,MMLU,0.48513227513227514,0.5509716771323915,0.41557036367075734,0.649,1000,0.5148677248677249,0.5805466504756122,0.4451741251261137,0.342,1000
OOD,qwen25_14b,0,movies,truthfulqa_binary,movies->truthfulqa_binary,-0.013475177304964614,0.04545466131622119,-0.06989675357494629,0.654,1000,0.43963750985027583,0.5175315510282869,0.3623917819584002,0.939,1000,0.5603624901497242,0.6325089941579548,0.4850318713006106,0.062,1000,Qwen2.5-14B,270,94,292,364,,Movies source,TruthfulQA,0.5738376674546888,0.6503767699891897,0.49465334499317837,0.032,1000,0.4261623325453113,0.5065432532209534,0.3529181077507486,0.969,1000
OOD,qwen25_14b,1,math,mmlu,math->mmlu,0.09037037037037038,0.21143413864461486,-0.03975751879699245,0.114,1000,0.47603174603174603,0.5422821364296787,0.4084695217213083,0.754,1000,0.523968253968254,0.5911546995662752,0.45405487172017767,0.223,1000,Qwen2.5-14B,135,140,201,275,,Math source,MMLU,0.4335978835978836,0.5024734350443422,0.3667083686806635,0.966,1000,0.5664021164021164,0.6351296096359643,0.49556650038116595,0.04,1000
OOD,qwen25_14b,1,math,truthfulqa_binary,math->truthfulqa_binary,0.15524034672970838,0.3055625765931373,0.0056168915228406325,0.023,1000,0.4185973207249803,0.49540076952686146,0.3460773653451947,0.982,1000,0.5814026792750197,0.6569195230915903,0.5001246850727314,0.025,1000,Qwen2.5-14B,270,94,292,364,,Math source,TruthfulQA,0.4261623325453113,0.49615466937344144,0.34568029798358046,0.983,1000,0.5738376674546888,0.6487935497838669,0.5007593505289949,0.025,1000
OOD,qwen25_14b,1,movies,mmlu,movies->mmlu,0.008253968253968236,0.07913737646256767,-0.06781869191804717,0.423,1000,0.49243386243386245,0.5660467798513881,0.4222947847733317,0.58,1000,0.5075661375661376,0.573858835599761,0.4364172653915164,0.403,1000,Qwen2.5-14B,135,140,201,275,,Movies source,MMLU,0.4993121693121693,0.569376292138208,0.43354796581918553,0.508,1000,0.5006878306878307,0.5693516773899759,0.4307023244146488,0.473,1000
OOD,qwen25_14b,1,movies,truthfulqa_binary,movies->truthfulqa_binary,-0.03798266351457846,0.012843666720330629,-0.08681608352610704,0.932,1000,0.44893617021276594,0.5229508887319412,0.3716421696716314,0.9,1000,0.551063829787234,0.6279163211005497,0.4753375356192607,0.08,1000,Qwen2.5-14B,270,94,292,364,,Movies source,TruthfulQA,0.5890464933018125,0.6587412593894955,0.5192549088359046,0.004,1000,0.41095350669818753,0.4826370518099159,0.336437747192633,0.989,1000
OOD,qwen25_14b,2,math,mmlu,math->mmlu,0.08820105820105828,0.21630732085831586,-0.04333105335157312,0.099,1000,0.46656084656084656,0.5342709724041841,0.3999381562390412,0.823,1000,0.5334391534391535,0.6000564453495879,0.46426758830813347,0.152,1000,Qwen2.5-14B,135,140,201,275,,Math source,MMLU,0.4452380952380952,0.5143450117275856,0.3723853935067308,0.944,1000,0.5547619047619048,0.6220574070228866,0.4815109048600967,0.071,1000
OOD,qwen25_14b,2,math,truthfulqa_binary,math->truthfulqa_binary,0.16536643026004727,0.31554980831117246,0.02359837336075161,0.01,1000,0.4107565011820331,0.48806581057319065,0.3413473630370539,0.987,1000,0.5892434988179669,0.6624581780387552,0.513847317357314,0.008,1000,Qwen2.5-14B,270,94,292,364,,Math source,TruthfulQA,0.4238770685579196,0.4954914912650562,0.3496142754054041,0.982,1000,0.5761229314420804,0.6416512465076295,0.5026603013649124,0.019,1000
OOD,qwen25_14b,2,movies,mmlu,movies->mmlu,0.0026984126984127,0.029038921504674912,-0.022799377042483665,0.415,1000,0.5192592592592593,0.5900538523354384,0.44884805850714943,0.275,1000,0.48074074074074075,0.5510976903093866,0.4126938475985494,0.713,1000,Qwen2.5-14B,135,140,201,275,,Movies source,MMLU,0.47804232804232805,0.5424100276997653,0.4117236999035001,0.742,1000,0.521957671957672,0.5962250856782106,0.4456333238534888,0.281,1000
OOD,qwen25_14b,2,movies,truthfulqa_binary,movies->truthfulqa_binary,-0.02738376674546883,0.014018672762376448,-0.06674390412219362,0.9,1000,0.4503940110323089,0.5258029614870273,0.373926421232825,0.901,1000,0.5496059889676911,0.62067051848799,0.4647217662552235,0.11,1000,Qwen2.5-14B,270,94,292,364,,Movies source,TruthfulQA,0.5769897557131599,0.6447486860519306,0.4974935318020654,0.029,1000,0.42301024428684003,0.5025899903983858,0.3506945430626704,0.97,1000
OOD,qwen25_14b,3,math,mmlu,math->mmlu,0.1047089947089947,0.23962099904001313,-0.031574051015077584,0.065,1000,0.46026455026455027,0.5309637682273586,0.38646900947067986,0.881,1000,0.5397354497354497,0.6076187669764787,0.4727150589757812,0.11,1000,Qwen2.5-14B,135,140,201,275,,Math source,MMLU,0.43502645502645504,0.5080090718812553,0.3646928015188144,0.963,1000,0.564973544973545,0.6332518186110863,0.4939894198089237,0.04,1000
OOD,qwen25_14b,3,math,truthfulqa_binary,math->truthfulqa_binary,0.129511426319937,0.2820998100575821,-0.022993666177876678,0.045,1000,0.4297872340425532,0.5003184406984655,0.3538061314327777,0.973,1000,0.5702127659574469,0.6441114833464665,0.4919367823486167,0.04,1000,Qwen2.5-14B,270,94,292,364,,Math source,TruthfulQA,0.44070133963750985,0.5202822612398549,0.3692499535703419,0.931,1000,0.5592986603624901,0.6314816257798738,0.48684688939822807,0.057,1000
OOD,qwen25_14b,3,movies,mmlu,movies->mmlu,0.01518518518518519,0.04352685935710915,-0.012010887260887278,0.143,1000,0.47619047619047616,0.5448637286245045,0.40188572988957605,0.743,1000,0.5238095238095238,0.5936201294203889,0.4558274967045166,0.241,1000,Qwen2.5-14B,135,140,201,275,,Movies source,MMLU,0.5086243386243386,0.5798873176842754,0.4435190084529004,0.42,1000,0.49137566137566135,0.5660479839246589,0.4196747817773876,0.593,1000
OOD,qwen25_14b,3,movies,truthfulqa_binary,movies->truthfulqa_binary,0.005122143420015712,0.048177725082512564,-0.043911496775081105,0.414,1000,0.4221040189125296,0.4989966500453636,0.34546912934320173,0.975,1000,0.5778959810874704,0.6501891215185981,0.49742054720503,0.026,1000,Qwen2.5-14B,270,94,292,364,,Movies source,TruthfulQA,0.5727738376674547,0.6414768405012218,0.5036307962834382,0.021,1000,0.4272261623325453,0.4967066771192643,0.36252520587508297,0.979,1000
OOD,qwen25_14b,4,math,mmlu,math->mmlu,0.09883597883597883,0.2334551746144228,-0.044364614242898164,0.09,1000,0.4391005291005291,0.5097776336568339,0.372635275996632,0.949,1000,0.5608994708994709,0.6298497888615605,0.49138745197968675,0.039,1000,Qwen2.5-14B,135,140,201,275,,Math source,MMLU,0.46206349206349207,0.5329752333236648,0.3978094545223255,0.856,1000,0.5379365079365079,0.6025692584726198,0.4671396631663826,0.138,1000
OOD,qwen25_14b,4,math,truthfulqa_binary,math->truthfulqa_binary,0.13912529550827424,0.2744179004551193,-0.002771293004778505,0.028,1000,0.4239164696611505,0.4950686715058589,0.36317044259552034,0.981,1000,0.5760835303388495,0.6479413322123042,0.499797734932037,0.026,1000,Qwen2.5-14B,270,94,292,364,,Math source,TruthfulQA,0.4369582348305753,0.5112630558916119,0.36239884650487264,0.957,1000,0.5630417651694247,0.6319486923725004,0.49707977136623704,0.038,1000
OOD,qwen25_14b,4,movies,mmlu,movies->mmlu,0.02058201058201059,0.09171916379368303,-0.04482649830757592,0.256,1000,0.45925925925925926,0.5314933314476245,0.38397632917175695,0.866,1000,0.5407407407407407,0.6098296873068841,0.4770928102884034,0.119,1000,Qwen2.5-14B,135,140,201,275,,Movies source,MMLU,0.5201587301587302,0.598780515152586,0.44929990595611285,0.294,1000,0.47984126984126985,0.5527135530600268,0.41009138759581654,0.671,1000
OOD,qwen25_14b,4,movies,truthfulqa_binary,movies->truthfulqa_binary,0.012214342001576006,0.06072894822026423,-0.03632347862471996,0.276,1000,0.4227344365642238,0.5005627937537579,0.34701638866434525,0.972,1000,0.5772655634357762,0.6479023117879654,0.49929355574147344,0.028,1000,Qwen2.5-14B,270,94,292,364,,Movies source,TruthfulQA,0.5650512214342002,0.6384501276137953,0.4949561800375581,0.035,1000,0.43494877856579983,0.5058734849136884,0.36543292238788233,0.963,1000
OOD,qwen25_14b,5,math,mmlu,math->mmlu,0.1238624338624339,0.2596103740003464,-0.016284836612144,0.035,1000,0.41984126984126985,0.4916112015302598,0.3526550721427444,0.99,1000,0.5801587301587302,0.6536676573988358,0.5160800370113348,0.009,1000,Qwen2.5-14B,135,140,201,275,,Math source,MMLU,0.4562962962962963,0.5242802597259436,0.3840998216181473,0.899,1000,0.5437037037037037,0.6159068284602072,0.4729230838162828,0.09,1000
OOD,qwen25_14b,5,math,truthfulqa_binary,math->truthfulqa_binary,0.1258471237194641,0.2736254186767513,-0.022534680812809182,0.041,1000,0.4329787234042553,0.5047180122002792,0.3603395155666325,0.966,1000,0.5670212765957446,0.6454688580676415,0.4893424582216951,0.045,1000,Qwen2.5-14B,270,94,292,364,,Math source,TruthfulQA,0.44117415287628053,0.5147013399242849,0.37300327118697196,0.947,1000,0.5588258471237194,0.6324879879633654,0.4876445815766304,0.065,1000
OOD,qwen25_14b,5,movies,mmlu,movies->mmlu,-0.033280423280423244,0.05429450160884563,-0.11856102566005196,0.771,1000,0.4582010582010582,0.5293670567370872,0.3901224457586065,0.861,1000,0.5417989417989418,0.6140152697880047,0.4728575668505097,0.138,1000,Qwen2.5-14B,135,140,201,275,,Movies source,MMLU,0.5750793650793651,0.6415343083088696,0.504244468650599,0.019,1000,0.4249206349206349,0.4900314785504744,0.3569644144815617,0.987,1000
OOD,qwen25_14b,5,movies,truthfulqa_binary,movies->truthfulqa_binary,0.028723404255319163,0.0738027252648813,-0.010848711856653806,0.088,1000,0.41079590228526397,0.48756721713612133,0.3400529057755413,0.992,1000,0.589204097714736,0.6641258430778377,0.5174678224069797,0.007,1000,Qwen2.5-14B,270,94,292,364,,Movies source,TruthfulQA,0.5604806934594169,0.6341476975272423,0.4912878233869017,0.047,1000,0.43951930654058313,0.5167112435384716,0.3697877105029372,0.937,1000
OOD,qwen25_14b,6,math,mmlu,math->mmlu,0.0673015873015873,0.20160738038529885,-0.057914774416223565,0.155,1000,0.45264550264550263,0.5241722398166422,0.38521086359299245,0.898,1000,0.5473544973544974,0.6157659387956654,0.4752098583247199,0.084,1000,Qwen2.5-14B,135,140,201,275,,Math source,MMLU,0.48005291005291006,0.548487841223146,0.41172132550630686,0.736,1000,0.5199470899470899,0.5884257581173931,0.4497055083846457,0.293,1000
OOD,qwen25_14b,6,math,truthfulqa_binary,math->truthfulqa_binary,0.02919621749408985,0.1362025961570399,-0.07634744301957322,0.265,1000,0.43215130023640663,0.5045612742027692,0.3559725200643846,0.964,1000,0.5678486997635934,0.6342520158534919,0.4935461073318216,0.034,1000,Qwen2.5-14B,270,94,292,364,,Math source,TruthfulQA,0.5386524822695036,0.5989295415498255,0.4801049270072993,0.108,1000,0.4613475177304965,0.5208427220152312,0.401295689750746,0.901,1000
OOD,qwen25_14b,6,movies,mmlu,movies->mmlu,-0.03862433862433856,0.019014921490992168,-0.09845386041610338,0.891,1000,0.4482010582010582,0.5215695904885324,0.3776635533700504,0.909,1000,0.5517989417989418,0.6225996337293128,0.4763622121252281,0.073,1000,Qwen2.5-14B,135,140,201,275,,Movies source,MMLU,0.5904232804232804,0.6519596513075965,0.5240375349813045,0.01,1000,0.4095767195767196,0.4768738763840428,0.3443080326731528,0.997,1000
OOD,qwen25_14b,6,movies,truthfulqa_binary,movies->truthfulqa_binary,0.014420803782505875,0.060242218843351965,-0.03389404425558107,0.266,1000,0.41674546887312847,0.4903335019591715,0.33820632055111416,0.985,1000,0.5832545311268715,0.6527817835867444,0.5045979650730573,0.022,1000,Qwen2.5-14B,270,94,292,364,,Movies source,TruthfulQA,0.5688337273443657,0.6384903832287836,0.49067291105121297,0.041,1000,0.43116627265563434,0.5049914851497321,0.35524188391668854,0.967,1000
OOD,qwen25_14b,7,math,mmlu,math->mmlu,0.04555555555555563,0.16897215665705045,-0.0800219198790627,0.27,1000,0.4631746031746032,0.5283979435431314,0.3970740822286085,0.862,1000,0.5368253968253969,0.6034453855110095,0.4657524510364056,0.151,1000,Qwen2.5-14B,135,140,201,275,,Math source,MMLU,0.49126984126984125,0.5615516005121639,0.42006159807693055,0.576,1000,0.5087301587301587,0.5718573536778351,0.4431353567539647,0.389,1000
OOD,qwen25_14b,7,math,truthfulqa_binary,math->truthfulqa_binary,-0.021749408983451568,0.07513208350638129,-0.12478724872912696,0.669,1000,0.451812450748621,0.5180446504816623,0.3893314261171982,0.931,1000,0.548187549251379,0.6148282631961873,0.4825216120492415,0.083,1000,Qwen2.5-14B,270,94,292,364,,Math source,TruthfulQA,0.5699369582348306,0.6314848705872731,0.5099196805275132,0.014,1000,0.4300630417651694,0.499423202069522,0.3666080206120433,0.977,1000
OOD,qwen25_14b,7,movies,mmlu,movies->mmlu,0.027883597883597955,0.1121834932284151,-0.051760641403897,0.263,1000,0.42084656084656086,0.48549698238446953,0.35461415774279126,0.992,1000,0.5791534391534392,0.6432298008409826,0.5115386806309707,0.01,1000,Qwen2.5-14B,135,140,201,275,,Movies source,MMLU,0.5512698412698412,0.6197681501543731,0.4823466602636627,0.073,1000,0.44873015873015876,0.5177006470079749,0.3812438817565336,0.924,1000
OOD,qwen25_14b,7,movies,truthfulqa_binary,movies->truthfulqa_binary,-0.0011032308904649346,0.05430435754964057,-0.05629234067176933,0.52,1000,0.42304964539007095,0.5005999495049931,0.35281286218232943,0.974,1000,0.576950354609929,0.6530317681079552,0.5059555773984801,0.018,1000,Qwen2.5-14B,270,94,292,364,,Movies source,TruthfulQA,0.578053585500394,0.6513089540390264,0.5061531506889921,0.018,1000,0.421946414499606,0.4955340461956107,0.34942544049622215,0.98,1000
OOD,qwen25_14b,8,math,mmlu,math->mmlu,-0.03037037037037038,0.09072545048553773,-0.14749052609352775,0.706,1000,0.49354497354497356,0.559657077438175,0.42650504122735006,0.554,1000,0.5064550264550265,0.5695398146459594,0.44174482318139036,0.423,1000,Qwen2.5-14B,135,140,201,275,,Math source,MMLU,0.5368253968253969,0.6018884981485267,0.4764794837024382,0.12,1000,0.4631746031746032,0.5224253669414521,0.400210187342449,0.88,1000
OOD,qwen25_14b,8,math,truthfulqa_binary,math->truthfulqa_binary,0.07312844759653275,0.19694920209319264,-0.0556782288664826,0.128,1000,0.4327817178881009,0.5041203435785909,0.36314545857687547,0.968,1000,0.5672182821118992,0.64476833208666,0.4938010133427121,0.037,1000,Qwen2.5-14B,270,94,292,364,,Math source,TruthfulQA,0.4940898345153664,0.5544406600930635,0.43345488591973313,0.566,1000,0.5059101654846335,0.5674558183974696,0.4431236988237259,0.425,1000
OOD,qwen25_14b,8,movies,mmlu,movies->mmlu,0.11724867724867727,0.220022390918187,0.017586394864083713,0.007,1000,0.38222222222222224,0.44970831009016643,0.3163474296128708,1.0,1000,0.6177777777777778,0.684681718476177,0.5446816715446962,0.0,1000,Qwen2.5-14B,135,140,201,275,,Movies source,MMLU,0.5005291005291005,0.5694043910158338,0.42701070075757575,0.509,1000,0.49947089947089945,0.569631640774837,0.43057044891267426,0.513,1000
OOD,qwen25_14b,8,movies,truthfulqa_binary,movies->truthfulqa_binary,-0.008589440504334078,0.036714029040084986,-0.05935893215542117,0.649,1000,0.4070133963750985,0.4851945679486812,0.3369575047355454,0.993,1000,0.5929866036249015,0.6643584296745663,0.5187085521494871,0.007,1000,Qwen2.5-14B,270,94,292,364,,Movies source,TruthfulQA,0.6015760441292356,0.6700865539452495,0.5382532170169738,0.0,1000,0.3984239558707644,0.47089544843173137,0.32777119673626237,0.993,1000
OOD,qwen25_14b,9,math,mmlu,math->mmlu,-0.07465608465608464,0.038636914601822975,-0.19165452275563918,0.889,1000,0.49703703703703705,0.5661105461484899,0.424601936476375,0.55,1000,0.502962962962963,0.5729128640622595,0.4303790611695134,0.447,1000,Qwen2.5-14B,135,140,201,275,,Math source,MMLU,0.5776190476190476,0.6352422391405241,0.5164991071008285,0.007,1000,0.42238095238095236,0.4815716795962436,0.3631874070610553,0.994,1000
OOD,qwen25_14b,9,math,truthfulqa_binary,math->truthfulqa_binary,0.040622537431048045,0.15480767320257766,-0.07263968349456142,0.233,1000,0.4309692671394799,0.5007276211725596,0.36028694937988415,0.972,1000,0.5690307328605201,0.6435014385491408,0.49487091787067794,0.034,1000,Qwen2.5-14B,270,94,292,364,,Math source,TruthfulQA,0.528408195429472,0.5890399942807365,0.46783532716182996,0.165,1000,0.47159180457052796,0.5320779911146766,0.4104353097330126,0.829,1000
OOD,qwen25_14b,9,movies,mmlu,movies->mmlu,0.09920634920634924,0.20078534834664735,0.0007364088229641995,0.024,1000,0.4126984126984127,0.48357549124426213,0.3482775035858283,0.992,1000,0.5873015873015873,0.6612730885749802,0.5131727348726665,0.015,1000,Qwen2.5-14B,135,140,201,275,,Movies source,MMLU,0.4880952380952381,0.5578316189371355,0.4206659451659452,0.661,1000,0.5119047619047619,0.5745740616727518,0.4405376504292548,0.378,1000
OOD,qwen25_14b,9,movies,truthfulqa_binary,movies->truthfulqa_binary,-0.008313632781717817,0.032463400234360396,-0.05108030977659834,0.646,1000,0.42691095350669817,0.5000693704751357,0.3512123571435653,0.974,1000,0.5730890464933018,0.6441119682386673,0.5038152231437074,0.02,1000,Qwen2.5-14B,270,94,292,364,,Movies source,TruthfulQA,0.5814026792750197,0.6542513477125385,0.5031755372348764,0.017,1000,0.4185973207249803,0.49275212393928736,0.34812068994215273,0.982,1000
OOD,qwen25_14b,10,math,mmlu,math->mmlu,-0.10936507936507933,-0.00010033794588768667,-0.2100486051551282,0.975,1000,0.5103703703703704,0.5713314534299121,0.44053523277881135,0.388,1000,0.48962962962962964,0.5557260183434188,0.4282493525251007,0.598,1000,Qwen2.5-14B,135,140,201,275,,Math source,MMLU,0.598994708994709,0.6602153721239854,0.5333220158792973,0.0,1000,0.40100529100529103,0.4608436759621025,0.3373173161060979,0.999,1000
OOD,qwen25_14b,10,math,truthfulqa_binary,math->truthfulqa_binary,-0.012450748620961405,0.05889494278130152,-0.08616424089814415,0.63,1000,0.42572892040977145,0.4971789158858873,0.35622622539484594,0.978,1000,0.5742710795902285,0.6432906015659323,0.4967672127835375,0.034,1000,Qwen2.5-14B,270,94,292,364,,Math source,TruthfulQA,0.5867218282111899,0.6518666708117022,0.5166776038372338,0.006,1000,0.4132781717888101,0.48453792925969763,0.3471746811766162,0.989,1000
OOD,qwen25_14b,10,movies,mmlu,movies->mmlu,0.1728042328042328,0.29561834279512716,0.05469695115677458,0.002,1000,0.41354497354497355,0.4854838081025815,0.33965319803573973,0.99,1000,0.5864550264550265,0.6517031380366607,0.5183091413860275,0.011,1000,Qwen2.5-14B,135,140,201,275,,Movies source,MMLU,0.41365079365079366,0.48323246339813847,0.34940105297629126,0.993,1000,0.5863492063492064,0.6526935147952208,0.517863777029805,0.009,1000
OOD,qwen25_14b,10,movies,truthfulqa_binary,movies->truthfulqa_binary,0.10173364854215922,0.20586660758596234,0.00386383223540954,0.022,1000,0.4321118991331757,0.4999201575469774,0.3631728100244539,0.976,1000,0.5678881008668243,0.6391119949942982,0.49538174766647414,0.033,1000,Qwen2.5-14B,270,94,292,364,,Movies source,TruthfulQA,0.46615445232466507,0.5184643084981765,0.40836108922297476,0.884,1000,0.5338455476753349,0.5981751683681968,0.4776485331328281,0.144,1000
OOD,qwen25_14b,11,math,mmlu,math->mmlu,-0.07777777777777772,0.027056325306105796,-0.17575018896447464,0.938,1000,0.48433862433862435,0.5503842165521179,0.4227831780681325,0.674,1000,0.5156613756613757,0.576538595062369,0.4504974538963251,0.284,1000,Qwen2.5-14B,135,140,201,275,,Math source,MMLU,0.5934391534391534,0.6601119816835116,0.5277944211981395,0.001,1000,0.40656084656084657,0.4714076090865767,0.342065757818765,0.997,1000
OOD,qwen25_14b,11,math,truthfulqa_binary,math->truthfulqa_binary,-0.025216706067769823,0.05023086581202884,-0.09650994790537124,0.764,1000,0.42789598108747046,0.5003033872270864,0.3563419302143585,0.974,1000,0.5721040189125296,0.6444205238490122,0.4984683771740268,0.027,1000,Qwen2.5-14B,270,94,292,364,,Math source,TruthfulQA,0.5973207249802994,0.6644433749446859,0.5286982551143201,0.004,1000,0.4026792750197006,0.47729326375577436,0.3304397815559813,0.994,1000
OOD,qwen25_14b,11,movies,mmlu,movies->mmlu,0.16486772486772489,0.2932320862921623,0.03685951508481683,0.005,1000,0.42968253968253967,0.5007313489736436,0.3544740662272442,0.973,1000,0.5703174603174603,0.6426268723820489,0.504331977870802,0.02,1000,Qwen2.5-14B,135,140,201,275,,Movies source,MMLU,0.40544973544973545,0.47284226884909386,0.3356426817599378,0.997,1000,0.5945502645502645,0.6701760646909003,0.5277267567831244,0.004,1000
OOD,qwen25_14b,11,movies,truthfulqa_binary,movies->truthfulqa_binary,0.15791962174940904,0.30250487063063974,-0.0013533760103791527,0.026,1000,0.42994483845547676,0.5044808267975153,0.352906870017854,0.963,1000,0.5700551615445233,0.6419523527920926,0.48811580013548284,0.045,1000,Qwen2.5-14B,270,94,292,364,,Movies source,TruthfulQA,0.41213553979511425,0.485919171745112,0.3426765868987,0.99,1000,0.5878644602048857,0.6591613984140507,0.5134709977254918,0.011,1000
OOD,qwen25_14b,12,math,mmlu,math->mmlu,-0.06661375661375657,0.05632055490136519,-0.18985599257308555,0.888,1000,0.4843915343915344,0.556386486145535,0.4158903838788193,0.697,1000,0.5156084656084656,0.5885236706103126,0.4482423373777811,0.327,1000,Qwen2.5-14B,135,140,201,275,,Math source,MMLU,0.5822222222222222,0.6454627909485229,0.5203832089536315,0.005,1000,0.4177777777777778,0.4824372508144212,0.3544741044090565,0.992,1000
OOD,qwen25_14b,12,math,truthfulqa_binary,math->truthfulqa_binary,0.053033884948778476,0.16132314786848204,-0.05106476839424928,0.157,1000,0.42174940898345153,0.49811881499496813,0.3486257598901836,0.979,1000,0.5782505910165484,0.6472820327879948,0.5028328798394588,0.022,1000,Qwen2.5-14B,270,94,292,364,,Math source,TruthfulQA,0.5252167060677699,0.5833861544470011,0.46841239021961034,0.209,1000,0.4747832939322301,0.5355267870246349,0.41394763389639416,0.796,1000
OOD,qwen25_14b,12,movies,mmlu,movies->mmlu,0.15629629629629632,0.2889208576598659,0.012289226776275287,0.018,1000,0.4208994708994709,0.49211201144657024,0.3501734140037594,0.985,1000,0.5791005291005291,0.6521746040625476,0.5081570753231868,0.016,1000,Qwen2.5-14B,135,140,201,275,,Movies source,MMLU,0.4228042328042328,0.4952349363344772,0.35074045692058115,0.98,1000,0.5771957671957672,0.6444787086831996,0.5034423489123796,0.02,1000
OOD,qwen25_14b,12,movies,truthfulqa_binary,movies->truthfulqa_binary,0.10051221434200153,0.2060235957891701,-0.006321031069432667,0.035,1000,0.4168636721828211,0.49248495402475984,0.34052888748485194,0.982,1000,0.5831363278171788,0.6558980265003429,0.5053071836788942,0.018,1000,Qwen2.5-14B,270,94,292,364,,Movies source,TruthfulQA,0.4826241134751773,0.5443475159060898,0.4256786475324933,0.699,1000,0.5173758865248227,0.5744374998371712,0.46067985201076855,0.278,1000
OOD,qwen25_14b,13,math,mmlu,math->mmlu,-0.0311111111111112,0.09743621525348226,-0.17507677962489346,0.695,1000,0.4821164021164021,0.5528453176136903,0.40802612412194483,0.685,1000,0.5178835978835978,0.5935743984159035,0.44809638524434386,0.279,1000,Qwen2.5-14B,135,140,201,275,,Math source,MMLU,0.548994708994709,0.6147531368623043,0.4839603330003126,0.064,1000,0.451005291005291,0.5151147575214541,0.3852928539122569,0.932,1000
OOD,qwen25_14b,13,math,truthfulqa_binary,math->truthfulqa_binary,0.1522458628841607,0.28961927878772853,0.006224602548440794,0.023,1000,0.41040189125295506,0.4855007188865884,0.33278615315342713,0.993,1000,0.5895981087470449,0.6613852152011067,0.5071592028022764,0.019,1000,Qwen2.5-14B,270,94,292,364,,Math source,TruthfulQA,0.4373522458628842,0.505720130436392,0.3691582523255043,0.961,1000,0.5626477541371159,0.6297396367470168,0.4914937033990268,0.04,1000
OOD,qwen25_14b,13,movies,mmlu,movies->mmlu,0.08931216931216929,0.21914779482467062,-0.04169246905329086,0.094,1000,0.44492063492063494,0.5135442424450108,0.37349581425614964,0.936,1000,0.5550793650793651,0.6220913734718476,0.48444712893668446,0.072,1000,Qwen2.5-14B,135,140,201,275,,Movies source,MMLU,0.4657671957671958,0.5365421698502988,0.3939590699068965,0.82,1000,0.5342328042328043,0.6077665514008052,0.4652569860928617,0.153,1000
OOD,qwen25_14b,13,movies,truthfulqa_binary,movies->truthfulqa_binary,0.08526398739164698,0.17497645408065196,0.0014370805019384854,0.024,1000,0.406461780929866,0.48900454909349916,0.33408053742994304,0.986,1000,0.5935382190701339,0.666358681417082,0.516126374633431,0.007,1000,Qwen2.5-14B,270,94,292,364,,Movies source,TruthfulQA,0.508274231678487,0.570456117192874,0.447866423670669,0.388,1000,0.491725768321513,0.55161646112864,0.42700704941695117,0.607,1000
OOD,qwen25_14b,14,math,mmlu,math->mmlu,-0.02677248677248678,0.10639278450741992,-0.16482884269399412,0.648,1000,0.48338624338624336,0.5454951393591976,0.4058447725114392,0.684,1000,0.5166137566137566,0.5840484537823536,0.4473293925001826,0.321,1000,Qwen2.5-14B,135,140,201,275,,Math source,MMLU,0.5433862433862434,0.6098418256816116,0.4784935619387702,0.103,1000,0.45661375661375664,0.5243527445099714,0.38535412988113515,0.892,1000
OOD,qwen25_14b,14,math,truthfulqa_binary,math->truthfulqa_binary,0.16434200157604417,0.299062185998467,0.006543401183275403,0.021,1000,0.41099290780141845,0.4811735033765592,0.33875798532850165,0.991,1000,0.5890070921985816,0.6600423318479153,0.5097676912139087,0.013,1000,Qwen2.5-14B,270,94,292,364,,Math source,TruthfulQA,0.42466509062253743,0.5001339068688188,0.3565603983070097,0.974,1000,0.5753349093774626,0.643556764745433,0.5076300208881939,0.016,1000
OOD,qwen25_14b,14,movies,mmlu,movies->mmlu,0.08037037037037043,0.21711085099192626,-0.05539589462787404,0.123,1000,0.46280423280423283,0.5295719212408632,0.3958230139282708,0.854,1000,0.5371957671957672,0.6058606818327174,0.4650074646742795,0.157,1000,Qwen2.5-14B,135,140,201,275,,Movies source,MMLU,0.4568253968253968,0.5243021737401233,0.3892212452619151,0.9,1000,0.5431746031746032,0.6196073483234036,0.47137915701721966,0.107,1000
OOD,qwen25_14b,14,movies,truthfulqa_binary,movies->truthfulqa_binary,0.19369582348305753,0.3460400234226471,0.04040379274071522,0.006,1000,0.4055949566587864,0.4869162224057785,0.3249425323506258,0.987,1000,0.5944050433412136,0.6682448044267973,0.5157241329899163,0.008,1000,Qwen2.5-14B,270,94,292,364,,Movies source,TruthfulQA,0.40070921985815605,0.4728601367620755,0.3318503372508703,0.993,1000,0.599290780141844,0.6693854822201193,0.5232553094914911,0.007,1000
OOD,qwen25_14b,15,math,mmlu,math->mmlu,-0.04042328042328042,0.10604355300285581,-0.18104970518892283,0.706,1000,0.5093121693121693,0.5746864980781146,0.4408858937848108,0.379,1000,0.4906878306878307,0.5672519561814939,0.4208910562287759,0.593,1000,Qwen2.5-14B,135,140,201,275,,Math source,MMLU,0.5311111111111111,0.599316260798526,0.46072773696939745,0.197,1000,0.4688888888888889,0.5349860923560911,0.4008357648096557,0.834,1000
OOD,qwen25_14b,15,math,truthfulqa_binary,math->truthfulqa_binary,0.15539795114263205,0.3018623990705027,0.00661460776872095,0.02,1000,0.42123719464145,0.4966073570840073,0.347988432066306,0.983,1000,0.5787628053585501,0.6485627946428163,0.5071835438330284,0.017,1000,Qwen2.5-14B,270,94,292,364,,Math source,TruthfulQA,0.423364854215918,0.49134623008520584,0.34872418794101606,0.987,1000,0.5766351457840819,0.6477401932270553,0.5002393555753659,0.025,1000
OOD,qwen25_14b,15,movies,mmlu,movies->mmlu,-0.020952380952380945,0.11368437587657773,-0.15064888889954633,0.609,1000,0.48185185185185186,0.5498187318886464,0.40750322420002943,0.696,1000,0.5181481481481481,0.5918349237069125,0.44301506273674246,0.301,1000,Qwen2.5-14B,135,140,201,275,,Movies source,MMLU,0.5391005291005291,0.6106760560111543,0.47355605677575513,0.12,1000,0.4608994708994709,0.5291996446751109,0.39281919037940377,0.864,1000
OOD,qwen25_14b,15,movies,truthfulqa_binary,movies->truthfulqa_binary,0.07379826635145786,0.18034558789051905,-0.035463076570859745,0.106,1000,0.4328999211977935,0.5116173654387749,0.35883145854779624,0.959,1000,0.5671000788022065,0.6424059466466779,0.49032715131274757,0.042,1000,Qwen2.5-14B,270,94,292,364,,Movies source,TruthfulQA,0.4933018124507486,0.5515264434014657,0.43988837472583187,0.591,1000,0.5066981875492513,0.5599670137451562,0.45224363547830904,0.418,1000
OOD,qwen25_14b,16,math,mmlu,math->mmlu,-0.0932804232804233,0.0477255489043984,-0.23514413143245547,0.906,1000,0.5423809523809524,0.6110862437869253,0.47612418631574766,0.11,1000,0.4576190476190476,0.5360011039976336,0.3877175360796617,0.864,1000,Qwen2.5-14B,135,140,201,275,,Math source,MMLU,0.5508994708994709,0.62652331002331,0.4738168256858525,0.097,1000,0.4491005291005291,0.5234754196696161,0.38219602414661413,0.923,1000
OOD,qwen25_14b,16,math,truthfulqa_binary,math->truthfulqa_binary,0.20248226950354614,0.3524138386535967,0.04313201594912806,0.004,1000,0.3939322301024429,0.47339754603376755,0.3157836039913911,0.995,1000,0.6060677698975572,0.6863049951001641,0.5328628219409597,0.003,1000,Qwen2.5-14B,270,94,292,364,,Math source,TruthfulQA,0.40358550039401103,0.47879064331324633,0.3336017482344511,0.996,1000,0.5964144996059889,0.677110234625406,0.5184141576378108,0.008,1000
OOD,qwen25_14b,16,movies,mmlu,movies->mmlu,-0.08306878306878307,0.043490857742591156,-0.2214449583958469,0.896,1000,0.504021164021164,0.5709951454076141,0.43494065184573505,0.424,1000,0.49597883597883596,0.5641366973920863,0.43256822061931655,0.529,1000,Qwen2.5-14B,135,140,201,275,,Movies source,MMLU,0.579047619047619,0.6459584776753079,0.5116088192544459,0.01,1000,0.42095238095238097,0.49058291544854093,0.3579865616713415,0.988,1000
OOD,qwen25_14b,16,movies,truthfulqa_binary,movies->truthfulqa_binary,0.16650906225374307,0.3157026511180992,0.012854691992921911,0.017,1000,0.42147360126083533,0.4945178396985626,0.35144794739582047,0.982,1000,0.5785263987391647,0.6541509081785024,0.49503194279346824,0.028,1000,Qwen2.5-14B,270,94,292,364,,Movies source,TruthfulQA,0.4120173364854216,0.47926144101011003,0.34733102670027577,0.992,1000,0.5879826635145784,0.6587656812120736,0.5217272780252389,0.004,1000
OOD,qwen25_14b,17,math,mmlu,math->mmlu,-0.05285714285714288,0.08286325976445323,-0.18303575082148907,0.776,1000,0.5236507936507937,0.5899383868239814,0.45401714900322326,0.259,1000,0.47634920634920636,0.5488597025016902,0.40750023837542576,0.749,1000,Qwen2.5-14B,135,140,201,275,,Math source,MMLU,0.5292063492063492,0.5867032744683963,0.46066465944204127,0.199,1000,0.4707936507936508,0.5387178932018248,0.4063031849237583,0.811,1000
OOD,qwen25_14b,17,math,truthfulqa_binary,math->truthfulqa_binary,0.1819148936170213,0.3351989781832587,0.023396675127154553,0.01,1000,0.4030732860520095,0.4833141993218087,0.32272619829707766,0.993,1000,0.5969267139479906,0.6707394046252668,0.521728019612037,0.004,1000,Qwen2.5-14B,270,94,292,364,,Math source,TruthfulQA,0.4150118203309693,0.487778447741179,0.3442520178301002,0.985,1000,0.5849881796690307,0.6596846551388391,0.5115822905305487,0.01,1000
OOD,qwen25_14b,17,movies,mmlu,movies->mmlu,-0.05920634920634915,0.07344477369972154,-0.1845421884925592,0.797,1000,0.481957671957672,0.5522981684958393,0.4085014743934881,0.682,1000,0.5180423280423281,0.589480790163485,0.45283451236375855,0.289,1000,Qwen2.5-14B,135,140,201,275,,Movies source,MMLU,0.5772486772486772,0.6418892272200477,0.51601805315192,0.008,1000,0.42275132275132277,0.492424705780287,0.36280489390591913,0.987,1000
OOD,qwen25_14b,17,movies,truthfulqa_binary,movies->truthfulqa_binary,0.1648739164696611,0.29599361611439384,0.022040954923872938,0.013,1000,0.42257683215130026,0.501648505162627,0.3454384531266532,0.971,1000,0.5774231678486997,0.6552737925403355,0.4996588247792875,0.028,1000,Qwen2.5-14B,270,94,292,364,,Movies source,TruthfulQA,0.41254925137903864,0.48297401011686725,0.3440389644660745,0.994,1000,0.5874507486209614,0.6543726938484401,0.520421521907118,0.006,1000
OOD,qwen25_14b,18,math,mmlu,math->mmlu,-0.04788359788359786,0.07961773458718946,-0.1792610350076104,0.791,1000,0.5041798941798942,0.568051929066346,0.43413070093809336,0.446,1000,0.4958201058201058,0.564141258622251,0.42522375331560724,0.562,1000,Qwen2.5-14B,135,140,201,275,,Math source,MMLU,0.5437037037037037,0.6031570884682494,0.47726352603376115,0.088,1000,0.4562962962962963,0.523770117159195,0.3958448653503599,0.894,1000
OOD,qwen25_14b,18,math,truthfulqa_binary,math->truthfulqa_binary,0.18313632781717892,0.31532326366444013,0.04234324431622602,0.002,1000,0.3975571315996848,0.4750926940676335,0.31905862908626736,0.998,1000,0.6024428684003152,0.6767134115703006,0.525575911219919,0.004,1000,Qwen2.5-14B,270,94,292,364,,Math source,TruthfulQA,0.4193065405831363,0.4938982083789626,0.34859578569031435,0.987,1000,0.5806934594168637,0.6456971980071816,0.5111947250394091,0.011,1000
OOD,qwen25_14b,18,movies,mmlu,movies->mmlu,-0.10444444444444445,0.02712131584240341,-0.2251522280925201,0.944,1000,0.5068253968253968,0.5715980175437194,0.4431758845541893,0.421,1000,0.49317460317460315,0.5572202754472222,0.42675793504901965,0.595,1000,Qwen2.5-14B,135,140,201,275,,Movies source,MMLU,0.5976190476190476,0.654911109991942,0.53105815973657,0.002,1000,0.4023809523809524,0.4639075040582183,0.34067426884609464,0.998,1000
OOD,qwen25_14b,18,movies,truthfulqa_binary,movies->truthfulqa_binary,0.1777383766745469,0.32006860844530705,0.028778812212890675,0.01,1000,0.4132781717888101,0.4923822424759703,0.3353618326198078,0.988,1000,0.5867218282111899,0.664786293358348,0.5057983441750444,0.02,1000,Qwen2.5-14B,270,94,292,364,,Movies source,TruthfulQA,0.408983451536643,0.4761181764973934,0.3414638599915214,0.997,1000,0.5910165484633569,0.6646745437582389,0.527102629108342,0.002,1000
OOD,qwen25_14b,19,math,mmlu,math->mmlu,-0.05539682539682539,0.06659416519500674,-0.17506004356819885,0.805,1000,0.5062962962962962,0.5709979883313543,0.43763209546707965,0.422,1000,0.4937037037037037,0.5649779583951037,0.423396685491771,0.571,1000,Qwen2.5-14B,135,140,201,275,,Math source,MMLU,0.5491005291005291,0.6104401649470766,0.48409733359219426,0.07,1000,0.4508994708994709,0.509932749707818,0.3894853915242385,0.947,1000
OOD,qwen25_14b,19,math,truthfulqa_binary,math->truthfulqa_binary,0.21485421591804565,0.3628304417241884,0.07121075572346817,0.004,1000,0.38514578408195427,0.46260624215597906,0.3095634367003384,0.997,1000,0.6148542159180457,0.6858912343960786,0.5390643818853439,0.0,1000,Qwen2.5-14B,270,94,292,364,,Math source,TruthfulQA,0.4,0.4729816421895861,0.3291053441464941,0.997,1000,0.6,0.6691535794590598,0.5313736444371387,0.001,1000
OOD,qwen25_14b,19,movies,mmlu,movies->mmlu,-0.13259259259259254,-0.014590869916436792,-0.2465967108026301,0.983,1000,0.5166666666666667,0.5769951822371177,0.4537661804937458,0.334,1000,0.48333333333333334,0.5459479602785514,0.4198682030482966,0.715,1000,Qwen2.5-14B,135,140,201,275,,Movies source,MMLU,0.6159259259259259,0.6722103793408538,0.5525876254180602,0.0,1000,0.38407407407407407,0.44479401003333424,0.32501037466517113,1.0,1000
OOD,qwen25_14b,19,movies,truthfulqa_binary,movies->truthfulqa_binary,0.22391646966115053,0.35991835269085665,0.07177584647844867,0.003,1000,0.38853427895981085,0.46612694131506155,0.3156969447032596,0.999,1000,0.6114657210401891,0.6829696051610896,0.5319259029213633,0.003,1000,Qwen2.5-14B,270,94,292,364,,Movies source,TruthfulQA,0.3875492513790386,0.4594566014006682,0.31520472339879346,1.0,1000,0.6124507486209614,0.6850992074465039,0.5424595650707181,0.003,1000
OOD,qwen25_14b,20,math,mmlu,math->mmlu,0.0380423280423281,0.15747314684561056,-0.1012149104524991,0.306,1000,0.4671957671957672,0.5353396403145959,0.39609201996074644,0.82,1000,0.5328042328042328,0.6049088499584753,0.4629700891241583,0.174,1000,Qwen2.5-14B,135,140,201,275,,Math source,MMLU,0.49476190476190474,0.5581196553434494,0.4330114902485044,0.549,1000,0.5052380952380953,0.567429478878534,0.4412662181013175,0.43,1000
OOD,qwen25_14b,20,math,truthfulqa_binary,math->truthfulqa_binary,0.23940110323089048,0.39218710730026,0.09251223435928241,0.0,1000,0.3652876280535855,0.4432737765032736,0.29025771463426264,1.0,1000,0.6347123719464145,0.7055845887031231,0.5490661954401281,0.0,1000,Qwen2.5-14B,270,94,292,364,,Math source,TruthfulQA,0.395311268715524,0.4738578439412504,0.3245338717538119,0.994,1000,0.604688731284476,0.6821325033092636,0.537210539978489,0.002,1000
OOD,qwen25_14b,20,movies,mmlu,movies->mmlu,-0.08216931216931223,0.04145364990065147,-0.19887068160597576,0.896,1000,0.49047619047619045,0.5581544672701235,0.4261662736321397,0.59,1000,0.5095238095238095,0.5811842542919439,0.4422684864288667,0.391,1000,Qwen2.5-14B,135,140,201,275,,Movies source,MMLU,0.5916931216931217,0.6468265756675722,0.5357622601279317,0.002,1000,0.4083068783068783,0.4742532882389977,0.3524427541089429,0.997,1000
OOD,qwen25_14b,20,movies,truthfulqa_binary,movies->truthfulqa_binary,0.36071710007880226,0.49774614011041973,0.23083091269525632,0.0,1000,0.3182821118991332,0.38884608108968705,0.25530328939186664,1.0,1000,0.6817178881008669,0.752378862543821,0.610541248126594,0.0,1000,Qwen2.5-14B,270,94,292,364,,Movies source,TruthfulQA,0.3210007880220646,0.3910173654985218,0.2530882609678479,1.0,1000,0.6789992119779353,0.7465384176652569,0.6098992465487841,0.0,1000
OOD,qwen25_14b,21,math,mmlu,math->mmlu,0.1253439153439153,0.24678909284011122,-0.004005313475711233,0.027,1000,0.4156084656084656,0.48733365030600057,0.3488709269175047,0.988,1000,0.5843915343915344,0.6528929105710011,0.5215093908524027,0.005,1000,Qwen2.5-14B,135,140,201,275,,Math source,MMLU,0.45904761904761904,0.5197791015537686,0.39815996573000656,0.91,1000,0.540952380952381,0.6023617123185152,0.4776557166267204,0.111,1000
OOD,qwen25_14b,21,math,truthfulqa_binary,math->truthfulqa_binary,0.2676516942474389,0.4039471439003372,0.13428615196078436,0.0,1000,0.33979511426319936,0.41011732292211484,0.28043242660589596,1.0,1000,0.6602048857368006,0.723475592390066,0.5883338181070706,0.0,1000,Qwen2.5-14B,270,94,292,364,,Math source,TruthfulQA,0.3925531914893617,0.4656908338746309,0.32250456919247095,1.0,1000,0.6074468085106383,0.6753453747103441,0.5342494877386892,0.001,1000
OOD,qwen25_14b,21,movies,mmlu,movies->mmlu,-0.0467724867724868,0.0659477738142283,-0.16468827036273084,0.802,1000,0.46285714285714286,0.5284990988306473,0.4007509478549611,0.846,1000,0.5371428571428571,0.6040152300289029,0.4716375853937444,0.126,1000,Qwen2.5-14B,135,140,201,275,,Movies source,MMLU,0.5839153439153439,0.6407079069256774,0.5221644623871438,0.005,1000,0.41608465608465606,0.4783514389586317,0.36065326966368083,0.998,1000
OOD,qwen25_14b,21,movies,truthfulqa_binary,movies->truthfulqa_binary,0.41252955082742315,0.5161008986928105,0.3019628397056441,0.0,1000,0.2843971631205674,0.34264081367282745,0.2277300478078442,1.0,1000,0.7156028368794326,0.7707876676248815,0.6536556469688803,0.0,1000,Qwen2.5-14B,270,94,292,364,,Movies source,TruthfulQA,0.30307328605200945,0.3552920081555858,0.24976261375628994,1.0,1000,0.6969267139479906,0.7501984785287705,0.642137076496451,0.0,1000
OOD,qwen25_14b,22,math,mmlu,math->mmlu,0.1677777777777778,0.2986519104005128,0.048755488012440666,0.005,1000,0.40534391534391534,0.4730541915406673,0.3379866427032788,0.996,1000,0.5946560846560847,0.664136458770005,0.5307497543616769,0.004,1000,Qwen2.5-14B,135,140,201,275,,Math source,MMLU,0.42687830687830686,0.48847063787684786,0.35986118304827486,0.99,1000,0.5731216931216931,0.6353611539008577,0.5107592810073726,0.013,1000
OOD,qwen25_14b,22,math,truthfulqa_binary,math->truthfulqa_binary,0.32840819542947197,0.45697740812698845,0.18395209191042808,0.0,1000,0.3153270291568164,0.38469524019416795,0.24748607605825182,1.0,1000,0.6846729708431836,0.7494429745717114,0.6163585443847679,0.0,1000,Qwen2.5-14B,270,94,292,364,,Math source,TruthfulQA,0.3562647754137116,0.42298096902219234,0.2889517159026011,1.0,1000,0.6437352245862884,0.7136052302517357,0.576193629798453,0.001,1000
OOD,qwen25_14b,22,movies,mmlu,movies->mmlu,0.02624338624338629,0.13756631771815828,-0.08632979344219953,0.305,1000,0.4244973544973545,0.48680457310911485,0.3619944285522182,0.992,1000,0.5755026455026455,0.6366418367163804,0.5116045453782987,0.01,1000,Qwen2.5-14B,135,140,201,275,,Movies source,MMLU,0.5492592592592592,0.6116426487995347,0.4911240055957569,0.048,1000,0.4507407407407407,0.5068121698407227,0.39165584068794773,0.959,1000
OOD,qwen25_14b,22,movies,truthfulqa_binary,movies->truthfulqa_binary,0.4405437352245863,0.5550323882036775,0.3225243008748164,0.0,1000,0.26308116627265565,0.32577230548504715,0.20544219680820403,1.0,1000,0.7369188337273443,0.7936449596064202,0.6794338077057158,0.0,1000,Qwen2.5-14B,270,94,292,364,,Movies source,TruthfulQA,0.29637509850275806,0.3552158204536074,0.23963698437512923,1.0,1000,0.7036249014972419,0.7642561701444883,0.6435767090972687,0.0,1000
OOD,qwen25_14b,23,math,mmlu,math->mmlu,0.13248677248677254,0.2521549661531279,-0.0019724574885545978,0.027,1000,0.447989417989418,0.5182683819063507,0.381458275053888,0.92,1000,0.5520105820105821,0.6191557622739018,0.4752812237736687,0.082,1000,Qwen2.5-14B,135,140,201,275,,Math source,MMLU,0.4195238095238095,0.4853791879517789,0.3572270505876769,0.99,1000,0.5804761904761905,0.6423014728674182,0.5188887539685162,0.009,1000
OOD,qwen25_14b,23,math,truthfulqa_binary,math->truthfulqa_binary,0.3799054373522458,0.5060588018316703,0.25639134130405217,0.0,1000,0.2793144208037825,0.3435640044350428,0.21576257564867352,1.0,1000,0.7206855791962175,0.7849397351630782,0.6582218664046134,0.0,1000,Qwen2.5-14B,270,94,292,364,,Math source,TruthfulQA,0.34078014184397165,0.4057710120723297,0.27585100399669615,1.0,1000,0.6592198581560283,0.725539468747961,0.5896012554669433,0.0,1000
OOD,qwen25_14b,23,movies,mmlu,movies->mmlu,0.04888888888888887,0.16648049540615978,-0.05843016882824186,0.211,1000,0.3955026455026455,0.46123938082238614,0.3359896115624201,1.0,1000,0.6044973544973545,0.6596200210799102,0.5427599363248021,0.001,1000,Qwen2.5-14B,135,140,201,275,,Movies source,MMLU,0.5556084656084657,0.6191053484719032,0.4993429428259161,0.028,1000,0.4443915343915344,0.5014349409170933,0.3830348996350365,0.971,1000
OOD,qwen25_14b,23,movies,truthfulqa_binary,movies->truthfulqa_binary,0.4985421591804571,0.6068237415313104,0.39859267417615896,0.0,1000,0.23896769109535068,0.29470534080528515,0.18166055482118776,1.0,1000,0.7610323089046493,0.8110754802751206,0.7042157892639433,0.0,1000,Qwen2.5-14B,270,94,292,364,,Movies source,TruthfulQA,0.26249014972419227,0.31855332435507033,0.20936359316954306,1.0,1000,0.7375098502758077,0.7879601822606535,0.6785755051084104,0.0,1000
OOD,qwen25_14b,24,math,mmlu,math->mmlu,0.2101587301587302,0.3350589959113786,0.08526102618792168,0.001,1000,0.40285714285714286,0.4735053784880335,0.3370041550850643,0.996,1000,0.5971428571428572,0.6593109152141998,0.5301358893771236,0.002,1000,Qwen2.5-14B,135,140,201,275,,Math source,MMLU,0.386984126984127,0.45531864539110917,0.32256866865291123,1.0,1000,0.613015873015873,0.6745358337622234,0.5539486064644491,0.0,1000
OOD,qwen25_14b,24,math,truthfulqa_binary,math->truthfulqa_binary,0.3945626477541371,0.509608804647527,0.27661980242290135,0.0,1000,0.26887312844759653,0.3331981640802791,0.2097284205005662,1.0,1000,0.7311268715524034,0.7863611113427263,0.6664209868868213,0.0,1000,Qwen2.5-14B,270,94,292,364,,Math source,TruthfulQA,0.33656422379826634,0.40168128766261324,0.27778801942787273,1.0,1000,0.6634357762017337,0.7253452075150872,0.5953057818114857,0.0,1000
OOD,qwen25_14b,24,movies,mmlu,movies->mmlu,0.06894179894179897,0.18105417262935897,-0.03632262484303296,0.109,1000,0.37417989417989417,0.4375528901475594,0.3127221060617071,1.0,1000,0.6258201058201058,0.6885063357600901,0.5626600974266398,0.0,1000,Qwen2.5-14B,135,140,201,275,,Movies source,MMLU,0.5568783068783069,0.6103024953694431,0.49919939885626763,0.027,1000,0.44312169312169314,0.4921450184211403,0.38287310614573966,0.985,1000
OOD,qwen25_14b,24,movies,truthfulqa_binary,movies->truthfulqa_binary,0.5343183609141056,0.6390815933788082,0.4351445047489823,0.0,1000,0.21891252955082743,0.2746046308290205,0.1693883855553166,1.0,1000,0.7810874704491726,0.8275950000670502,0.7286464058094962,0.0,1000,Qwen2.5-14B,270,94,292,364,,Movies source,TruthfulQA,0.24676910953506698,0.30127669664610796,0.19776342992698237,1.0,1000,0.753230890464933,0.8024916813234269,0.70243777615458,0.0,1000
OOD,qwen25_14b,25,math,mmlu,math->mmlu,0.1970899470899471,0.32983544685990335,0.0668517906249344,0.001,1000,0.39735449735449735,0.46047332936535773,0.33813238708786064,0.999,1000,0.6026455026455027,0.6735862931822759,0.5335192260885063,0.001,1000,Qwen2.5-14B,135,140,201,275,,Math source,MMLU,0.40555555555555556,0.47073687734964664,0.3394068959937876,0.999,1000,0.5944444444444444,0.6568685976738045,0.5277134226752815,0.003,1000
OOD,qwen25_14b,25,math,truthfulqa_binary,math->truthfulqa_binary,0.486327817178881,0.5900094193121819,0.3668233533384474,0.0,1000,0.22825059101654846,0.28740854062045046,0.17568016522320393,1.0,1000,0.7717494089834516,0.8241296053954194,0.7119029556465258,0.0,1000,Qwen2.5-14B,270,94,292,364,,Math source,TruthfulQA,0.28542159180457055,0.34518257903118976,0.22997721419760261,1.0,1000,0.7145784081954295,0.768393621057991,0.6572774065892985,0.0,1000
OOD,qwen25_14b,25,movies,mmlu,movies->mmlu,0.14190476190476187,0.24945694572602975,0.02948792658571429,0.009,1000,0.33994708994708994,0.4035418563774043,0.2798939723641233,1.0,1000,0.66005291005291,0.7211785477449365,0.5976566818985599,0.0,1000,Qwen2.5-14B,135,140,201,275,,Movies source,MMLU,0.5181481481481481,0.5763370569701107,0.46084937746672017,0.279,1000,0.48185185185185186,0.5351052719885907,0.42523846798631576,0.752,1000
OOD,qwen25_14b,25,movies,truthfulqa_binary,movies->truthfulqa_binary,0.7222222222222222,0.7920161097583924,0.6461975045648205,0.0,1000,0.12754137115839242,0.16413745720266162,0.09374742445054945,1.0,1000,0.8724586288416075,0.9051037522472444,0.8355305176227272,0.0,1000,Qwen2.5-14B,270,94,292,364,,Movies source,TruthfulQA,0.15023640661938534,0.18762352339593,0.10988858356101255,1.0,1000,0.8497635933806147,0.8881135595132235,0.8064512680127532,0.0,1000
OOD,qwen25_14b,26,math,mmlu,math->mmlu,0.18624338624338627,0.3098785231198789,0.060500652651619226,0.009,1000,0.4158730158730159,0.48103409468229613,0.3431165902618339,0.997,1000,0.5841269841269842,0.6517328430330528,0.5178073656398764,0.007,1000,Qwen2.5-14B,135,140,201,275,,Math source,MMLU,0.3978835978835979,0.46194812100753646,0.32947558516329156,0.999,1000,0.6021164021164022,0.6664286256950598,0.5337051807467585,0.002,1000
OOD,qwen25_14b,26,math,truthfulqa_binary,math->truthfulqa_binary,0.5285263987391646,0.6344784747484249,0.4223456016099694,0.0,1000,0.23368794326241135,0.2952603881277361,0.18080186777142496,1.0,1000,0.7663120567375886,0.8179240791539814,0.7103613512189905,0.0,1000,Qwen2.5-14B,270,94,292,364,,Math source,TruthfulQA,0.23778565799842397,0.29725314928488905,0.18415073206126223,1.0,1000,0.762214342001576,0.8109079599452379,0.7028071986987828,0.0,1000
OOD,qwen25_14b,26,movies,mmlu,movies->mmlu,0.39507936507936503,0.48456584168755223,0.301955840068964,0.0,1000,0.19037037037037038,0.24355325113969284,0.14478410640023467,1.0,1000,0.8096296296296296,0.8578715728715728,0.7608739260739261,0.0,1000,Qwen2.5-14B,135,140,201,275,,Movies source,MMLU,0.41455026455026456,0.47450533334450906,0.35993170095729937,0.996,1000,0.5854497354497354,0.6437147533794207,0.5283924775504881,0.001,1000
OOD,qwen25_14b,26,movies,truthfulqa_binary,movies->truthfulqa_binary,0.8447596532702916,0.8930478844994181,0.7936580749055784,0.0,1000,0.08286052009456264,0.11491212642817938,0.05576062165889893,1.0,1000,0.9171394799054373,0.9443003085089455,0.8855367258854323,0.0,1000,Qwen2.5-14B,270,94,292,364,,Movies source,TruthfulQA,0.07237982663514578,0.09956808080507892,0.045227735889466165,1.0,1000,0.9276201733648543,0.9524385489850785,0.8985724689081194,0.0,1000
OOD,qwen25_14b,27,math,mmlu,math->mmlu,0.2694708994708994,0.3916283047274917,0.14137340633959253,0.0,1000,0.3852380952380952,0.45006460642466645,0.3201985437352246,1.0,1000,0.6147619047619047,0.6786134550613876,0.5496282569472384,0.0,1000,Qwen2.5-14B,135,140,201,275,,Math source,MMLU,0.3452910052910053,0.4100506442148233,0.2817933906324341,1.0,1000,0.6547089947089947,0.7096195256995417,0.5921856234434457,0.0,1000
OOD,qwen25_14b,27,math,truthfulqa_binary,math->truthfulqa_binary,0.6463750985027581,0.7297817811274959,0.5487952116095718,0.0,1000,0.15338849487785658,0.19745069529103293,0.11507954928154468,1.0,1000,0.8466115051221434,0.8863483486372684,0.7997519960791449,0.0,1000,Qwen2.5-14B,270,94,292,364,,Math source,TruthfulQA,0.20023640661938535,0.2517165437706286,0.15539451668086118,1.0,1000,0.7997635933806146,0.8462901507376529,0.7502631529138278,0.0,1000
OOD,qwen25_14b,27,movies,mmlu,movies->mmlu,0.4816931216931217,0.5749141204074014,0.3818990290884282,0.0,1000,0.1733862433862434,0.22065986165698337,0.12849389585654997,1.0,1000,0.8266137566137566,0.8724285719621541,0.7776308971039332,0.0,1000,Qwen2.5-14B,135,140,201,275,,Movies source,MMLU,0.3449206349206349,0.40840797472698903,0.28156075412487214,1.0,1000,0.655079365079365,0.7174060905375865,0.5921537764215762,0.0,1000
OOD,qwen25_14b,27,movies,truthfulqa_binary,movies->truthfulqa_binary,0.865799842395587,0.9106460146702534,0.813651109964474,0.0,1000,0.07245862884160756,0.10294711693489285,0.045528587129262485,1.0,1000,0.9275413711583924,0.9547234200900943,0.8957420902082651,0.0,1000,Qwen2.5-14B,270,94,292,364,,Movies source,TruthfulQA,0.06174152876280536,0.09065438869940665,0.0369556922546053,1.0,1000,0.9382584712371946,0.962659825998576,0.9092104848655506,0.0,1000
OOD,qwen25_14b,28,math,mmlu,math->mmlu,0.3138624338624339,0.42121314562699297,0.2056957799619025,0.0,1000,0.37693121693121695,0.4476536167113422,0.31074753827952584,1.0,1000,0.6230687830687831,0.68344021884793,0.5543708024913471,0.001,1000,Qwen2.5-14B,135,140,201,275,,Math source,MMLU,0.3092063492063492,0.37139348560432267,0.24954700659957207,1.0,1000,0.6907936507936508,0.7465857884482866,0.63374985683027,0.0,1000
OOD,qwen25_14b,28,math,truthfulqa_binary,math->truthfulqa_binary,0.6306934594168636,0.7114052806968287,0.5286116609866919,0.0,1000,0.1466509062253743,0.19353860131964293,0.10555026679602231,1.0,1000,0.8533490937746256,0.8940828859321506,0.8105534613908175,0.0,1000,Qwen2.5-14B,270,94,292,364,,Math source,TruthfulQA,0.222655634357762,0.2769754085594456,0.17340652678521024,1.0,1000,0.777344365642238,0.8278586400169993,0.7232753294184062,0.0,1000
OOD,qwen25_14b,28,movies,mmlu,movies->mmlu,0.3568783068783069,0.4708071818298246,0.24117666345460922,0.0,1000,0.24497354497354498,0.3018770683949255,0.1935933630831576,1.0,1000,0.755026455026455,0.8113512963214334,0.6980173160173161,0.0,1000,Qwen2.5-14B,135,140,201,275,,Movies source,MMLU,0.39814814814814814,0.46322619729174497,0.33605720406220246,0.998,1000,0.6018518518518519,0.661953590483506,0.5376506113906244,0.0,1000
OOD,qwen25_14b,28,movies,truthfulqa_binary,movies->truthfulqa_binary,0.8122537431048069,0.8648696180986102,0.7531560681877728,0.0,1000,0.08274231678486997,0.11434764457841647,0.054915224464726825,1.0,1000,0.91725768321513,0.9455296525616027,0.8833941247052517,0.0,1000,Qwen2.5-14B,270,94,292,364,,Movies source,TruthfulQA,0.10500394011032309,0.13790782682169686,0.07395456133773619,1.0,1000,0.8949960598896769,0.9257317224342351,0.8568013374784473,0.0,1000
OOD,qwen25_14b,29,math,mmlu,math->mmlu,0.3123280423280423,0.42457647909857255,0.1993756185527768,0.0,1000,0.379047619047619,0.44440280742439014,0.3103448025551684,0.999,1000,0.6209523809523809,0.6863507411125364,0.5522727256939621,0.0,1000,Qwen2.5-14B,135,140,201,275,,Math source,MMLU,0.30862433862433863,0.3687726747746833,0.24854644128913708,1.0,1000,0.6913756613756614,0.7514131483578823,0.6292057666281269,0.0,1000
OOD,qwen25_14b,29,math,truthfulqa_binary,math->truthfulqa_binary,0.6222222222222222,0.7109153411099328,0.5162069637695771,0.0,1000,0.1504334121355398,0.19638204707170223,0.1097008029485754,1.0,1000,0.8495665878644602,0.8872761080218009,0.8035605074250457,0.0,1000,Qwen2.5-14B,270,94,292,364,,Math source,TruthfulQA,0.22734436564223798,0.28126825534133504,0.17646173057255923,1.0,1000,0.772655634357762,0.8236564757603946,0.7206800367078139,0.0,1000
OOD,qwen25_14b,29,movies,mmlu,movies->mmlu,0.42137566137566135,0.5269439402238286,0.3230514163081584,0.0,1000,0.20613756613756615,0.26226667211507027,0.1575799108692418,1.0,1000,0.7938624338624338,0.8431279438337851,0.7462019383178353,0.0,1000,Qwen2.5-14B,135,140,201,275,,Movies source,MMLU,0.3724867724867725,0.43514398835409285,0.3052217938434138,1.0,1000,0.6275132275132275,0.6890829997105923,0.5621390596039411,0.0,1000
OOD,qwen25_14b,29,movies,truthfulqa_binary,movies->truthfulqa_binary,0.8195035460992908,0.8735679250057805,0.7538347749271074,0.0,1000,0.10216706067769897,0.13906727281500547,0.07014368893688937,1.0,1000,0.897832939322301,0.930630678922244,0.8598737802522657,0.0,1000,Qwen2.5-14B,270,94,292,364,,Movies source,TruthfulQA,0.07832939322301025,0.10640081735832323,0.05234816688555053,1.0,1000,0.9216706067769898,0.9483278209683862,0.8930044699872286,0.0,1000
OOD,qwen25_14b,30,math,mmlu,math->mmlu,0.37661375661375657,0.49320600554539545,0.2566348053285608,0.0,1000,0.3477248677248677,0.4107502419795067,0.28831408320785046,1.0,1000,0.6522751322751322,0.7220771875797619,0.5901677294528014,0.0,1000,Qwen2.5-14B,135,140,201,275,,Math source,MMLU,0.27566137566137566,0.34126960175756027,0.21416576634175194,1.0,1000,0.7243386243386244,0.7800727479174906,0.6637979827989426,0.0,1000
OOD,qwen25_14b,30,math,truthfulqa_binary,math->truthfulqa_binary,0.6046099290780141,0.6937143131279179,0.4993986600900799,0.0,1000,0.16627265563435775,0.21506753017239044,0.122788330551907,1.0,1000,0.8337273443656422,0.8785425556600649,0.7884890833639729,0.0,1000,Qwen2.5-14B,270,94,292,364,,Math source,TruthfulQA,0.22911741528762805,0.28324303284221053,0.18141326403538302,1.0,1000,0.7708825847123719,0.8225281365810687,0.7184243064729605,0.0,1000
OOD,qwen25_14b,30,movies,mmlu,movies->mmlu,0.2915873015873016,0.41093951185796557,0.1643551723603283,0.0,1000,0.3088888888888889,0.3682744633662483,0.24849192237350134,1.0,1000,0.6911111111111111,0.7546629894670959,0.6318230264901346,0.0,1000,Qwen2.5-14B,135,140,201,275,,Movies source,MMLU,0.3995238095238095,0.46757950619792726,0.3365515712643353,1.0,1000,0.6004761904761905,0.6657518705404334,0.5353326905474833,0.001,1000
OOD,qwen25_14b,30,movies,truthfulqa_binary,movies->truthfulqa_binary,0.7269503546099291,0.801829000189227,0.647885893283665,0.0,1000,0.13159968479117415,0.17806296653176115,0.09233573876423652,1.0,1000,0.8684003152088259,0.9090022928588722,0.8225605947327,0.0,1000,Qwen2.5-14B,270,94,292,364,,Movies source,TruthfulQA,0.14144996059889678,0.18988726233934802,0.09897328488591008,1.0,1000,0.8585500394011032,0.8963323231833484,0.8175262569893177,0.0,1000
OOD,qwen25_14b,31,math,mmlu,math->mmlu,0.3244973544973545,0.44860531057020075,0.19274010553011584,0.0,1000,0.36878306878306877,0.4328015313179547,0.30413467595660565,1.0,1000,0.6312169312169312,0.6938404896835703,0.5692227960983663,0.0,1000,Qwen2.5-14B,135,140,201,275,,Math source,MMLU,0.3067195767195767,0.3714192400834754,0.2450051862437765,1.0,1000,0.6932804232804233,0.7518214309135025,0.6303816498994586,0.0,1000
OOD,qwen25_14b,31,math,truthfulqa_binary,math->truthfulqa_binary,0.5804570527974783,0.6832053336997008,0.46392845826813317,0.0,1000,0.1975177304964539,0.25757836483389623,0.1504659839705108,1.0,1000,0.8024822695035461,0.8526193817112807,0.7517017555304947,0.0,1000,Qwen2.5-14B,270,94,292,364,,Math source,TruthfulQA,0.22202521670606776,0.2744960794101526,0.17211900213299045,1.0,1000,0.7779747832939322,0.8287703991918504,0.7228413096070103,0.0,1000
OOD,qwen25_14b,31,movies,mmlu,movies->mmlu,0.2453968253968254,0.3757911405831042,0.11464701051558465,0.0,1000,0.3476190476190476,0.4108291312171886,0.2812964518895832,1.0,1000,0.6523809523809524,0.7180970571328313,0.5894365437900351,0.0,1000,Qwen2.5-14B,135,140,201,275,,Movies source,MMLU,0.406984126984127,0.4712688152113943,0.3419538813742966,0.998,1000,0.593015873015873,0.6548946457034888,0.5284657796063648,0.001,1000
OOD,qwen25_14b,31,movies,truthfulqa_binary,movies->truthfulqa_binary,0.6480693459416864,0.7418581796563017,0.5509464710701265,0.0,1000,0.16347517730496453,0.21793371680595355,0.11833118558744252,1.0,1000,0.8365248226950355,0.8831963960842069,0.7900649225278835,0.0,1000,Qwen2.5-14B,270,94,292,364,,Movies source,TruthfulQA,0.1884554767533491,0.24240327868733924,0.13994324230241675,1.0,1000,0.8115445232466509,0.8633683438495655,0.761693654655572,0.0,1000
OOD,qwen25_14b,32,math,mmlu,math->mmlu,0.3263492063492064,0.45266739356499386,0.20391854151397784,0.0,1000,0.36857142857142855,0.42770394732788686,0.30903681852990017,1.0,1000,0.6314285714285715,0.6928229128041821,0.5642135293491625,0.0,1000,Qwen2.5-14B,135,140,201,275,,Math source,MMLU,0.30507936507936506,0.36959380262553576,0.24319789633070377,1.0,1000,0.6949206349206349,0.7558352797001153,0.6339956050938226,0.0,1000
OOD,qwen25_14b,32,math,truthfulqa_binary,math->truthfulqa_binary,0.6042553191489362,0.699990368526611,0.49830389827848215,0.0,1000,0.18987391646966115,0.24563962291477398,0.14348646800269269,1.0,1000,0.8101260835303389,0.8548488007775459,0.7550362870709101,0.0,1000,Qwen2.5-14B,270,94,292,364,,Math source,TruthfulQA,0.20587076438140267,0.2630261445723382,0.15445877646269765,1.0,1000,0.7941292356185973,0.844536389707673,0.7383350589039444,0.0,1000
OOD,qwen25_14b,32,movies,mmlu,movies->mmlu,0.2618518518518519,0.38664793154936683,0.13493242928628327,0.0,1000,0.34195767195767196,0.4015319999289257,0.2803036733187276,1.0,1000,0.6580423280423281,0.7209067422627125,0.5927675222174668,0.0,1000,Qwen2.5-14B,135,140,201,275,,Movies source,MMLU,0.3961904761904762,0.4660843947880791,0.3346562768598062,1.0,1000,0.6038095238095238,0.6704281052706249,0.5381782593053163,0.001,1000
OOD,qwen25_14b,32,movies,truthfulqa_binary,movies->truthfulqa_binary,0.6648936170212766,0.7538565282898441,0.5602480398805413,0.0,1000,0.16185973207249804,0.21475415686729962,0.11410564446366782,1.0,1000,0.838140267927502,0.888159221831342,0.7819351325757575,0.0,1000,Qwen2.5-14B,270,94,292,364,,Movies source,TruthfulQA,0.17324665090622537,0.2235450175105667,0.12648381018150479,1.0,1000,0.8267533490937746,0.8752355947826077,0.7727830534124791,0.0,1000
OOD,qwen25_14b,33,math,mmlu,math->mmlu,0.3203703703703703,0.4372506656591276,0.19533452273370658,0.0,1000,0.3706878306878307,0.4337899214187251,0.3068186035152009,1.0,1000,0.6293121693121693,0.6911469559414675,0.5663520065873715,0.0,1000,Qwen2.5-14B,135,140,201,275,,Math source,MMLU,0.30894179894179896,0.371185462047531,0.24973320407576266,1.0,1000,0.691058201058201,0.751972930618764,0.6314073455980751,0.0,1000
OOD,qwen25_14b,33,math,truthfulqa_binary,math->truthfulqa_binary,0.6089046493301813,0.7103281598126959,0.5013443825425665,0.0,1000,0.18892828999211977,0.24391842172290862,0.13761541160408514,1.0,1000,0.8110717100078803,0.860472523671636,0.7578136658658525,0.0,1000,Qwen2.5-14B,270,94,292,364,,Math source,TruthfulQA,0.20216706067769896,0.26046005890064167,0.1509581716454471,1.0,1000,0.797832939322301,0.8503360622338195,0.7389475918345793,0.0,1000
OOD,qwen25_14b,33,movies,mmlu,movies->mmlu,0.27687830687830695,0.40366306237238775,0.15266501965888843,0.0,1000,0.33936507936507937,0.40462873911397196,0.2722533740997705,1.0,1000,0.6606349206349207,0.7216899763983216,0.5930578600377494,0.0,1000,Qwen2.5-14B,135,140,201,275,,Movies source,MMLU,0.38375661375661374,0.4451514147939516,0.31614067198704604,1.0,1000,0.6162433862433863,0.6773327755098009,0.5537216449741154,0.001,1000
OOD,qwen25_14b,33,movies,truthfulqa_binary,movies->truthfulqa_binary,0.6685185185185185,0.757567644976259,0.5675894422251668,0.0,1000,0.16055949566587865,0.20912997568451772,0.11545053545313017,1.0,1000,0.8394405043341213,0.8855127665544332,0.7837349726581574,0.0,1000,Qwen2.5-14B,270,94,292,364,,Movies source,TruthfulQA,0.17092198581560283,0.22317226883421143,0.1246142906012524,1.0,1000,0.8290780141843972,0.8783020991849243,0.7757481353577161,0.0,1000
OOD,qwen25_14b,34,math,mmlu,math->mmlu,0.2633862433862434,0.38325274322411,0.13896558752567184,0.0,1000,0.398994708994709,0.4636826064851875,0.3364610819679985,0.999,1000,0.601005291005291,0.6639124668435014,0.5347600726337046,0.001,1000,Qwen2.5-14B,135,140,201,275,,Math source,MMLU,0.3376190476190476,0.39765959332151846,0.2758153641075629,1.0,1000,0.6623809523809524,0.7257783205150268,0.5988294792295696,0.0,1000
OOD,qwen25_14b,34,math,truthfulqa_binary,math->truthfulqa_binary,0.5955476753349094,0.6996287797994162,0.47313712006851105,0.0,1000,0.20567375886524822,0.264981263677785,0.15190117231999903,1.0,1000,0.7943262411347518,0.846664876263022,0.7360810047128643,0.0,1000,Qwen2.5-14B,270,94,292,364,,Math source,TruthfulQA,0.1987785657998424,0.2548503070263563,0.14054554320785376,1.0,1000,0.8012214342001576,0.8539675325393882,0.74263546529723,0.0,1000
OOD,qwen25_14b,34,movies,mmlu,movies->mmlu,0.23555555555555552,0.35757418812989916,0.12068732096245935,0.0,1000,0.3637037037037037,0.43339149332707744,0.29768380867228383,1.0,1000,0.6362962962962962,0.7004041518560169,0.5691715449196331,0.0,1000,Qwen2.5-14B,135,140,201,275,,Movies source,MMLU,0.40074074074074073,0.4642375532495307,0.337636716211166,0.999,1000,0.5992592592592593,0.662423924815267,0.5359278952587083,0.001,1000
OOD,qwen25_14b,34,movies,truthfulqa_binary,movies->truthfulqa_binary,0.6036643026004729,0.7029893116172542,0.4984904552385822,0.0,1000,0.1871946414499606,0.24210850359984157,0.13551047234514854,1.0,1000,0.8128053585500394,0.8627328076649964,0.7545242719729401,0.0,1000,Qwen2.5-14B,270,94,292,364,,Movies source,TruthfulQA,0.20914105594956658,0.2718529530475121,0.1539389129786051,1.0,1000,0.7908589440504334,0.842278932228089,0.7333042763031044,0.0,1000
OOD,qwen25_14b,35,math,mmlu,math->mmlu,0.31952380952380954,0.4420014855792491,0.19705943691345149,0.0,1000,0.387989417989418,0.4548032336790726,0.32635675979978673,0.999,1000,0.612010582010582,0.6763822065087325,0.5481275883401171,0.001,1000,Qwen2.5-14B,135,140,201,275,,Math source,MMLU,0.29248677248677246,0.3538221752015672,0.23356640992137176,1.0,1000,0.7075132275132275,0.7716412955051993,0.644007846513501,0.0,1000
OOD,qwen25_14b,35,math,truthfulqa_binary,math->truthfulqa_binary,0.6071710007880221,0.702251067093504,0.4924439109681378,0.0,1000,0.19286840031520883,0.24760279497709486,0.1384704718941148,1.0,1000,0.8071315996847912,0.8599534660624503,0.7488709317289552,0.0,1000,Qwen2.5-14B,270,94,292,364,,Math source,TruthfulQA,0.19996059889676912,0.25559058370017124,0.14964857461593178,1.0,1000,0.8000394011032309,0.8527563665100232,0.7430156063450011,0.0,1000
OOD,qwen25_14b,35,movies,mmlu,movies->mmlu,0.21460317460317457,0.34489315784393676,0.08644246901688342,0.0,1000,0.3808465608465608,0.44644720862492554,0.31515301860873507,1.0,1000,0.6191534391534391,0.6800677442149593,0.5517862220606198,0.0,1000,Qwen2.5-14B,135,140,201,275,,Movies source,MMLU,0.40455026455026455,0.472181124055507,0.3382443063132924,0.997,1000,0.5954497354497355,0.6600654617821542,0.5254082111568031,0.004,1000
OOD,qwen25_14b,35,movies,truthfulqa_binary,movies->truthfulqa_binary,0.5968873128447597,0.7104651320856301,0.483566263802072,0.0,1000,0.19527186761229315,0.25034036655946645,0.1415986907302516,1.0,1000,0.8047281323877069,0.8552037218296409,0.7430435646567045,0.0,1000,Qwen2.5-14B,270,94,292,364,,Movies source,TruthfulQA,0.2078408195429472,0.2726865627371885,0.15401388236372596,1.0,1000,0.7921591804570528,0.842515178275079,0.735537809316132,0.0,1000
OOD,qwen25_14b,36,math,mmlu,math->mmlu,0.30470899470899476,0.43228744189519663,0.17924017354670438,0.0,1000,0.3829100529100529,0.4506281132398448,0.3101534929295269,1.0,1000,0.6170899470899471,0.6818052501524341,0.5498390741690413,0.0,1000,Qwen2.5-14B,135,140,201,275,,Math source,MMLU,0.31238095238095237,0.36856062254326033,0.24809290286671629,1.0,1000,0.6876190476190476,0.7531649418863926,0.6319602272727273,0.0,1000
OOD,qwen25_14b,36,math,truthfulqa_binary,math->truthfulqa_binary,0.6125295508274231,0.71781173657723,0.5009395284840928,0.0,1000,0.1908589440504334,0.24497621877574938,0.14267282942758358,1.0,1000,0.8091410559495665,0.8621555162425472,0.7558078239651138,0.0,1000,Qwen2.5-14B,270,94,292,364,,Math source,TruthfulQA,0.19661150512214343,0.2555860047873053,0.14106433414148145,1.0,1000,0.8033884948778566,0.855726157784777,0.7505482975740754,0.0,1000
OOD,qwen25_14b,36,movies,mmlu,movies->mmlu,0.22904761904761906,0.3585442204022972,0.09298360001734284,0.002,1000,0.37195767195767193,0.4363953831510783,0.30941273193344443,1.0,1000,0.6280423280423281,0.698674738913467,0.5674506918727429,0.0,1000,Qwen2.5-14B,135,140,201,275,,Movies source,MMLU,0.398994708994709,0.46872718111984113,0.3378176710445213,0.994,1000,0.601005291005291,0.6635672272727628,0.536272309788277,0.001,1000
OOD,qwen25_14b,36,movies,truthfulqa_binary,movies->truthfulqa_binary,0.5983451536643026,0.704651511670009,0.48378884853510273,0.0,1000,0.19775413711583925,0.2595170455005901,0.1438043122955256,1.0,1000,0.8022458628841608,0.8541832703997394,0.7444906826808213,0.0,1000,Qwen2.5-14B,270,94,292,364,,Movies source,TruthfulQA,0.20390070921985815,0.26586087762021093,0.15035326483439693,1.0,1000,0.7960992907801419,0.851600911278678,0.7369645745581141,0.0,1000
OOD,qwen25_14b,37,math,mmlu,math->mmlu,0.2643386243386244,0.37765699214390747,0.13822826453331155,0.0,1000,0.39894179894179893,0.4674742442071188,0.33217892144426003,0.999,1000,0.6010582010582011,0.6713535953495907,0.5336971766704159,0.002,1000,Qwen2.5-14B,135,140,201,275,,Math source,MMLU,0.3367195767195767,0.4020437463631018,0.27396456185795137,1.0,1000,0.6632804232804232,0.7236530450490305,0.5990109818031896,0.0,1000
OOD,qwen25_14b,37,math,truthfulqa_binary,math->truthfulqa_binary,0.5868400315208826,0.6843855409260257,0.4761099188251381,0.0,1000,0.20799842395587076,0.2664329581971216,0.15350151837230488,1.0,1000,0.7920015760441292,0.8442887850621174,0.7351654634721099,0.0,1000,Qwen2.5-14B,270,94,292,364,,Math source,TruthfulQA,0.20516154452324664,0.26381405298532556,0.15167659702377523,1.0,1000,0.7948384554767534,0.8518146024380169,0.7325886368833125,0.0,1000
OOD,qwen25_14b,37,movies,mmlu,movies->mmlu,0.18232804232804234,0.3047239972972399,0.058260918520065895,0.001,1000,0.3913756613756614,0.4606696248241847,0.3267596371379318,1.0,1000,0.6086243386243386,0.675040290950847,0.5376002414851336,0.001,1000,Qwen2.5-14B,135,140,201,275,,Movies source,MMLU,0.4262962962962963,0.49058664548857367,0.3620631702707367,0.987,1000,0.5737037037037037,0.6413632892134592,0.5014614364242349,0.021,1000
OOD,qwen25_14b,37,movies,truthfulqa_binary,movies->truthfulqa_binary,0.5256895193065405,0.6408541839541131,0.4074073414817452,0.0,1000,0.22943262411347518,0.293388466521955,0.1690957833245007,1.0,1000,0.7705673758865248,0.8264586894779327,0.7088478584418262,0.0,1000,Qwen2.5-14B,270,94,292,364,,Movies source,TruthfulQA,0.24487785657998423,0.3092551511427735,0.19090711080557618,1.0,1000,0.7551221434200157,0.8108789768119147,0.6901845243925242,0.0,1000
OOD,qwen25_14b,38,math,mmlu,math->mmlu,0.24507936507936512,0.3706311737967522,0.11977258578697665,0.0,1000,0.4031216931216931,0.4709054707678996,0.33849649414728067,0.999,1000,0.5968783068783069,0.6605215575977802,0.525498277381308,0.002,1000,Qwen2.5-14B,135,140,201,275,,Math source,MMLU,0.3517989417989418,0.4149910296999849,0.29289922053628076,1.0,1000,0.6482010582010582,0.7139933864873913,0.5846208654547895,0.0,1000
OOD,qwen25_14b,38,math,truthfulqa_binary,math->truthfulqa_binary,0.577738376674547,0.6795206212032788,0.4605574334912993,0.0,1000,0.20851063829787234,0.27019577772545983,0.15435923260746356,1.0,1000,0.7914893617021277,0.8409269535272683,0.7351199279084675,0.0,1000,Qwen2.5-14B,270,94,292,364,,Math source,TruthfulQA,0.21375098502758078,0.27578301392241483,0.16034632149118513,1.0,1000,0.7862490149724193,0.8366356535092255,0.7255528117368784,0.0,1000
OOD,qwen25_14b,38,movies,mmlu,movies->mmlu,0.1578835978835979,0.28870333202334,0.02919695638383594,0.003,1000,0.40433862433862433,0.47156821049131503,0.3414612354892206,0.998,1000,0.5956613756613757,0.6627375184692684,0.5319075611008778,0.002,1000,Qwen2.5-14B,135,140,201,275,,Movies source,MMLU,0.43777777777777777,0.5041369047619048,0.372579291349948,0.968,1000,0.5622222222222222,0.6243481742195293,0.4942135837867901,0.042,1000
OOD,qwen25_14b,38,movies,truthfulqa_binary,movies->truthfulqa_binary,0.4864854215918046,0.5995281422371748,0.3607854594330193,0.0,1000,0.25177304964539005,0.3122926022059567,0.19094398809150362,1.0,1000,0.74822695035461,0.8081725970016613,0.6824708558034877,0.0,1000,Qwen2.5-14B,270,94,292,364,,Movies source,TruthfulQA,0.2617415287628054,0.32775167183721954,0.201132389991874,1.0,1000,0.7382584712371947,0.7954816740067643,0.6770013620767935,0.0,1000
OOD,qwen25_14b,39,math,mmlu,math->mmlu,0.23772486772486773,0.3580647765209445,0.11324473332386993,0.0,1000,0.4005291005291005,0.46930032013042916,0.3353661625536626,0.996,1000,0.5994708994708995,0.668086322796966,0.5298680377552263,0.001,1000,Qwen2.5-14B,135,140,201,275,,Math source,MMLU,0.36174603174603176,0.42383758523945453,0.29787367187543806,1.0,1000,0.6382539682539683,0.7053741822696882,0.5613561852908594,0.0,1000
OOD,qwen25_14b,39,math,truthfulqa_binary,math->truthfulqa_binary,0.5995665878644603,0.7032939273313882,0.47980941058796883,0.0,1000,0.19487785657998424,0.25267010495845565,0.144992225498802,1.0,1000,0.8051221434200158,0.8550679052192276,0.7515039323371597,0.0,1000,Qwen2.5-14B,270,94,292,364,,Math source,TruthfulQA,0.20555555555555555,0.2647514724674097,0.1525721334625931,1.0,1000,0.7944444444444444,0.8477963442117848,0.7415485847665472,0.0,1000
OOD,qwen25_14b,39,movies,mmlu,movies->mmlu,0.1419576719576719,0.27633502304854884,0.009696311718681386,0.022,1000,0.413015873015873,0.4839108669346969,0.3471131446458003,0.991,1000,0.5869841269841269,0.6605643554324794,0.5196775038156727,0.005,1000,Qwen2.5-14B,135,140,201,275,,Movies source,MMLU,0.44502645502645505,0.51134436724547,0.3799786507159572,0.952,1000,0.554973544973545,0.62867966816762,0.48361870198567325,0.056,1000
OOD,qwen25_14b,39,movies,truthfulqa_binary,movies->truthfulqa_binary,0.4816390858944051,0.5995800503560001,0.3509968250297931,0.0,1000,0.2501970055161544,0.31264814004544256,0.19261830120406764,1.0,1000,0.7498029944838456,0.8061246549533018,0.6862606469532039,0.0,1000,Qwen2.5-14B,270,94,292,364,,Movies source,TruthfulQA,0.2681639085894405,0.3306788997335757,0.2087536073039539,1.0,1000,0.7318360914105595,0.7895570264326637,0.6667501056473384,0.0,1000
OOD,qwen25_14b,40,math,mmlu,math->mmlu,0.22412698412698417,0.3592709963484611,0.0907303319204083,0.0,1000,0.4070899470899471,0.4725298973756169,0.3388391156666467,0.996,1000,0.5929100529100529,0.6675022558087074,0.5253234320343096,0.003,1000,Qwen2.5-14B,135,140,201,275,,Math source,MMLU,0.36878306878306877,0.43714404166783405,0.3008192932640231,1.0,1000,0.6312169312169312,0.6999798334848103,0.557590002523657,0.0,1000
OOD,qwen25_14b,40,math,truthfulqa_binary,math->truthfulqa_binary,0.5678881008668243,0.6709796535209076,0.4441176790265694,0.0,1000,0.2135933806146572,0.2726889583657029,0.15999114405297774,1.0,1000,0.7864066193853428,0.8404032008159706,0.7261320418568146,0.0,1000,Qwen2.5-14B,270,94,292,364,,Math source,TruthfulQA,0.21851851851851853,0.280370000778089,0.1659720191483819,1.0,1000,0.7814814814814814,0.8396591477190882,0.7237217464782782,0.0,1000
OOD,qwen25_14b,40,movies,mmlu,movies->mmlu,0.11793650793650795,0.24664704423436046,-0.011452533067620105,0.037,1000,0.4237037037037037,0.49420868077090047,0.36028138798359965,0.98,1000,0.5762962962962963,0.6426399367088632,0.5062164579786369,0.017,1000,Qwen2.5-14B,135,140,201,275,,Movies source,MMLU,0.45835978835978836,0.5295343942853028,0.3868606546361887,0.886,1000,0.5416402116402116,0.6136297152313405,0.4726290884000659,0.123,1000
OOD,qwen25_14b,40,movies,truthfulqa_binary,movies->truthfulqa_binary,0.4404649330181245,0.5597873721950327,0.3203868916453776,0.0,1000,0.2639085894405043,0.3260304323923726,0.20450147973436927,1.0,1000,0.7360914105594957,0.7997199417401369,0.668717567559608,0.0,1000,Qwen2.5-14B,270,94,292,364,,Movies source,TruthfulQA,0.29562647754137117,0.3605483002884414,0.23148253246745737,1.0,1000,0.7043735224586288,0.7653283162287511,0.6422152730664857,0.0,1000
OOD,qwen25_14b,41,math,mmlu,math->mmlu,0.21682539682539675,0.3542777599161695,0.07718736271118995,0.001,1000,0.414021164021164,0.4788320446319451,0.352886337173042,0.997,1000,0.5859788359788359,0.6549087767282552,0.5157732880627917,0.01,1000,Qwen2.5-14B,135,140,201,275,,Math source,MMLU,0.3691534391534392,0.4409145863739333,0.29974324822550374,1.0,1000,0.6308465608465609,0.6988575279137377,0.559214245211433,0.0,1000
OOD,qwen25_14b,41,math,truthfulqa_binary,math->truthfulqa_binary,0.5811662726556344,0.6926255337106331,0.46500082486685357,0.0,1000,0.2098896769109535,0.2619804590017825,0.1588881541415438,1.0,1000,0.7901103230890465,0.842557099934045,0.7344774277541742,0.0,1000,Qwen2.5-14B,270,94,292,364,,Math source,TruthfulQA,0.20894405043341213,0.27063842333745497,0.1577260658691818,1.0,1000,0.7910559495665879,0.8420554605734677,0.7347504758712103,0.0,1000
OOD,qwen25_14b,41,movies,mmlu,movies->mmlu,0.11756613756613754,0.2524878608671906,-0.023795840467848568,0.054,1000,0.4247619047619048,0.49309326364263195,0.3557577293704296,0.986,1000,0.5752380952380952,0.6426047260686661,0.5086661627834264,0.014,1000,Qwen2.5-14B,135,140,201,275,,Movies source,MMLU,0.4576719576719577,0.5281424950089605,0.3951426106233867,0.868,1000,0.5423280423280423,0.6137096426151619,0.46979014108652123,0.132,1000
OOD,qwen25_14b,41,movies,truthfulqa_binary,movies->truthfulqa_binary,0.44574468085106383,0.5632292633417288,0.3138203063195216,0.0,1000,0.2604018912529551,0.32365230639823817,0.20075195181047248,1.0,1000,0.7395981087470449,0.7985954840007854,0.6777929970200085,0.0,1000,Qwen2.5-14B,270,94,292,364,,Movies source,TruthfulQA,0.29385342789598107,0.35939387240835063,0.23525347881146075,1.0,1000,0.7061465721040189,0.7634075368911283,0.634644646025105,0.0,1000
OOD,qwen25_14b,42,math,mmlu,math->mmlu,0.21359788359788362,0.35492190997129297,0.07262419217661127,0.0,1000,0.4121164021164021,0.48149351947013813,0.34037328394818933,0.994,1000,0.5878835978835979,0.6581292928147859,0.5233856481941251,0.005,1000,Qwen2.5-14B,135,140,201,275,,Math source,MMLU,0.3742857142857143,0.44401787051084124,0.30751907219666014,1.0,1000,0.6257142857142857,0.6922185812460133,0.5591064645881834,0.0,1000
OOD,qwen25_14b,42,math,truthfulqa_binary,math->truthfulqa_binary,0.5442868400315208,0.6479968814509045,0.4167175577038663,0.0,1000,0.2284475965327029,0.28729166889385405,0.17584366192394532,1.0,1000,0.771552403467297,0.8231694140252933,0.7116616895540592,0.0,1000,Qwen2.5-14B,270,94,292,364,,Math source,TruthfulQA,0.2272655634357762,0.2886016853682688,0.17487042668706507,1.0,1000,0.7727344365642238,0.8263219017437021,0.7154090377459641,0.0,1000
OOD,qwen25_14b,42,movies,mmlu,movies->mmlu,0.12142857142857139,0.2566768324470857,-0.013720146034774488,0.042,1000,0.4261904761904762,0.49248539108201095,0.36206225147401616,0.988,1000,0.5738095238095238,0.6383966912478315,0.5029488463663996,0.023,1000,Qwen2.5-14B,135,140,201,275,,Movies source,MMLU,0.4523809523809524,0.522327090911212,0.38249594940391746,0.917,1000,0.5476190476190477,0.6153344383146212,0.478458998568223,0.096,1000
OOD,qwen25_14b,42,movies,truthfulqa_binary,movies->truthfulqa_binary,0.40362490149724195,0.5237468262473318,0.2763485341331531,0.0,1000,0.28384554767533493,0.34584222180975277,0.22368474365816388,1.0,1000,0.7161544523246651,0.776343314853017,0.6528644644031494,0.0,1000,Qwen2.5-14B,270,94,292,364,,Movies source,TruthfulQA,0.3125295508274232,0.37300387047226724,0.25738845794096266,1.0,1000,0.6874704491725768,0.7511163493410946,0.6237320413239923,0.0,1000
OOD,qwen25_14b,43,math,mmlu,math->mmlu,0.2177248677248677,0.3414859192230595,0.08669946919776303,0.0,1000,0.40555555555555556,0.470101150527325,0.33962183494258846,0.996,1000,0.5944444444444444,0.6612497965840267,0.5220170236349672,0.007,1000,Qwen2.5-14B,135,140,201,275,,Math source,MMLU,0.37671957671957673,0.4387985742242102,0.3144691938026837,1.0,1000,0.6232804232804233,0.6876880257586779,0.5528788660144384,0.0,1000
OOD,qwen25_14b,43,math,truthfulqa_binary,math->truthfulqa_binary,0.5042553191489362,0.61461354018895,0.38654202449005076,0.0,1000,0.24223798266351457,0.29599289845491733,0.19017290683648466,1.0,1000,0.7577620173364854,0.8103684874696699,0.6985657297347382,0.0,1000,Qwen2.5-14B,270,94,292,364,,Math source,TruthfulQA,0.25350669818754923,0.3152431062445128,0.19735872507605193,1.0,1000,0.7464933018124508,0.8026568518226148,0.6876698201293096,0.0,1000
OOD,qwen25_14b,43,movies,mmlu,movies->mmlu,0.12074074074074076,0.26142037120123146,-0.017333219834496597,0.043,1000,0.42365079365079367,0.4930083093707628,0.3591107815588205,0.987,1000,0.5763492063492064,0.6391333834080484,0.5061423034330012,0.018,1000,Qwen2.5-14B,135,140,201,275,,Movies source,MMLU,0.45560846560846563,0.5234397144274376,0.38838437124721226,0.909,1000,0.5443915343915344,0.6127043074974242,0.48035356286935066,0.086,1000
OOD,qwen25_14b,43,movies,truthfulqa_binary,movies->truthfulqa_binary,0.3449960598896769,0.46289610072901954,0.21329187529831062,0.0,1000,0.3100078802206462,0.37590360351172347,0.2494813607085346,1.0,1000,0.6899921197793538,0.749587758161977,0.6197606805932022,0.0,1000,Qwen2.5-14B,270,94,292,364,,Movies source,TruthfulQA,0.3449960598896769,0.41247513182776846,0.2825951084639722,1.0,1000,0.655003940110323,0.7188839806057767,0.5876182051862693,0.0,1000
OOD,qwen25_14b,44,math,mmlu,math->mmlu,0.24021164021164015,0.3742019875478927,0.10832106281886261,0.0,1000,0.404021164021164,0.47610572440061316,0.33658652653769844,0.994,1000,0.5959788359788359,0.6629214102271456,0.5301684891463216,0.001,1000,Qwen2.5-14B,135,140,201,275,,Math source,MMLU,0.3557671957671958,0.4259203464241071,0.28660069234677643,0.999,1000,0.6442328042328043,0.7108287171601563,0.5790769768981453,0.0,1000
OOD,qwen25_14b,44,math,truthfulqa_binary,math->truthfulqa_binary,0.4608747044917258,0.5722104445897352,0.3462332411590111,0.0,1000,0.2623719464144996,0.32117300845080293,0.20615223266034507,1.0,1000,0.7376280535855004,0.7883849385342372,0.6784803133981255,0.0,1000,Qwen2.5-14B,270,94,292,364,,Math source,TruthfulQA,0.27675334909377464,0.32946999733372956,0.22002275159088902,1.0,1000,0.7232466509062254,0.7820127590629286,0.6656239544289859,0.0,1000
OOD,qwen25_14b,44,movies,mmlu,movies->mmlu,0.09698412698412695,0.22579571359985307,-0.04016386165704171,0.083,1000,0.4333862433862434,0.4978652652419015,0.3676551639555156,0.977,1000,0.5666137566137566,0.6341470690499897,0.5034838412914608,0.019,1000,Qwen2.5-14B,135,140,201,275,,Movies source,MMLU,0.4696296296296296,0.5379434852342022,0.40018827803464807,0.82,1000,0.5303703703703704,0.591566898364284,0.46243331730006343,0.194,1000
OOD,qwen25_14b,44,movies,truthfulqa_binary,movies->truthfulqa_binary,0.3267533490937747,0.4519243827160494,0.20077926559704842,0.0,1000,0.31355397951142633,0.38451979458092206,0.25097637272340245,1.0,1000,0.6864460204885737,0.7463008028046577,0.6130372717665735,0.0,1000,Qwen2.5-14B,270,94,292,364,,Movies source,TruthfulQA,0.35969267139479905,0.4283298274313739,0.2938162081797271,1.0,1000,0.6403073286052009,0.7024022366522366,0.5700081044763585,0.0,1000
OOD,qwen25_14b,45,math,mmlu,math->mmlu,0.18481481481481488,0.3100666582131819,0.05781825371788759,0.001,1000,0.42603174603174604,0.49555546474882856,0.360062613874588,0.982,1000,0.573968253968254,0.6414830326908805,0.5049979887320669,0.02,1000,Qwen2.5-14B,135,140,201,275,,Math source,MMLU,0.38915343915343914,0.4620583552920509,0.3250394175185802,0.996,1000,0.6108465608465609,0.6776371062748016,0.5408488227903777,0.001,1000
OOD,qwen25_14b,45,math,truthfulqa_binary,math->truthfulqa_binary,0.42273443656422377,0.5386567364587433,0.3079384418166002,0.0,1000,0.2743104806934594,0.3339275098563785,0.2161775175501551,1.0,1000,0.7256895193065406,0.7828500109055452,0.6679709050474669,0.0,1000,Qwen2.5-14B,270,94,292,364,,Math source,TruthfulQA,0.3029550827423168,0.3682609412292989,0.245496579218089,1.0,1000,0.6970449172576832,0.7557094264068988,0.6315735688347035,0.0,1000
OOD,qwen25_14b,45,movies,mmlu,movies->mmlu,0.06317460317460316,0.19148255826812585,-0.07237720678033682,0.179,1000,0.4541269841269841,0.5192975285704609,0.38780617226341285,0.912,1000,0.5458730158730158,0.6109473221598024,0.4804921074745688,0.1,1000,Qwen2.5-14B,135,140,201,275,,Movies source,MMLU,0.4826984126984127,0.5469742704194396,0.4141139821304279,0.69,1000,0.5173015873015873,0.5902281579829117,0.449687167867265,0.316,1000
OOD,qwen25_14b,45,movies,truthfulqa_binary,movies->truthfulqa_binary,0.23518518518518516,0.3562469290124409,0.09493645942773846,0.0,1000,0.35890464933018124,0.4343383763565724,0.2966819507341328,1.0,1000,0.6410953506698187,0.699571912350935,0.5735432571370072,0.0,1000,Qwen2.5-14B,270,94,292,364,,Movies source,TruthfulQA,0.40591016548463354,0.4728534201504092,0.34390739514965696,0.997,1000,0.5940898345153665,0.6577194518771217,0.5259010395692808,0.004,1000
OOD,qwen25_14b,46,math,mmlu,math->mmlu,0.03296296296296297,0.15798670149475438,-0.11189613108991986,0.33,1000,0.4382010582010582,0.5045937425722756,0.3715126501290623,0.969,1000,0.5617989417989419,0.6269882278669043,0.49508326970417293,0.036,1000,Qwen2.5-14B,135,140,201,275,,Math source,MMLU,0.5288359788359789,0.6076729526049329,0.4555960760602374,0.226,1000,0.4711640211640212,0.5536035463263137,0.3904006322666598,0.741,1000
OOD,qwen25_14b,46,math,truthfulqa_binary,math->truthfulqa_binary,0.25417651694247434,0.39159156991137806,0.12447432378896264,0.0,1000,0.33900709219858155,0.4024249595526018,0.2788577900669702,1.0,1000,0.6609929078014184,0.7194470110069271,0.5932670766290822,0.0,1000,Qwen2.5-14B,270,94,292,364,,Math source,TruthfulQA,0.40681639085894405,0.47947902615441385,0.33825877533742704,0.994,1000,0.593183609141056,0.6644368225379756,0.5179626575881608,0.011,1000
OOD,qwen25_14b,46,movies,mmlu,movies->mmlu,-0.047089947089947126,0.09520048722883762,-0.1834516520844056,0.726,1000,0.5019047619047619,0.5711268431884737,0.4351006008298195,0.497,1000,0.4980952380952381,0.5712280182572437,0.4333772054288187,0.508,1000,Qwen2.5-14B,135,140,201,275,,Movies source,MMLU,0.5451851851851852,0.6143954884999454,0.4736357360555805,0.121,1000,0.45481481481481484,0.5274917685697761,0.38646937377782137,0.88,1000
OOD,qwen25_14b,46,movies,truthfulqa_binary,movies->truthfulqa_binary,0.14479905437352247,0.2745856079075683,0.015547235993453989,0.02,1000,0.41000788022064616,0.4772905479401201,0.3417318936691589,0.995,1000,0.5899921197793538,0.6524124918171311,0.5263036836809615,0.002,1000,Qwen2.5-14B,270,94,292,364,,Movies source,TruthfulQA,0.44519306540583137,0.5112743726907437,0.3765115740740741,0.945,1000,0.5548069345941686,0.6277094520187501,0.4845740420980437,0.062,1000
OOD,qwen25_14b,47,math,mmlu,math->mmlu,-0.00825396825396818,0.14364266717325222,-0.14612052402389475,0.532,1000,0.4885185185185185,0.5646432198974837,0.41580207117022183,0.614,1000,0.5114814814814815,0.5864981289694416,0.43942696760187017,0.368,1000,Qwen2.5-14B,135,140,201,275,,Math source,MMLU,0.5197354497354497,0.5968528511048259,0.4418789252150095,0.288,1000,0.4802645502645503,0.5560835588133821,0.4011233225113097,0.689,1000
OOD,qwen25_14b,47,math,truthfulqa_binary,math->truthfulqa_binary,0.2696217494089834,0.39016517809362755,0.13450365772766593,0.0,1000,0.35263987391646967,0.42428593426408623,0.2853799186336837,1.0,1000,0.6473601260835303,0.7144783437906581,0.574451769103048,0.0,1000,Qwen2.5-14B,270,94,292,364,,Math source,TruthfulQA,0.3777383766745469,0.44285683963728756,0.31281689184979206,1.0,1000,0.6222616233254531,0.6855995314923623,0.5566452866284705,0.0,1000
OOD,qwen25_14b,47,movies,mmlu,movies->mmlu,-0.03349206349206346,0.11588947938159404,-0.1844795516262366,0.665,1000,0.4901587301587302,0.5591493855606758,0.42269557890770554,0.597,1000,0.5098412698412699,0.5822152599564993,0.4364186025270559,0.398,1000,Qwen2.5-14B,135,140,201,275,,Movies source,MMLU,0.5433333333333333,0.6188398226849511,0.4651235922919336,0.146,1000,0.45666666666666667,0.5256172031685933,0.3808723882726924,0.89,1000
OOD,qwen25_14b,47,movies,truthfulqa_binary,movies->truthfulqa_binary,0.13041765169424746,0.26268549986445716,-0.012813672401996106,0.043,1000,0.4207643814026793,0.49097238671487786,0.3559395842884315,0.985,1000,0.5792356185973208,0.6470952111003131,0.510367404919956,0.01,1000,Qwen2.5-14B,270,94,292,364,,Movies source,TruthfulQA,0.4488179669030733,0.5181670744456648,0.38004731452307794,0.922,1000,0.5511820330969267,0.6149929843548264,0.4822998784571479,0.073,1000
OOD,olmo3_7b_it,0,math,mmlu,math->mmlu,-0.16481913652275376,0.2453581603992805,-0.8234126740445074,0.7340748230535895,989,0.500291715285881,0.8912072793307533,0.09269380860853865,0.5251798561151079,973,0.49970828471411904,0.9091766552355075,0.11202162948276613,0.5005065856129686,987,OLMo-3-7B,4,857,369,861,,Math source,MMLU,0.6645274212368728,0.9795513103651354,0.3322711579803968,0.11914460285132383,982,0.3354725787631272,0.7124357264495649,0.01964358660130719,0.8747454175152749,982
OOD,olmo3_7b_it,0,math,truthfulqa_binary,math->truthfulqa_binary,0.047354790972992944,0.15289290476372683,-0.05810373467277319,0.178,1000,0.4551732642742632,0.5204887228481728,0.3887413919913195,0.909,1000,0.5448267357257368,0.6142206163198783,0.48115190367093574,0.091,1000,OLMo-3-7B,102,318,372,420,,Math source,TruthfulQA,0.49747194475274387,0.5549383407286487,0.43959542365156185,0.538,1000,0.5025280552472562,0.5594568446421269,0.44767907532499673,0.485,1000
OOD,olmo3_7b_it,0,movies,mmlu,movies->mmlu,0.005542590431738659,0.1416259314456036,-0.17684689194826866,0.4531568228105906,982,0.4789964994165694,0.7425522248419233,0.10114983558324679,0.5313131313131313,990,0.5210035005834306,0.8937741215979149,0.22321008403361345,0.4745417515274949,982,OLMo-3-7B,4,857,369,861,,Movies source,MMLU,0.5154609101516919,0.7735658117672779,0.09658421672555949,0.41818181818181815,990,0.48453908984830807,0.8237601359271961,0.22589847399563998,0.5940996948118006,983
OOD,olmo3_7b_it,0,movies,truthfulqa_binary,movies->truthfulqa_binary,0.04803304969786659,0.09382227286848084,0.0016398461648963476,0.022,1000,0.3955173264274263,0.4607501622957876,0.3342824742602379,0.996,1000,0.6044826735725737,0.6686495239294726,0.5371489526921328,0.001,1000,OLMo-3-7B,102,318,372,420,,Movies source,TruthfulQA,0.5564496238747071,0.619910845281094,0.4900419907872096,0.046,1000,0.4435503761252929,0.5042958750558548,0.3761128240973091,0.966,1000
OOD,olmo3_7b_it,1,math,mmlu,math->mmlu,-0.06038506417736289,0.6608103954170742,-0.9053299118110982,0.5800203873598369,981,0.41802800466744455,0.9561292103431838,0.07725631718631518,0.6860940695296524,978,0.5819719953325554,0.9405809839659831,0.04453985235235235,0.34826883910386963,982,OLMo-3-7B,4,857,369,861,,Math source,MMLU,0.6423570595099183,0.9577930048165174,0.25287818849558014,0.150559511698881,983,0.35764294049008166,0.7384197538799468,0.03894743429286608,0.8532388663967612,988
OOD,olmo3_7b_it,1,math,truthfulqa_binary,math->truthfulqa_binary,-0.038475767665556826,0.06888945566055742,-0.1440117757097394,0.737,1000,0.49016524848933285,0.5498573101577909,0.4292647293011349,0.638,1000,0.5098347515106672,0.5682029685321334,0.4489279898893546,0.387,1000,OLMo-3-7B,102,318,372,420,,Math source,TruthfulQA,0.548310519176224,0.6111425146380524,0.48438096696057026,0.064,1000,0.451689480823776,0.5096937605568472,0.3958312303318201,0.94,1000
OOD,olmo3_7b_it,1,movies,mmlu,movies->mmlu,-0.24183197199533257,0.19855178799703016,-0.6956106684013661,0.9008179959100204,978,0.6449824970828472,0.8910930348727212,0.22692655367231637,0.1758130081300813,984,0.35501750291715284,0.7670347613937334,0.07210749512013957,0.8367139959432048,986,OLMo-3-7B,4,857,369,861,,Movies source,MMLU,0.5968494749124854,0.9353842878433043,0.18336876995836532,0.2661207778915046,977,0.4031505250875146,0.9611153787064065,0.10035337464411323,0.7010204081632653,980
OOD,olmo3_7b_it,1,movies,truthfulqa_binary,movies->truthfulqa_binary,-0.15794179306942896,-0.030663733732638875,-0.27884605833327736,0.994,1000,0.5729436428659515,0.6310848737926519,0.5097099154640042,0.014,1000,0.4270563571340486,0.4873772088159039,0.3677580476739028,0.991,1000,OLMo-3-7B,102,318,372,420,,Movies source,TruthfulQA,0.5849981502034776,0.6522397484620972,0.514970735447642,0.008,1000,0.4150018497965224,0.4855927624168369,0.349687876541169,0.991,1000
OOD,olmo3_7b_it,2,math,mmlu,math->mmlu,0.0927654609101517,0.7917169069462646,-0.7032680304159352,0.3319796954314721,985,0.39614935822637104,0.8674501129387636,0.09588913912420953,0.742827868852459,976,0.6038506417736289,0.9577251965267785,0.07455144490314385,0.26272912423625255,982,OLMo-3-7B,4,857,369,861,,Math source,MMLU,0.5110851808634772,0.9156861305213686,0.14078144078144078,0.43191056910569103,984,0.48891481913652274,0.8602810444488737,0.16839083876959318,0.5345528455284553,984
OOD,olmo3_7b_it,2,math,truthfulqa_binary,math->truthfulqa_binary,0.027346158589221903,0.14666390132699383,-0.08580863508314424,0.34,1000,0.48942532988037984,0.5484952477008981,0.42749458499008297,0.63,1000,0.5105746701196202,0.5717180715218254,0.45290172209234575,0.355,1000,OLMo-3-7B,102,318,372,420,,Math source,TruthfulQA,0.4832285115303983,0.5477250204062407,0.41642793774109294,0.697,1000,0.5167714884696016,0.5828733201645364,0.4573022259705185,0.293,1000
OOD,olmo3_7b_it,2,movies,mmlu,movies->mmlu,-0.30367561260210035,-0.016616514742007874,-0.5710054401901782,0.9929292929292929,990,0.6330221703617269,0.8787759081931146,0.3892836381151693,0.1105424769703173,977,0.366977829638273,0.5793801174698131,0.11062621783242625,0.9152196118488254,979,OLMo-3-7B,4,857,369,861,,Movies source,MMLU,0.6706534422403734,0.9542704626334519,0.12942963244461334,0.17599186164801628,983,0.3293465577596266,0.8838597534263721,0.06296100752622492,0.8173469387755102,980
OOD,olmo3_7b_it,2,movies,truthfulqa_binary,movies->truthfulqa_binary,0.0012023677395486265,0.05302848349910939,-0.051146004217206956,0.461,1000,0.4225860155382908,0.48916352316542877,0.35993936054087444,0.991,1000,0.5774139844617092,0.6397917447918744,0.5149965595359078,0.007,1000,OLMo-3-7B,102,318,372,420,,Movies source,TruthfulQA,0.5762116167221606,0.645702863139301,0.5105769788134366,0.014,1000,0.42378838327783946,0.4904419567169044,0.35103891812654703,0.988,1000
OOD,olmo3_7b_it,3,math,mmlu,math->mmlu,0.17532088681446906,0.7356858136484851,-0.4783914554005998,0.24719101123595505,979,0.3836056009334889,0.6790994060365401,0.07084726300183145,0.843558282208589,978,0.6163943990665111,0.9318404891874869,0.33302474512438923,0.1717479674796748,984,OLMo-3-7B,4,857,369,861,,Math source,MMLU,0.441073512252042,0.797988438136094,0.16352332746478876,0.6960985626283368,974,0.558926487747958,0.8330807045161112,0.21019099313082654,0.29878048780487804,984
OOD,olmo3_7b_it,3,math,truthfulqa_binary,math->truthfulqa_binary,0.06122826489086197,0.16119614990769585,-0.03150983916236075,0.112,1000,0.535176963867308,0.5960022167922009,0.47095966940402706,0.139,1000,0.46482303613269205,0.5270014751733895,0.40707446644093737,0.86,1000,OLMo-3-7B,102,318,372,420,,Math source,TruthfulQA,0.4035947712418301,0.4687112414512047,0.33645848883386603,1.0,1000,0.5964052287581699,0.6649540600138361,0.5333008764862475,0.002,1000
OOD,olmo3_7b_it,3,movies,mmlu,movies->mmlu,-0.24854142357059517,-0.09522871015587835,-0.48648132411496214,1.0,984,0.5773045507584598,0.8516685859051129,0.34918323663606154,0.29327902240325865,982,0.42269544924154023,0.6541764693185987,0.09453663171468323,0.7208121827411168,985,OLMo-3-7B,4,857,369,861,,Movies source,MMLU,0.6712368728121354,0.8966314885261996,0.1998474178403756,0.13866396761133604,988,0.32876312718786466,0.7979574809593996,0.10426957896269778,0.8821138211382114,984
OOD,olmo3_7b_it,3,movies,truthfulqa_binary,movies->truthfulqa_binary,-0.13053397459612776,0.007571279108143803,-0.26199292031664645,0.964,1000,0.5582069305709705,0.6210928893479685,0.49130348424645737,0.044,1000,0.44179306942902946,0.5132215351776829,0.375199101577031,0.943,1000,OLMo-3-7B,102,318,372,420,,Movies source,TruthfulQA,0.5723270440251572,0.6444065315189819,0.503968210423823,0.02,1000,0.4276729559748428,0.5028771160680883,0.3575677696748347,0.972,1000
OOD,olmo3_7b_it,4,math,mmlu,math->mmlu,0.12077012835472578,0.5925288831835687,-0.2250175720992622,0.28311425682507585,989,0.5177946324387398,0.7098506240716187,0.08132645775045079,0.4093686354378819,982,0.4822053675612602,0.9190501171188757,0.2891352976849583,0.5885947046843177,982,OLMo-3-7B,4,857,369,861,,Math source,MMLU,0.3614352392065344,0.5851370077569592,0.20630941558308002,0.9309644670050762,985,0.6385647607934656,0.7950165094339622,0.40588918424724135,0.06605691056910569,984
OOD,olmo3_7b_it,4,math,truthfulqa_binary,math->truthfulqa_binary,-0.006474287828338865,0.053767537962160904,-0.06458598969366139,0.57,1000,0.5940929831051918,0.658526886716225,0.5338819574417748,0.003,1000,0.40590701689480824,0.47183486499349286,0.34468758143974126,0.997,1000,OLMo-3-7B,102,318,372,420,,Math source,TruthfulQA,0.4123813047231471,0.4743235887367261,0.34772291689754103,0.994,1000,0.5876186952768528,0.655414972448687,0.5168708370447258,0.004,1000
OOD,olmo3_7b_it,4,movies,mmlu,movies->mmlu,-0.30921820303383896,-0.035911214313113046,-0.7534517362217267,0.9979674796747967,984,0.5997666277712952,0.8347491675014214,0.29967016399247776,0.2204246713852376,989,0.4002333722287048,0.6660871203709311,0.16638911327906544,0.8111675126903554,985,OLMo-3-7B,4,857,369,861,,Movies source,MMLU,0.7094515752625438,0.9629737154273582,0.25956349919166516,0.10931174089068826,988,0.29054842473745623,0.745209992319819,0.031196683888021146,0.9041794087665648,981
OOD,olmo3_7b_it,4,movies,truthfulqa_binary,movies->truthfulqa_binary,-0.14863115057343695,-0.03212338275748821,-0.28494904365917734,0.995,1000,0.5661302256751757,0.6332032307548446,0.501472387832212,0.019,1000,0.43386977432482426,0.4991776900253732,0.36791678310152953,0.975,1000,OLMo-3-7B,102,318,372,420,,Movies source,TruthfulQA,0.5825009248982612,0.6478075509151328,0.5134903246586098,0.009,1000,0.4174990751017388,0.48747876435966947,0.3546127624924957,0.99,1000
OOD,olmo3_7b_it,5,math,mmlu,math->mmlu,0.1980746791131855,0.447523853395241,-0.020310290545400275,0.029501525940996948,983,0.47549591598599766,0.7158465102469203,0.17703660670420124,0.6206543967280164,978,0.5245040840140023,0.8206435584291187,0.24660236609936811,0.40325865580448067,982,OLMo-3-7B,4,857,369,861,,Math source,MMLU,0.3264294049008168,0.5943043870887006,0.13850880962612805,0.9267548321464903,983,0.6735705950991832,0.8671028392881402,0.298921130952381,0.08695652173913043,989
OOD,olmo3_7b_it,5,math,truthfulqa_binary,math->truthfulqa_binary,0.040757183376495254,0.10360750759737315,-0.020167403783241326,0.111,1000,0.5731594524602294,0.6359074253185797,0.5096128998778042,0.015,1000,0.42684054753977063,0.49510930091037575,0.36380225982698594,0.988,1000,OLMo-3-7B,102,318,372,420,,Math source,TruthfulQA,0.3860833641632754,0.44990886892053095,0.31972352984511876,0.999,1000,0.6139166358367246,0.6774227680701319,0.5473427109994456,0.001,1000
OOD,olmo3_7b_it,5,movies,mmlu,movies->mmlu,-0.3246791131855309,-0.1120071173896602,-0.7702912855801973,1.0,982,0.6228121353558926,0.90158946266436,0.3475541433989612,0.20934959349593496,984,0.37718786464410736,0.6456078481094177,0.08361551010663697,0.8112244897959183,980,OLMo-3-7B,4,857,369,861,,Movies source,MMLU,0.7018669778296382,0.9847878009455361,0.41047510104476476,0.05482233502538071,985,0.29813302217036175,0.7203210826059187,0.03874649210426183,0.9008179959100204,978
OOD,olmo3_7b_it,5,movies,truthfulqa_binary,movies->truthfulqa_binary,-0.1596990997656924,-0.04398609511956972,-0.2653045534896312,0.998,1000,0.5454125046244913,0.6000163211445636,0.4926318571681154,0.05,1000,0.4545874953755087,0.5082630843131632,0.39977588288695776,0.948,1000,OLMo-3-7B,102,318,372,420,,Movies source,TruthfulQA,0.6142865951412011,0.6834606636377798,0.5458860179585854,0.0,1000,0.38571340485879885,0.45325082838971725,0.32187241074381884,0.999,1000
OOD,olmo3_7b_it,6,math,mmlu,math->mmlu,0.2990081680280047,0.5140117269392033,0.13589054305996215,0.0,986,0.455950991831972,0.7924098590341121,0.10006709813314309,0.6048632218844985,987,0.544049008168028,0.9097192304784423,0.22185602001426175,0.3540183112919634,983,OLMo-3-7B,4,857,369,861,,Math source,MMLU,0.24504084014002334,0.650859246691182,0.0805795570223411,0.9574036511156186,986,0.7549591598599766,0.9179752837514934,0.35087648553748624,0.04679552390640895,983
OOD,olmo3_7b_it,6,math,truthfulqa_binary,math->truthfulqa_binary,0.07309779257614996,0.16252960321224447,-0.02539194649156626,0.067,1000,0.5218892588481934,0.5822531674964021,0.4636054321977443,0.243,1000,0.47811074115180663,0.5399278175026945,0.4161356476937915,0.756,1000,OLMo-3-7B,102,318,372,420,,Math source,TruthfulQA,0.4050129485756567,0.4720712023549583,0.3358711848561393,0.998,1000,0.5949870514243433,0.6627581087440727,0.5338162609096805,0.005,1000
OOD,olmo3_7b_it,6,movies,mmlu,movies->mmlu,-0.4469078179696616,-0.03967649769585275,-0.7791225272943466,0.992914979757085,988,0.6843640606767795,0.8904271462219455,0.3085822040042385,0.1109979633401222,982,0.31563593932322054,0.6917216636399875,0.1105665353329944,0.8823529411764706,986,OLMo-3-7B,4,857,369,861,,Movies source,MMLU,0.7625437572928822,0.9553544090630741,0.5868036344972771,0.002036659877800407,982,0.23745624270711785,0.48019876525613414,0.04937127486373611,0.9918283963227783,979
OOD,olmo3_7b_it,6,movies,truthfulqa_binary,movies->truthfulqa_binary,-0.1268960414354421,-0.009762646522097549,-0.23598133893454148,0.983,1000,0.5356702429399433,0.5914074230497494,0.4816078799911119,0.107,1000,0.46432975706005675,0.5242299579367917,0.4077930941473825,0.866,1000,OLMo-3-7B,102,318,372,420,,Movies source,TruthfulQA,0.5912257984954988,0.6572498278238751,0.5193638898221612,0.008,1000,0.40877420150450117,0.47249974534105893,0.33801489607086654,0.998,1000
OOD,olmo3_7b_it,7,math,mmlu,math->mmlu,0.3150525087514586,0.7999716918973728,-0.581243570180829,0.1567622950819672,976,0.3591015169194866,0.9647533733975677,0.07109979495640503,0.7586558044806517,982,0.6408984830805134,0.9307928350630013,0.03319541977904012,0.24313326551373346,983,OLMo-3-7B,4,857,369,861,,Math source,MMLU,0.3258459743290548,0.6301744186046512,0.055940219205716686,0.916923076923077,975,0.6741540256709452,0.9428972992733072,0.3745234071938833,0.07934893184130214,983
OOD,olmo3_7b_it,7,math,truthfulqa_binary,math->truthfulqa_binary,0.14727463312368966,0.2641045155939864,0.018844106869470554,0.011,1000,0.4216919472191392,0.48118305852956095,0.359761411098328,0.997,1000,0.5783080527808607,0.6403038544524995,0.5149048978695365,0.009,1000,OLMo-3-7B,102,318,372,420,,Math source,TruthfulQA,0.43103341965717107,0.49609871816697954,0.3655457466739684,0.979,1000,0.568966580342829,0.6362352620689034,0.5009547394271328,0.024,1000
OOD,olmo3_7b_it,7,movies,mmlu,movies->mmlu,-0.12718786464410736,0.17004378441816353,-0.3669811065322987,0.8426395939086294,985,0.5029171528588098,0.6135655887854071,0.3310558520516881,0.45841784989858014,986,0.4970828471411902,0.6614169314438314,0.38489544596973785,0.5428571428571428,980,OLMo-3-7B,4,857,369,861,,Movies source,MMLU,0.6242707117852976,0.8396957925291697,0.15878894454509931,0.21106557377049182,976,0.3757292882147025,0.8468631704709804,0.1703707582739841,0.7898989898989899,990
OOD,olmo3_7b_it,7,movies,truthfulqa_binary,movies->truthfulqa_binary,-0.12547786410161543,-0.019078628445852043,-0.23254972560768505,0.989,1000,0.5343137254901961,0.5899859751852128,0.4788629365032244,0.098,1000,0.46568627450980393,0.5285786057765232,0.40981561309079595,0.878,1000,OLMo-3-7B,102,318,372,420,,Movies source,TruthfulQA,0.5911641386114194,0.6584384513039929,0.5229032415955274,0.006,1000,0.4088358613885806,0.47755500504097925,0.34024272162598,0.995,1000
OOD,olmo3_7b_it,8,math,mmlu,math->mmlu,0.31505250875145857,0.7200466637693994,-0.2647203332199932,0.06605691056910569,984,0.48453908984830807,0.9484891070467993,0.09956991194076996,0.6016343207354443,979,0.5154609101516919,0.8149136994535959,0.04886111726517761,0.3882113821138211,984,OLMo-3-7B,4,857,369,861,,Math source,MMLU,0.20040840140023336,0.29953946342441495,0.09531527436658055,1.0,987,0.7995915985997666,0.9106313052791597,0.690186018957346,0.0,984
OOD,olmo3_7b_it,8,math,truthfulqa_binary,math->truthfulqa_binary,0.1187261067949193,0.22017801431094994,0.017645880568341155,0.011,1000,0.46574793439388334,0.5193207369329538,0.4078344393880153,0.883,1000,0.5342520656061167,0.5909498469127263,0.4708982529517921,0.121,1000,OLMo-3-7B,102,318,372,420,,Math source,TruthfulQA,0.4155259588111974,0.48178675728905096,0.35084959307231156,0.998,1000,0.5844740411888025,0.6498686693354387,0.5205269188622325,0.004,1000
OOD,olmo3_7b_it,8,movies,mmlu,movies->mmlu,0.005542590431738548,0.37013729977116705,-0.6006936115368822,0.4240570846075433,981,0.42444574095682613,0.6563779004189494,0.2341647109505102,0.7973523421588594,982,0.5755542590431738,0.7675051013691417,0.3408177839580032,0.24214792299898683,987,OLMo-3-7B,4,857,369,861,,Movies source,MMLU,0.5700116686114353,0.868898849880427,0.07163837986307547,0.30020491803278687,976,0.42998833138856474,0.9193905942197513,0.0404746029578336,0.6908163265306122,980
OOD,olmo3_7b_it,8,movies,truthfulqa_binary,movies->truthfulqa_binary,-0.030059193488716218,0.0513658719556342,-0.11043989035793624,0.752,1000,0.4478665680108521,0.5095709367616286,0.38798991324261134,0.944,1000,0.5521334319891479,0.6126076951399116,0.49133852022040286,0.055,1000,OLMo-3-7B,102,318,372,420,,Movies source,TruthfulQA,0.5821926254778641,0.6391171412846218,0.5186079447842689,0.006,1000,0.4178073745221359,0.47450793849794304,0.3586303581741252,0.997,1000
OOD,olmo3_7b_it,9,math,mmlu,math->mmlu,0.21178529754959158,0.8092276265928153,-0.47428197598888117,0.22448979591836735,980,0.5189614935822637,0.9779480201607058,0.07568862275449102,0.4537131230925738,983,0.48103850641773627,0.934110846650799,0.02248901813128936,0.5790010193679919,981,OLMo-3-7B,4,857,369,861,,Math source,MMLU,0.2692532088681447,0.49219795522226106,0.11312258757408873,0.9827586206896551,986,0.7307467911318553,0.889360183715942,0.5122948676037921,0.019527235354573486,973
OOD,olmo3_7b_it,9,math,truthfulqa_binary,math->truthfulqa_binary,0.17585398939449992,0.29893678037252486,0.05444570843686049,0.002,1000,0.41561844863731656,0.47492133339421194,0.35267604934627456,0.998,1000,0.5843815513626834,0.6430606423513686,0.5206067912608042,0.003,1000,OLMo-3-7B,102,318,372,420,,Math source,TruthfulQA,0.4085275619681835,0.4694622739081333,0.3445994563489813,0.998,1000,0.5914724380318165,0.6550521846325984,0.5301519178409989,0.001,1000
OOD,olmo3_7b_it,9,movies,mmlu,movies->mmlu,-0.0411318553092182,0.6408103425296547,-0.6974761762954139,0.5310907237512742,981,0.5274212368728122,0.7768577920342155,0.19533603707995364,0.4349593495934959,984,0.4725787631271879,0.8025337837837836,0.22413582173420013,0.568089430894309,984,OLMo-3-7B,4,857,369,861,,Movies source,MMLU,0.5137106184364061,0.9580856643356643,0.1284518154330045,0.4796747967479675,984,0.4862893815635939,0.8745872641509433,0.053433721509510826,0.521025641025641,975
OOD,olmo3_7b_it,9,movies,truthfulqa_binary,movies->truthfulqa_binary,0.11851029720064132,0.24044245586884544,-0.004214792295259105,0.033,1000,0.4298002219755827,0.4978581212490007,0.369383718928596,0.977,1000,0.5701997780244173,0.6335547654275373,0.5032052408295614,0.02,1000,OLMo-3-7B,102,318,372,420,,Movies source,TruthfulQA,0.451689480823776,0.5124479063631797,0.38911527948466346,0.933,1000,0.548310519176224,0.6123508306233236,0.4840342144483485,0.072,1000
OOD,olmo3_7b_it,10,math,mmlu,math->mmlu,0.18028004667444575,0.5379796889417172,-0.2612030313368098,0.1559633027522936,981,0.5414235705950992,0.8835021490243808,0.13793212669683258,0.38871794871794874,975,0.45857642940490084,0.8578345070422532,0.043065877920529086,0.630879345603272,978,OLMo-3-7B,4,857,369,861,,Math source,MMLU,0.2782963827304551,0.343802522027322,0.208490247199691,1.0,987,0.7217036172695449,0.78997000693433,0.6521057673651532,0.0,983
OOD,olmo3_7b_it,10,math,truthfulqa_binary,math->truthfulqa_binary,0.24818103341965714,0.35139117785847057,0.14699685893196707,0.0,1000,0.37054507337526205,0.4351867425687601,0.3129382211679779,1.0,1000,0.6294549266247379,0.6828795016214371,0.5764760353887824,0.0,1000,OLMo-3-7B,102,318,372,420,,Math source,TruthfulQA,0.38127389320508076,0.44666841380933897,0.32195263883380326,1.0,1000,0.6187261067949192,0.6824621535981024,0.5539399808605294,0.0,1000
OOD,olmo3_7b_it,10,movies,mmlu,movies->mmlu,-0.12222870478413062,0.505888093013599,-0.8286845436000779,0.6710659898477157,985,0.5320886814469078,0.8958375982722308,0.1177850061303006,0.43003064351378956,979,0.4679113185530922,0.8109956674043766,0.16478871792624167,0.5800203873598369,981,OLMo-3-7B,4,857,369,861,,Movies source,MMLU,0.5901400233372228,0.9486537858352676,0.250720418961355,0.2941777323799796,979,0.4098599766627771,0.7535487561227121,0.07220606548773101,0.6967545638945233,986
OOD,olmo3_7b_it,10,movies,truthfulqa_binary,movies->truthfulqa_binary,0.2119866814650388,0.32510275190309207,0.09343297987352378,0.0,1000,0.37464545566654334,0.43095052677221396,0.3082593016503833,1.0,1000,0.6253545443334566,0.6869776199436116,0.5659532324544386,0.0,1000,OLMo-3-7B,102,318,372,420,,Movies source,TruthfulQA,0.4133678628684178,0.47105542858944127,0.3577793077750559,0.999,1000,0.5866321371315822,0.6455986572056324,0.5314331466817052,0.003,1000
OOD,olmo3_7b_it,11,math,mmlu,math->mmlu,-0.012835472578763163,0.17927110294091103,-0.16734260332174583,0.6330275229357798,981,0.6236872812135356,0.8121563937748102,0.33356752537080403,0.1325178389398573,981,0.3763127187864644,0.6860005083939078,0.1801754030746157,0.8597560975609756,984,OLMo-3-7B,4,857,369,861,,Math source,MMLU,0.38914819136522755,0.4634071035987329,0.3132621002861764,1.0,982,0.6108518086347725,0.6774993335110636,0.5354034592761008,0.0010111223458038423,989
OOD,olmo3_7b_it,11,math,truthfulqa_binary,math->truthfulqa_binary,0.532309779257615,0.610193155120203,0.4534300827246494,0.0,1000,0.18417807374522135,0.2306379234626784,0.14090439242747566,1.0,1000,0.8158219262547787,0.8568488057861614,0.7727002061732954,0.0,1000,OLMo-3-7B,102,318,372,420,,Math source,TruthfulQA,0.28351214699716365,0.34426688762205826,0.2243243830222904,1.0,1000,0.7164878530028364,0.7731079529511651,0.6603116363663255,0.0,1000
OOD,olmo3_7b_it,11,movies,mmlu,movies->mmlu,-0.2561260210035006,0.07831341704137162,-0.6454747524549078,0.939795918367347,980,0.5819719953325554,0.7082689794837967,0.37233959512780923,0.14126016260162602,984,0.41802800466744455,0.6295215966114498,0.2844606609126508,0.8683673469387755,980,OLMo-3-7B,4,857,369,861,,Movies source,MMLU,0.6741540256709452,0.9430767049402873,0.48601694114980737,0.04766734279918864,986,0.3258459743290548,0.5080778248714941,0.10201039887158302,0.9609455292908531,973
OOD,olmo3_7b_it,11,movies,truthfulqa_binary,movies->truthfulqa_binary,0.4864039955604883,0.5860350072428777,0.3788237279816813,0.0,1000,0.2255518559625108,0.27856997396585015,0.17765145972377916,1.0,1000,0.7744481440374892,0.8229232798575065,0.7213473976552367,0.0,1000,OLMo-3-7B,102,318,372,420,,Movies source,TruthfulQA,0.2880441484770009,0.34649559259807244,0.23798851990601214,1.0,1000,0.7119558515229991,0.7653127277914714,0.6577130926724138,0.0,1000
OOD,olmo3_7b_it,12,math,mmlu,math->mmlu,0.06621936989498256,0.2511127167630057,-0.10298944900351698,0.2083758937691522,979,0.4944574095682614,0.6524394932444803,0.2836040114214082,0.4898785425101215,988,0.5055425904317387,0.6901310989512085,0.34697741806554755,0.49037487335359675,987,OLMo-3-7B,4,857,369,861,,Math source,MMLU,0.4393232205367561,0.5506026559067713,0.2822032463115751,0.8594704684317719,982,0.5606767794632439,0.6892717233198231,0.44942994572915057,0.16548223350253807,985
OOD,olmo3_7b_it,12,math,truthfulqa_binary,math->truthfulqa_binary,0.6622271550129485,0.7324410425901733,0.585815651058101,0.0,1000,0.1145332346775188,0.15335241215869025,0.08136435419921605,1.0,1000,0.8854667653224811,0.9192248668760894,0.8463848335203252,0.0,1000,OLMo-3-7B,102,318,372,420,,Math source,TruthfulQA,0.22323961030953263,0.27800751404494384,0.17300475913080454,1.0,1000,0.7767603896904673,0.8238443072626604,0.7242852469387473,0.0,1000
OOD,olmo3_7b_it,12,movies,mmlu,movies->mmlu,-0.23191365227537925,0.44495286747520396,-0.5599877805646665,0.8184584178498986,986,0.558634772462077,0.7463544911734165,0.15686546767398019,0.2979591836734694,980,0.441365227537923,0.835995033841964,0.25966283093264664,0.6734902763561924,977,OLMo-3-7B,4,857,369,861,,Movies source,MMLU,0.6732788798133023,0.8319567782575932,0.4080664619434086,0.05070993914807302,986,0.3267211201866978,0.5737859608745685,0.16744512826098795,0.9512690355329949,985
OOD,olmo3_7b_it,12,movies,truthfulqa_binary,movies->truthfulqa_binary,0.48813047231471207,0.5921485622787706,0.37545592849908227,0.0,1000,0.23042298680478482,0.28569674889134583,0.181191011744322,1.0,1000,0.7695770131952152,0.8227345577185022,0.7115228252351098,0.0,1000,OLMo-3-7B,102,318,372,420,,Movies source,TruthfulQA,0.28144654088050314,0.342708469241674,0.2242332223597701,1.0,1000,0.7185534591194969,0.7729120561672075,0.6607657108394448,0.0,1000
OOD,olmo3_7b_it,13,math,mmlu,math->mmlu,0.46324387397899647,0.8540799015870055,0.09261415869459043,0.00101010101010101,990,0.18873978996499416,0.372968310240928,0.04514417377209492,1.0,983,0.8112602100350058,0.957502798232695,0.6060122119815669,0.0,984,OLMo-3-7B,4,857,369,861,,Math source,MMLU,0.34801633605600935,0.521847297757505,0.028970755873947183,0.915736040609137,985,0.6519836639439907,0.9791681163221393,0.47441925396470846,0.0855397148676171,982
OOD,olmo3_7b_it,13,math,truthfulqa_binary,math->truthfulqa_binary,0.7456683931434209,0.8117515739812209,0.6725296982125668,0.0,1000,0.09831668516463189,0.13482229866096512,0.06922108805248896,1.0,1000,0.9016833148353681,0.9325201564598421,0.8697152663928572,0.0,1000,OLMo-3-7B,102,318,372,420,,Math source,TruthfulQA,0.15601492169194722,0.20151872874938861,0.11223658245234731,1.0,1000,0.8439850783080528,0.8859965417768494,0.8004824979483259,0.0,1000
OOD,olmo3_7b_it,13,movies,mmlu,movies->mmlu,0.07555425904317381,0.4114247224698161,-0.2545284748742196,0.3159509202453988,978,0.3661026837806301,0.5847988817280009,0.09139764954982348,0.8699186991869918,984,0.6338973162193698,0.9086412067576717,0.4180579299949757,0.15132924335378323,978,OLMo-3-7B,4,857,369,861,,Movies source,MMLU,0.558343057176196,0.7162538906180524,0.422506536397413,0.20122574055158324,979,0.44165694282380397,0.5672981497611318,0.2866372171589655,0.8144750254841998,981
OOD,olmo3_7b_it,13,movies,truthfulqa_binary,movies->truthfulqa_binary,0.6104328523862375,0.704335489253335,0.5046164364728172,0.0,1000,0.16808484400049328,0.2175750273165035,0.12124436108437969,1.0,1000,0.8319151559995067,0.8759805643535461,0.7807349976534974,0.0,1000,OLMo-3-7B,102,318,372,420,,Movies source,TruthfulQA,0.2214823036132692,0.27530570777352686,0.17102266439694785,1.0,1000,0.7785176963867307,0.8281672320577742,0.724547102569826,0.0,1000
OOD,olmo3_7b_it,14,math,mmlu,math->mmlu,0.6196032672112018,0.9631832854481304,0.1412671096345515,0.0,983,0.10122520420070012,0.30079676674364886,0.014847265379586708,1.0,978,0.8987747957992999,0.9834348705365645,0.6913411287435867,0.0,978,OLMo-3-7B,4,857,369,861,,Math source,MMLU,0.279171528588098,0.5377419760614953,0.0,0.9529170931422722,977,0.720828471411902,1.0,0.4401556428191598,0.06332992849846783,979
OOD,olmo3_7b_it,14,math,truthfulqa_binary,math->truthfulqa_binary,0.7966457023060797,0.8559343656433028,0.7317084187697162,0.0,1000,0.09535701072881983,0.12609410296647328,0.06522879715552864,1.0,1000,0.9046429892711801,0.9339863904213646,0.8712893857858601,0.0,1000,OLMo-3-7B,102,318,372,420,,Math source,TruthfulQA,0.10799728696510051,0.14943337774232643,0.07740654647133338,1.0,1000,0.8920027130348995,0.9251344199556361,0.8572072796331013,0.0,1000
OOD,olmo3_7b_it,14,movies,mmlu,movies->mmlu,0.08838973162193697,0.5760766648689989,-0.27704376377568535,0.32889344262295084,976,0.34072345390898484,0.5264249392835458,0.06976877686700665,0.944954128440367,981,0.6592765460910152,0.9604487573641088,0.4735201623334627,0.046700507614213196,985,OLMo-3-7B,4,857,369,861,,Movies source,MMLU,0.5708868144690782,0.726526228746378,0.37462931970694074,0.17682926829268292,984,0.4291131855309218,0.6039875701684041,0.2640139714536137,0.82706002034588,983
OOD,olmo3_7b_it,14,movies,truthfulqa_binary,movies->truthfulqa_binary,0.6254778641016155,0.7312551674078231,0.516272633289117,0.0,1000,0.16352201257861634,0.2190214448275561,0.11448222178270043,1.0,1000,0.8364779874213837,0.8842839220442872,0.7870927871346783,0.0,1000,OLMo-3-7B,102,318,372,420,,Movies source,TruthfulQA,0.21100012331976817,0.26558957613184475,0.1584284176132495,1.0,1000,0.7889998766802319,0.8438962098725763,0.7309609312939613,0.0,1000
OOD,olmo3_7b_it,15,math,mmlu,math->mmlu,0.6829054842473745,0.9390416891527252,0.454496774366609,0.0,979,0.0691365227537923,0.12281974091085479,0.014227949359575344,1.0,981,0.9308634772462077,0.9964664310954063,0.8738929483689962,0.0,976,OLMo-3-7B,4,857,369,861,,Math source,MMLU,0.24795799299883314,0.42811413916616187,0.0,1.0,980,0.7520420070011669,1.0,0.5679454874239684,0.0,988
OOD,olmo3_7b_it,15,math,truthfulqa_binary,math->truthfulqa_binary,0.778702676038969,0.840308143656305,0.7147989602509544,0.0,1000,0.10189295844123814,0.1356416840244008,0.07127118697120806,1.0,1000,0.8981070415587619,0.9279427209328406,0.8627265674301199,0.0,1000,OLMo-3-7B,102,318,372,420,,Math source,TruthfulQA,0.11940436551979282,0.1532407844776864,0.08732473198218038,1.0,1000,0.8805956344802072,0.9107007156247171,0.8452914511966989,0.0,1000
OOD,olmo3_7b_it,15,movies,mmlu,movies->mmlu,0.4346557759626605,0.8691644993270393,0.038864517431686625,0.01120162932790224,982,0.20799299883313885,0.42759424592803175,0.007716737023139464,1.0,983,0.7920070011668612,0.9907249034152165,0.5664477244823525,0.0,980,OLMo-3-7B,4,857,369,861,,Movies source,MMLU,0.3573512252042007,0.5245978942883258,0.12378024770904926,0.9480651731160896,982,0.6426487747957993,0.8740064630083096,0.48398322027411095,0.05122950819672131,976
OOD,olmo3_7b_it,15,movies,truthfulqa_binary,movies->truthfulqa_binary,0.588759403132322,0.6879073080156671,0.4734809594017723,0.0,1000,0.17511407078554692,0.22518339387717146,0.12741585218649437,1.0,1000,0.824885929214453,0.8738171757334612,0.7706639480389759,0.0,1000,OLMo-3-7B,102,318,372,420,,Movies source,TruthfulQA,0.23612652608213097,0.2899762401271453,0.18154840176903467,1.0,1000,0.7638734739178691,0.8164733713325956,0.7057444937463271,0.0,1000
OOD,olmo3_7b_it,16,math,mmlu,math->mmlu,0.6648191365227538,0.9817362507917811,0.24288909050393154,0.0,981,0.08780630105017503,0.22314854642774093,0.008919227591476396,1.0,984,0.9121936989498249,0.990761579028075,0.7415712954202031,0.0,982,OLMo-3-7B,4,857,369,861,,Math source,MMLU,0.24737456242707118,0.49424337791765,0.0,0.9807692307692307,988,0.7526254375729288,1.0,0.49770166073546857,0.026804123711340205,970
OOD,olmo3_7b_it,16,math,truthfulqa_binary,math->truthfulqa_binary,0.7741398446170922,0.8366474151272628,0.6982218978661288,0.0,1000,0.09393883339499322,0.12891848035406595,0.06551376073387784,1.0,1000,0.9060611666050068,0.9362123651574514,0.8730469285638242,0.0,1000,OLMo-3-7B,102,318,372,420,,Math source,TruthfulQA,0.13192132198791467,0.17225468041379646,0.09746061092934866,1.0,1000,0.8680786780120854,0.9035091722028205,0.8273933495984828,0.0,1000
OOD,olmo3_7b_it,16,movies,mmlu,movies->mmlu,0.5224620770128354,0.9661966983430799,-0.18669275106662292,0.03643724696356275,988,0.18903150525087514,0.5798098055790364,0.017123702422145334,0.9583756345177665,985,0.8109684947491248,0.9929888171972485,0.4539263230575525,0.02857142857142857,980,OLMo-3-7B,4,857,369,861,,Movies source,MMLU,0.2885064177362894,0.5167866955407454,0.024316938426667666,0.9705583756345177,985,0.7114935822637106,0.9764995517550513,0.39934426229508196,0.0547112462006079,987
OOD,olmo3_7b_it,16,movies,truthfulqa_binary,movies->truthfulqa_binary,0.4987051424343322,0.6084054022960194,0.36850690232577415,0.0,1000,0.19691083980762117,0.2530161018326204,0.14688591953124355,1.0,1000,0.8030891601923789,0.8562504713917116,0.7438620158708629,0.0,1000,OLMo-3-7B,102,318,372,420,,Movies source,TruthfulQA,0.30438401775804663,0.37206715767774223,0.23927396559017053,1.0,1000,0.6956159822419534,0.7608243548861903,0.629166586158707,0.0,1000
OOD,olmo3_7b_it,17,math,mmlu,math->mmlu,0.6554842473745625,0.9794143954540672,-0.12076687357586227,0.032454361054766734,986,0.1484830805134189,0.4329588096534204,0.0,0.9774358974358974,975,0.8515169194865811,1.0,0.4583155629115551,0.03458799593082401,983,OLMo-3-7B,4,857,369,861,,Math source,MMLU,0.19603267211201866,0.5988789681965714,0.016500776096235934,0.9593082400813835,983,0.8039673278879813,0.9865933491738718,0.39300081599347203,0.04085801838610827,979
OOD,olmo3_7b_it,17,math,truthfulqa_binary,math->truthfulqa_binary,0.6953076828215563,0.7667589536932857,0.6054951729206661,0.0,1000,0.12439881613022567,0.16778726907472055,0.08763043216015409,1.0,1000,0.8756011838697744,0.9116188234203374,0.8327280404434998,0.0,1000,OLMo-3-7B,102,318,372,420,,Math source,TruthfulQA,0.18029350104821804,0.22565227605204988,0.14328827053104334,1.0,1000,0.8197064989517819,0.8622076376174928,0.7756786137497077,0.0,1000
OOD,olmo3_7b_it,17,movies,mmlu,movies->mmlu,0.619311551925321,0.983085091504835,-0.13766044802603206,0.038539553752535496,986,0.16131855309218204,0.5448316109831398,0.006419793459552497,0.963265306122449,980,0.838681446907818,0.9889967342027802,0.47496449056153706,0.03160040774719674,981,OLMo-3-7B,4,857,369,861,,Movies source,MMLU,0.2193698949824971,0.5731934731934729,0.01535199782549606,0.965412004069176,983,0.780630105017503,0.9859474409147554,0.4352921398279808,0.027411167512690356,985
OOD,olmo3_7b_it,17,movies,truthfulqa_binary,movies->truthfulqa_binary,0.4775558021950919,0.5910905457642723,0.3509752036433603,0.0,1000,0.20471081514366754,0.2653181643625192,0.14928982229661836,1.0,1000,0.7952891848563325,0.8491165704220746,0.7359297621999115,0.0,1000,OLMo-3-7B,102,318,372,420,,Movies source,TruthfulQA,0.31773338266124057,0.3817041519019225,0.2563208168642951,1.0,1000,0.6822666173387594,0.7415304838839322,0.6175745478479854,0.0,1000
OOD,olmo3_7b_it,18,math,mmlu,math->mmlu,0.6446907817969663,1.0,-0.04586360397610392,0.025303643724696356,988,0.15490081680280046,0.5549179380331,0.0,0.9681397738951696,973,0.8450991831971996,1.0,0.4332177615571776,0.04073319755600815,982,OLMo-3-7B,4,857,369,861,,Math source,MMLU,0.20040840140023336,0.6208962304306156,0.0,0.9664292980671414,983,0.7995915985997666,1.0,0.3830529411764706,0.03578732106339468,978
OOD,olmo3_7b_it,18,math,truthfulqa_binary,math->truthfulqa_binary,0.6919780490812677,0.7699753697954838,0.614921386133052,0.0,1000,0.13435688740905166,0.18137469774543638,0.09720126588917288,1.0,1000,0.8656431125909483,0.9045348990408228,0.8259564096423537,0.0,1000,OLMo-3-7B,102,318,372,420,,Math source,TruthfulQA,0.1736650635096806,0.22010810599253997,0.13273540607205586,1.0,1000,0.8263349364903194,0.8690884163793914,0.7804839600850322,0.0,1000
OOD,olmo3_7b_it,18,movies,mmlu,movies->mmlu,0.6166861143523921,0.9729629330207359,-0.11708710497169082,0.033023735810113516,969,0.17036172695449242,0.5433580160008659,0.002814425381791349,0.9734422880490297,979,0.8296382730455076,0.9961637126865671,0.5323103785744158,0.024640657084188913,974,OLMo-3-7B,4,857,369,861,,Movies source,MMLU,0.2129521586931155,0.5759068133870349,0.006856395004839209,0.9622448979591837,980,0.7870478413068844,0.9836380301228695,0.43356627119765057,0.02854230377166157,981
OOD,olmo3_7b_it,18,movies,truthfulqa_binary,movies->truthfulqa_binary,0.4919533851276359,0.6036417039940208,0.3769127352713656,0.0,1000,0.20492662473794548,0.26288932887585814,0.1541513984212508,1.0,1000,0.7950733752620545,0.8464726413324146,0.7401713309447984,0.0,1000,OLMo-3-7B,102,318,372,420,,Movies source,TruthfulQA,0.30311999013441854,0.3656510313802941,0.23900544244437627,1.0,1000,0.6968800098655814,0.7603776253593757,0.6363359105824022,0.0,1000
OOD,olmo3_7b_it,19,math,mmlu,math->mmlu,0.6155192532088681,0.9988425925925926,-0.25626794339176545,0.04085801838610827,979,0.17327887981330223,0.6331975790485886,0.0,0.9653414882772681,981,0.8267211201866977,1.0,0.36591288160833957,0.04374364191251272,983,OLMo-3-7B,4,857,369,861,,Math source,MMLU,0.21120186697782964,0.6205817867741508,0.0011627922698651566,0.9592252803261978,981,0.7887981330221704,0.9976845122874232,0.366244491102611,0.038539553752535496,986
OOD,olmo3_7b_it,19,math,truthfulqa_binary,math->truthfulqa_binary,0.6566469355037612,0.7340658475928951,0.5659909203426784,0.0,1000,0.15017264767542238,0.19494633430601996,0.11112225532885056,1.0,1000,0.8498273523245776,0.8869551289978354,0.804842656994843,0.0,1000,OLMo-3-7B,102,318,372,420,,Math source,TruthfulQA,0.19318041682081638,0.24054383424968953,0.15114053833295343,1.0,1000,0.8068195831791837,0.8484452818579062,0.7580923237635447,0.0,1000
OOD,olmo3_7b_it,19,movies,mmlu,movies->mmlu,0.6289381563593932,0.990682261208577,0.08632008971051647,0.024365482233502538,985,0.1794049008168028,0.5980512303569769,0.0034161146615664505,0.9684317718940937,982,0.8205950991831972,0.9976193947664197,0.4010916721845169,0.030425963488843813,986,OLMo-3-7B,4,857,369,861,,Movies source,MMLU,0.19165694282380397,0.5606967652025866,0.008071259813223201,0.9626262626262626,990,0.808343057176196,0.9918509784788855,0.46004563492063494,0.027522935779816515,981
OOD,olmo3_7b_it,19,movies,truthfulqa_binary,movies->truthfulqa_binary,0.45412504624491307,0.5636460300573137,0.34913039933517076,0.0,1000,0.21648785300283635,0.2765162000187376,0.16278758827124626,1.0,1000,0.7835121469971636,0.8333634304075181,0.7288963034590783,0.0,1000,OLMo-3-7B,102,318,372,420,,Movies source,TruthfulQA,0.3293871007522506,0.3906101644072217,0.2671451892928626,1.0,1000,0.6706128992477494,0.730394575333616,0.6082389872743097,0.0,1000
OOD,olmo3_7b_it,20,math,mmlu,math->mmlu,0.5647607934655776,0.9976608187134502,-0.4110087348548887,0.051829268292682924,984,0.19165694282380397,0.6808866974899805,0.0,0.9552390640895219,983,0.808343057176196,1.0,0.3094343077271072,0.04396728016359918,978,OLMo-3-7B,4,857,369,861,,Math source,MMLU,0.24358226371061845,0.6936760314991138,0.0035420269152695283,0.930161943319838,988,0.7564177362893816,0.9965508381085414,0.2938056973433736,0.07244897959183673,980
OOD,olmo3_7b_it,20,math,truthfulqa_binary,math->truthfulqa_binary,0.6199901344185472,0.7034422918538484,0.5259449110671937,0.0,1000,0.16891725243556543,0.2145868902120515,0.1274399316733272,1.0,1000,0.8310827475644346,0.8742867967480971,0.7860132353621133,0.0,1000,OLMo-3-7B,102,318,372,420,,Math source,TruthfulQA,0.2110926131458873,0.26035437221975594,0.1634965091117034,1.0,1000,0.7889073868541128,0.8348809272417018,0.7376152321506189,0.0,1000
OOD,olmo3_7b_it,20,movies,mmlu,movies->mmlu,0.6099766627771296,0.9907909392752802,-0.23834447330334,0.03779366700715015,979,0.1942823803967328,0.6446521287642784,0.004069437272385971,0.9582059123343527,981,0.8057176196032673,0.9964888559893066,0.33837892828364224,0.04276985743380855,982,OLMo-3-7B,4,857,369,861,,Movies source,MMLU,0.19574095682613768,0.5509414749328861,0.009267380697561512,0.9715157680569685,983,0.8042590431738623,0.9882242636939169,0.42230344075119025,0.037525354969574036,986
OOD,olmo3_7b_it,20,movies,truthfulqa_binary,movies->truthfulqa_binary,0.4658712541620422,0.5856275129052031,0.35068125377542114,0.0,1000,0.22299297077321495,0.27838073225841603,0.1690379747679611,1.0,1000,0.7770070292267851,0.8306966621194161,0.7173264030416117,0.0,1000,OLMo-3-7B,102,318,372,420,,Movies source,TruthfulQA,0.3111357750647429,0.3765700711532089,0.24977981839019323,1.0,1000,0.6888642249352571,0.7462994184919016,0.6269151461207536,0.0,1000
OOD,olmo3_7b_it,21,math,mmlu,math->mmlu,0.5773045507584598,0.9779375121396265,-0.41559463195059376,0.05977710233029382,987,0.19340723453908984,0.6113372034153743,0.0044491033547273354,0.9531568228105907,982,0.8065927654609102,1.0,0.4148936170212766,0.04969574036511156,986,OLMo-3-7B,4,857,369,861,,Math source,MMLU,0.22928821470245042,0.712890871519924,0.004662004662004662,0.9348931841302136,983,0.7707117852975496,0.9953816913864382,0.29354915577342044,0.054878048780487805,984
OOD,olmo3_7b_it,21,math,truthfulqa_binary,math->truthfulqa_binary,0.6340177580466149,0.7147044045506468,0.5458647950895757,0.0,1000,0.1698729806387964,0.22407077538716097,0.12757826836074945,1.0,1000,0.8301270193612036,0.8712612499769373,0.7833970777470609,0.0,1000,OLMo-3-7B,102,318,372,420,,Math source,TruthfulQA,0.19610926131458872,0.24301191416280823,0.14955816720953286,1.0,1000,0.8038907386854113,0.8467441607256133,0.7583052021460451,0.0,1000
OOD,olmo3_7b_it,21,movies,mmlu,movies->mmlu,0.6166861143523921,0.986962274248628,-0.21586931155192535,0.03775510204081633,980,0.191073512252042,0.5384918594841422,0.001176610625066609,0.965412004069176,983,0.808926487747958,0.9930952636226591,0.34618204143162806,0.044147843942505136,974,OLMo-3-7B,4,857,369,861,,Movies source,MMLU,0.19224037339556593,0.46382785586330455,0.012823136579060757,0.9797365754812564,987,0.8077596266044341,0.9918746126276645,0.4688309908462534,0.027522935779816515,981
OOD,olmo3_7b_it,21,movies,truthfulqa_binary,movies->truthfulqa_binary,0.47493525712171664,0.5780730162973786,0.3651557116124575,0.0,1000,0.21676532248119373,0.27657798139466416,0.16161901991290167,1.0,1000,0.7832346775188063,0.8353838112725553,0.7265501277582531,0.0,1000,OLMo-3-7B,102,318,372,420,,Movies source,TruthfulQA,0.30829942039708963,0.3675023064282622,0.24935306155437373,1.0,1000,0.6917005796029103,0.7489049647318459,0.6307622313320944,0.0,1000
OOD,olmo3_7b_it,22,math,mmlu,math->mmlu,0.5825554259043173,0.9929178257273888,-0.40638219741480613,0.049746192893401014,985,0.18873978996499416,0.6857778620810553,0.004683095987443813,0.9593082400813835,983,0.8112602100350058,0.9954356754443644,0.30478996738983105,0.039959016393442626,976,OLMo-3-7B,4,857,369,861,,Math source,MMLU,0.22870478413068845,0.714868116471735,0.009271711692357269,0.9266802443991853,982,0.7712952158693116,0.9946885010402563,0.30070627282972723,0.06822810590631365,982
OOD,olmo3_7b_it,22,math,truthfulqa_binary,math->truthfulqa_binary,0.6095387840670858,0.7062906909746817,0.5049496238008313,0.0,1000,0.18072512023677395,0.23230445780149356,0.1360400022477101,1.0,1000,0.819274879763226,0.8632040607306185,0.7645976771310332,0.0,1000,OLMo-3-7B,102,318,372,420,,Math source,TruthfulQA,0.2097360956961401,0.26321651295727516,0.16284318314611448,1.0,1000,0.79026390430386,0.8362569720222829,0.7399300010819859,0.0,1000
OOD,olmo3_7b_it,22,movies,mmlu,movies->mmlu,0.6239789964994167,0.9881455062175579,-0.1764592141724027,0.028397565922920892,986,0.19019836639439908,0.6670767090160139,0.003517543859649123,0.9519427402862985,978,0.809801633605601,0.9947989965531574,0.36771913376225607,0.040774719673802244,981,OLMo-3-7B,4,857,369,861,,Movies source,MMLU,0.18582263710618435,0.517503821767784,0.0035883921667639773,0.9744637385086823,979,0.8141773628938156,0.9800252816784149,0.4214929874215491,0.035641547861507125,982
OOD,olmo3_7b_it,22,movies,truthfulqa_binary,movies->truthfulqa_binary,0.4795905783697127,0.5849833169483835,0.3589854112117181,0.0,1000,0.22465778764335922,0.28359776515323726,0.17069312965195618,1.0,1000,0.7753422123566408,0.8257203745807533,0.7172320386083461,0.0,1000,OLMo-3-7B,102,318,372,420,,Movies source,TruthfulQA,0.2957516339869281,0.35883108522222723,0.23780659547091693,1.0,1000,0.704248366013072,0.760787433199584,0.6440268236549298,0.0,1000
OOD,olmo3_7b_it,23,math,mmlu,math->mmlu,0.5659276546091015,0.9917627225617858,-0.18307117711109286,0.054933875890132246,983,0.2088681446907818,0.591119976359338,0.0036803274143690835,0.9420142421159715,983,0.7911318553092183,0.9972613285050931,0.230936754176611,0.07942973523421588,982,OLMo-3-7B,4,857,369,861,,Math source,MMLU,0.22520420070011668,0.7308488880903056,0.012691662758447825,0.9271047227926078,974,0.7747957992998833,0.9874979811438838,0.26628341287788293,0.06871794871794872,975
OOD,olmo3_7b_it,23,math,truthfulqa_binary,math->truthfulqa_binary,0.5859230484646688,0.6864093757903582,0.4842832115528587,0.0,1000,0.19234800838574423,0.24156423634638838,0.14251489155684488,1.0,1000,0.8076519916142557,0.8563958708196597,0.7582288074290343,0.0,1000,OLMo-3-7B,102,318,372,420,,Math source,TruthfulQA,0.22172894314958688,0.27654174355059685,0.1732764682173096,1.0,1000,0.7782710568504131,0.8284530043961352,0.7224935520826549,0.0,1000
OOD,olmo3_7b_it,23,movies,mmlu,movies->mmlu,0.647316219369895,0.9907455689238645,0.023169549122460616,0.025201612903225805,992,0.17911318553092181,0.5212729419157345,0.0034883720930232558,0.9736842105263158,988,0.8208868144690782,0.9965026624646817,0.3751655011655012,0.03967446592065107,983,OLMo-3-7B,4,857,369,861,,Movies source,MMLU,0.17357059509918318,0.5287870714061875,0.007069672131147541,0.9651639344262295,976,0.8264294049008168,0.9823922570087215,0.470453483521068,0.030612244897959183,980
OOD,olmo3_7b_it,23,movies,truthfulqa_binary,movies->truthfulqa_binary,0.45165865088173635,0.5568031971335952,0.34857461025631187,0.0,1000,0.23261191268960416,0.29087064646534105,0.17920335593703318,1.0,1000,0.7673880873103959,0.8246064850429177,0.7148954932792,0.0,1000,OLMo-3-7B,102,318,372,420,,Movies source,TruthfulQA,0.3157294364286595,0.37675442257371283,0.25587095012099365,1.0,1000,0.6842705635713405,0.7482361751569423,0.6231367581933429,0.0,1000
OOD,olmo3_7b_it,24,math,mmlu,math->mmlu,0.5813885647607935,0.991887809358082,-0.45705739552627017,0.07121057985757884,983,0.20653442240373396,0.7570095206780355,0.004591750841750841,0.9237029501525941,983,0.793465577596266,0.9953633385251625,0.2364933042665836,0.08138351983723296,983,OLMo-3-7B,4,857,369,861,,Math source,MMLU,0.2120770128354726,0.6849749007174761,0.0058623599520620994,0.9511698880976602,983,0.7879229871645275,0.9901147330445023,0.3010626226488139,0.06192893401015229,985
OOD,olmo3_7b_it,24,math,truthfulqa_binary,math->truthfulqa_binary,0.5927981255395239,0.6801152042492171,0.4893504539117661,0.0,1000,0.19450610432852386,0.2484727848000938,0.14790303457682608,1.0,1000,0.8054938956714761,0.8523337682240829,0.753308742683853,0.0,1000,OLMo-3-7B,102,318,372,420,,Math source,TruthfulQA,0.21269577013195215,0.2670549005613326,0.16066965320352136,1.0,1000,0.7873042298680478,0.8348621046789363,0.7323282962730974,0.0,1000
OOD,olmo3_7b_it,24,movies,mmlu,movies->mmlu,0.6665694282380397,0.9930010966248324,-0.09931613395556337,0.03553299492385787,985,0.17298716452742124,0.6053484340908046,0.0034528444303194026,0.9695121951219512,984,0.8270128354725788,0.9943613674125923,0.39104863643570636,0.041456016177957536,989,OLMo-3-7B,4,857,369,861,,Movies source,MMLU,0.1604434072345391,0.4799575186536679,0.0046073210352278165,0.9817258883248731,985,0.8395565927654609,0.9965353782642089,0.5242869117390664,0.015274949083503055,982
OOD,olmo3_7b_it,24,movies,truthfulqa_binary,movies->truthfulqa_binary,0.4235725736835615,0.5357906426581387,0.30158649067721466,0.0,1000,0.23739055370575904,0.29568012316908293,0.1799484021506338,1.0,1000,0.762609446294241,0.8190860812438036,0.702622001487462,0.0,1000,OLMo-3-7B,102,318,372,420,,Movies source,TruthfulQA,0.3390368726106795,0.4026732577045105,0.2828748306274532,1.0,1000,0.6609631273893205,0.7257724286118654,0.5955771145453367,0.0,1000
OOD,olmo3_7b_it,25,math,mmlu,math->mmlu,0.6245624270711785,0.9812706116948428,-0.26744139361630936,0.034552845528455285,984,0.1855309218203034,0.6631319383163925,0.0023869396708492453,0.9583333333333334,984,0.8144690781796966,0.9957451095596875,0.47396736036013215,0.030612244897959183,980,OLMo-3-7B,4,857,369,861,,Math source,MMLU,0.1899066511085181,0.6059769028162353,0.007098833691502013,0.9715736040609138,985,0.8100933488914819,0.9941582988213675,0.37246817141414224,0.038657171922685654,983
OOD,olmo3_7b_it,25,math,truthfulqa_binary,math->truthfulqa_binary,0.5932605746701196,0.6870694435281038,0.4894484125317712,0.0,1000,0.19102232087803675,0.24634717902873252,0.14430586548301652,1.0,1000,0.8089776791219633,0.8566226951481212,0.7575352289540264,0.0,1000,OLMo-3-7B,102,318,372,420,,Math source,TruthfulQA,0.21571710445184364,0.2679906809162331,0.16547400028428919,1.0,1000,0.7842828955481563,0.8334281013052108,0.7368564852872025,0.0,1000
OOD,olmo3_7b_it,25,movies,mmlu,movies->mmlu,0.6665694282380397,0.9928642728681469,-0.09456601492047877,0.031568228105906315,982,0.16977829638273045,0.5989814593334705,0.004136891816317657,0.9644308943089431,984,0.8302217036172695,0.9965794659343047,0.39475246669989944,0.03959390862944162,985,OLMo-3-7B,4,857,369,861,,Movies source,MMLU,0.16365227537922988,0.4895148534174392,0.00585480093676815,0.976530612244898,980,0.8363477246207701,0.9846449242795663,0.5948598853499503,0.016359918200409,978
OOD,olmo3_7b_it,25,movies,truthfulqa_binary,movies->truthfulqa_binary,0.43430139351338026,0.5289507123748834,0.3180138892740815,0.0,1000,0.23230361326920707,0.29501210229237385,0.17794600935597982,1.0,1000,0.767696386730793,0.8217675235611083,0.7077578085144107,0.0,1000,OLMo-3-7B,102,318,372,420,,Movies source,TruthfulQA,0.3333949932174127,0.3985906353223819,0.2770427364974389,1.0,1000,0.6666050067825873,0.7249319874958675,0.6074773742066554,0.0,1000
OOD,olmo3_7b_it,26,math,mmlu,math->mmlu,0.6099766627771295,0.9915900178253119,-0.356395533027087,0.0455005055611729,989,0.19924154025670945,0.7305627375705266,0.0030798138168011253,0.9390243902439024,984,0.8007584597432905,0.9976747499520567,0.2753781512605042,0.06592292089249494,986,OLMo-3-7B,4,857,369,861,,Math source,MMLU,0.19078179696616102,0.6275712748501695,0.006248346532834113,0.9653061224489796,980,0.809218203033839,0.9930834609006252,0.4409929674800869,0.0326197757390418,981
OOD,olmo3_7b_it,26,math,truthfulqa_binary,math->truthfulqa_binary,0.5979467258601554,0.6991329406922672,0.5029032769348363,0.0,1000,0.1922555185596251,0.24785777987333504,0.1435758610296802,1.0,1000,0.8077444814403749,0.8513223425051728,0.7588439156081221,0.0,1000,OLMo-3-7B,102,318,372,420,,Math source,TruthfulQA,0.2097977555802195,0.26554909427147133,0.15988481998296183,1.0,1000,0.7902022444197805,0.8379063123302813,0.7379297937177685,0.0,1000
OOD,olmo3_7b_it,26,movies,mmlu,movies->mmlu,0.6543173862310385,0.9929744573032938,-0.1598437126064259,0.03458799593082401,983,0.18582263710618435,0.6603318800724395,0.005367554469170295,0.9570112589559877,977,0.8141773628938156,0.9976442873969376,0.3316105660601335,0.042726347914547304,983,OLMo-3-7B,4,857,369,861,,Movies source,MMLU,0.15985997666277713,0.4694433449467774,0.008110682421027249,0.9827235772357723,984,0.8401400233372228,0.9965131749740395,0.5172829009807023,0.01940755873340143,979
OOD,olmo3_7b_it,26,movies,truthfulqa_binary,movies->truthfulqa_binary,0.43719940806511287,0.5437703959361097,0.32956671273839944,0.0,1000,0.23532494758909853,0.29044026100054343,0.17955745553774258,1.0,1000,0.7646750524109015,0.8174037250439694,0.7077613643757755,0.0,1000,OLMo-3-7B,102,318,372,420,,Movies source,TruthfulQA,0.32747564434578863,0.38966399481652514,0.27177379038079874,1.0,1000,0.6725243556542114,0.7343835690811027,0.6129995737381159,0.0,1000
OOD,olmo3_7b_it,27,math,mmlu,math->mmlu,0.5956826137689615,0.9885195876832226,-0.41666087879360353,0.04183673469387755,980,0.20915985997666278,0.5891067799070848,0.0023689634864546526,0.9327902240325866,982,0.7908401400233372,0.9976620466633106,0.4195629693244052,0.051440329218107,972,OLMo-3-7B,4,857,369,861,,Math source,MMLU,0.19515752625437574,0.6557507396449703,0.007168458781362007,0.9522842639593908,985,0.8048424737456242,0.9918166912608625,0.3497607655502392,0.04060913705583756,985
OOD,olmo3_7b_it,27,math,truthfulqa_binary,math->truthfulqa_binary,0.5874645455666544,0.675672669200848,0.4787417388167388,0.0,1000,0.1960476014305093,0.24870112611838557,0.1481272482866368,1.0,1000,0.8039523985694907,0.8491051289178713,0.7477911839878179,0.0,1000,OLMo-3-7B,102,318,372,420,,Math source,TruthfulQA,0.21648785300283635,0.26678421002168257,0.16443549340813784,1.0,1000,0.7835121469971636,0.83089119127162,0.7306489143311236,0.0,1000
OOD,olmo3_7b_it,27,movies,mmlu,movies->mmlu,0.6373978996499416,0.996503695513086,-0.2552211356220325,0.04897959183673469,980,0.1954492415402567,0.70935253181591,0.0,0.9371833839918946,987,0.8045507584597433,1.0,0.2910608804380632,0.05177664974619289,985,OLMo-3-7B,4,857,369,861,,Movies source,MMLU,0.16715285880980163,0.5265246166526575,0.004200146996886641,0.966497461928934,985,0.8328471411901983,0.9964871194379391,0.4599607052576577,0.03353658536585366,984
OOD,olmo3_7b_it,27,movies,truthfulqa_binary,movies->truthfulqa_binary,0.46728943149586877,0.5724657781692204,0.3581170602268233,0.0,1000,0.22475027746947837,0.2821538823290224,0.17308810456725957,1.0,1000,0.7752497225305216,0.8258826393376912,0.7207001955496751,0.0,1000,OLMo-3-7B,102,318,372,420,,Movies source,TruthfulQA,0.30796029103465283,0.36698820170866164,0.2485838186787462,1.0,1000,0.6920397089653472,0.7516758113576004,0.6291052362319063,0.0,1000
OOD,olmo3_7b_it,28,math,mmlu,math->mmlu,0.5711785297549592,0.9905294117647059,-0.4906570372617477,0.06517311608961303,982,0.23628938156359394,0.8733687826634526,0.0024007940506660754,0.9185336048879837,982,0.7637106184364061,0.9976592437377597,0.135199330917201,0.08943089430894309,984,OLMo-3-7B,4,857,369,861,,Math source,MMLU,0.19253208868144692,0.6326087672812641,0.012684023045724219,0.9562563580874873,983,0.8074679113185531,0.9886879938163203,0.37151301888078525,0.03744939271255061,988
OOD,olmo3_7b_it,28,math,truthfulqa_binary,math->truthfulqa_binary,0.6043901837464546,0.6961343839336763,0.5047875776258554,0.0,1000,0.19194721913922802,0.24896474058085938,0.14443209386025993,1.0,1000,0.808052780860772,0.8537656387263117,0.7541440128623927,0.0,1000,OLMo-3-7B,102,318,372,420,,Math source,TruthfulQA,0.20366259711431742,0.2618374667952307,0.1555174563487594,1.0,1000,0.7963374028856826,0.8414944603813931,0.7439545707975673,0.0,1000
OOD,olmo3_7b_it,28,movies,mmlu,movies->mmlu,0.5790548424737456,0.9960256765818646,-0.43965089508990596,0.05942622950819672,976,0.21120186697782964,0.6805720781051716,0.0011813004317839907,0.9346938775510204,980,0.7887981330221704,0.9970613387078642,0.2395957056194125,0.07731434384537131,983,OLMo-3-7B,4,857,369,861,,Movies source,MMLU,0.20974329054842475,0.5933477812062949,0.0023446658851113715,0.9535353535353536,990,0.7902567094515752,0.9897006209264988,0.304377941470339,0.06395939086294417,985
OOD,olmo3_7b_it,28,movies,truthfulqa_binary,movies->truthfulqa_binary,0.4627882599580712,0.5670072344307046,0.3508692408903652,0.0,1000,0.22311629054137377,0.27839561719600353,0.17216697129853165,1.0,1000,0.7768837094586262,0.8308142343492473,0.7206173539845635,0.0,1000,OLMo-3-7B,102,318,372,420,,Movies source,TruthfulQA,0.31409544950055496,0.37650720335857,0.25624153035827985,1.0,1000,0.6859045504994451,0.7464612089400093,0.6279830182339344,0.0,1000
OOD,olmo3_7b_it,29,math,mmlu,math->mmlu,0.5956826137689615,0.9881480698788392,-0.4167209687845361,0.05458290422245108,971,0.2278296382730455,0.8574735471049522,0.0025979561260000123,0.8902439024390244,984,0.7721703617269545,0.997651610233777,0.1487953532130732,0.11440245148110317,979,OLMo-3-7B,4,857,369,861,,Math source,MMLU,0.176487747957993,0.559121243569759,0.00686634463940497,0.9662231320368475,977,0.823512252042007,0.9906058061950422,0.43540062707190713,0.030706243602865915,977
OOD,olmo3_7b_it,29,math,truthfulqa_binary,math->truthfulqa_binary,0.6236588975212727,0.7129685452162515,0.527496289301561,0.0,1000,0.18069429029473424,0.22919130327585865,0.13520469476001223,1.0,1000,0.8193057097052657,0.8631196628388756,0.7709366781162906,0.0,1000,OLMo-3-7B,102,318,372,420,,Math source,TruthfulQA,0.1956468121839931,0.2448070492691973,0.14995327777375395,1.0,1000,0.804353187816007,0.8513564897484907,0.7561721357788496,0.0,1000
OOD,olmo3_7b_it,29,movies,mmlu,movies->mmlu,0.6493582263710619,0.9857780829663216,0.01894361359629889,0.024415055951169887,983,0.18640606767794632,0.6598169389902941,0.002286159641488602,0.9593908629441624,985,0.8135939323220537,0.9965288723744176,0.39801805101281423,0.034552845528455285,984,OLMo-3-7B,4,857,369,861,,Movies source,MMLU,0.16423570595099182,0.49160779493544,0.005886835884036332,0.9837728194726166,986,0.8357642940490082,0.9939158988929346,0.5137083396807665,0.01627670396744659,983
OOD,olmo3_7b_it,29,movies,truthfulqa_binary,movies->truthfulqa_binary,0.49164508570723886,0.5997140449864661,0.37030723991318054,0.0,1000,0.21756690097422618,0.2741753578486319,0.16405662750466501,1.0,1000,0.7824330990257738,0.8337657552317563,0.7281543269824761,0.0,1000,OLMo-3-7B,102,318,372,420,,Movies source,TruthfulQA,0.290788013318535,0.34589844529397634,0.23388678999150725,1.0,1000,0.709211986681465,0.7677111650485436,0.6519257657623716,0.0,1000
OOD,olmo3_7b_it,30,math,mmlu,math->mmlu,0.6726954492415402,0.9858798244828513,-0.11848807221147648,0.03546099290780142,987,0.20536756126021002,0.7337904761904761,0.0023383614800240476,0.9403437815975733,989,0.79463243873979,0.9974253710754291,0.25219454329774615,0.06598984771573604,985,OLMo-3-7B,4,857,369,861,,Math source,MMLU,0.12193698949824971,0.3618431893687707,0.007013632335900757,1.0,984,0.8780630105017503,0.989621547733078,0.6236682577565633,0.0,987
OOD,olmo3_7b_it,30,math,truthfulqa_binary,math->truthfulqa_binary,0.6323221112344308,0.715664308450644,0.533217475097529,0.0,1000,0.1726168454803305,0.22453546139807745,0.12946761979370675,1.0,1000,0.8273831545196695,0.8719485227029612,0.7770184702513184,0.0,1000,OLMo-3-7B,102,318,372,420,,Math source,TruthfulQA,0.19506104328523863,0.2436556363236094,0.15078744077462838,1.0,1000,0.8049389567147613,0.8509001301432494,0.755295891199091,0.0,1000
OOD,olmo3_7b_it,30,movies,mmlu,movies->mmlu,0.7397899649941657,0.9885012774378247,0.19132436437784545,0.0,986,0.13856476079346558,0.4676602435297044,0.0035060625686599224,0.9938775510204082,980,0.8614352392065344,0.9953629567638468,0.5831087228537496,0.008097165991902834,988,OLMo-3-7B,4,857,369,861,,Movies source,MMLU,0.12164527421236873,0.30978350217404854,0.004691120541144483,1.0,974,0.8783547257876313,0.9947353047217177,0.6650717703349283,0.0,984
OOD,olmo3_7b_it,30,movies,truthfulqa_binary,movies->truthfulqa_binary,0.5071525465532125,0.6053816538246178,0.391130290845749,0.0,1000,0.21090763349364902,0.26086356357136614,0.16381128195918068,1.0,1000,0.789092366506351,0.836506550564544,0.7341430877654235,0.0,1000,OLMo-3-7B,102,318,372,420,,Movies source,TruthfulQA,0.2819398199531385,0.3380118477045614,0.22517500152318765,1.0,1000,0.7180601800468616,0.775633766347831,0.6568620035198758,0.0,1000
OOD,olmo3_7b_it,31,math,mmlu,math->mmlu,0.6499416569428238,0.9891721176584476,-0.2076339716355725,0.037487335359675786,987,0.21674445740956827,0.7109638865587186,0.0023273411484419416,0.9138804457953394,987,0.7832555425904317,0.9973591188705497,0.2058871365001087,0.09155645981688708,983,OLMo-3-7B,4,857,369,861,,Math source,MMLU,0.13331388564760793,0.40175379030804487,0.00807079723461976,1.0,983,0.8666861143523921,0.9920325567502987,0.6001007288741332,0.0,985
OOD,olmo3_7b_it,31,math,truthfulqa_binary,math->truthfulqa_binary,0.6177395486496485,0.700201337849991,0.5288875327029204,0.0,1000,0.17995437168578124,0.226938816666487,0.1338003483230555,1.0,1000,0.8200456283142188,0.8658023173309798,0.7716640141523101,0.0,1000,OLMo-3-7B,102,318,372,420,,Math source,TruthfulQA,0.20230607966457023,0.24971235745674963,0.1539248550297312,1.0,1000,0.7976939203354297,0.8432017782010868,0.7490106241989668,0.0,1000
OOD,olmo3_7b_it,31,movies,mmlu,movies->mmlu,0.7123687281213535,0.9738062547673532,0.08033326663940919,0.0020429009193054137,979,0.15460910151691948,0.520445168164848,0.004227958275197661,0.970498474059003,983,0.8453908984830805,0.9953617457049166,0.46626482969766553,0.0411946446961895,971,OLMo-3-7B,4,857,369,861,,Movies source,MMLU,0.13302217036172695,0.3812025919912014,0.015818886384720184,1.0,987,0.8669778296382731,0.9906463435626562,0.6073488943729557,0.0,982
OOD,olmo3_7b_it,31,movies,truthfulqa_binary,movies->truthfulqa_binary,0.47567517573066964,0.5790351354620223,0.3613283532185971,0.0,1000,0.22533604636823282,0.2794691361444085,0.17430115766489515,1.0,1000,0.7746639536317672,0.8304363136766814,0.7202280248546403,0.0,1000,OLMo-3-7B,102,318,372,420,,Movies source,TruthfulQA,0.29898877790109757,0.36060799036332636,0.24653953287001082,1.0,1000,0.7010112220989024,0.7557349836111015,0.6434735012655256,0.0,1000
