experiment,model,layer,source,target,direction,delta_auc,delta_auc_ci_high,delta_auc_ci_low,delta_auc_p,delta_n_boot_valid,meta_gt_auc,meta_gt_auc_ci_high,meta_gt_auc_ci_low,meta_gt_auc_p,meta_gt_n_boot_valid,meta_mj_auc,meta_mj_auc_ci_high,meta_mj_auc_ci_low,meta_mj_auc_p,meta_mj_n_boot_valid,model_label,n_B,n_C,n_questions,sample_size,source_empty_quadrants,source_label,target_label,truth_gt_auc,truth_gt_auc_ci_high,truth_gt_auc_ci_low,truth_gt_auc_p,truth_gt_n_boot_valid,truth_mj_auc,truth_mj_auc_ci_high,truth_mj_auc_ci_low,truth_mj_auc_p,truth_mj_n_boot_valid
OOD,qwen25_7b,0,math,mmlu,math->mmlu,-0.07591647770219195,-0.025005403115957604,-0.12476021028276885,0.998,1000,0.5252739984882842,0.588242641395025,0.46027647562531876,0.21,1000,0.4747260015117158,0.5452519968373728,0.4105516028738932,0.741,1000,Qwen2.5-7B,112,189,224,301,,Math source,MMLU,0.5506424792139077,0.6202935771465088,0.4788430955238129,0.081,1000,0.4493575207860922,0.5125188683023597,0.38395581082426633,0.934,1000
OOD,qwen25_7b,0,movies,mmlu,movies->mmlu,-0.0020313681027966934,0.04950657622686567,-0.05059984263372486,0.518,1000,0.44246031746031744,0.5095303585597158,0.37185653926283607,0.948,1000,0.5575396825396826,0.6258358886555608,0.4863766311847033,0.055,1000,Qwen2.5-7B,112,189,224,301,,Movies source,MMLU,0.5595710506424793,0.6215092606554331,0.4936850472076861,0.039,1000,0.4404289493575208,0.5044787833025008,0.3725500493124906,0.96,1000
OOD,qwen25_7b,1,math,mmlu,math->mmlu,-0.09878117913832207,-0.013709666665247991,-0.18925388391177667,0.989,1000,0.5661375661375662,0.6330255284765898,0.5013203295196057,0.024,1000,0.43386243386243384,0.49624252165036997,0.36888225603138924,0.981,1000,Qwen2.5-7B,112,189,224,301,,Math source,MMLU,0.5326436130007559,0.6005027416580216,0.4701816889563096,0.157,1000,0.46735638699924414,0.5357686782517209,0.399990675990676,0.844,1000
OOD,qwen25_7b,1,movies,mmlu,movies->mmlu,-0.007180650037792891,0.041975569021157205,-0.06105271814212103,0.598,1000,0.45672713529856385,0.5255948910678304,0.3910708509822437,0.893,1000,0.5432728647014361,0.6053271938910695,0.4788456955966147,0.1,1000,Qwen2.5-7B,112,189,224,301,,Movies source,MMLU,0.550453514739229,0.6162518720641061,0.4786643097128577,0.081,1000,0.44954648526077096,0.5179575212506695,0.3819881290857592,0.931,1000
OOD,qwen25_7b,2,math,mmlu,math->mmlu,0.04124149659863946,0.15762485014324887,-0.08565908259842647,0.265,1000,0.4895597127739985,0.5625605491763007,0.41558276653400855,0.608,1000,0.5104402872260015,0.5805140342124975,0.44425230175056796,0.41,1000,Qwen2.5-7B,112,189,224,301,,Math source,MMLU,0.4691987906273621,0.5388914502312675,0.39716657142182843,0.814,1000,0.530801209372638,0.5974319080472625,0.46333558149801346,0.193,1000
OOD,qwen25_7b,2,movies,mmlu,movies->mmlu,0.009778911564625847,0.050080431630611336,-0.033216284323733754,0.318,1000,0.4470427059712774,0.512862193130538,0.3800300168363318,0.952,1000,0.5529572940287226,0.6231265114834558,0.4901310917512035,0.061,1000,Qwen2.5-7B,112,189,224,301,,Movies source,MMLU,0.5431783824640968,0.6076326856220962,0.4765096331619769,0.116,1000,0.4568216175359032,0.5158939911589026,0.3911351889103866,0.905,1000
OOD,qwen25_7b,3,math,mmlu,math->mmlu,0.03429705215419504,0.16861976033746848,-0.0952993313011644,0.317,1000,0.486583522297808,0.5513917643824441,0.4197502436647173,0.628,1000,0.513416477702192,0.5794414554882757,0.4520493706487741,0.337,1000,Qwen2.5-7B,112,189,224,301,,Math source,MMLU,0.47911942554799697,0.5447328961624955,0.4113447279193779,0.723,1000,0.520880574452003,0.5850240018886554,0.4494524505580967,0.297,1000
OOD,qwen25_7b,3,movies,mmlu,movies->mmlu,0.021730914588057426,0.06792027494434118,-0.02435735250855795,0.218,1000,0.43253968253968256,0.49754237893130265,0.3646748935306335,0.979,1000,0.5674603174603174,0.637235237632019,0.5042967094827682,0.02,1000,Qwen2.5-7B,112,189,224,301,,Movies source,MMLU,0.54572940287226,0.6161424851059906,0.4804957870004518,0.102,1000,0.45427059712774,0.5188886807220595,0.38544635874911104,0.919,1000
OOD,qwen25_7b,4,math,mmlu,math->mmlu,0.02654950869236583,0.16217333111576657,-0.10837383066764505,0.332,1000,0.4794028722600151,0.5500733450239167,0.4106439468187704,0.709,1000,0.5205971277399849,0.5899843972522408,0.4548234163353854,0.262,1000,Qwen2.5-7B,112,189,224,301,,Math source,MMLU,0.49404761904761907,0.5601423866015903,0.42332613045218087,0.574,1000,0.5059523809523809,0.5725447508441921,0.43243145006012124,0.437,1000
OOD,qwen25_7b,4,movies,mmlu,movies->mmlu,0.01596749811035525,0.06334931527500634,-0.0320418245612546,0.261,1000,0.45786092214663643,0.5297616374124736,0.3911553751093613,0.881,1000,0.5421390778533636,0.6101457833318681,0.4752472328600784,0.106,1000,Qwen2.5-7B,112,189,224,301,,Movies source,MMLU,0.5261715797430083,0.5913246357069346,0.4620852266482794,0.229,1000,0.4738284202569917,0.5362857115634235,0.4116014081598321,0.784,1000
OOD,qwen25_7b,5,math,mmlu,math->mmlu,0.08522297808012097,0.21359940611664294,-0.048932591373030104,0.119,1000,0.4666005291005291,0.53301861705846,0.4007979914302775,0.84,1000,0.5333994708994709,0.6010826843895453,0.4648572699890471,0.187,1000,Qwen2.5-7B,112,189,224,301,,Math source,MMLU,0.44817649281934996,0.515875030196023,0.38304910289768745,0.926,1000,0.55182350718065,0.6270105653551539,0.4847931666939399,0.059,1000
OOD,qwen25_7b,5,movies,mmlu,movies->mmlu,0.024707105064247892,0.06775830297007511,-0.019915235472241128,0.136,1000,0.4549319727891156,0.5180647161389277,0.38512061382767426,0.924,1000,0.5450680272108843,0.6105535101665132,0.4819794226983687,0.089,1000,Qwen2.5-7B,112,189,224,301,,Movies source,MMLU,0.5203609221466364,0.5802698973643875,0.4519107094406519,0.272,1000,0.47963907785336357,0.5414215140914561,0.41086166539299845,0.746,1000
OOD,qwen25_7b,6,math,mmlu,math->mmlu,0.08555366591080876,0.21421887445328414,-0.042528443937897176,0.111,1000,0.4662698412698413,0.5361807110583398,0.40328431962665456,0.846,1000,0.5337301587301587,0.597605391383913,0.46919217170558664,0.179,1000,Qwen2.5-7B,112,189,224,301,,Math source,MMLU,0.44817649281934996,0.5117555905738445,0.37998123540740664,0.941,1000,0.55182350718065,0.6164291493566105,0.48051516956823254,0.081,1000
OOD,qwen25_7b,6,movies,mmlu,movies->mmlu,0.08640400604686321,0.14749497193823805,0.021610085865755194,0.002,1000,0.44982993197278914,0.5192547001312151,0.38089501746644605,0.922,1000,0.5501700680272109,0.6190565091175135,0.4884957150982049,0.064,1000,Qwen2.5-7B,112,189,224,301,,Movies source,MMLU,0.4637660619803477,0.5322869064953586,0.396609463644407,0.848,1000,0.5362339380196524,0.6005839414209445,0.46734394124508033,0.169,1000
OOD,qwen25_7b,7,math,mmlu,math->mmlu,0.0387849584278156,0.1664368881118881,-0.09470384902670001,0.266,1000,0.48100907029478457,0.5465458572491353,0.4144482154047881,0.711,1000,0.5189909297052154,0.5832000888118473,0.45140817911878073,0.3,1000,Qwen2.5-7B,112,189,224,301,,Math source,MMLU,0.48020597127739983,0.5465693245609736,0.40927273230174965,0.712,1000,0.5197940287226002,0.5907237074073981,0.4534678175599681,0.284,1000
OOD,qwen25_7b,7,movies,mmlu,movies->mmlu,0.025368480725623588,0.13313123155818493,-0.06418758244949614,0.278,1000,0.45913643235071805,0.5308471185273261,0.39014872192219907,0.88,1000,0.5408635676492819,0.6032731649979572,0.47674049570716887,0.109,1000,Qwen2.5-7B,112,189,224,301,,Movies source,MMLU,0.5154950869236583,0.5842749472964184,0.4442321559772411,0.315,1000,0.48450491307634164,0.5572420634517725,0.41645677821915134,0.66,1000
OOD,qwen25_7b,8,math,mmlu,math->mmlu,-0.00028344671201818716,0.13286684973306517,-0.12379229681209881,0.49,1000,0.5036375661375662,0.5726753336784997,0.43092946642522467,0.453,1000,0.49636243386243384,0.5554516597563472,0.42763214884500744,0.561,1000,Qwen2.5-7B,112,189,224,301,,Math source,MMLU,0.496645880574452,0.5641327120288248,0.42911741917256624,0.543,1000,0.503354119425548,0.5673938018127783,0.4339467330833583,0.48,1000
OOD,qwen25_7b,8,movies,mmlu,movies->mmlu,0.037273242630385506,0.17587650239943792,-0.10384544227390533,0.308,1000,0.4703798185941043,0.5369392876415756,0.4045568667112664,0.786,1000,0.5296201814058957,0.5961251327732877,0.46197075201627247,0.183,1000,Qwen2.5-7B,112,189,224,301,,Movies source,MMLU,0.4923469387755102,0.5576977832375797,0.42377602618496213,0.567,1000,0.5076530612244898,0.578965423511498,0.4405010448214931,0.409,1000
OOD,qwen25_7b,9,math,mmlu,math->mmlu,-0.04719387755102039,0.07836275481219065,-0.17450497939560436,0.746,1000,0.5239040060468632,0.5882907541240875,0.45963834470352644,0.235,1000,0.4760959939531368,0.5414771184797362,0.40889357313787084,0.766,1000,Qwen2.5-7B,112,189,224,301,,Math source,MMLU,0.5232898715041572,0.5853376576428282,0.45885176003033884,0.237,1000,0.47671012849584277,0.546841374047089,0.41057055600222414,0.777,1000
OOD,qwen25_7b,9,movies,mmlu,movies->mmlu,-0.02144746787603935,0.10836485178128681,-0.15395735282583362,0.624,1000,0.492677626606198,0.5616079962677508,0.4263398761655946,0.547,1000,0.5073223733938019,0.5776106371901026,0.4408622112211221,0.435,1000,Qwen2.5-7B,112,189,224,301,,Movies source,MMLU,0.5287698412698413,0.5922480978365482,0.4542201899644355,0.202,1000,0.4712301587301587,0.5410808499813523,0.40585383895271226,0.777,1000
OOD,qwen25_7b,10,math,mmlu,math->mmlu,-0.030187074829931937,0.10027508515694653,-0.17104384704679576,0.699,1000,0.5150699168556312,0.5818569438723408,0.4439332061796864,0.333,1000,0.48493008314436886,0.558764198487987,0.4167200300966782,0.658,1000,Qwen2.5-7B,112,189,224,301,,Math source,MMLU,0.5151171579743008,0.581873339099677,0.4453131127787302,0.321,1000,0.48488284202569915,0.5573068911972585,0.41765468180869136,0.656,1000
OOD,qwen25_7b,10,movies,mmlu,movies->mmlu,-0.003826530612244916,0.12252529660505329,-0.1309495557368874,0.533,1000,0.47633219954648526,0.5424600964123023,0.41227160246755057,0.738,1000,0.5236678004535147,0.5940174360170455,0.45483943558987017,0.271,1000,Qwen2.5-7B,112,189,224,301,,Movies source,MMLU,0.5274943310657596,0.5974376688267694,0.45878109718231724,0.206,1000,0.47250566893424034,0.5469818852808193,0.40671402295793996,0.791,1000
OOD,qwen25_7b,11,math,mmlu,math->mmlu,-0.045493197278911546,0.08371912535327368,-0.1722271854917634,0.74,1000,0.5269274376417233,0.5966810697023333,0.4572767184557439,0.221,1000,0.47307256235827666,0.5358241171376436,0.4026330290544,0.783,1000,Qwen2.5-7B,112,189,224,301,,Math source,MMLU,0.5185657596371882,0.5891026298647091,0.45205675504184384,0.262,1000,0.4814342403628118,0.5505892346071977,0.4101317659923455,0.68,1000
OOD,qwen25_7b,11,movies,mmlu,movies->mmlu,-0.06490929705215415,0.08136176323676324,-0.20222541253745988,0.807,1000,0.5014644746787604,0.571677720283189,0.42811652076341977,0.489,1000,0.4985355253212396,0.5690085695304195,0.42602998573325046,0.498,1000,Qwen2.5-7B,112,189,224,301,,Movies source,MMLU,0.5634448223733938,0.628972751626095,0.4911461010133927,0.042,1000,0.4365551776266062,0.5080194631631334,0.3693391304347826,0.962,1000
OOD,qwen25_7b,12,math,mmlu,math->mmlu,0.01284958427815569,0.13744940406209225,-0.12449859575930561,0.448,1000,0.5002834467120182,0.5678779821489902,0.42641139193091426,0.518,1000,0.49971655328798187,0.5704027031756923,0.4330251134423495,0.525,1000,Qwen2.5-7B,112,189,224,301,,Math source,MMLU,0.4868669690098262,0.5554423633534887,0.4155777383978927,0.642,1000,0.5131330309901738,0.5835243914482966,0.44326869531547153,0.351,1000
OOD,qwen25_7b,12,movies,mmlu,movies->mmlu,-0.06934996220710504,0.07457744530244527,-0.20377917900078676,0.855,1000,0.50151171579743,0.5720478295149938,0.42834609842868293,0.492,1000,0.4984882842025699,0.5764166360077944,0.42829850427938465,0.518,1000,Qwen2.5-7B,112,189,224,301,,Movies source,MMLU,0.567838246409675,0.6376110290320929,0.4976469404186795,0.03,1000,0.432161753590325,0.5030224545225734,0.361904051852938,0.97,1000
OOD,qwen25_7b,13,math,mmlu,math->mmlu,0.06542894935752086,0.20295498147752064,-0.06668377024318432,0.166,1000,0.48493008314436886,0.5566148282392894,0.4164681260747426,0.657,1000,0.5150699168556312,0.5844005192390314,0.44742645086240773,0.351,1000,Qwen2.5-7B,112,189,224,301,,Math source,MMLU,0.44964096749811033,0.5202156294094543,0.3749194249332769,0.924,1000,0.5503590325018897,0.6217844726824715,0.47628781697195893,0.08,1000
OOD,qwen25_7b,13,movies,mmlu,movies->mmlu,-0.016156462585034004,0.12490306661506921,-0.15174282657984434,0.599,1000,0.473781179138322,0.5494814944129243,0.39827428517747193,0.754,1000,0.526218820861678,0.5982312063463033,0.45406232747482944,0.212,1000,Qwen2.5-7B,112,189,224,301,,Movies source,MMLU,0.542375283446712,0.617808257888001,0.47189964312973165,0.124,1000,0.45762471655328796,0.5289788296575627,0.39031614750399435,0.875,1000
OOD,qwen25_7b,14,math,mmlu,math->mmlu,0.09008881330309909,0.21681147192919717,-0.049591152794917236,0.097,1000,0.4689625850340136,0.5356429133424206,0.3958979958713542,0.807,1000,0.5310374149659864,0.5992268662126999,0.4577242270679282,0.194,1000,Qwen2.5-7B,112,189,224,301,,Math source,MMLU,0.44094860166288735,0.5056225745142743,0.3736225025979622,0.96,1000,0.5590513983371126,0.6259881197674398,0.4884311144401883,0.056,1000
OOD,qwen25_7b,14,movies,mmlu,movies->mmlu,0.09226190476190477,0.19985612220829008,-0.011849033920312836,0.046,1000,0.4094860166288738,0.47123683325093385,0.34603339009012507,0.999,1000,0.5905139833711263,0.6499593910259313,0.5270772479213582,0.004,1000,Qwen2.5-7B,112,189,224,301,,Movies source,MMLU,0.4982520786092215,0.5626770148720726,0.433686739963483,0.501,1000,0.5017479213907785,0.5689489757053078,0.43538436133834957,0.488,1000
OOD,qwen25_7b,15,math,mmlu,math->mmlu,0.1438492063492064,0.2813727973361944,0.014492385337973627,0.015,1000,0.4362244897959184,0.5120598763671261,0.3618943916912641,0.962,1000,0.5637755102040817,0.6343203598655918,0.49484007192676543,0.033,1000,Qwen2.5-7B,112,189,224,301,,Math source,MMLU,0.4199263038548753,0.4958767712550607,0.3463555475557799,0.979,1000,0.5800736961451247,0.6487958103512841,0.5115067711036465,0.012,1000
OOD,qwen25_7b,15,movies,mmlu,movies->mmlu,0.11229213907785335,0.2485627889794556,-0.015197803778035873,0.045,1000,0.41775321239606955,0.48566833356280786,0.3394404229082938,0.99,1000,0.5822467876039304,0.6565732184482185,0.5120877254817757,0.013,1000,Qwen2.5-7B,112,189,224,301,,Movies source,MMLU,0.4699546485260771,0.54113357072681,0.3999096752037929,0.803,1000,0.530045351473923,0.6041898247795795,0.4589493214489343,0.222,1000
OOD,qwen25_7b,16,math,mmlu,math->mmlu,0.2079081632653061,0.33530036669542707,0.06458472730024453,0.001,1000,0.40523431594860165,0.4784773852112865,0.34106909525773416,0.993,1000,0.5947656840513983,0.6649229322305964,0.5204230754939857,0.005,1000,Qwen2.5-7B,112,189,224,301,,Math source,MMLU,0.3868575207860922,0.4549734214786832,0.31991768497827705,0.999,1000,0.6131424792139077,0.6803485460443129,0.546263704874961,0.001,1000
OOD,qwen25_7b,16,movies,mmlu,movies->mmlu,0.267998866213152,0.38335351446070426,0.1392709980696138,0.0,1000,0.32279856386999245,0.3941621973347862,0.2620977906161277,1.0,1000,0.6772014361300076,0.7452632161370445,0.6039736472096437,0.0,1000,Qwen2.5-7B,112,189,224,301,,Movies source,MMLU,0.4092025699168556,0.48403678359053615,0.3377718836103794,0.992,1000,0.5907974300831443,0.6616216617484391,0.5286360839126465,0.004,1000
OOD,qwen25_7b,17,math,mmlu,math->mmlu,0.22826908541194252,0.3652437512892056,0.0899073807592346,0.0,1000,0.4101946334089191,0.4823589867107006,0.33899846891226204,0.991,1000,0.5898053665910808,0.6614971457306362,0.5131184249245935,0.005,1000,Qwen2.5-7B,112,189,224,301,,Math source,MMLU,0.36153628117913833,0.43111907304770486,0.29166382545542224,0.999,1000,0.6384637188208617,0.7034718337319424,0.5660957536315624,0.0,1000
OOD,qwen25_7b,17,movies,mmlu,movies->mmlu,0.19808201058201058,0.32278654596994666,0.0746999412653894,0.0,1000,0.38279478458049887,0.45707775389617905,0.3139007214727996,0.999,1000,0.6172052154195011,0.6856925085161466,0.5471320590373961,0.001,1000,Qwen2.5-7B,112,189,224,301,,Movies source,MMLU,0.41912320483749055,0.4927440629469407,0.3454118181993613,0.982,1000,0.5808767951625095,0.6476185219482178,0.5083240346604431,0.01,1000
OOD,qwen25_7b,18,math,mmlu,math->mmlu,0.19638133030990168,0.3310236704887787,0.05697535228946315,0.007,1000,0.4239890400604686,0.499207383257949,0.3510962879871509,0.977,1000,0.5760109599395313,0.648286251568983,0.4964720674609016,0.034,1000,Qwen2.5-7B,112,189,224,301,,Math source,MMLU,0.37962962962962965,0.4533502944101374,0.3009780185945424,1.0,1000,0.6203703703703703,0.6895859206558488,0.5460227463488333,0.0,1000
OOD,qwen25_7b,18,movies,mmlu,movies->mmlu,0.13336167800453513,0.26844805302712904,-0.001144927595969693,0.026,1000,0.4041950113378685,0.47723369580820013,0.33710121388901165,0.997,1000,0.5958049886621315,0.6619480543106704,0.5270668185298972,0.008,1000,Qwen2.5-7B,112,189,224,301,,Movies source,MMLU,0.46244331065759636,0.5343058585155572,0.3869860843888622,0.844,1000,0.5375566893424036,0.6094319244901452,0.46411520975574616,0.148,1000
OOD,qwen25_7b,19,math,mmlu,math->mmlu,0.12537792894935756,0.26474295433984557,-0.018334055122280462,0.044,1000,0.44680650037792896,0.5207853299769222,0.3729573113609266,0.921,1000,0.5531934996220711,0.6282461843411637,0.4796130483085904,0.077,1000,Qwen2.5-7B,112,189,224,301,,Math source,MMLU,0.42781557067271353,0.49855081916099775,0.35847766326548924,0.977,1000,0.5721844293272865,0.649186350528696,0.4908839967461611,0.034,1000
OOD,qwen25_7b,19,movies,mmlu,movies->mmlu,0.14691987906273618,0.2703396779469601,0.01509763560842525,0.017,1000,0.4169501133786848,0.491232205487385,0.3516913905000061,0.985,1000,0.5830498866213152,0.6548571678130737,0.5118053488221554,0.01,1000,Qwen2.5-7B,112,189,224,301,,Movies source,MMLU,0.436130007558579,0.5065309354329929,0.3706873175491977,0.961,1000,0.563869992441421,0.634466078697422,0.49885698209186297,0.028,1000
OOD,qwen25_7b,20,math,mmlu,math->mmlu,0.08649848828420253,0.22831219137401604,-0.044958165210287886,0.098,1000,0.4631519274376417,0.5387859223421549,0.3928233266500608,0.83,1000,0.5368480725623582,0.6068069840187928,0.4642636543567224,0.146,1000,Qwen2.5-7B,112,189,224,301,,Math source,MMLU,0.4503495842781557,0.5210807691371118,0.38012120673304883,0.927,1000,0.5496504157218443,0.6237493290355133,0.47480476706724917,0.087,1000
OOD,qwen25_7b,20,movies,mmlu,movies->mmlu,0.10426114890400606,0.24337023352815204,-0.04932221779317672,0.072,1000,0.4320672713529856,0.5070647869813647,0.3630802518144121,0.957,1000,0.5679327286470144,0.6354408253092464,0.4958014065222803,0.033,1000,Qwen2.5-7B,112,189,224,301,,Movies source,MMLU,0.4636715797430083,0.5375551758185888,0.3892856401387966,0.828,1000,0.5363284202569917,0.6114498246520227,0.4626585958357663,0.157,1000
OOD,qwen25_7b,21,math,mmlu,math->mmlu,0.11857520786092218,0.2558840691956334,-0.022436743531500748,0.039,1000,0.4531840513983371,0.5234789254436644,0.38752044586829243,0.91,1000,0.5468159486016629,0.6173949978216542,0.4787091357393215,0.091,1000,Qwen2.5-7B,112,189,224,301,,Math source,MMLU,0.42824074074074076,0.5055334707522344,0.3616967702209534,0.97,1000,0.5717592592592593,0.6402680810186654,0.5008068605447352,0.023,1000
OOD,qwen25_7b,21,movies,mmlu,movies->mmlu,0.09963151927437641,0.24677744227792728,-0.03985248699810973,0.076,1000,0.4360827664399093,0.5043316562643569,0.36137213145277663,0.967,1000,0.5639172335600907,0.6331321103169536,0.49217109811151777,0.036,1000,Qwen2.5-7B,112,189,224,301,,Movies source,MMLU,0.4642857142857143,0.5374308773969215,0.3879074500130817,0.838,1000,0.5357142857142857,0.6077715138564033,0.4729857050513313,0.138,1000
OOD,qwen25_7b,22,math,mmlu,math->mmlu,0.1923185941043084,0.3209281199804057,0.059529764514809395,0.003,1000,0.41331254724111866,0.4845609397679022,0.3473904115739142,0.99,1000,0.5866874527588813,0.66225293435934,0.5198102263233843,0.005,1000,Qwen2.5-7B,112,189,224,301,,Math source,MMLU,0.39436885865457294,0.4682313208904689,0.3204340834816414,0.999,1000,0.6056311413454271,0.6764395703168424,0.5317773536034908,0.0,1000
OOD,qwen25_7b,22,movies,mmlu,movies->mmlu,0.11181972789115652,0.2459752473335499,-0.025259311706217376,0.057,1000,0.4322089947089947,0.5034879913899312,0.35558368099194715,0.969,1000,0.5677910052910053,0.639113192703334,0.48978857689039934,0.041,1000,Qwen2.5-7B,112,189,224,301,,Movies source,MMLU,0.45597127739984883,0.5302458574828491,0.38413577570331314,0.877,1000,0.5440287226001512,0.6193099033985653,0.4744652586104852,0.121,1000
OOD,qwen25_7b,23,math,mmlu,math->mmlu,0.14224300831443693,0.27349300812590976,0.0060617213419739665,0.019,1000,0.4392479213907785,0.5083513675098652,0.3734566959399535,0.96,1000,0.5607520786092215,0.625441708257538,0.49080791257890716,0.051,1000,Qwen2.5-7B,112,189,224,301,,Math source,MMLU,0.41850907029478457,0.48894598915162385,0.35390765409090347,0.989,1000,0.5814909297052154,0.6495743887895051,0.5145038381440047,0.007,1000
OOD,qwen25_7b,23,movies,mmlu,movies->mmlu,0.07993197278911568,0.2244345199652104,-0.051819579816743414,0.136,1000,0.4474678760393046,0.5163096829640947,0.373760437379606,0.932,1000,0.5525321239606954,0.6215499645937406,0.480018895039791,0.077,1000,Qwen2.5-7B,112,189,224,301,,Movies source,MMLU,0.4726001511715797,0.5419568522078965,0.40081779765597514,0.79,1000,0.5273998488284203,0.6048994283108866,0.4601721877125774,0.211,1000
OOD,qwen25_7b,24,math,mmlu,math->mmlu,0.14110922146636434,0.27337261953667163,-0.0005804877532762601,0.026,1000,0.44005102040816324,0.5121755441306958,0.3717999468171817,0.955,1000,0.5599489795918368,0.6285756342040403,0.48774463913100324,0.053,1000,Qwen2.5-7B,112,189,224,301,,Math source,MMLU,0.4188397581254724,0.4886688090469603,0.34477017541203664,0.991,1000,0.5811602418745276,0.6535543550220867,0.5175724791010451,0.008,1000
OOD,qwen25_7b,24,movies,mmlu,movies->mmlu,0.03765117157974307,0.18898979847932673,-0.11213108773946902,0.296,1000,0.4651832955404384,0.5403000190920462,0.3938065946108192,0.832,1000,0.5348167044595616,0.6105137007374588,0.46595695088619615,0.174,1000,Qwen2.5-7B,112,189,224,301,,Movies source,MMLU,0.4971655328798186,0.5730367371209442,0.4246078479809367,0.519,1000,0.5028344671201814,0.5779417838609154,0.4290384272101505,0.478,1000
OOD,qwen25_7b,25,math,mmlu,math->mmlu,0.11049697656840518,0.25208064405211145,-0.029784135942112693,0.058,1000,0.4540343915343915,0.526057486948638,0.38891217315883525,0.895,1000,0.5459656084656085,0.6130974387634224,0.46959319826168555,0.122,1000,Qwen2.5-7B,112,189,224,301,,Math source,MMLU,0.4354686318972033,0.5086452485827034,0.36265958294998785,0.958,1000,0.5645313681027967,0.6356396951010264,0.4961030508178463,0.035,1000
OOD,qwen25_7b,25,movies,mmlu,movies->mmlu,0.008456160241874566,0.16876067016374793,-0.12779143430099316,0.44,1000,0.48341836734693877,0.5588920679070356,0.4074844149078954,0.661,1000,0.5165816326530612,0.5928718742590606,0.4510941091954023,0.304,1000,Qwen2.5-7B,112,189,224,301,,Movies source,MMLU,0.5081254724111867,0.579439556015643,0.4317641065830721,0.434,1000,0.4918745275888133,0.5636234451094291,0.4225777487465574,0.575,1000
OOD,qwen25_7b,26,math,mmlu,math->mmlu,0.27428193499622067,0.39494786221387435,0.14504977137176006,0.0,1000,0.35133219954648526,0.4152509857799304,0.28473683051879284,1.0,1000,0.6486678004535147,0.7143617339344254,0.5767136703166115,0.0,1000,Qwen2.5-7B,112,189,224,301,,Math source,MMLU,0.374385865457294,0.44883721668956045,0.30794539318655245,1.0,1000,0.625614134542706,0.6904090698017299,0.558184671492849,0.0,1000
OOD,qwen25_7b,26,movies,mmlu,movies->mmlu,0.08706538170823885,0.23880762037377645,-0.04961600328813832,0.118,1000,0.4406651549508692,0.5069090003152238,0.3655965511873199,0.959,1000,0.5593348450491308,0.6266244813252954,0.48702625221233264,0.048,1000,Qwen2.5-7B,112,189,224,301,,Movies source,MMLU,0.4722694633408919,0.5442874146673835,0.399708719776505,0.763,1000,0.5277305366591081,0.600800817748361,0.4514065907277842,0.223,1000
OOD,qwen25_7b,27,math,mmlu,math->mmlu,0.22141912320483753,0.3564134750721495,0.08883387085893928,0.001,1000,0.37773998488284205,0.4451888260638545,0.314780649776918,1.0,1000,0.622260015117158,0.6916117339781839,0.5467902409737474,0.001,1000,Qwen2.5-7B,112,189,224,301,,Math source,MMLU,0.4008408919123205,0.4720746330435978,0.33223549634190114,0.997,1000,0.5991591080876795,0.6648546113847837,0.5295565553676919,0.006,1000
OOD,qwen25_7b,27,movies,mmlu,movies->mmlu,0.1428099017384732,0.28063125204656,-0.0010098590433956249,0.027,1000,0.43263416477702193,0.5030655720913073,0.36409142869198047,0.97,1000,0.5673658352229781,0.636180692707024,0.49488589426402213,0.031,1000,Qwen2.5-7B,112,189,224,301,,Movies source,MMLU,0.42455593348450493,0.49975686276670583,0.35601602739861377,0.975,1000,0.5754440665154951,0.6439360106329844,0.5027038837306694,0.024,1000
OOD,llama31_8b,0,math,mmlu,math->mmlu,-0.0616529872112998,0.18250263169697062,-0.29791923012969734,0.698,1000,0.5436151937392633,0.7275818020965634,0.3713661097547354,0.309,1000,0.4563848062607368,0.6316528606528606,0.271875793009546,0.711,1000,Llama-3.1-8B,13,403,252,416,,Math source,MMLU,0.5180377934720366,0.707336173409812,0.33390098009593233,0.443,1000,0.48196220652796334,0.6584638923931945,0.3117111870776858,0.585,1000
OOD,llama31_8b,0,movies,mmlu,movies->mmlu,-0.020232868868104603,0.12859055239880876,-0.1559329927576373,0.616,1000,0.5535407520519183,0.7160917674279743,0.3900305826866281,0.244,1000,0.44645924794808167,0.6017818677782205,0.2853802768225321,0.763,1000,Llama-3.1-8B,13,403,252,416,,Movies source,MMLU,0.4666921168161863,0.6402297539908356,0.31908408112464204,0.665,1000,0.5333078831838137,0.696110760005079,0.37420544964340585,0.339,1000
OOD,llama31_8b,1,math,mmlu,math->mmlu,-0.08054972322962395,0.10606702619414479,-0.2869938714677842,0.783,1000,0.5680473372781065,0.7279651843866538,0.39671672530178126,0.2,1000,0.4319526627218935,0.5908620626850104,0.2638295694068052,0.819,1000,Llama-3.1-8B,13,403,252,416,,Math source,MMLU,0.5125023859515174,0.6936527429394277,0.3433922483753737,0.432,1000,0.4874976140484825,0.6614487793580013,0.3124942885117494,0.567,1000
OOD,llama31_8b,1,movies,mmlu,movies->mmlu,0.020041992746707427,0.1816828292357976,-0.13563421863330838,0.374,1000,0.5155564038938729,0.6737563697037242,0.3418642372922736,0.435,1000,0.48444359610612714,0.6541684156579461,0.3164970896816937,0.591,1000,Llama-3.1-8B,13,403,252,416,,Movies source,MMLU,0.4644016033594197,0.625490362164357,0.3144985050953544,0.691,1000,0.5355983966405803,0.6849913552353154,0.3766691258564582,0.338,1000
OOD,llama31_8b,2,math,mmlu,math->mmlu,-0.15270089711777057,0.16535150736428866,-0.4906460723631241,0.829,1000,0.5793090284405421,0.7475015951276103,0.410364489343023,0.166,1000,0.4206909715594579,0.6080888896073504,0.257768666637699,0.835,1000,Llama-3.1-8B,13,403,252,416,,Math source,MMLU,0.5733918686772285,0.7398675917735513,0.3899745713583023,0.2,1000,0.42660813132277153,0.5989830426356589,0.25228498935743593,0.785,1000
OOD,llama31_8b,2,movies,mmlu,movies->mmlu,0.005344531399121943,0.16306905349895356,-0.14973729910643807,0.445,1000,0.516510784500859,0.684869493529119,0.35513658133643705,0.385,1000,0.48348921549914103,0.6586378053468978,0.32994523737199594,0.586,1000,Llama-3.1-8B,13,403,252,416,,Movies source,MMLU,0.4781446841000191,0.6142295153022765,0.3382434545797462,0.618,1000,0.5218553158999809,0.6625947053520204,0.3854752406680327,0.365,1000
OOD,llama31_8b,3,math,mmlu,math->mmlu,-0.08474899790036267,0.16485439082533332,-0.3732730107730108,0.726,1000,0.5224279442641726,0.7090137295029896,0.3486881589618816,0.403,1000,0.47757205573582745,0.6538637088458571,0.2964996708733726,0.573,1000,Llama-3.1-8B,13,403,252,416,,Math source,MMLU,0.5623210536361901,0.7380879322922828,0.3909056557405571,0.219,1000,0.4376789463638099,0.6082923437885269,0.27855358329834873,0.77,1000
OOD,llama31_8b,3,movies,mmlu,movies->mmlu,0.13762168352739074,0.3076948987904995,-0.037413041800282064,0.057,1000,0.45008589425462875,0.6263748065015479,0.2727180445021926,0.716,1000,0.5499141057453713,0.7299214903080882,0.3755751251533335,0.281,1000,Llama-3.1-8B,13,403,252,416,,Movies source,MMLU,0.4122924222179805,0.5601575535599349,0.27666344644830787,0.9,1000,0.5877075777820194,0.7205684928769805,0.436573060930257,0.106,1000
OOD,llama31_8b,4,math,mmlu,math->mmlu,-0.11605268180950568,0.20267443783068778,-0.4259000335900573,0.787,1000,0.6037411719793854,0.7672977310954291,0.4390966689110837,0.127,1000,0.39625882802061463,0.5654439576801386,0.228320282100722,0.882,1000,Llama-3.1-8B,13,403,252,416,,Math source,MMLU,0.5123115098301203,0.6711331922071779,0.357781492020869,0.438,1000,0.48768849016987975,0.6518954248366013,0.33386050395164873,0.564,1000
OOD,llama31_8b,4,movies,mmlu,movies->mmlu,0.059553349875930583,0.38983818381193075,-0.2431489769820972,0.34,1000,0.479862569192594,0.6768843994503542,0.26867598684210525,0.596,1000,0.520137430807406,0.7270258563044778,0.31495727111252647,0.405,1000,Llama-3.1-8B,13,403,252,416,,Movies source,MMLU,0.46058408093147546,0.6068719512195121,0.31200209431216197,0.705,1000,0.5394159190685245,0.6956092635558994,0.38715784302392786,0.299,1000
OOD,llama31_8b,5,math,mmlu,math->mmlu,-0.12235159381561372,0.12370965755112084,-0.38551417677064154,0.821,1000,0.5651841954571483,0.7224060057417743,0.3806144781144781,0.237,1000,0.4348158045428517,0.6120282076245132,0.2550904331410347,0.784,1000,Llama-3.1-8B,13,403,252,416,,Math source,MMLU,0.5571673983584654,0.693391277763876,0.4021646036853074,0.239,1000,0.44283260164153465,0.5992699116807754,0.30863213446655613,0.772,1000
OOD,llama31_8b,5,movies,mmlu,movies->mmlu,0.09257491887764846,0.41402584067767595,-0.1966414539641517,0.282,1000,0.4922695170834129,0.6656506938989263,0.3131085776701985,0.553,1000,0.5077304829165872,0.6753784013605442,0.3405929687356491,0.456,1000,Llama-3.1-8B,13,403,252,416,,Movies source,MMLU,0.4151555640389387,0.5668050802345576,0.2623525472854799,0.859,1000,0.5848444359610613,0.7394234544348596,0.4356851416945643,0.123,1000
OOD,llama31_8b,6,math,mmlu,math->mmlu,-0.12884138194311895,0.17083067161033683,-0.4375189164648911,0.814,1000,0.57740026722657,0.732729722746645,0.4219821931473367,0.149,1000,0.42259973277343005,0.5837495982414453,0.27191425094890437,0.835,1000,Llama-3.1-8B,13,403,252,416,,Math source,MMLU,0.551441114716549,0.6922571469022867,0.4047212922212922,0.242,1000,0.44855888528345106,0.5962036135099188,0.30770620896579975,0.771,1000
OOD,llama31_8b,6,movies,mmlu,movies->mmlu,-0.21817140675701469,0.061065813885362814,-0.4417330672962122,0.945,1000,0.6344722275243367,0.7764745286501084,0.4976900044445484,0.027,1000,0.3655277724756633,0.5269201569347715,0.2224033651188502,0.948,1000,Llama-3.1-8B,13,403,252,416,,Movies source,MMLU,0.583699179232678,0.7194363735429522,0.4299434471708319,0.131,1000,0.416300820767322,0.5586290622880835,0.2728818879330388,0.893,1000
OOD,llama31_8b,7,math,mmlu,math->mmlu,-0.11089902653178091,0.13329570761633494,-0.37390034639810116,0.818,1000,0.5651841954571483,0.6923086723887217,0.4309063487188487,0.166,1000,0.4348158045428517,0.5690146921641791,0.3079441241685144,0.849,1000,Llama-3.1-8B,13,403,252,416,,Math source,MMLU,0.5457148310746326,0.6948473266499582,0.39281425876052045,0.282,1000,0.4542851689253674,0.6066518241829261,0.29359594073138245,0.741,1000
OOD,llama31_8b,7,movies,mmlu,movies->mmlu,-0.0849398740217599,0.13223553229038365,-0.300332644481447,0.768,1000,0.5159381561366673,0.6596497983131647,0.3865163217638137,0.433,1000,0.4840618438633327,0.6167712956832356,0.3381537094747513,0.572,1000,Llama-3.1-8B,13,403,252,416,,Movies source,MMLU,0.5690017178850926,0.6889871696286171,0.4422175844021819,0.138,1000,0.4309982821149074,0.5478548950264525,0.31269345238095236,0.86,1000
OOD,llama31_8b,8,math,mmlu,math->mmlu,-0.18553158999809122,0.09554625186607768,-0.45500503168893464,0.91,1000,0.5930521091811415,0.748555793285056,0.4376933272167264,0.117,1000,0.40694789081885857,0.5591688935207454,0.24322471737835308,0.874,1000,Llama-3.1-8B,13,403,252,416,,Math source,MMLU,0.5924794808169498,0.7288180256254252,0.45289105273752017,0.095,1000,0.4075205191830502,0.5504060066740822,0.2753478843280253,0.909,1000
OOD,llama31_8b,8,movies,mmlu,movies->mmlu,-0.050200419927467044,0.2774907644588495,-0.3384715639810426,0.603,1000,0.516510784500859,0.6760213903743316,0.369457633541757,0.418,1000,0.48348921549914103,0.629834857897499,0.33680964917589623,0.574,1000,Llama-3.1-8B,13,403,252,416,,Movies source,MMLU,0.5336896354266081,0.7012865518900002,0.3574941000333301,0.354,1000,0.46631036457339187,0.6365833510477197,0.31572613563003976,0.65,1000
OOD,llama31_8b,9,math,mmlu,math->mmlu,-0.08837564420690974,0.20058979004533076,-0.3525051265270506,0.709,1000,0.5753006298912006,0.7264122595072564,0.4353659013462935,0.17,1000,0.4246993701087994,0.5716861051691439,0.27770988036303634,0.855,1000,Llama-3.1-8B,13,403,252,416,,Math source,MMLU,0.5130750143157091,0.6539472634922613,0.36171724018947043,0.425,1000,0.4869249856842909,0.6410604060752714,0.33749790424212256,0.585,1000
OOD,llama31_8b,9,movies,mmlu,movies->mmlu,-0.10937201756060322,0.20105855576712894,-0.41873200370653685,0.774,1000,0.4976140484825348,0.684875878379528,0.3252417673131698,0.508,1000,0.5023859515174651,0.694739027620801,0.31312294060023155,0.487,1000,Llama-3.1-8B,13,403,252,416,,Movies source,MMLU,0.6117579690780683,0.7812774402368965,0.44262563334691973,0.094,1000,0.38824203092193166,0.5482848279301998,0.2169948331238654,0.919,1000
OOD,llama31_8b,10,math,mmlu,math->mmlu,0.059362473754533296,0.34659635214322715,-0.25123649849603497,0.36,1000,0.4712731437297194,0.6447760151163647,0.3166553467012357,0.617,1000,0.5287268562702806,0.6793008597734773,0.352434851426817,0.373,1000,Llama-3.1-8B,13,403,252,416,,Math source,MMLU,0.4693643825157473,0.6324538466430768,0.3197030483079308,0.636,1000,0.5306356174842527,0.6870279316271962,0.37635704919795826,0.366,1000
OOD,llama31_8b,10,movies,mmlu,movies->mmlu,0.05478144684100017,0.32143534895440035,-0.2535477500352659,0.369,1000,0.4203092193166635,0.5768574901922991,0.2773391704842126,0.851,1000,0.5796907806833365,0.7150466416797862,0.4290781173065042,0.156,1000,Llama-3.1-8B,13,403,252,416,,Movies source,MMLU,0.5249093338423363,0.6800628117206983,0.3712400371546713,0.383,1000,0.47509066615766365,0.6203620084939874,0.3176270169084583,0.631,1000
OOD,llama31_8b,11,math,mmlu,math->mmlu,0.1200610803588471,0.45271295858248767,-0.1922119788592291,0.212,1000,0.4477953807978622,0.624856824212272,0.287718424422327,0.735,1000,0.5522046192021378,0.7243953885124332,0.38852182256397705,0.275,1000,Llama-3.1-8B,13,403,252,416,,Math source,MMLU,0.4321435388432907,0.5977272524098893,0.2623916425872416,0.777,1000,0.5678564611567093,0.7379541466009275,0.38755249701879757,0.211,1000
OOD,llama31_8b,11,movies,mmlu,movies->mmlu,-0.02977667493796521,0.29243678977272725,-0.36848801447308915,0.558,1000,0.4720366482153083,0.642180495411657,0.2921829461703517,0.629,1000,0.5279633517846918,0.6951677657748189,0.34961750947230275,0.385,1000,Llama-3.1-8B,13,403,252,416,,Movies source,MMLU,0.557740026722657,0.72532008158867,0.383871998196099,0.228,1000,0.442259973277343,0.624332112052515,0.2625604682056295,0.728,1000
OOD,llama31_8b,12,math,mmlu,math->mmlu,0.05287268562702807,0.356344687360419,-0.2791304653752493,0.358,1000,0.5210918114143921,0.6889898889597685,0.36433181528925723,0.409,1000,0.47890818858560796,0.6370341840634897,0.31418189341602554,0.593,1000,Llama-3.1-8B,13,403,252,416,,Math source,MMLU,0.4260355029585799,0.6059198375611927,0.23527011145956342,0.792,1000,0.5739644970414202,0.7512730898404703,0.389432139656938,0.226,1000
OOD,llama31_8b,12,movies,mmlu,movies->mmlu,-0.013170452376407682,0.3197495477512319,-0.34442774579372526,0.542,1000,0.4781446841000191,0.6631818008088838,0.3105252665040695,0.619,1000,0.5218553158999809,0.6973867293403463,0.3493385622011576,0.371,1000,Llama-3.1-8B,13,403,252,416,,Movies source,MMLU,0.5350257682763886,0.7107625746863767,0.3477590679651516,0.354,1000,0.46497423172361135,0.6459559473938948,0.2894651610644258,0.642,1000
OOD,llama31_8b,13,math,mmlu,math->mmlu,0.09753769803397588,0.4024084243925506,-0.23983832871684985,0.279,1000,0.4695552586371445,0.6330724772957149,0.2823756854804019,0.644,1000,0.5304447413628555,0.6959505743614434,0.36773902346318216,0.356,1000,Llama-3.1-8B,13,403,252,416,,Math source,MMLU,0.4329070433288796,0.6114841653162506,0.2574555818651819,0.783,1000,0.5670929566711205,0.7360362337541461,0.3753510913591359,0.236,1000
OOD,llama31_8b,13,movies,mmlu,movies->mmlu,0.1257873640007635,0.473293730945122,-0.24397328474699329,0.232,1000,0.39473181904943694,0.5733992003367003,0.21940304898937993,0.884,1000,0.6052681809505631,0.7862786437451112,0.4244499719209771,0.107,1000,Llama-3.1-8B,13,403,252,416,,Movies source,MMLU,0.4794808169497996,0.6744933704052278,0.29502573970209117,0.558,1000,0.5205191830502004,0.7030597056111783,0.3324965419146048,0.41,1000
OOD,llama31_8b,14,math,mmlu,math->mmlu,0.26569956098492076,0.5845137036138732,-0.05917920711974113,0.063,1000,0.375071578545524,0.5639270123333149,0.20104707274813405,0.916,1000,0.624928421454476,0.7983681807111348,0.4351568177414745,0.099,1000,Llama-3.1-8B,13,403,252,416,,Math source,MMLU,0.35922886046955527,0.5404944007973733,0.19303542231150145,0.939,1000,0.6407711395304447,0.8223561586539979,0.4548269512723122,0.069,1000
OOD,llama31_8b,14,movies,mmlu,movies->mmlu,0.31208245848444355,0.6581169157418585,-0.04314656712841692,0.049,1000,0.33040656613857605,0.5126704969356546,0.17214240629805597,0.965,1000,0.6695934338614239,0.8459718559458348,0.4982409811550679,0.028,1000,Llama-3.1-8B,13,403,252,416,,Movies source,MMLU,0.35751097537698034,0.5371645301733576,0.1809925632176949,0.931,1000,0.6424890246230197,0.8136240270682716,0.4559460854464682,0.069,1000
OOD,llama31_8b,15,math,mmlu,math->mmlu,0.3101736972704715,0.5859661585000865,0.011661009538234086,0.021,1000,0.355411338041611,0.5141953330291771,0.19624048247927628,0.964,1000,0.644588661958389,0.7896860799251537,0.4897835213504589,0.04,1000,Llama-3.1-8B,13,403,252,416,,Math source,MMLU,0.33441496468791754,0.49852109649855,0.17364790653103346,0.975,1000,0.6655850353120825,0.8184442592860258,0.5080789451757194,0.022,1000
OOD,llama31_8b,15,movies,mmlu,movies->mmlu,0.3147547241840046,0.6027424679169966,-0.031364890521310175,0.037,1000,0.32887955716739836,0.4798700008095855,0.18013392857142857,0.983,1000,0.6711204428326016,0.8171142678322252,0.5110198379898669,0.018,1000,Llama-3.1-8B,13,403,252,416,,Movies source,MMLU,0.35636571864859706,0.5331545656621537,0.19540034103502307,0.943,1000,0.643634281351403,0.8112905442550852,0.47618485710590974,0.051,1000
OOD,llama31_8b,16,math,mmlu,math->mmlu,0.3340332124451231,0.6169307086861024,0.057194067477146344,0.009,1000,0.33136094674556216,0.47395225712746264,0.19846605458153047,0.992,1000,0.6686390532544378,0.8062557671254301,0.530737068323866,0.01,1000,Llama-3.1-8B,13,403,252,416,,Math source,MMLU,0.33460584080931477,0.5034252589924859,0.17912807676261996,0.974,1000,0.6653941591906852,0.8228335611432902,0.48647279832938223,0.036,1000
OOD,llama31_8b,16,movies,mmlu,movies->mmlu,0.26092765794999045,0.6152784451566009,-0.12938570848053602,0.082,1000,0.36228287841191065,0.5453683507825718,0.20047737581590885,0.921,1000,0.6377171215880894,0.8068822106830237,0.46428942315375243,0.051,1000,Llama-3.1-8B,13,403,252,416,,Movies source,MMLU,0.3767894636380989,0.577182804959328,0.20022294317580297,0.888,1000,0.6232105363619012,0.7877755617994913,0.45011398197301483,0.09,1000
OOD,llama31_8b,17,math,mmlu,math->mmlu,0.3764077113953045,0.6551487300110045,0.08288016418526696,0.004,1000,0.2792517656041229,0.3946402366526596,0.16114534279688003,1.0,1000,0.7207482343958771,0.8336899934597776,0.5958037860576924,0.0,1000,Llama-3.1-8B,13,403,252,416,,Math source,MMLU,0.3443405230005726,0.5408392396740425,0.16291257320989988,0.936,1000,0.6556594769994274,0.8303445693257075,0.45712570730951085,0.053,1000
OOD,llama31_8b,17,movies,mmlu,movies->mmlu,0.32620729146783733,0.6366779172341234,-0.019177400703380452,0.036,1000,0.3302156900171789,0.500499984277224,0.1902995250231696,0.974,1000,0.6697843099828211,0.8234366540547476,0.4935797324636893,0.029,1000,Llama-3.1-8B,13,403,252,416,,Movies source,MMLU,0.3435770185149838,0.5343576895043731,0.17415383444255947,0.954,1000,0.6564229814850162,0.8151713997531363,0.4763225644313577,0.04,1000
OOD,llama31_8b,18,math,mmlu,math->mmlu,0.38480626073678187,0.6607130934037713,0.08670702703148316,0.01,1000,0.27581599541897306,0.3830125709339554,0.16269819330063845,1.0,1000,0.7241840045810269,0.8349460565476191,0.5992456492166245,0.0,1000,Llama-3.1-8B,13,403,252,416,,Math source,MMLU,0.33937774384424507,0.5406857624939739,0.15402033092585793,0.935,1000,0.6606222561557549,0.8378468331653918,0.46195000170071887,0.058,1000
OOD,llama31_8b,18,movies,mmlu,movies->mmlu,0.37659858751670167,0.6702695959120737,0.059229109255957244,0.008,1000,0.29986638671502197,0.4440061976935473,0.17717529539830276,0.995,1000,0.700133613284978,0.8296718328629312,0.5467986398392233,0.005,1000,Llama-3.1-8B,13,403,252,416,,Movies source,MMLU,0.32353502576827636,0.4914437609014373,0.18335772462427655,0.977,1000,0.6764649742317236,0.8268207520497597,0.5136737025350886,0.019,1000
OOD,llama31_8b,19,math,mmlu,math->mmlu,0.4048482534834892,0.6645521727432604,0.11025531517974843,0.006,1000,0.25501049818667687,0.38060748890925944,0.14156777387448496,1.0,1000,0.7449895018133231,0.8556615403039505,0.6243106239209626,0.0,1000,Llama-3.1-8B,13,403,252,416,,Math source,MMLU,0.34014124832983395,0.5372316294539123,0.17378841019417476,0.946,1000,0.659858751670166,0.8201523569023568,0.45134773897766656,0.051,1000
OOD,llama31_8b,19,movies,mmlu,movies->mmlu,0.3960679518992174,0.6626387938624125,0.08091664346050315,0.007,1000,0.29528535980148884,0.45833386075949367,0.17423294306060888,0.997,1000,0.7047146401985112,0.8375508274231678,0.5634439809830056,0.003003003003003003,999,Llama-3.1-8B,13,403,252,416,,Movies source,MMLU,0.30864668829929376,0.4530204628696743,0.16583832766811776,0.991,1000,0.6913533117007062,0.8254427884140307,0.5378419744318181,0.009,1000
OOD,llama31_8b,20,math,mmlu,math->mmlu,0.4241267417446078,0.6931959248857444,0.11761866468923811,0.002,1000,0.25443786982248523,0.37286499421518315,0.14712918706485767,1.0,1000,0.7455621301775148,0.8547074094241899,0.6261517549623176,0.0,1000,Llama-3.1-8B,13,403,252,416,,Math source,MMLU,0.32143538843290703,0.5061026229769542,0.14336417442034602,0.969,1000,0.6785646115670929,0.8470610801865504,0.48430859553123573,0.039,1000
OOD,llama31_8b,20,movies,mmlu,movies->mmlu,0.4004581026913533,0.678898521402404,0.12329027198022913,0.005,1000,0.303493033021569,0.4535224780701753,0.1661567413794458,0.992,1000,0.696506966978431,0.8535073054724368,0.549805681456743,0.01,1000,Llama-3.1-8B,13,403,252,416,,Movies source,MMLU,0.29604886428707766,0.44357197384640645,0.1646277217007415,0.997,1000,0.7039511357129223,0.841704262183631,0.5600382707995061,0.006,1000
OOD,llama31_8b,21,math,mmlu,math->mmlu,0.4042756251192976,0.6774128554299417,0.09643110391009553,0.004,1000,0.2691353311700706,0.4070366421914546,0.15179453372187363,0.999,1000,0.7308646688299294,0.8551167366774706,0.5965187892323571,0.002,1000,Llama-3.1-8B,13,403,252,416,,Math source,MMLU,0.3265890437106318,0.5008317669172933,0.15878383757239717,0.974,1000,0.6734109562893682,0.8427277654953549,0.4752053866100896,0.037,1000
OOD,llama31_8b,21,movies,mmlu,movies->mmlu,0.3727810650887574,0.6774382579954105,0.04707362110813528,0.01,1000,0.3105554495132659,0.48510565564959984,0.17317465822080813,0.981,1000,0.6894445504867341,0.8260892237049134,0.5348576573849879,0.011,1000,Llama-3.1-8B,13,403,252,416,,Movies source,MMLU,0.31666348539797673,0.4823641187821612,0.18132372620609355,0.983,1000,0.6833365146020233,0.8433177390393972,0.5031906025009474,0.024,1000
OOD,llama31_8b,22,math,mmlu,math->mmlu,0.3880511548005344,0.6784255310367597,0.06540633385768484,0.008,1000,0.27066234014124835,0.4046035235702321,0.14580716338259442,0.999,1000,0.7293376598587517,0.8555414780069344,0.5925934885448433,0.0,1000,Llama-3.1-8B,13,403,252,416,,Math source,MMLU,0.3412865050582172,0.5316691070643069,0.16204802750699565,0.949,1000,0.6587134949417828,0.8338174997571951,0.46102622767857143,0.048,1000
OOD,llama31_8b,22,movies,mmlu,movies->mmlu,0.37106317999618255,0.6522568079730486,0.02822034222070398,0.016,1000,0.3149456003054018,0.4731315113527637,0.1609170925262924,0.99,1000,0.6850543996945982,0.8392915847455603,0.5073137294711766,0.019,1000,Llama-3.1-8B,13,403,252,416,,Movies source,MMLU,0.3139912196984157,0.4944118135058901,0.15799704237674983,0.978,1000,0.6860087803015843,0.8319716495381831,0.5286376080414992,0.019,1000
OOD,llama31_8b,23,math,mmlu,math->mmlu,0.40866577591143344,0.7030789742631991,0.08006766299648355,0.009,1000,0.26417255201374307,0.39164784549430354,0.1513241266109596,0.999,1000,0.7358274479862569,0.8636029252001066,0.5924192608466802,0.001,1000,Llama-3.1-8B,13,403,252,416,,Math source,MMLU,0.32716167207482344,0.5150589049747376,0.1688804830526842,0.97,1000,0.6728383279251766,0.8297198732492077,0.4882985375538567,0.033,1000
OOD,llama31_8b,23,movies,mmlu,movies->mmlu,0.36972704714640203,0.633049884952344,0.060586059510110195,0.012,1000,0.3138003435770185,0.48702364084802685,0.16559831331278127,0.982,1000,0.6861996564229815,0.8301774665941022,0.512664812883791,0.017,1000,Llama-3.1-8B,13,403,252,416,,Movies source,MMLU,0.3164726092765795,0.4870317551646665,0.1756804809540959,0.984,1000,0.6835273907234205,0.8284170187765566,0.5153298508504072,0.014,1000
OOD,llama31_8b,24,math,mmlu,math->mmlu,0.3970223325062035,0.6753034390308487,0.04791401996126397,0.017,1000,0.26684481771330404,0.41862085257703807,0.1418867527232412,0.998,1000,0.733155182286696,0.8669282438803849,0.5817065506405608,0.0,1000,Llama-3.1-8B,13,403,252,416,,Math source,MMLU,0.33613284978049246,0.5050833389891859,0.1806684310227048,0.969,1000,0.6638671502195075,0.8321197411003236,0.47489516939557014,0.041,1000
OOD,llama31_8b,24,movies,mmlu,movies->mmlu,0.368772666539416,0.6732013819513817,0.010776507272002352,0.023,1000,0.3160908570337851,0.4824424388947255,0.16990801814854353,0.983,1000,0.683909142966215,0.8450076325711007,0.5028991634663414,0.02,1000,Llama-3.1-8B,13,403,252,416,,Movies source,MMLU,0.315136476426799,0.460252190307451,0.16418097345127772,0.988,1000,0.684863523573201,0.8319610061290188,0.513240657661359,0.016,1000
OOD,llama31_8b,25,math,mmlu,math->mmlu,0.4546669211681619,0.7073353096179182,0.13323079311241937,0.006,1000,0.257873640007635,0.4047862214007131,0.13397022734116232,0.998,1000,0.742126359992365,0.861525031767569,0.584349593495935,0.002,1000,Llama-3.1-8B,13,403,252,416,,Math source,MMLU,0.2874594388242031,0.44279219419102583,0.1473248830397251,0.996,1000,0.7125405611757969,0.8449046553317353,0.5530013197774001,0.009,1000
OOD,llama31_8b,25,movies,mmlu,movies->mmlu,0.42508112235159384,0.7042441162949756,0.1322253146862369,0.007,1000,0.2903225806451613,0.46015233863530547,0.14116502507566003,0.992,1000,0.7096774193548387,0.8555884736436459,0.5502306198955683,0.007,1000,Llama-3.1-8B,13,403,252,416,,Movies source,MMLU,0.2845962970032449,0.4394880537404618,0.14366720343531936,0.998,1000,0.7154037029967552,0.8486802741272728,0.5716047500728414,0.002,1000
OOD,llama31_8b,26,math,mmlu,math->mmlu,0.46211108990265315,0.7351038873562625,0.1597975414691944,0.006,1000,0.25042947127314374,0.38205862583419564,0.12981830118627186,1.0,1000,0.7495705287268563,0.8802853861489122,0.5914769326476443,0.001,1000,Llama-3.1-8B,13,403,252,416,,Math source,MMLU,0.2874594388242031,0.44610737511084836,0.15016505769520175,0.993,1000,0.7125405611757969,0.8521316285134743,0.5398316199929103,0.008,1000
OOD,llama31_8b,26,movies,mmlu,movies->mmlu,0.4399694598205765,0.6998528699098954,0.12808030985867952,0.005,1000,0.28249665966787557,0.4306287515867498,0.15483603988438635,0.992,1000,0.7175033403321245,0.8435317524161945,0.5616518329295928,0.001,1000,Llama-3.1-8B,13,403,252,416,,Movies source,MMLU,0.277533880511548,0.42945387224485354,0.14629421201146672,0.996,1000,0.722466119488452,0.8526393537088723,0.5763620876512521,0.003,1000
OOD,llama31_8b,27,math,mmlu,math->mmlu,0.46821912578736397,0.7359863441862687,0.16881491487368358,0.003,1000,0.2529108608513075,0.41461527703186535,0.12717255967647817,0.999,1000,0.7470891391486925,0.877913348980421,0.5949945342210923,0.001,1000,Llama-3.1-8B,13,403,252,416,,Math source,MMLU,0.2788700133613285,0.41599606703146363,0.14500599873883172,0.997,1000,0.7211299866386714,0.8562052544211425,0.5551161189784556,0.004,1000
OOD,llama31_8b,27,movies,mmlu,movies->mmlu,0.444932238976904,0.7055594329841897,0.1542145635895635,0.007,1000,0.2830692880320672,0.43410344912905774,0.1505371589052365,0.996,1000,0.7169307119679328,0.8602711192765058,0.5673641931525203,0.008,1000,Llama-3.1-8B,13,403,252,416,,Movies source,MMLU,0.2719984729910288,0.4080161839544978,0.14631736818815116,0.999,1000,0.7280015270089711,0.8511918614848536,0.590041133129924,0.003,1000
OOD,llama31_8b,28,math,mmlu,math->mmlu,0.48864287077686586,0.7324876313601357,0.18556983364819482,0.0,1000,0.23764077113953044,0.39835084052458775,0.12507635197970104,0.997,1000,0.7623592288604696,0.8796860007177052,0.6160789728682171,0.001,1000,Llama-3.1-8B,13,403,252,416,,Math source,MMLU,0.27371635808360373,0.43183035096950767,0.1417732524316172,0.992,1000,0.7262836419163963,0.8675948844884488,0.5762290221323301,0.002,1000
OOD,llama31_8b,28,movies,mmlu,movies->mmlu,0.4644016033594197,0.7249396162693306,0.18112043068438416,0.001,1000,0.2672265699560985,0.4248792007128305,0.13436254733702072,0.993,1000,0.7327734300439015,0.8702889605232876,0.580639470646438,0.001,1000,Llama-3.1-8B,13,403,252,416,,Movies source,MMLU,0.2683718266844818,0.4041796996251283,0.13944624369845565,0.999,1000,0.7316281733155182,0.8540898737212277,0.5896764202923952,0.001,1000
OOD,llama31_8b,29,math,mmlu,math->mmlu,0.4424508493987402,0.7217353015380733,0.10339641330413935,0.008,1000,0.25520137430807405,0.426099549665721,0.12495769876962609,0.996,1000,0.7447986256919259,0.8714016668183334,0.5840908354922281,0.004,1000,Llama-3.1-8B,13,403,252,416,,Math source,MMLU,0.3023477762931857,0.4644768130669313,0.16147717146721885,0.993,1000,0.6976522237068142,0.8387482677383591,0.5337282370575349,0.01,1000
OOD,llama31_8b,29,movies,mmlu,movies->mmlu,0.42698988356556594,0.7113790122916864,0.12347208085395131,0.002,1000,0.2784882611185341,0.4344084127924624,0.12989717951233068,0.998,1000,0.7215117388814659,0.863640034588527,0.5551383461554117,0.008,1000,Llama-3.1-8B,13,403,252,416,,Movies source,MMLU,0.29452185531589997,0.45154309197242637,0.15865743220696196,0.994,1000,0.7054781446841,0.843330644216815,0.5478608197852675,0.004,1000
OOD,llama31_8b,30,math,mmlu,math->mmlu,0.4008398549341477,0.6792336653459534,0.0892135416666666,0.011,1000,0.2863141820958198,0.4496367575237012,0.1553064207222422,0.996,1000,0.7136858179041802,0.856958415017426,0.5500771567327627,0.008,1000,Llama-3.1-8B,13,403,252,416,,Math source,MMLU,0.3128459629700325,0.48349461306004465,0.16935825679295827,0.986,1000,0.6871540370299676,0.8352362193349222,0.5099548964350927,0.022,1000
OOD,llama31_8b,30,movies,mmlu,movies->mmlu,0.38671502195075397,0.682710961125514,0.05782147335314616,0.017,1000,0.2874594388242031,0.4441222816833586,0.14422897452788758,0.991,1000,0.7125405611757969,0.8584197312588402,0.5335571161672967,0.012,1000,Llama-3.1-8B,13,403,252,416,,Movies source,MMLU,0.3258255392250429,0.4970272633772939,0.18176725286437515,0.977,1000,0.674174460774957,0.8173293902966958,0.5054940990232866,0.021,1000
OOD,llama31_8b,31,math,mmlu,math->mmlu,0.3888146592861233,0.6622523919753086,0.061470094731110744,0.012,1000,0.300820767322008,0.4528320861869833,0.1574752896664768,0.993,1000,0.699179232677992,0.8408951822916667,0.5431806090625574,0.01,1000,Llama-3.1-8B,13,403,252,416,,Math source,MMLU,0.3103645733918687,0.4744465595036661,0.18440998656515897,0.988,1000,0.6896354266081314,0.8365462696833125,0.5211816101393006,0.014,1000
OOD,llama31_8b,31,movies,mmlu,movies->mmlu,0.3682000381752243,0.6538730355665838,0.05610171203859449,0.011,1000,0.29986638671502197,0.46610861762848826,0.17065332748983786,0.988,1000,0.700133613284978,0.8339218324486152,0.5379509675330744,0.011,1000,Llama-3.1-8B,13,403,252,416,,Movies source,MMLU,0.33193357510975374,0.48579526211105156,0.1987426679063788,0.981,1000,0.6680664248902463,0.8188036997551922,0.5028458325577067,0.02,1000
OOD,qwen25_14b,0,math,mmlu,math->mmlu,-0.03637080867850101,0.1038692597495163,-0.18516011911587252,0.675,1000,0.5349901380670612,0.6184905459501086,0.45579987664123617,0.197,1000,0.46500986193293886,0.541886896324795,0.3850844323452995,0.796,1000,Qwen2.5-14B,169,75,205,244,,Math source,MMLU,0.5013806706114399,0.5750122782773981,0.4243156783248135,0.487,1000,0.4986193293885602,0.5698943073808375,0.42560199674141336,0.517,1000
OOD,qwen25_14b,0,movies,mmlu,movies->mmlu,0.0183037475345168,0.13023242652738531,-0.08510576027897722,0.331,1000,0.5052465483234714,0.580505203511065,0.42304552678015195,0.463,1000,0.4947534516765286,0.5739505513187934,0.4169294889350711,0.558,1000,Qwen2.5-14B,169,75,205,244,,Movies source,MMLU,0.4764497041420118,0.5546133675936579,0.3964607742468895,0.707,1000,0.5235502958579882,0.6022887965059665,0.44138145514616106,0.294,1000
OOD,qwen25_14b,1,math,mmlu,math->mmlu,-0.03360946745562127,0.11400630000344847,-0.17645165217249686,0.666,1000,0.5316765285996056,0.6189739612409443,0.4537782897249809,0.208,1000,0.4683234714003945,0.54446156308716,0.3946924711096257,0.805,1000,Qwen2.5-14B,169,75,205,244,,Math source,MMLU,0.5019329388560158,0.5802160138248847,0.4284837312299545,0.489,1000,0.49806706114398425,0.5699133095690254,0.4262933104951661,0.521,1000
OOD,qwen25_14b,1,movies,mmlu,movies->mmlu,-0.008757396449704136,0.08339085723028497,-0.1001546185855025,0.532,1000,0.5347534516765285,0.6111839065867686,0.4660368388937833,0.199,1000,0.4652465483234714,0.5470047442953789,0.39134573114781446,0.792,1000,Qwen2.5-14B,169,75,205,244,,Movies source,MMLU,0.47400394477317553,0.554211643543683,0.3946940560062917,0.727,1000,0.5259960552268245,0.6024880851124027,0.44584828477998684,0.265,1000
OOD,qwen25_14b,2,math,mmlu,math->mmlu,-0.022721893491124245,0.11915565477163942,-0.18496068396589563,0.652,1000,0.5231558185404339,0.5949484132114384,0.44938034128228094,0.289,1000,0.4768441814595661,0.5540755011703413,0.3982405971562087,0.727,1000,Qwen2.5-14B,169,75,205,244,,Math source,MMLU,0.49956607495069033,0.5824670273090183,0.4086763972055888,0.527,1000,0.5004339250493096,0.5836282516636419,0.4215573382389468,0.485,1000
OOD,qwen25_14b,2,movies,mmlu,movies->mmlu,0.03936883629191318,0.07235998846218798,0.009384037996228351,0.004,1000,0.5191321499013807,0.6044752906976744,0.44446137603692165,0.276,1000,0.4808678500986193,0.5603635254392212,0.4008998525909547,0.665,1000,Qwen2.5-14B,169,75,205,244,,Movies source,MMLU,0.44149901380670614,0.526549481515235,0.359290337450452,0.928,1000,0.5585009861932939,0.6411737401819737,0.47748196117109637,0.074,1000
OOD,qwen25_14b,3,math,mmlu,math->mmlu,-0.018934911242603547,0.12069914556498823,-0.17675132325296095,0.605,1000,0.5174753451676528,0.5985352167519522,0.44662264805435603,0.313,1000,0.48252465483234713,0.5556369138992094,0.4066504105261196,0.68,1000,Qwen2.5-14B,169,75,205,244,,Math source,MMLU,0.5014595660749507,0.5808853798369554,0.42554334406870636,0.488,1000,0.4985404339250493,0.5769466911764706,0.4164919265412443,0.527,1000
OOD,qwen25_14b,3,movies,mmlu,movies->mmlu,0.005917159763313529,0.041584675883547716,-0.028551531799162068,0.384,1000,0.4887573964497041,0.5738694233118937,0.3988897433362795,0.61,1000,0.5112426035502958,0.5939504163930923,0.4254649573899444,0.401,1000,Qwen2.5-14B,169,75,205,244,,Movies source,MMLU,0.5053254437869823,0.5899958886835652,0.4228453976177965,0.457,1000,0.49467455621301776,0.5761583402575821,0.40842261904761906,0.541,1000
OOD,qwen25_14b,4,math,mmlu,math->mmlu,-0.050414201183431984,0.10496566171630047,-0.21061354491324366,0.722,1000,0.5045364891518738,0.5859009203826634,0.43302853997974,0.45,1000,0.49546351084812623,0.5708272869252441,0.42136992007930557,0.52,1000,Qwen2.5-14B,169,75,205,244,,Math source,MMLU,0.5458777120315582,0.6274846908986336,0.4651380346491161,0.147,1000,0.45412228796844184,0.5354746786807209,0.3718385750962773,0.86,1000
OOD,qwen25_14b,4,movies,mmlu,movies->mmlu,0.029980276134122352,0.10373242391531431,-0.03302349744159377,0.181,1000,0.46122287968441816,0.5421410970563648,0.38410533245037287,0.832,1000,0.5387771203155819,0.6113348951501698,0.46426562451136755,0.147,1000,Qwen2.5-14B,169,75,205,244,,Movies source,MMLU,0.5087968441814595,0.5955344454119368,0.42170696448328027,0.449,1000,0.49120315581854046,0.5735004691531784,0.40906901161718606,0.59,1000
OOD,qwen25_14b,5,math,mmlu,math->mmlu,-0.016725838264299853,0.11434283160052572,-0.16572746258266616,0.61,1000,0.4795266272189349,0.5509959325959195,0.4046808566686863,0.697,1000,0.5204733727810651,0.5936478729992057,0.4454350649350649,0.288,1000,Qwen2.5-14B,169,75,205,244,,Math source,MMLU,0.5371992110453649,0.610173250178527,0.46455831274759013,0.185,1000,0.4628007889546351,0.5436921698296702,0.3873608073517857,0.825,1000
OOD,qwen25_14b,5,movies,mmlu,movies->mmlu,0.04686390532544382,0.14939332737548855,-0.048744639376218375,0.173,1000,0.4385798816568047,0.5164599728587124,0.3600752510957899,0.935,1000,0.5614201183431953,0.6323767225421637,0.48051635543943233,0.056,1000,Qwen2.5-14B,169,75,205,244,,Movies source,MMLU,0.5145562130177515,0.5895160665690575,0.4348858369160364,0.366,1000,0.4854437869822485,0.5634952154514501,0.4077639207960447,0.622,1000
OOD,qwen25_14b,6,math,mmlu,math->mmlu,-0.08828402366863908,0.04602178361948551,-0.22861146187469644,0.906,1000,0.5258382642998027,0.5919280528667163,0.46130536910989267,0.259,1000,0.47416173570019726,0.5426424058445711,0.40168747374215885,0.778,1000,Qwen2.5-14B,169,75,205,244,,Math source,MMLU,0.5624457593688363,0.6376575423934125,0.4868719936971987,0.042,1000,0.4375542406311637,0.506141009068976,0.3596344817228102,0.957,1000
OOD,qwen25_14b,6,movies,mmlu,movies->mmlu,-0.04118343195266272,0.03335587983255198,-0.10778889183300953,0.878,1000,0.4877317554240631,0.5627289131121354,0.40506969028294104,0.637,1000,0.5122682445759369,0.5917880122788093,0.42739321592599655,0.38,1000,Qwen2.5-14B,169,75,205,244,,Movies source,MMLU,0.5534516765285996,0.6314151408933796,0.473002657681243,0.099,1000,0.4465483234714004,0.5256622563682833,0.371582620473339,0.904,1000
OOD,qwen25_14b,7,math,mmlu,math->mmlu,-0.07416173570019724,0.061800208408323766,-0.2155586353398854,0.863,1000,0.5255226824457594,0.6002293951709494,0.45101806917742987,0.241,1000,0.4744773175542406,0.5524386603078171,0.3945908036780649,0.779,1000,Qwen2.5-14B,169,75,205,244,,Math source,MMLU,0.5486390532544378,0.6257347789591649,0.480024684720514,0.087,1000,0.45136094674556215,0.5241206989411215,0.37890808868361686,0.899,1000
OOD,qwen25_14b,7,movies,mmlu,movies->mmlu,-0.025404339250493124,0.07778847112847392,-0.12846060842741397,0.688,1000,0.5051676528599606,0.581765322281838,0.4295333323190561,0.442,1000,0.49483234714003943,0.5718866146852738,0.42122285477079996,0.557,1000,Qwen2.5-14B,169,75,205,244,,Movies source,MMLU,0.5202366863905326,0.5939540919156518,0.44743206222647675,0.311,1000,0.47976331360946745,0.5535175229350466,0.4118320520762189,0.687,1000
OOD,qwen25_14b,8,math,mmlu,math->mmlu,-0.015779092702169595,0.11792158076012008,-0.15131510371208987,0.581,1000,0.4932544378698225,0.5692327065843336,0.42006680261140356,0.579,1000,0.5067455621301775,0.5769523905418059,0.4375640975173909,0.454,1000,Qwen2.5-14B,169,75,205,244,,Math source,MMLU,0.5225246548323471,0.5982832068882467,0.4443951628631844,0.288,1000,0.4774753451676529,0.5540710635769458,0.3997281171254352,0.719,1000
OOD,qwen25_14b,8,movies,mmlu,movies->mmlu,0.038816568047337296,0.1563201492840047,-0.082222984102189,0.27,1000,0.4680078895463511,0.5459487606458768,0.39590581519929346,0.799,1000,0.5319921104536489,0.6070333834806543,0.4571384122699912,0.195,1000,Qwen2.5-14B,169,75,205,244,,Movies source,MMLU,0.4931755424063116,0.5675269883004864,0.4156834679548094,0.572,1000,0.5068244575936883,0.583270753935377,0.4266016701557666,0.412,1000
OOD,qwen25_14b,9,math,mmlu,math->mmlu,0.009388560157790993,0.17359132012129083,-0.14576814652968767,0.47,1000,0.46745562130177515,0.5519128036338654,0.39291575711453347,0.798,1000,0.5325443786982249,0.6129327187482814,0.45225401446919794,0.226,1000,Qwen2.5-14B,169,75,205,244,,Math source,MMLU,0.5231558185404339,0.5990239800182021,0.4442666176470588,0.278,1000,0.4768441814595661,0.5586775021456394,0.4018818860877685,0.722,1000
OOD,qwen25_14b,9,movies,mmlu,movies->mmlu,-0.016962524654832334,0.11966814382026807,-0.14220314613490004,0.602,1000,0.5065877712031558,0.5844840369615896,0.4185437082351445,0.424,1000,0.49341222879684415,0.5700823120649424,0.4147635233862281,0.581,1000,Qwen2.5-14B,169,75,205,244,,Movies source,MMLU,0.5103747534516765,0.5933283662720353,0.41966386480864676,0.437,1000,0.48962524654832346,0.5714281260906267,0.4084298434645499,0.6,1000
OOD,qwen25_14b,10,math,mmlu,math->mmlu,-0.02280078895463511,0.11727578386846063,-0.16542657185369733,0.621,1000,0.4775542406311637,0.5610000634278254,0.3958127542868228,0.697,1000,0.5224457593688363,0.6108168797540056,0.44350033755712504,0.282,1000,Qwen2.5-14B,169,75,205,244,,Math source,MMLU,0.5452465483234714,0.6179757032894179,0.47163804969828854,0.127,1000,0.4547534516765286,0.522837502737883,0.3823158386161482,0.901,1000
OOD,qwen25_14b,10,movies,mmlu,movies->mmlu,0.02098619329388557,0.16004896421845563,-0.12625924177037537,0.408,1000,0.5185798816568047,0.602556393264013,0.4382700007346459,0.297,1000,0.48142011834319526,0.5597398112190333,0.4065892351194524,0.681,1000,Qwen2.5-14B,169,75,205,244,,Movies source,MMLU,0.4604339250493097,0.5462430317530196,0.38202224992585726,0.833,1000,0.5395660749506903,0.6202136439015478,0.4591793237175348,0.16,1000
OOD,qwen25_14b,11,math,mmlu,math->mmlu,0.04386587771203154,0.17227734523090352,-0.09131723321565244,0.273,1000,0.442051282051282,0.5147199609010271,0.3656423385566671,0.937,1000,0.5579487179487179,0.6382157544890609,0.4807490409219737,0.067,1000,Qwen2.5-14B,169,75,205,244,,Math source,MMLU,0.5140828402366864,0.5903065975888073,0.4370001259206701,0.355,1000,0.4859171597633136,0.5574369312128109,0.40697738394019073,0.672,1000
OOD,qwen25_14b,11,movies,mmlu,movies->mmlu,0.03889546351084816,0.18544464936394195,-0.11094457039798229,0.312,1000,0.5176331360946745,0.6007512061581828,0.42939694159499175,0.35,1000,0.48236686390532546,0.5684225187704753,0.4017055912776069,0.659,1000,Qwen2.5-14B,169,75,205,244,,Movies source,MMLU,0.4434714003944773,0.5208575029092549,0.3539782388138778,0.914,1000,0.5565285996055227,0.6387939751221001,0.476325701468749,0.096,1000
OOD,qwen25_14b,12,math,mmlu,math->mmlu,-0.007968441814595661,0.1448552407248209,-0.15366134623718045,0.535,1000,0.47834319526627217,0.5652333922792032,0.3904606598184914,0.701,1000,0.5216568047337278,0.6132605494103309,0.43867312834224603,0.301,1000,Qwen2.5-14B,169,75,205,244,,Math source,MMLU,0.5296252465483234,0.6106426082363848,0.4506799772413415,0.248,1000,0.4703747534516765,0.552251868770764,0.4011577033637541,0.776,1000
OOD,qwen25_14b,12,movies,mmlu,movies->mmlu,0.051360946745562075,0.2108917435452882,-0.11588598225473995,0.265,1000,0.4893885601577909,0.5717774320715301,0.41121762290394875,0.623,1000,0.510611439842209,0.5943345279288186,0.43233540095509715,0.408,1000,Qwen2.5-14B,169,75,205,244,,Movies source,MMLU,0.45925049309664695,0.5450693116960558,0.3708726479973592,0.82,1000,0.5407495069033531,0.6287194176781072,0.4550938055456244,0.192,1000
OOD,qwen25_14b,13,math,mmlu,math->mmlu,-0.01680473372781055,0.14923270028844723,-0.18447565926666457,0.568,1000,0.48205128205128206,0.5712108379421157,0.38539066232680363,0.687,1000,0.517948717948718,0.6071873322317362,0.43375752070577966,0.325,1000,Qwen2.5-14B,169,75,205,244,,Math source,MMLU,0.5347534516765285,0.6194542552750487,0.450347274963503,0.221,1000,0.4652465483234714,0.5530894849160928,0.38109581074229915,0.774,1000
OOD,qwen25_14b,13,movies,mmlu,movies->mmlu,-0.007810650887573989,0.17088957698987642,-0.17849694787470471,0.505,1000,0.5177909270216963,0.600390096082779,0.4317957746478873,0.363,1000,0.48220907297830373,0.5716499880012005,0.39548447464820274,0.659,1000,Qwen2.5-14B,169,75,205,244,,Movies source,MMLU,0.4900197238658777,0.5803091461611015,0.3935732619443075,0.605,1000,0.5099802761341223,0.6073578928168967,0.42461350992756014,0.405,1000
OOD,qwen25_14b,14,math,mmlu,math->mmlu,0.04205128205128206,0.2115403678447156,-0.11536412251162857,0.287,1000,0.44844181459566074,0.5268929221196378,0.36061195089382964,0.898,1000,0.5515581854043392,0.6401817908884161,0.4700472066167291,0.102,1000,Qwen2.5-14B,169,75,205,244,,Math source,MMLU,0.5095069033530572,0.5860988999610514,0.42623609811913044,0.403,1000,0.4904930966469428,0.5695916824263545,0.4100385610834527,0.589,1000
OOD,qwen25_14b,14,movies,mmlu,movies->mmlu,0.09341222879684413,0.2606944048636839,-0.05047874458480187,0.102,1000,0.46130177514792897,0.5375631765125874,0.3870725340294611,0.828,1000,0.538698224852071,0.6228644764654329,0.4627294068339677,0.152,1000,Qwen2.5-14B,169,75,205,244,,Movies source,MMLU,0.44528599605522684,0.5325922037728272,0.3638602691765704,0.903,1000,0.5547140039447732,0.6376826955374771,0.47607380467785526,0.096,1000
OOD,qwen25_14b,15,math,mmlu,math->mmlu,-0.006706114398422169,0.16587805168040584,-0.15897729442654257,0.513,1000,0.48962524654832346,0.5781652980074986,0.3979376410851581,0.583,1000,0.5103747534516765,0.602691566388182,0.42232413708336014,0.375,1000,Qwen2.5-14B,169,75,205,244,,Math source,MMLU,0.5170808678500987,0.6054065100987708,0.4267543247328769,0.351,1000,0.4829191321499014,0.5692013508632499,0.39210645520142445,0.627,1000
OOD,qwen25_14b,15,movies,mmlu,movies->mmlu,-0.06240631163708088,0.1133703907854921,-0.2436060842226636,0.755,1000,0.5211045364891519,0.6019215398365678,0.43106483556363795,0.33,1000,0.4788954635108481,0.561586796815706,0.38836994596555624,0.684,1000,Qwen2.5-14B,169,75,205,244,,Movies source,MMLU,0.541301775147929,0.630838774909519,0.4466741153205359,0.212,1000,0.458698224852071,0.5491356219211823,0.37281461943525895,0.825,1000
OOD,qwen25_14b,16,math,mmlu,math->mmlu,0.015621301775147867,0.18044369435759156,-0.16087713475904586,0.417,1000,0.48370808678500987,0.5695345261441471,0.39917160802323226,0.655,1000,0.5162919132149901,0.6030738345187806,0.43081127887917114,0.346,1000,Qwen2.5-14B,169,75,205,244,,Math source,MMLU,0.5006706114398423,0.5835435778086812,0.41364292104124883,0.495,1000,0.4993293885601578,0.5895141009932471,0.4169762747232807,0.517,1000
OOD,qwen25_14b,16,movies,mmlu,movies->mmlu,-0.02122287968441816,0.1463656855797484,-0.1968487661763524,0.613,1000,0.49893491124260353,0.5838738108522651,0.4173865575754501,0.495,1000,0.5010650887573964,0.5845024132706961,0.41361555540137374,0.457,1000,Qwen2.5-14B,169,75,205,244,,Movies source,MMLU,0.5222879684418146,0.6100976265927246,0.43279787592141145,0.329,1000,0.4777120315581854,0.5643292730056758,0.391571101042932,0.702,1000
OOD,qwen25_14b,17,math,mmlu,math->mmlu,0.018145956607495073,0.16776045731361597,-0.14032608673671612,0.381,1000,0.4758185404339251,0.5555058419841028,0.39288809182209466,0.721,1000,0.524181459566075,0.6073745113100387,0.44049365311886096,0.283,1000,Qwen2.5-14B,169,75,205,244,,Math source,MMLU,0.5060355029585799,0.585977457253174,0.42503183841557757,0.449,1000,0.4939644970414201,0.5739361846211827,0.4170347398344826,0.558,1000
OOD,qwen25_14b,17,movies,mmlu,movies->mmlu,-0.014595660749506911,0.1507714375950196,-0.1670614149492109,0.548,1000,0.49696252465483237,0.5783506738876539,0.4171300474998197,0.55,1000,0.5030374753451676,0.5777294876448603,0.4234321459315348,0.46,1000,Qwen2.5-14B,169,75,205,244,,Movies source,MMLU,0.5176331360946745,0.594107166455693,0.42910049325786814,0.349,1000,0.48236686390532546,0.5710513154870392,0.3971401285471744,0.653,1000
OOD,qwen25_14b,18,math,mmlu,math->mmlu,-0.02414201183431952,0.11404006704445684,-0.16870331805197147,0.622,1000,0.48615384615384616,0.5675400220632216,0.40222416866433097,0.646,1000,0.5138461538461538,0.6013088167959492,0.43514971084940407,0.352,1000,Qwen2.5-14B,169,75,205,244,,Math source,MMLU,0.5379881656804734,0.6126064539843884,0.4585497516763457,0.188,1000,0.46201183431952664,0.5363226887140399,0.39400881442255803,0.827,1000
OOD,qwen25_14b,18,movies,mmlu,movies->mmlu,-0.08220907297830377,0.06045726078950618,-0.245920696217643,0.874,1000,0.5289940828402366,0.6021693573119908,0.4540790135069136,0.254,1000,0.4710059171597633,0.5467354660550685,0.39384946162434853,0.766,1000,Qwen2.5-14B,169,75,205,244,,Movies source,MMLU,0.5532149901380671,0.6324752322559118,0.4780597716156506,0.074,1000,0.4467850098619329,0.5219777176936987,0.3657367531604135,0.916,1000
OOD,qwen25_14b,19,math,mmlu,math->mmlu,-0.035581854043392536,0.11349718535096287,-0.183507847438034,0.681,1000,0.48788954635108484,0.5679657797241081,0.4090069762295756,0.637,1000,0.5121104536489152,0.5910054974734746,0.4295573455983635,0.379,1000,Qwen2.5-14B,169,75,205,244,,Math source,MMLU,0.5476923076923077,0.6211255047227467,0.47561741367816757,0.108,1000,0.4523076923076923,0.5330027790861638,0.3778347597582002,0.864,1000
OOD,qwen25_14b,19,movies,mmlu,movies->mmlu,-0.06043392504930972,0.084239983043606,-0.20667721429926908,0.769,1000,0.5196844181459566,0.5995935521068276,0.43938722465799246,0.325,1000,0.4803155818540434,0.5546124849939976,0.40060642418496184,0.673,1000,Qwen2.5-14B,169,75,205,244,,Movies source,MMLU,0.5407495069033531,0.6111385046276538,0.45832680722891567,0.185,1000,0.45925049309664695,0.5353544341797571,0.3856605551460734,0.844,1000
OOD,qwen25_14b,20,math,mmlu,math->mmlu,0.06272189349112428,0.20462955622874648,-0.08011904292154562,0.192,1000,0.4634319526627219,0.5425484100757831,0.391665069087243,0.826,1000,0.5365680473372781,0.6133419066256639,0.45575853725508675,0.195,1000,Qwen2.5-14B,169,75,205,244,,Math source,MMLU,0.47384615384615386,0.5514398200848573,0.39439952395099453,0.748,1000,0.5261538461538462,0.6071983578392947,0.44736132545722246,0.256,1000
OOD,qwen25_14b,20,movies,mmlu,movies->mmlu,-0.0890729783037475,0.06216435574522276,-0.2330446379264205,0.896,1000,0.5222879684418146,0.5916808486067598,0.45081478406593223,0.275,1000,0.4777120315581854,0.546983299144334,0.40838929570092225,0.729,1000,Qwen2.5-14B,169,75,205,244,,Movies source,MMLU,0.5667850098619329,0.6403275167736006,0.4953528152489066,0.037,1000,0.4332149901380671,0.5074427375509106,0.3543177564872218,0.967,1000
OOD,qwen25_14b,21,math,mmlu,math->mmlu,0.12899408284023667,0.266773700493029,-0.02057210628282655,0.045,1000,0.39976331360946743,0.4729793343095466,0.3311180419958882,0.997,1000,0.6002366863905325,0.6761165720390719,0.5235912311019484,0.007,1000,Qwen2.5-14B,169,75,205,244,,Math source,MMLU,0.47124260355029585,0.5401856707866962,0.39700484783278256,0.805,1000,0.5287573964497041,0.6062417942322207,0.4513452592990491,0.212,1000
OOD,qwen25_14b,21,movies,mmlu,movies->mmlu,0.10114398422090731,0.24100327515711967,-0.04477411738752485,0.09,1000,0.41972386587771204,0.4930688399390124,0.3469059660479779,0.984,1000,0.580276134122288,0.6599601557531889,0.5051420267368544,0.02,1000,Qwen2.5-14B,169,75,205,244,,Movies source,MMLU,0.47913214990138064,0.554734634585834,0.4061908804268736,0.713,1000,0.5208678500986194,0.5962089262834712,0.4456977540118464,0.288,1000
OOD,qwen25_14b,22,math,mmlu,math->mmlu,0.19408284023668643,0.34987774102924635,0.04418736179587359,0.012,1000,0.3755424063116371,0.4545513069721647,0.29984127772288127,0.999,1000,0.624457593688363,0.7044286576132242,0.5465256253346477,0.001,1000,Qwen2.5-14B,169,75,205,244,,Math source,MMLU,0.43037475345167653,0.508914870009185,0.35206293784876563,0.954,1000,0.5696252465483235,0.6437095391692197,0.49059204291851305,0.048,1000
OOD,qwen25_14b,22,movies,mmlu,movies->mmlu,0.13214990138067056,0.26536196252362937,-0.006052957335698647,0.031,1000,0.3758579881656805,0.44847753003110674,0.30807534356637045,1.0,1000,0.6241420118343195,0.6974824731636401,0.5535819131400065,0.0,1000,Qwen2.5-14B,169,75,205,244,,Movies source,MMLU,0.49199211045364893,0.5625370143225294,0.421033080179322,0.575,1000,0.5080078895463511,0.5759447674418605,0.43905066631687767,0.419,1000
OOD,qwen25_14b,23,math,mmlu,math->mmlu,0.2721104536489152,0.43467728925745713,0.12837411850705197,0.001,1000,0.34240631163708085,0.42081942944346823,0.2633462410499819,1.0,1000,0.6575936883629191,0.7367696910826123,0.5731285959733341,0.0,1000,Qwen2.5-14B,169,75,205,244,,Math source,MMLU,0.3854832347140039,0.464372059425229,0.3103667525937509,0.995,1000,0.6145167652859961,0.6939258265591138,0.5345402046023243,0.001,1000
OOD,qwen25_14b,23,movies,mmlu,movies->mmlu,0.16512820512820514,0.3015048396854204,0.039163750066622836,0.004,1000,0.3560552268244576,0.4263996282722545,0.291161898019747,1.0,1000,0.6439447731755424,0.7096856828034838,0.5710486986667597,0.0,1000,Qwen2.5-14B,169,75,205,244,,Movies source,MMLU,0.4788165680473373,0.5503911653105931,0.4050704173783725,0.707,1000,0.5211834319526627,0.5941205209491953,0.45270195007247316,0.262,1000
OOD,qwen25_14b,24,math,mmlu,math->mmlu,0.3540828402366864,0.5002920562243444,0.18516275313255742,0.0,1000,0.30690335305719924,0.3908195253022838,0.22532604544725757,1.0,1000,0.6930966469428008,0.7754564411936917,0.6051456892955684,0.0,1000,Qwen2.5-14B,169,75,205,244,,Math source,MMLU,0.3390138067061144,0.4196857951891833,0.26434828823567214,1.0,1000,0.6609861932938856,0.7338640648567119,0.5819852267936367,0.0,1000
OOD,qwen25_14b,24,movies,mmlu,movies->mmlu,0.12481262327416165,0.25867752662395527,-0.011859369496301527,0.034,1000,0.37514792899408284,0.45113119093142084,0.30155581678598864,0.999,1000,0.6248520710059171,0.7022277342320633,0.5460883397874524,0.001,1000,Qwen2.5-14B,169,75,205,244,,Movies source,MMLU,0.5000394477317555,0.572214841557692,0.42500847195425145,0.484,1000,0.4999605522682446,0.5703915447339621,0.42739789913228526,0.506,1000
OOD,qwen25_14b,25,math,mmlu,math->mmlu,0.35723865877712024,0.5053995780816882,0.19295452020406353,0.0,1000,0.31581854043392504,0.3883341713743506,0.2345084897050818,1.0,1000,0.6841814595660749,0.7611066495580386,0.6041752585649645,0.0,1000,Qwen2.5-14B,169,75,205,244,,Math source,MMLU,0.32694280078895466,0.40475136552766444,0.25350815876056537,1.0,1000,0.6730571992110453,0.7466929202628794,0.592688225831764,0.0,1000
OOD,qwen25_14b,25,movies,mmlu,movies->mmlu,0.1643392504930966,0.31014693219922784,0.026542259834784154,0.011,1000,0.3503747534516765,0.4271237775957665,0.2790888793268312,1.0,1000,0.6496252465483234,0.7217728300328157,0.5716325377824331,0.0,1000,Qwen2.5-14B,169,75,205,244,,Movies source,MMLU,0.4852859960552268,0.5565287221124253,0.4090598079109341,0.671,1000,0.5147140039447732,0.5900932286786641,0.4340667714444328,0.33,1000
OOD,qwen25_14b,26,math,mmlu,math->mmlu,0.39321499013806704,0.5320843577956273,0.23502594155350284,0.0,1000,0.3090335305719921,0.38583161646413966,0.23235458473542564,0.999,1000,0.6909664694280079,0.7656142559701961,0.6116689641356754,0.0,1000,Qwen2.5-14B,169,75,205,244,,Math source,MMLU,0.29775147928994083,0.3797284789348525,0.23023615519994342,1.0,1000,0.7022485207100592,0.7761658844736674,0.6209003658974589,0.0,1000
OOD,qwen25_14b,26,movies,mmlu,movies->mmlu,0.5002761341222879,0.6025337739779926,0.38981385524770085,0.0,1000,0.15203155818540434,0.21403552330022915,0.09916963606563316,1.0,1000,0.8479684418145956,0.9020645133753747,0.7875003589836854,0.0,1000,Qwen2.5-14B,169,75,205,244,,Movies source,MMLU,0.3476923076923077,0.4205561597301987,0.27700439929184867,1.0,1000,0.6523076923076923,0.7231729810568295,0.574763882567137,0.001,1000
OOD,qwen25_14b,27,math,mmlu,math->mmlu,0.4842603550295858,0.6086860145471161,0.350610477189548,0.0,1000,0.2515187376725838,0.3209085769234773,0.18542046131115006,1.0,1000,0.7484812623274162,0.8144989566763178,0.6747979765000546,0.0,1000,Qwen2.5-14B,169,75,205,244,,Math source,MMLU,0.2642209072978304,0.3377586664868951,0.1946906300290635,1.0,1000,0.7357790927021697,0.8066898455406677,0.6611624115826702,0.0,1000
OOD,qwen25_14b,27,movies,mmlu,movies->mmlu,0.622879684418146,0.7095085890269069,0.5176278907541728,0.0,1000,0.12670611439842208,0.17528884894087174,0.08487669165947449,1.0,1000,0.873293885601578,0.9170220130393378,0.824223666855097,0.0,1000,Qwen2.5-14B,169,75,205,244,,Movies source,MMLU,0.25041420118343194,0.3187730564916972,0.17991402947162985,1.0,1000,0.7495857988165681,0.8149762159519264,0.678504327973824,0.0,1000
OOD,qwen25_14b,28,math,mmlu,math->mmlu,0.49428007889546355,0.6173089402357695,0.3666081306357506,0.0,1000,0.2422879684418146,0.3102147685078917,0.17930685982592762,1.0,1000,0.7577120315581855,0.8272209764680102,0.6853446175023699,0.0,1000,Qwen2.5-14B,169,75,205,244,,Math source,MMLU,0.2634319526627219,0.34021832358674464,0.1992049212726726,1.0,1000,0.7365680473372781,0.80311883812182,0.6589310215911685,0.0,1000
OOD,qwen25_14b,28,movies,mmlu,movies->mmlu,0.5315187376725838,0.6459941568323071,0.4240632170504835,0.0,1000,0.1686785009861933,0.22440152875666394,0.11434100644827935,1.0,1000,0.8313214990138067,0.8806096225143242,0.7717255711351823,0.0,1000,Qwen2.5-14B,169,75,205,244,,Movies source,MMLU,0.29980276134122286,0.37841278421992,0.22689774665514797,1.0,1000,0.7001972386587771,0.7674812267476896,0.6301473504235132,0.0,1000
OOD,qwen25_14b,29,math,mmlu,math->mmlu,0.4998027613412229,0.623253677188677,0.3653186881462744,0.0,1000,0.24512820512820513,0.31200633933301053,0.1768678600472447,1.0,1000,0.7548717948717949,0.8231454175420169,0.690256166027994,0.0,1000,Qwen2.5-14B,169,75,205,244,,Math source,MMLU,0.255069033530572,0.32370403360285327,0.1923297337096982,1.0,1000,0.744930966469428,0.8101402434261415,0.6761098875997725,0.0,1000
OOD,qwen25_14b,29,movies,mmlu,movies->mmlu,0.5499802761341224,0.6557559594487199,0.45334306838103394,0.0,1000,0.16962524654832348,0.2217737858208241,0.11373697798226144,1.0,1000,0.8303747534516766,0.8802067006269593,0.7803522113787376,0.0,1000,Qwen2.5-14B,169,75,205,244,,Movies source,MMLU,0.28039447731755424,0.35051768120313426,0.21736980471674183,1.0,1000,0.7196055226824457,0.7786473315116327,0.6536567861859475,0.0,1000
OOD,qwen25_14b,30,math,mmlu,math->mmlu,0.5627613412228797,0.6706287715232976,0.43146166585298146,0.0,1000,0.21120315581854043,0.27960253717218353,0.15229297408009193,1.0,1000,0.7887968441814596,0.8532599441885188,0.7207380886774457,0.0,1000,Qwen2.5-14B,169,75,205,244,,Math source,MMLU,0.22603550295857988,0.2927809796400501,0.16603935391513383,1.0,1000,0.7739644970414201,0.8377616895993255,0.7089197224340731,0.0,1000
OOD,qwen25_14b,30,movies,mmlu,movies->mmlu,0.5061932938856015,0.622377133870253,0.3724095553921503,0.0,1000,0.20449704142011835,0.2660823606316103,0.15089937687351482,1.0,1000,0.7955029585798816,0.8521580382616439,0.735295054457757,0.0,1000,Qwen2.5-14B,169,75,205,244,,Movies source,MMLU,0.2893096646942801,0.3544462614289328,0.2241340498581878,1.0,1000,0.7106903353057199,0.7780792079101579,0.6398653117352489,0.0,1000
OOD,qwen25_14b,31,math,mmlu,math->mmlu,0.5437475345167653,0.664648033126294,0.41162880387917566,0.0,1000,0.2375542406311637,0.30410735032365416,0.17305965406719717,1.0,1000,0.7624457593688363,0.831171900165775,0.6888946692352591,0.0,1000,Qwen2.5-14B,169,75,205,244,,Math source,MMLU,0.218698224852071,0.28609807118164676,0.15523762092798965,1.0,1000,0.781301775147929,0.8383808479532164,0.7091787963730704,0.0,1000
OOD,qwen25_14b,31,movies,mmlu,movies->mmlu,0.4726627218934911,0.6014594745306878,0.32633224434409774,0.0,1000,0.23447731755424064,0.30278875090963286,0.1712625247610439,1.0,1000,0.7655226824457594,0.8258283826261527,0.6972142573696145,0.0,1000,Qwen2.5-14B,169,75,205,244,,Movies source,MMLU,0.29285996055226826,0.36613839784482866,0.22588900419201052,1.0,1000,0.7071400394477317,0.7746875181695992,0.6364036351742173,0.0,1000
OOD,qwen25_14b,32,math,mmlu,math->mmlu,0.5421696252465482,0.6665286171370814,0.42090916658503874,0.0,1000,0.24299802761341222,0.308626410022959,0.18142482026648757,1.0,1000,0.7570019723865877,0.8208306053314617,0.6850434748747631,0.0,1000,Qwen2.5-14B,169,75,205,244,,Math source,MMLU,0.21483234714003946,0.2807033585469698,0.15388212977498691,1.0,1000,0.7851676528599606,0.8457564366748942,0.7185285623883907,0.0,1000
OOD,qwen25_14b,32,movies,mmlu,movies->mmlu,0.4814990138067061,0.5999140908873589,0.34435587852294774,0.0,1000,0.23353057199211044,0.30162077656206987,0.17112390396923924,1.0,1000,0.7664694280078895,0.8278663898016307,0.6962447588577787,0.0,1000,Qwen2.5-14B,169,75,205,244,,Movies source,MMLU,0.2849704142011834,0.36315075268152447,0.2121216146398882,1.0,1000,0.7150295857988166,0.7846158790403551,0.6385947201072539,0.0,1000
OOD,qwen25_14b,33,math,mmlu,math->mmlu,0.5330966469428008,0.6434704356602976,0.410777313435915,0.0,1000,0.2515187376725838,0.31999671497351284,0.1948101057576395,1.0,1000,0.7484812623274162,0.8101012016331484,0.675973277652861,0.0,1000,Qwen2.5-14B,169,75,205,244,,Math source,MMLU,0.2153846153846154,0.2754983016983017,0.15433247696517538,1.0,1000,0.7846153846153846,0.841713773480114,0.7243466145896005,0.0,1000
OOD,qwen25_14b,33,movies,mmlu,movies->mmlu,0.48773175542406305,0.6131954705307999,0.3508311642233749,0.0,1000,0.2358974358974359,0.3028866268812515,0.17964903444948624,1.0,1000,0.764102564102564,0.8244493463734636,0.6972409644039057,0.0,1000,Qwen2.5-14B,169,75,205,244,,Movies source,MMLU,0.276370808678501,0.34007237107270655,0.21442154122107682,1.0,1000,0.723629191321499,0.7850957990185469,0.6598274671941031,0.0,1000
OOD,qwen25_14b,34,math,mmlu,math->mmlu,0.4731360946745562,0.6023515474288124,0.34155803263981643,0.0,1000,0.28717948717948716,0.35810126929933367,0.221239725770049,1.0,1000,0.7128205128205128,0.7802518926051639,0.6483235000495191,0.0,1000,Qwen2.5-14B,169,75,205,244,,Math source,MMLU,0.23968441814595662,0.2962375596051016,0.1779688317634746,1.0,1000,0.7603155818540434,0.8197152541577819,0.6966138008168584,0.0,1000
OOD,qwen25_14b,34,movies,mmlu,movies->mmlu,0.44994082840236693,0.5806093385614823,0.3097506663339652,0.0,1000,0.2560157790927022,0.31815193215813586,0.19575947910202957,1.0,1000,0.7439842209072979,0.8054982969227156,0.6757957964414523,0.0,1000,Qwen2.5-14B,169,75,205,244,,Movies source,MMLU,0.29404339250493094,0.35912170938740984,0.2296005937555595,1.0,1000,0.705956607495069,0.7705799960623191,0.6394695245186682,0.0,1000
OOD,qwen25_14b,35,math,mmlu,math->mmlu,0.5222090729783038,0.6351144778449346,0.3988435168437394,0.0,1000,0.26224852071005916,0.32987467508175183,0.20151301247771836,1.0,1000,0.7377514792899408,0.7997845989220038,0.6725694682261619,0.0,1000,Qwen2.5-14B,169,75,205,244,,Math source,MMLU,0.21554240631163707,0.28218010233550705,0.15850376312141018,1.0,1000,0.7844575936883629,0.8445771563342318,0.7186282462587283,0.0,1000
OOD,qwen25_14b,35,movies,mmlu,movies->mmlu,0.4496252465483235,0.5750752003022274,0.3160082028862249,0.0,1000,0.2641420118343195,0.3327851537368325,0.19835486854159823,1.0,1000,0.7358579881656805,0.8062079461104695,0.6628210320714762,0.0,1000,Qwen2.5-14B,169,75,205,244,,Movies source,MMLU,0.286232741617357,0.3561048801875802,0.22258959248325344,1.0,1000,0.713767258382643,0.7755005066743659,0.6415191913024119,0.0,1000
OOD,qwen25_14b,36,math,mmlu,math->mmlu,0.5365680473372781,0.6466149931544816,0.40774803833352685,0.0,1000,0.2519921104536489,0.3166787624140565,0.1881912312905435,1.0,1000,0.7480078895463511,0.8147944732674438,0.6800536637546851,0.0,1000,Qwen2.5-14B,169,75,205,244,,Math source,MMLU,0.21143984220907297,0.2745526532291238,0.1519390754413616,1.0,1000,0.788560157790927,0.8487608418182645,0.7178688403605826,0.0,1000
OOD,qwen25_14b,36,movies,mmlu,movies->mmlu,0.4740039447731756,0.6066408656460468,0.33142792792792797,0.0,1000,0.24828402366863905,0.3189221005307102,0.18732508432033887,1.0,1000,0.751715976331361,0.820018835665604,0.6902830566521306,0.0,1000,Qwen2.5-14B,169,75,205,244,,Movies source,MMLU,0.2777120315581854,0.344103160405486,0.21283221301003175,1.0,1000,0.7222879684418146,0.7892747977862921,0.6488389290286,0.0,1000
OOD,qwen25_14b,37,math,mmlu,math->mmlu,0.4770019723865878,0.5943698110446963,0.34378841898205065,0.0,1000,0.28828402366863903,0.36196887071120204,0.22451822019584095,1.0,1000,0.711715976331361,0.7785651301975786,0.6427230956178324,0.0,1000,Qwen2.5-14B,169,75,205,244,,Math source,MMLU,0.23471400394477318,0.3056986356340289,0.17335572244576009,1.0,1000,0.7652859960552268,0.8290814198802865,0.6945234837597011,0.0,1000
OOD,qwen25_14b,37,movies,mmlu,movies->mmlu,0.4274556213017751,0.5654004797609449,0.2863575049479265,0.0,1000,0.26761341222879687,0.33385681890388724,0.2000312424897861,1.0,1000,0.7323865877712031,0.7951495961318936,0.6625508152094979,0.0,1000,Qwen2.5-14B,169,75,205,244,,Movies source,MMLU,0.304930966469428,0.37350422008891176,0.23955083413021186,1.0,1000,0.695069033530572,0.7588786054118346,0.6262278479211135,0.0,1000
OOD,qwen25_14b,38,math,mmlu,math->mmlu,0.4767652859960553,0.6007528663197268,0.34781595952917993,0.0,1000,0.2863116370808679,0.355385459691419,0.21588209450051557,1.0,1000,0.7136883629191322,0.779339543150759,0.6486361361361361,0.0,1000,Qwen2.5-14B,169,75,205,244,,Math source,MMLU,0.23692307692307693,0.30088664612891386,0.1722965565629214,1.0,1000,0.7630769230769231,0.8239821512842985,0.6957722699442386,0.0,1000
OOD,qwen25_14b,38,movies,mmlu,movies->mmlu,0.4093885601577909,0.5356204981467646,0.25573546383380114,0.0,1000,0.27534516765285993,0.34829694060155547,0.20508501486147113,1.0,1000,0.72465483234714,0.790040415889078,0.6515741463795051,0.0,1000,Qwen2.5-14B,169,75,205,244,,Movies source,MMLU,0.3152662721893491,0.39048356874931983,0.24572677663986178,1.0,1000,0.6847337278106509,0.7515276603936594,0.6186278412427211,0.0,1000
OOD,qwen25_14b,39,math,mmlu,math->mmlu,0.4560157790927021,0.5814908415358375,0.3276261834647414,0.0,1000,0.2941222879684418,0.360464017774455,0.2303112020670337,1.0,1000,0.7058777120315581,0.7720364832535885,0.6389907787584883,0.0,1000,Qwen2.5-14B,169,75,205,244,,Math source,MMLU,0.24986193293885603,0.31319176706827306,0.19398821941855904,1.0,1000,0.7501380670611439,0.8114003867877012,0.6884170098781068,0.0,1000
OOD,qwen25_14b,39,movies,mmlu,movies->mmlu,0.37767258382643,0.5209773321455249,0.24010988209939146,0.0,1000,0.2951479289940828,0.36735229009247344,0.22796411746137626,1.0,1000,0.7048520710059172,0.7720902597402597,0.6286518880800588,0.0,1000,Qwen2.5-14B,169,75,205,244,,Movies source,MMLU,0.3271794871794872,0.39878511873410605,0.25708304467960424,1.0,1000,0.6728205128205128,0.7429617563666017,0.6002413914745656,0.0,1000
OOD,qwen25_14b,40,math,mmlu,math->mmlu,0.42429980276134127,0.565502201077513,0.29085426829825306,0.0,1000,0.30714003944773177,0.3762672464251318,0.2396625689273823,1.0,1000,0.6928599605522683,0.7606354064992189,0.6255911035660688,0.0,1000,Qwen2.5-14B,169,75,205,244,,Math source,MMLU,0.268560157790927,0.33094340375334796,0.20948442265795206,1.0,1000,0.731439842209073,0.7959176818123195,0.6608463766222454,0.0,1000
OOD,qwen25_14b,40,movies,mmlu,movies->mmlu,0.3399605522682446,0.4811425028615926,0.2028945276744996,0.0,1000,0.31108481262327414,0.39262245721849953,0.2419525111232648,1.0,1000,0.6889151873767259,0.7601242195842587,0.617203253851242,0.0,1000,Qwen2.5-14B,169,75,205,244,,Movies source,MMLU,0.34895463510848124,0.4210622170679804,0.27959028616732107,1.0,1000,0.6510453648915188,0.7186128597918906,0.5745718571028076,0.0,1000
OOD,qwen25_14b,41,math,mmlu,math->mmlu,0.42477317554240634,0.5518487967287229,0.2991181523074513,0.0,1000,0.31203155818540435,0.38247984846890454,0.24407282474165803,1.0,1000,0.6879684418145957,0.7536262370171224,0.6164249357682776,0.0,1000,Qwen2.5-14B,169,75,205,244,,Math source,MMLU,0.26319526627218937,0.32970969602728734,0.20220493812928314,1.0,1000,0.7368047337278106,0.7983798411948033,0.6682459571245181,0.0,1000
OOD,qwen25_14b,41,movies,mmlu,movies->mmlu,0.3323865877712032,0.46714143451199425,0.1911566429690785,0.0,1000,0.3166863905325444,0.3877126688572472,0.24582785349189581,1.0,1000,0.6833136094674557,0.7524992697531766,0.6153964130315303,0.0,1000,Qwen2.5-14B,169,75,205,244,,Movies source,MMLU,0.35092702169625245,0.4242265816680532,0.2800132758655486,0.999,1000,0.6490729783037475,0.721152173304738,0.5806181731131885,0.0,1000
OOD,qwen25_14b,42,math,mmlu,math->mmlu,0.4332938856015779,0.5642908691177833,0.3075127159072585,0.0,1000,0.3037475345167653,0.37390884150143405,0.23898804016635164,1.0,1000,0.6962524654832347,0.7691888285582127,0.6236317035639,0.0,1000,Qwen2.5-14B,169,75,205,244,,Math source,MMLU,0.26295857988165683,0.3305911527614905,0.20014154657847075,1.0,1000,0.7370414201183432,0.8005710200018645,0.6727308262240956,0.0,1000
OOD,qwen25_14b,42,movies,mmlu,movies->mmlu,0.3416962524654832,0.4833347561424485,0.1958629649473209,0.0,1000,0.3160552268244576,0.38960824052088716,0.2474059848322864,1.0,1000,0.6839447731755424,0.7546648354148582,0.6117443503961176,0.0,1000,Qwen2.5-14B,169,75,205,244,,Movies source,MMLU,0.3422485207100592,0.41493621433804795,0.2750444594522853,1.0,1000,0.6577514792899408,0.7276689232138317,0.5796872060029955,0.0,1000
OOD,qwen25_14b,43,math,mmlu,math->mmlu,0.4144378698224852,0.5389662286795946,0.280695071501038,0.0,1000,0.3052465483234714,0.37735095947220526,0.23781076126459333,1.0,1000,0.6947534516765286,0.7574452904642177,0.6259248122248122,0.0,1000,Qwen2.5-14B,169,75,205,244,,Math source,MMLU,0.28031558185404337,0.34670546231177457,0.21390010442046642,1.0,1000,0.7196844181459566,0.7854683470604187,0.6579633016789309,0.0,1000
OOD,qwen25_14b,43,movies,mmlu,movies->mmlu,0.32220907297830376,0.4623754337621652,0.18607480614501581,0.0,1000,0.3217357001972387,0.38620721523875096,0.2511236392742554,1.0,1000,0.6782642998027614,0.7426687038679105,0.6049313046504058,0.0,1000,Qwen2.5-14B,169,75,205,244,,Movies source,MMLU,0.3560552268244576,0.4301725294294503,0.2854003882784129,1.0,1000,0.6439447731755424,0.715257971422573,0.5716865149329544,0.0,1000
OOD,qwen25_14b,44,math,mmlu,math->mmlu,0.36110453648915186,0.4995052331066279,0.22438564693315768,0.0,1000,0.3285207100591716,0.39777249169118445,0.25645775342244587,1.0,1000,0.6714792899408284,0.7386393742341942,0.5991079843998899,0.0,1000,Qwen2.5-14B,169,75,205,244,,Math source,MMLU,0.31037475345167653,0.38438966399661206,0.23893620959286108,1.0,1000,0.6896252465483235,0.7595809109464479,0.6172730755139659,0.0,1000
OOD,qwen25_14b,44,movies,mmlu,movies->mmlu,0.24497041420118343,0.3875162004327475,0.08591331316868048,0.004,1000,0.35779092702169624,0.4292170318858524,0.2884123442904407,1.0,1000,0.6422090729783038,0.706746153336224,0.5689021271283252,0.0,1000,Qwen2.5-14B,169,75,205,244,,Movies source,MMLU,0.39723865877712033,0.4665753480324993,0.3238403898586282,0.998,1000,0.6027613412228797,0.676372447322846,0.5253131230583763,0.005,1000
OOD,qwen25_14b,45,math,mmlu,math->mmlu,0.3730177514792899,0.5139168673087212,0.24660402823920272,0.0,1000,0.32402366863905324,0.39045269726516474,0.2565341396465946,1.0,1000,0.6759763313609467,0.7402442535109408,0.6066200990393202,0.0,1000,Qwen2.5-14B,169,75,205,244,,Math source,MMLU,0.3029585798816568,0.3806599494050378,0.23018709319195177,1.0,1000,0.6970414201183432,0.7730868780032807,0.6244843237489554,0.0,1000
OOD,qwen25_14b,45,movies,mmlu,movies->mmlu,0.2500197238658777,0.4070125100786132,0.09776550790492207,0.002,1000,0.35566074950690335,0.43451030898031867,0.2835901732786138,1.0,1000,0.6443392504930966,0.7137270169255093,0.5666401143828169,0.0,1000,Qwen2.5-14B,169,75,205,244,,Movies source,MMLU,0.3943195266272189,0.47235949961819107,0.3193979770627588,0.996,1000,0.6056804733727811,0.6795254086421751,0.530419298935373,0.001,1000
OOD,qwen25_14b,46,math,mmlu,math->mmlu,0.14374753451676525,0.2888130696624446,0.009333892584811716,0.018,1000,0.33822485207100594,0.410747368084429,0.2633999599092593,1.0,1000,0.6617751479289941,0.731792639295944,0.5917750301701707,0.0,1000,Qwen2.5-14B,169,75,205,244,,Math source,MMLU,0.5180276134122288,0.600245461644558,0.43096831364010324,0.326,1000,0.4819723865877712,0.5594470369605615,0.40371334095673717,0.662,1000
OOD,qwen25_14b,46,movies,mmlu,movies->mmlu,0.06990138067061147,0.21905217414702396,-0.09275103363840712,0.184,1000,0.4341617357001972,0.5123473480757764,0.36326356032575896,0.958,1000,0.5658382642998028,0.6350351092445383,0.49618549218651614,0.036,1000,Qwen2.5-14B,169,75,205,244,,Movies source,MMLU,0.4959368836291913,0.5725712968003388,0.42450102737709744,0.532,1000,0.5040631163708087,0.5766067581843478,0.4298704360155973,0.457,1000
OOD,qwen25_14b,47,math,mmlu,math->mmlu,0.0467850098619329,0.19233297181935546,-0.10409768409764239,0.296,1000,0.4229585798816568,0.5040612764903943,0.3467891917740438,0.971,1000,0.5770414201183431,0.6540049475833627,0.502435799843801,0.019,1000,Qwen2.5-14B,169,75,205,244,,Math source,MMLU,0.5302564102564102,0.6144601527196678,0.45198507468055715,0.227,1000,0.46974358974358976,0.5520214748289345,0.37434225299401197,0.768,1000
OOD,qwen25_14b,47,movies,mmlu,movies->mmlu,-0.023589743589743528,0.14005298110979925,-0.18556412604665073,0.603,1000,0.4587771203155819,0.5444593220572952,0.3831811028902251,0.833,1000,0.5412228796844182,0.6193114338335929,0.45477875786802685,0.154,1000,Qwen2.5-14B,169,75,205,244,,Movies source,MMLU,0.5648126232741617,0.6439331082092343,0.48835447885447886,0.056,1000,0.43518737672583824,0.5203047100091533,0.3523611269028479,0.928,1000
OOD,olmo3_7b_it,0,math,mmlu,math->mmlu,0.058482142857142816,0.16476600588505577,-0.04502333155181585,0.138,1000,0.38136160714285716,0.47117922858584993,0.29148249460922177,0.995,1000,0.6186383928571428,0.6974345881609965,0.5285003474326941,0.005,1000,OLMo-3-7B,70,128,160,198,,Math source,MMLU,0.56015625,0.6472599531615925,0.47329065423823485,0.09,1000,0.43984375,0.5268415330915331,0.36100443272432636,0.926,1000
OOD,olmo3_7b_it,0,movies,mmlu,movies->mmlu,-0.05680803571428572,0.010743728818131371,-0.1256941372934932,0.943,1000,0.46841517857142856,0.5607243329962515,0.3858817291052345,0.777,1000,0.5315848214285714,0.6171344804750618,0.4501942266407811,0.205,1000,OLMo-3-7B,70,128,160,198,,Movies source,MMLU,0.5883928571428572,0.6665612149488126,0.5046409970238095,0.02,1000,0.41160714285714284,0.4945701256630502,0.32924557412893213,0.984,1000
OOD,olmo3_7b_it,1,math,mmlu,math->mmlu,0.1104910714285714,0.2430841727716727,-0.030359153175591503,0.054,1000,0.3841517857142857,0.47184353954234737,0.31178981835158304,0.995,1000,0.6158482142857142,0.6971166166848418,0.5365705743716533,0.005,1000,OLMo-3-7B,70,128,160,198,,Math source,MMLU,0.5053571428571428,0.5908533026994635,0.41898125961259836,0.452,1000,0.49464285714285716,0.5847569317014092,0.4062831966324613,0.548,1000
OOD,olmo3_7b_it,1,movies,mmlu,movies->mmlu,0.024888392857142838,0.11778774008817168,-0.0736689429269376,0.306,1000,0.4486607142857143,0.5297347887712658,0.37045158719945787,0.892,1000,0.5513392857142857,0.6455530112044818,0.4741690736799432,0.114,1000,OLMo-3-7B,70,128,160,198,,Movies source,MMLU,0.5264508928571429,0.6034046115116011,0.449660704939094,0.274,1000,0.47354910714285714,0.5560247076023392,0.391625,0.735,1000
OOD,olmo3_7b_it,2,math,mmlu,math->mmlu,0.1590401785714286,0.3052117063591161,0.0021514791146327577,0.023,1000,0.38247767857142856,0.4657665165165165,0.3098874278054813,0.998,1000,0.6175223214285714,0.6944294303560802,0.5290861557388913,0.004,1000,OLMo-3-7B,70,128,160,198,,Math source,MMLU,0.45848214285714284,0.5441200279122599,0.372478588346638,0.824,1000,0.5415178571428572,0.6257974240832697,0.458602826974369,0.157,1000
OOD,olmo3_7b_it,2,movies,mmlu,movies->mmlu,0.05558035714285714,0.16258329442888264,-0.05015899944603751,0.135,1000,0.4109375,0.4941262369266554,0.3311378328878329,0.986,1000,0.5890625,0.6670662420889457,0.505251974410665,0.019,1000,OLMo-3-7B,70,128,160,198,,Movies source,MMLU,0.5334821428571429,0.6135338595847613,0.4444194827529995,0.229,1000,0.46651785714285715,0.5507075725026853,0.38525814275814274,0.781,1000
OOD,olmo3_7b_it,3,math,mmlu,math->mmlu,0.05200892857142858,0.20378552620219287,-0.08894796460198082,0.234,1000,0.4166294642857143,0.5081547728015692,0.33290624104059163,0.963,1000,0.5833705357142858,0.6724430492101691,0.5033213469580531,0.021,1000,OLMo-3-7B,70,128,160,198,,Math source,MMLU,0.5313616071428572,0.6207326146922184,0.43860594108221373,0.235,1000,0.46863839285714287,0.5566798334553168,0.3818434348750282,0.746,1000
OOD,olmo3_7b_it,3,movies,mmlu,movies->mmlu,0.04776785714285714,0.1705807687934854,-0.06815421439361403,0.203,1000,0.4203125,0.5016778506194982,0.34537588717462814,0.97,1000,0.5796875,0.656092541534111,0.5035695557880673,0.021,1000,OLMo-3-7B,70,128,160,198,,Movies source,MMLU,0.5319196428571429,0.6168707515909759,0.45217887025723613,0.247,1000,0.4680803571428571,0.5525215422006187,0.3831572387936717,0.77,1000
OOD,olmo3_7b_it,4,math,mmlu,math->mmlu,0.13582589285714286,0.26079082649806334,0.012267723442116622,0.015,1000,0.3776785714285714,0.46460628005987753,0.2987452188222736,0.997,1000,0.6223214285714286,0.70514560807622,0.5391556235818531,0.001,1000,OLMo-3-7B,70,128,160,198,,Math source,MMLU,0.4864955357142857,0.5720227324056937,0.39930142009426367,0.62,1000,0.5135044642857143,0.593821285717514,0.42472277631763916,0.384,1000
OOD,olmo3_7b_it,4,movies,mmlu,movies->mmlu,-0.05200892857142858,0.06220545222997748,-0.16080956716307993,0.808,1000,0.4831473214285714,0.563526164924863,0.3989796792694543,0.677,1000,0.5168526785714286,0.6026412745236468,0.43484385686786065,0.343,1000,OLMo-3-7B,70,128,160,198,,Movies source,MMLU,0.5688616071428572,0.6490781539888683,0.48761529378890156,0.05,1000,0.43113839285714284,0.5086512730591985,0.3482803973934409,0.959,1000
OOD,olmo3_7b_it,5,math,mmlu,math->mmlu,0.15223214285714287,0.25878944673511733,0.03284413467426778,0.005,1000,0.3578125,0.43600205354262983,0.2775721385703569,1.0,1000,0.6421875,0.726614401433242,0.5541466654504407,0.001,1000,OLMo-3-7B,70,128,160,198,,Math source,MMLU,0.48995535714285715,0.5782773682428549,0.4073056437027025,0.579,1000,0.5100446428571429,0.5945957190553581,0.4263999809533769,0.398,1000
OOD,olmo3_7b_it,5,movies,mmlu,movies->mmlu,-0.022656250000000044,0.0801863817488817,-0.12944610012043734,0.665,1000,0.4783482142857143,0.5663209731560795,0.39162154200156857,0.677,1000,0.5216517857142857,0.601192974409927,0.44232920742757925,0.303,1000,OLMo-3-7B,70,128,160,198,,Movies source,MMLU,0.5443080357142858,0.6205468343779839,0.4595937741873065,0.142,1000,0.4556919642857143,0.5360427411941938,0.381457507790559,0.869,1000
OOD,olmo3_7b_it,6,math,mmlu,math->mmlu,0.08125000000000004,0.18607100157906611,-0.024320882654136913,0.071,1000,0.3931919642857143,0.4810114159048231,0.3060063555008634,0.992,1000,0.6068080357142858,0.6904998255674133,0.5150171938114922,0.01,1000,OLMo-3-7B,70,128,160,198,,Math source,MMLU,0.5255580357142857,0.6188573157091405,0.4397069033367733,0.288,1000,0.4744419642857143,0.5660811354221752,0.38804891748366016,0.704,1000
OOD,olmo3_7b_it,6,movies,mmlu,movies->mmlu,0.07321428571428573,0.20306362335190553,-0.06610169778138532,0.162,1000,0.45033482142857145,0.5355626098426015,0.37286461935021653,0.851,1000,0.5496651785714286,0.6307998846813424,0.4665852706045922,0.107,1000,OLMo-3-7B,70,128,160,198,,Movies source,MMLU,0.47645089285714287,0.5589567542161156,0.3873473324029344,0.717,1000,0.5235491071428572,0.6063929655870445,0.4368150578843336,0.311,1000
OOD,olmo3_7b_it,7,math,mmlu,math->mmlu,0.026897321428571486,0.18200484555144705,-0.1278271901851006,0.35,1000,0.42087053571428573,0.5094649758237828,0.3331060916712229,0.954,1000,0.5791294642857143,0.6690942783271494,0.49109763313609467,0.032,1000,OLMo-3-7B,70,128,160,198,,Math source,MMLU,0.5522321428571428,0.6410724864622132,0.46986572831235046,0.12,1000,0.44776785714285716,0.5404746871887002,0.37085589573694333,0.874,1000
OOD,olmo3_7b_it,7,movies,mmlu,movies->mmlu,-0.14497767857142851,-0.0047430710933321595,-0.28790752697835514,0.978,1000,0.5339285714285714,0.6218930540966386,0.4512686927962923,0.204,1000,0.4660714285714286,0.5511884930335441,0.3765802453386189,0.751,1000,OLMo-3-7B,70,128,160,198,,Movies source,MMLU,0.6110491071428571,0.6874525246624456,0.5284989369754447,0.008,1000,0.38895089285714285,0.4755250496031746,0.3048182201109455,0.993,1000
OOD,olmo3_7b_it,8,math,mmlu,math->mmlu,0.11696428571428574,0.23688943911592988,-0.003361980017979793,0.028,1000,0.36573660714285716,0.45538413155431284,0.2825736433751583,0.996,1000,0.6342633928571428,0.7189832149257552,0.5461973907425347,0.003,1000,OLMo-3-7B,70,128,160,198,,Math source,MMLU,0.5172991071428571,0.6035177552322235,0.4307721904247534,0.341,1000,0.48270089285714285,0.5756920760551031,0.3911351798770982,0.66,1000
OOD,olmo3_7b_it,8,movies,mmlu,movies->mmlu,-0.09453125000000007,0.04915260285920598,-0.23918876199351846,0.903,1000,0.5258928571428572,0.6202999062423956,0.42964662309368196,0.292,1000,0.47410714285714284,0.5667542426420931,0.38264490623626796,0.689,1000,OLMo-3-7B,70,128,160,198,,Movies source,MMLU,0.5686383928571429,0.6488713421083558,0.48559810189056113,0.066,1000,0.43136160714285715,0.5179850973858647,0.3382512657246286,0.935,1000
OOD,olmo3_7b_it,9,math,mmlu,math->mmlu,0.18426339285714288,0.31816954242031736,0.04550161634600059,0.005,1000,0.3229910714285714,0.40611430839818646,0.25072006547812997,1.0,1000,0.6770089285714286,0.7574245546676021,0.5916851382903282,0.0,1000,OLMo-3-7B,70,128,160,198,,Math source,MMLU,0.4927455357142857,0.5853376805373856,0.3973589218800912,0.556,1000,0.5072544642857143,0.5919148870460939,0.4186894167201008,0.46,1000
OOD,olmo3_7b_it,9,movies,mmlu,movies->mmlu,-0.11964285714285716,0.049050026994410446,-0.2743190964071466,0.913,1000,0.5276785714285714,0.6185401076774372,0.44016615773623785,0.262,1000,0.47232142857142856,0.5598105698720117,0.3884594350961538,0.741,1000,OLMo-3-7B,70,128,160,198,,Movies source,MMLU,0.5919642857142857,0.6765090586169322,0.5021842147957852,0.021,1000,0.4080357142857143,0.49976190476190474,0.32155079162591915,0.976,1000
OOD,olmo3_7b_it,10,math,mmlu,math->mmlu,0.17868303571428573,0.2941438026049748,0.05230904356060599,0.003,1000,0.32723214285714286,0.41684570047196956,0.24706474576271187,1.0,1000,0.6727678571428571,0.7546789635854342,0.5893643839955216,0.0,1000,OLMo-3-7B,70,128,160,198,,Math source,MMLU,0.4940848214285714,0.5754478413200723,0.4037208147857205,0.552,1000,0.5059151785714285,0.5893925934130853,0.4211784720221455,0.458,1000
OOD,olmo3_7b_it,10,movies,mmlu,movies->mmlu,-0.19274553571428577,-0.015754035588180455,-0.351934682439169,0.983,1000,0.57578125,0.671571096226608,0.4708997928328309,0.071,1000,0.42421875,0.5265625101656813,0.3341184169350198,0.931,1000,OLMo-3-7B,70,128,160,198,,Movies source,MMLU,0.6169642857142857,0.7000737964250449,0.5355379462481618,0.006,1000,0.3830357142857143,0.46979232348089645,0.29698726515777935,0.995,1000
OOD,olmo3_7b_it,11,math,mmlu,math->mmlu,0.18705357142857149,0.31593753838437605,0.053820145285217655,0.002,1000,0.34486607142857145,0.43246845880612445,0.26164845017187244,1.0,1000,0.6551339285714286,0.7379835996898759,0.5645215524901152,0.001,1000,OLMo-3-7B,70,128,160,198,,Math source,MMLU,0.4680803571428571,0.5530888052833866,0.37776669000933705,0.776,1000,0.5319196428571429,0.6190423876592891,0.44929103980131624,0.239,1000
OOD,olmo3_7b_it,11,movies,mmlu,movies->mmlu,0.07901785714285725,0.24558627871270197,-0.0814266501332272,0.173,1000,0.41752232142857143,0.49882795043944095,0.3316510491916065,0.977,1000,0.5824776785714286,0.6665764703627023,0.49504653904245,0.032,1000,OLMo-3-7B,70,128,160,198,,Movies source,MMLU,0.5034598214285714,0.5895771821087988,0.41756749815850086,0.492,1000,0.49654017857142857,0.5798962091149591,0.40971967778020235,0.529,1000
OOD,olmo3_7b_it,12,math,mmlu,math->mmlu,0.31160714285714286,0.44477374002790154,0.16894705237107713,0.0,1000,0.2638392857142857,0.34518616354459153,0.1835776244232037,1.0,1000,0.7361607142857143,0.8094344355662764,0.6597079305637544,0.0,1000,OLMo-3-7B,70,128,160,198,,Math source,MMLU,0.4245535714285714,0.5080621601633748,0.3430035745391294,0.963,1000,0.5754464285714286,0.66346047908652,0.483252526252524,0.051,1000
OOD,olmo3_7b_it,12,movies,mmlu,movies->mmlu,0.06339285714285714,0.22134843762711617,-0.10116688805780118,0.219,1000,0.4041294642857143,0.49339910460151803,0.317615732467002,0.983,1000,0.5958705357142857,0.6832647741501492,0.5075074651002555,0.02,1000,OLMo-3-7B,70,128,160,198,,Movies source,MMLU,0.5324776785714286,0.628944899574639,0.43473233769776326,0.263,1000,0.4675223214285714,0.5518792512806853,0.37798715868035154,0.751,1000
OOD,olmo3_7b_it,13,math,mmlu,math->mmlu,0.4537946428571429,0.582956545257522,0.3057803315870177,0.0,1000,0.2,0.27621710792321,0.1345875761187977,1.0,1000,0.8,0.8699269927536232,0.726248467289892,0.0,1000,OLMo-3-7B,70,128,160,198,,Math source,MMLU,0.34620535714285716,0.4357892548487049,0.26670797789808276,1.0,1000,0.6537946428571428,0.7399647048437403,0.5650030579679411,0.0,1000
OOD,olmo3_7b_it,13,movies,mmlu,movies->mmlu,0.21785714285714292,0.3747770033329244,0.052428194819311796,0.002,1000,0.3189732142857143,0.4066646682870722,0.24258958657638022,1.0,1000,0.6810267857142858,0.7621895582125849,0.6037849321486211,0.0,1000,OLMo-3-7B,70,128,160,198,,Movies source,MMLU,0.46316964285714285,0.5450333203580274,0.3774214829587778,0.813,1000,0.5368303571428571,0.6142224952224952,0.4557000409058958,0.2,1000
OOD,olmo3_7b_it,14,math,mmlu,math->mmlu,0.4815848214285714,0.6160043647859772,0.33532139606843836,0.0,1000,0.19151785714285716,0.26517367574560186,0.12243265748627874,1.0,1000,0.8084821428571428,0.8755966339997585,0.7336814345991561,0.0,1000,OLMo-3-7B,70,128,160,198,,Math source,MMLU,0.3268973214285714,0.4071978205543813,0.246681983761865,1.0,1000,0.6731026785714286,0.7547660372380521,0.5867489539455631,0.0,1000
OOD,olmo3_7b_it,14,movies,mmlu,movies->mmlu,0.20055803571428565,0.3510216324401435,0.03601944717738535,0.007,1000,0.31863839285714285,0.4129570555020957,0.2364656348543252,1.0,1000,0.6813616071428571,0.7515169940353763,0.60203181272509,0.0,1000,OLMo-3-7B,70,128,160,198,,Movies source,MMLU,0.48080357142857144,0.5618888838808546,0.3926302654727312,0.683,1000,0.5191964285714286,0.605623737573488,0.4314649923896499,0.351,1000
OOD,olmo3_7b_it,15,math,mmlu,math->mmlu,0.5236607142857143,0.6502412830082952,0.39495312038298747,0.0,1000,0.1614955357142857,0.22421049796107811,0.10070130121092032,1.0,1000,0.8385044642857142,0.8970806886022096,0.7693938222250575,0.0,1000,OLMo-3-7B,70,128,160,198,,Math source,MMLU,0.31484375,0.40491996791611823,0.23309153829626875,1.0,1000,0.68515625,0.7657155368544031,0.6011573845369502,0.0,1000
OOD,olmo3_7b_it,15,movies,mmlu,movies->mmlu,0.3239955357142857,0.4843374968224569,0.17456279492420124,0.0,1000,0.2671875,0.3480577671387445,0.1945344644205046,1.0,1000,0.7328125,0.8132197211579395,0.6544313116239593,0.0,1000,OLMo-3-7B,70,128,160,198,,Movies source,MMLU,0.4088169642857143,0.49389339265276144,0.3210586913086913,0.987,1000,0.5911830357142858,0.6780819307734147,0.5026378418520155,0.019,1000
OOD,olmo3_7b_it,16,math,mmlu,math->mmlu,0.4770089285714286,0.6062007614258457,0.3362180275428039,0.0,1000,0.1744419642857143,0.24448315096471973,0.11437906050396875,1.0,1000,0.8255580357142858,0.8863181218604315,0.7581415759742663,0.0,1000,OLMo-3-7B,70,128,160,198,,Math source,MMLU,0.34854910714285714,0.4349017060594525,0.26710481080659904,0.999,1000,0.6514508928571429,0.7310719697324989,0.5675387488392123,0.001,1000
OOD,olmo3_7b_it,16,movies,mmlu,movies->mmlu,0.25714285714285706,0.42968424984676595,0.0880496145582718,0.002,1000,0.30904017857142857,0.3933042209799457,0.22464945575617878,1.0,1000,0.6909598214285714,0.770140963904625,0.6009559788306899,0.0,1000,OLMo-3-7B,70,128,160,198,,Movies source,MMLU,0.4338169642857143,0.5232206825373885,0.34241679142921533,0.915,1000,0.5661830357142857,0.6463474016480624,0.46695503565941526,0.083,1000
OOD,olmo3_7b_it,17,math,mmlu,math->mmlu,0.4732142857142857,0.6172251853358318,0.32575598569651737,0.0,1000,0.17042410714285713,0.23198240241370177,0.11178687102440453,1.0,1000,0.8295758928571428,0.8902144640812558,0.766804759382786,0.0,1000,OLMo-3-7B,70,128,160,198,,Math source,MMLU,0.35636160714285714,0.4432566654572911,0.27140952380952377,1.0,1000,0.6436383928571429,0.72485806710492,0.5494816128537464,0.0,1000
OOD,olmo3_7b_it,17,movies,mmlu,movies->mmlu,0.24095982142857142,0.39877606045205144,0.07252707793736761,0.003,1000,0.32332589285714286,0.4064879643845123,0.24243171377209627,1.0,1000,0.6766741071428571,0.7596154351482026,0.5968092238504552,0.0,1000,OLMo-3-7B,70,128,160,198,,Movies source,MMLU,0.4357142857142857,0.5287275914464146,0.3503137786046422,0.909,1000,0.5642857142857143,0.6516867899990441,0.48233263544583455,0.061,1000
OOD,olmo3_7b_it,18,math,mmlu,math->mmlu,0.5003348214285714,0.6358173965809859,0.36068443423970636,0.0,1000,0.14430803571428572,0.20681369413397852,0.08812231278627602,1.0,1000,0.8556919642857143,0.912214858213612,0.786641334306715,0.0,1000,OLMo-3-7B,70,128,160,198,,Math source,MMLU,0.35535714285714287,0.4485376812781227,0.2630469535965795,0.998,1000,0.6446428571428572,0.7379049736106188,0.555515820361701,0.0,1000
OOD,olmo3_7b_it,18,movies,mmlu,movies->mmlu,0.2518973214285714,0.41862206811496244,0.05399438564068094,0.007,1000,0.3200892857142857,0.4081351860228254,0.23590561468357657,1.0,1000,0.6799107142857143,0.7556926772364133,0.5988196999617428,0.0,1000,OLMo-3-7B,70,128,160,198,,Movies source,MMLU,0.42801339285714285,0.5188312051971326,0.33790961972300004,0.936,1000,0.5719866071428571,0.6574363301990612,0.47836957826859167,0.072,1000
OOD,olmo3_7b_it,19,math,mmlu,math->mmlu,0.4387276785714286,0.5733619105939987,0.2900863198630481,0.0,1000,0.17220982142857144,0.23986878829135463,0.1096859439634569,1.0,1000,0.8277901785714286,0.892654901294757,0.7601567341563652,0.0,1000,OLMo-3-7B,70,128,160,198,,Math source,MMLU,0.3890625,0.47856974294854465,0.30310226646673444,0.991,1000,0.6109375,0.6921838756946029,0.5204130245010452,0.009,1000
OOD,olmo3_7b_it,19,movies,mmlu,movies->mmlu,0.22879464285714285,0.40316497786075867,0.0636368971061875,0.003,1000,0.33091517857142855,0.41343282431445044,0.25432146169877007,1.0,1000,0.6690848214285714,0.7493278878715666,0.584447854823214,0.001,1000,OLMo-3-7B,70,128,160,198,,Movies source,MMLU,0.44029017857142855,0.5298982165947819,0.3542648850366076,0.914,1000,0.5597098214285714,0.6537534330113103,0.4722904948227501,0.079,1000
OOD,olmo3_7b_it,20,math,mmlu,math->mmlu,0.4034598214285714,0.5357181818181818,0.248166155286925,0.0,1000,0.19564732142857144,0.2676612341888852,0.1297857793996829,1.0,1000,0.8043526785714286,0.8690769387193535,0.7340740740740741,0.0,1000,OLMo-3-7B,70,128,160,198,,Math source,MMLU,0.40089285714285716,0.488669922454188,0.31738723006375863,0.987,1000,0.5991071428571428,0.682600262111103,0.5099965039289333,0.014,1000
OOD,olmo3_7b_it,20,movies,mmlu,movies->mmlu,0.19520089285714282,0.3704382373931318,0.013262047820953263,0.02,1000,0.34866071428571427,0.43737449464658584,0.2619036978480457,1.0,1000,0.6513392857142857,0.7393468393007677,0.5706232157402057,0.0,1000,OLMo-3-7B,70,128,160,198,,Movies source,MMLU,0.45613839285714286,0.5456958121109224,0.3596832643277968,0.826,1000,0.5438616071428571,0.6300421926590838,0.45022238257301916,0.168,1000
OOD,olmo3_7b_it,21,math,mmlu,math->mmlu,0.4172991071428572,0.5511868298368299,0.26045361592632715,0.0,1000,0.19799107142857142,0.27145776631432367,0.13335505793226382,1.0,1000,0.8020089285714286,0.8716301716638261,0.72907948983391,0.0,1000,OLMo-3-7B,70,128,160,198,,Math source,MMLU,0.3847098214285714,0.4722343047701899,0.2949963171966934,0.996,1000,0.6152901785714285,0.7025587492155762,0.5239262620113202,0.014,1000
OOD,olmo3_7b_it,21,movies,mmlu,movies->mmlu,0.1863839285714286,0.3571482683982684,0.010866410912190889,0.021,1000,0.3421875,0.42403895768833844,0.2602818773047171,1.0,1000,0.6578125,0.7434252026655715,0.57358603232297,0.0,1000,OLMo-3-7B,70,128,160,198,,Movies source,MMLU,0.4714285714285714,0.5718261699116771,0.38348889412407206,0.748,1000,0.5285714285714286,0.6262490553586444,0.4366909695263975,0.267,1000
OOD,olmo3_7b_it,22,math,mmlu,math->mmlu,0.4323660714285715,0.5783393363680333,0.27513808222701436,0.0,1000,0.20245535714285715,0.2753558679080923,0.138427812938619,1.0,1000,0.7975446428571429,0.8607513110961127,0.7150982574463045,0.0,1000,OLMo-3-7B,70,128,160,198,,Math source,MMLU,0.3651785714285714,0.44843109429202144,0.28439525069132804,0.996,1000,0.6348214285714285,0.7144005584445023,0.5452834989344456,0.001,1000
OOD,olmo3_7b_it,22,movies,mmlu,movies->mmlu,0.19888392857142861,0.3705762693725331,0.030096161899316406,0.011,1000,0.3325892857142857,0.41484084314729464,0.25460241670807343,1.0,1000,0.6674107142857143,0.7481183227138737,0.5802445649427272,0.0,1000,OLMo-3-7B,70,128,160,198,,Movies source,MMLU,0.4685267857142857,0.5618292788129744,0.37638792324548037,0.744,1000,0.5314732142857143,0.6195328223609493,0.43618024160771757,0.249,1000
OOD,olmo3_7b_it,23,math,mmlu,math->mmlu,0.43828125,0.5873317337270826,0.2882377788889364,0.0,1000,0.19799107142857142,0.26870544773762844,0.134229072119804,1.0,1000,0.8020089285714286,0.8635481986488674,0.729844354457154,0.0,1000,OLMo-3-7B,70,128,160,198,,Math source,MMLU,0.36372767857142857,0.4476503824243092,0.2741527864461435,0.998,1000,0.6362723214285714,0.7197832399577079,0.5540647792760365,0.001,1000
OOD,olmo3_7b_it,23,movies,mmlu,movies->mmlu,0.2363839285714286,0.414960918910028,0.0665463566482901,0.001,1000,0.3103794642857143,0.38977468774395,0.23489891939447674,1.0,1000,0.6896205357142857,0.767606402609617,0.601134676564157,0.0,1000,OLMo-3-7B,70,128,160,198,,Movies source,MMLU,0.45323660714285713,0.5448217356653757,0.3679287535197387,0.852,1000,0.5467633928571428,0.6344481768015755,0.46134717249615315,0.151,1000
OOD,olmo3_7b_it,24,math,mmlu,math->mmlu,0.4559151785714286,0.6039577560879482,0.30790191929714383,0.0,1000,0.19486607142857143,0.2645178179721481,0.13506397372430876,1.0,1000,0.8051339285714286,0.8696291409428968,0.7394067453624754,0.0,1000,OLMo-3-7B,70,128,160,198,,Math source,MMLU,0.34921875,0.4377645596590909,0.26478845852895144,0.999,1000,0.65078125,0.7403378726287262,0.562510350538047,0.0,1000
OOD,olmo3_7b_it,24,movies,mmlu,movies->mmlu,0.25558035714285715,0.41518552400468384,0.0920880478217435,0.002,1000,0.30435267857142856,0.3843042645985041,0.2252356691310404,1.0,1000,0.6956473214285714,0.7769998896198508,0.6064875383838981,0.0,1000,OLMo-3-7B,70,128,160,198,,Movies source,MMLU,0.4400669642857143,0.5299160826472523,0.35214333814333815,0.895,1000,0.5599330357142858,0.648890365448505,0.47061789821703653,0.092,1000
OOD,olmo3_7b_it,25,math,mmlu,math->mmlu,0.41741071428571425,0.55716505148863,0.2612321636176187,0.0,1000,0.21316964285714285,0.2894249952945605,0.14980107148927654,1.0,1000,0.7868303571428571,0.8479814985068462,0.7132575338330734,0.0,1000,OLMo-3-7B,70,128,160,198,,Math source,MMLU,0.36941964285714285,0.45554412095925967,0.28624589307048987,0.999,1000,0.6305803571428571,0.7173561371525821,0.5369567244173002,0.002,1000
OOD,olmo3_7b_it,25,movies,mmlu,movies->mmlu,0.2564732142857143,0.41196713767480503,0.08563299199187703,0.001,1000,0.3107142857142857,0.3961504093162689,0.23192839635854343,1.0,1000,0.6892857142857143,0.7695772288483865,0.612630864570786,0.0,1000,OLMo-3-7B,70,128,160,198,,Movies source,MMLU,0.4328125,0.5241754278729936,0.3478629017616998,0.925,1000,0.5671875,0.6557348774780056,0.4788623427826376,0.08,1000
OOD,olmo3_7b_it,26,math,mmlu,math->mmlu,0.4291294642857143,0.5652260289375668,0.28445760421112537,0.0,1000,0.21238839285714287,0.2800501165223149,0.14434994599770995,1.0,1000,0.7876116071428572,0.8514214138788103,0.7124258210180624,0.0,1000,OLMo-3-7B,70,128,160,198,,Math source,MMLU,0.35848214285714286,0.45145069417569655,0.27339513303937063,0.999,1000,0.6415178571428571,0.7252391219704728,0.5591154221214558,0.003,1000
OOD,olmo3_7b_it,26,movies,mmlu,movies->mmlu,0.24285714285714288,0.4045754948451047,0.08342199547509044,0.001,1000,0.3112723214285714,0.39401946027308893,0.23007593919538974,1.0,1000,0.6887276785714286,0.7655740412625003,0.6067019851459547,0.0,1000,OLMo-3-7B,70,128,160,198,,Movies source,MMLU,0.4458705357142857,0.5359982795977929,0.3586293395034196,0.888,1000,0.5541294642857143,0.6392607464453985,0.4656524257021769,0.125,1000
OOD,olmo3_7b_it,27,math,mmlu,math->mmlu,0.4284598214285714,0.5670457182092081,0.2837326651519922,0.0,1000,0.21160714285714285,0.27474054499896905,0.1508275169288749,1.0,1000,0.7883928571428571,0.853404254395108,0.7181678991882358,0.0,1000,OLMo-3-7B,70,128,160,198,,Math source,MMLU,0.3599330357142857,0.44868545516983016,0.2794204011950491,1.0,1000,0.6400669642857143,0.7204694711086016,0.5551138956791938,0.0,1000
OOD,olmo3_7b_it,27,movies,mmlu,movies->mmlu,0.20145089285714285,0.37414108677638613,0.027299345098884212,0.01,1000,0.33169642857142856,0.4164415955964167,0.2505359481672609,0.999,1000,0.6683035714285714,0.7598484729634893,0.5834502891876947,0.0,1000,OLMo-3-7B,70,128,160,198,,Movies source,MMLU,0.4668526785714286,0.5625017972164711,0.37114853455348906,0.762,1000,0.5331473214285715,0.6160261353037763,0.43550517872435685,0.245,1000
OOD,olmo3_7b_it,28,math,mmlu,math->mmlu,0.4050223214285714,0.5486455912699681,0.2550953154361176,0.0,1000,0.22901785714285713,0.30077865853658536,0.16287193504221062,1.0,1000,0.7709821428571428,0.8363747860530117,0.6969960332646901,0.0,1000,OLMo-3-7B,70,128,160,198,,Math source,MMLU,0.3659598214285714,0.458036653304475,0.28145396270396267,1.0,1000,0.6340401785714286,0.7153828657852939,0.5433913372068725,0.001,1000
OOD,olmo3_7b_it,28,movies,mmlu,movies->mmlu,0.16908482142857145,0.32445172683928303,-0.002508141509476176,0.031,1000,0.3457589285714286,0.4289500800597537,0.2607325530075869,1.0,1000,0.6542410714285715,0.737054498470381,0.5683938701613873,0.0,1000,OLMo-3-7B,70,128,160,198,,Movies source,MMLU,0.48515625,0.5798891442937666,0.39783656809916196,0.631,1000,0.51484375,0.6072241340620697,0.4203826387560552,0.362,1000
OOD,olmo3_7b_it,29,math,mmlu,math->mmlu,0.4206473214285715,0.5576151726107593,0.27038467477469175,0.0,1000,0.23002232142857143,0.30371362486752634,0.15836182657392175,1.0,1000,0.7699776785714286,0.83425523831964,0.6923002350176263,0.0,1000,OLMo-3-7B,70,128,160,198,,Math source,MMLU,0.34933035714285715,0.43538326044703596,0.26481625310906204,1.0,1000,0.6506696428571429,0.7320709454935047,0.561270026933436,0.0,1000
OOD,olmo3_7b_it,29,movies,mmlu,movies->mmlu,0.20323660714285713,0.3733498218885899,0.035615707893080176,0.005,1000,0.3371651785714286,0.4222016483660397,0.25508437135780887,1.0,1000,0.6628348214285714,0.7455160534539473,0.5771934789992075,0.0,1000,OLMo-3-7B,70,128,160,198,,Movies source,MMLU,0.4595982142857143,0.5460601902173913,0.37294429920844774,0.81,1000,0.5404017857142858,0.6299597518140596,0.4510353130044429,0.208,1000
OOD,olmo3_7b_it,30,math,mmlu,math->mmlu,0.48013392857142856,0.616200984149306,0.32999456655916637,0.0,1000,0.22120535714285713,0.2875444112159088,0.15646899301873454,1.0,1000,0.7787946428571428,0.8492826406878541,0.7059621714273564,0.0,1000,OLMo-3-7B,70,128,160,198,,Math source,MMLU,0.2986607142857143,0.3828328233909361,0.21558126060843452,1.0,1000,0.7013392857142857,0.7797549752584807,0.6118662962962963,0.0,1000
OOD,olmo3_7b_it,30,movies,mmlu,movies->mmlu,0.26037946428571435,0.4305632636437686,0.09345013397253406,0.0,1000,0.3145089285714286,0.4010373218321011,0.23087040274540274,1.0,1000,0.6854910714285715,0.7671137237844946,0.6021862083957202,0.0,1000,OLMo-3-7B,70,128,160,198,,Movies source,MMLU,0.4251116071428571,0.5161755661280868,0.33664472366159875,0.945,1000,0.5748883928571429,0.6650112090290662,0.48116359947047466,0.049,1000
OOD,olmo3_7b_it,31,math,mmlu,math->mmlu,0.4526785714285714,0.5794346002218036,0.32121851402636514,0.0,1000,0.25223214285714285,0.32630753060366396,0.18455418060663167,1.0,1000,0.7477678571428571,0.8240162199048152,0.6727988392326628,0.0,1000,OLMo-3-7B,70,128,160,198,,Math source,MMLU,0.2950892857142857,0.3791694658635867,0.21284489404474796,1.0,1000,0.7049107142857143,0.7884409430042599,0.6215469943356112,0.0,1000
OOD,olmo3_7b_it,31,movies,mmlu,movies->mmlu,0.21729910714285716,0.3988668244267979,0.03537945960787177,0.009,1000,0.33973214285714287,0.4253104852459918,0.25356708043903464,1.0,1000,0.6602678571428572,0.7408083934416292,0.5699751297577854,0.0,1000,OLMo-3-7B,70,128,160,198,,Movies source,MMLU,0.44296875,0.5394748347430129,0.35403186274509807,0.884,1000,0.55703125,0.645513318075338,0.46197108992541586,0.119,1000
OOD,qwen25_7b,0,math,truthfulqa_binary,math->truthfulqa_binary,0.07343885184996696,0.17469747261058188,-0.02792930087802915,0.09,1000,0.4333044938673724,0.4879286793793472,0.3720830391119695,0.989,1000,0.5666955061326276,0.6206332115869992,0.5093099575679231,0.011,1000,Qwen2.5-7B,401,147,483,548,,Math source,TruthfulQA MC0,0.4932566542826607,0.5471707174553289,0.43285272672256964,0.585,1000,0.5067433457173393,0.565610455486901,0.4522068394795052,0.4,1000
OOD,qwen25_7b,0,movies,truthfulqa_binary,movies->truthfulqa_binary,-0.010704531189034194,0.026761929549445132,-0.048418697447241595,0.74,1000,0.5105433694674878,0.5652984151594209,0.454788322326878,0.399,1000,0.48945663053251226,0.5480687248286542,0.43383242801295807,0.648,1000,Qwen2.5-7B,401,147,483,548,,Movies source,TruthfulQA MC0,0.5001611617215465,0.5613594638364152,0.44297538670451747,0.504,1000,0.49983883827845355,0.5596513452370633,0.43852628435724467,0.495,1000
OOD,qwen25_7b,1,math,truthfulqa_binary,math->truthfulqa_binary,0.11366142466961848,0.21635784643600867,0.014523381054943057,0.016,1000,0.4474358321882369,0.502289699311362,0.3915611794255662,0.967,1000,0.5525641678117631,0.6112604345232229,0.4994696389861116,0.032,1000,Qwen2.5-7B,401,147,483,548,,Math source,TruthfulQA MC0,0.4389027431421446,0.49140940218772483,0.3837203176321751,0.986,1000,0.5610972568578554,0.6134023504736023,0.5097319497373571,0.006,1000
OOD,qwen25_7b,1,movies,truthfulqa_binary,movies->truthfulqa_binary,0.006175038593991211,0.056625062555206336,-0.04189442225940278,0.4,1000,0.5163451914431608,0.5781199689110743,0.45410901626364925,0.286,1000,0.4836548085568392,0.5441843136020682,0.4244001999892623,0.704,1000,Qwen2.5-7B,401,147,483,548,,Movies source,TruthfulQA MC0,0.47747976996284797,0.5328738237243023,0.4153240981153766,0.769,1000,0.522520230037152,0.5780881178713891,0.4624457464640313,0.225,1000
OOD,qwen25_7b,2,math,truthfulqa_binary,math->truthfulqa_binary,0.12210969175700209,0.20717218401875123,0.03560396670806009,0.003,1000,0.4373420191019051,0.4936945007479577,0.38000117009572065,0.987,1000,0.5626579808980949,0.6166945022177227,0.508286115768601,0.011,1000,Qwen2.5-7B,401,147,483,548,,Math source,TruthfulQA MC0,0.44054828914109284,0.48555087335317887,0.3913509651588783,0.993,1000,0.5594517108589071,0.6060526292652972,0.5075657241423478,0.011,1000
OOD,qwen25_7b,2,movies,truthfulqa_binary,movies->truthfulqa_binary,-0.014759020815308665,0.020237731954387852,-0.05013069676942892,0.783,1000,0.4883539450692995,0.5421048303833487,0.43242283784698576,0.671,1000,0.5116460549307005,0.5644708352636636,0.45233812042831173,0.332,1000,Qwen2.5-7B,401,147,483,548,,Movies source,TruthfulQA MC0,0.5264050757460091,0.5830570038783996,0.4716639107585276,0.162,1000,0.47359492425399086,0.5294468756949533,0.4096282435428777,0.806,1000
OOD,qwen25_7b,3,math,truthfulqa_binary,math->truthfulqa_binary,0.07248884591242977,0.18149515436469058,-0.04614877400042855,0.108,1000,0.46122788267426673,0.5189333974101574,0.4019718698290127,0.901,1000,0.5387721173257333,0.6011192897677607,0.4776528524009632,0.106,1000,Qwen2.5-7B,401,147,483,548,,Math source,TruthfulQA MC0,0.4662832714133035,0.5252929630240023,0.4102799658401999,0.877,1000,0.5337167285866965,0.5858254517051333,0.47681798527686337,0.13,1000
OOD,qwen25_7b,3,movies,truthfulqa_binary,movies->truthfulqa_binary,-0.04003596451049246,-0.0013451353619856198,-0.0799691813224566,0.98,1000,0.5548204319134138,0.6091701135355632,0.4946797538753785,0.043,1000,0.44517956808658626,0.49808892463474913,0.391905880545169,0.978,1000,Qwen2.5-7B,401,147,483,548,,Movies source,TruthfulQA MC0,0.4852155325970787,0.5429327708708992,0.42807316540865104,0.669,1000,0.5147844674029213,0.5712975051381107,0.45703952421879834,0.316,1000
OOD,qwen25_7b,4,math,truthfulqa_binary,math->truthfulqa_binary,0.08911394981932924,0.20142706636707935,-0.03901650742453752,0.07,1000,0.4563760666361308,0.5149353844590154,0.3978964515915378,0.931,1000,0.5436239333638693,0.6026205922629236,0.48280494974534177,0.09,1000,Qwen2.5-7B,401,147,483,548,,Math source,TruthfulQA MC0,0.45450998354454003,0.5128058419086178,0.39284710254792765,0.93,1000,0.54549001645546,0.6017263770479808,0.48555209270584937,0.061,1000
OOD,qwen25_7b,4,movies,truthfulqa_binary,movies->truthfulqa_binary,-0.0034777003070554646,0.031232852023701834,-0.038477750578366665,0.582,1000,0.5567543725719715,0.6118667736867036,0.49879555248403,0.026,1000,0.4432456274280286,0.5015889301825803,0.3891167857604911,0.972,1000,Qwen2.5-7B,401,147,483,548,,Movies source,TruthfulQA MC0,0.44672332773508405,0.50205824675482,0.3920076763871886,0.968,1000,0.553276672264916,0.6066587754618872,0.500191470683938,0.025,1000
OOD,qwen25_7b,5,math,truthfulqa_binary,math->truthfulqa_binary,0.09939437121482009,0.21637673450996275,-0.014684516087182157,0.043,1000,0.45503587968853376,0.5112872479333324,0.39482456374248426,0.938,1000,0.5449641203114662,0.5987229999224677,0.486006316932906,0.074,1000,Qwen2.5-7B,401,147,483,548,,Math source,TruthfulQA MC0,0.44556974909664615,0.5037808921197221,0.3868087639243067,0.967,1000,0.5544302509033538,0.6146318359104166,0.4970692071623029,0.035,1000
OOD,qwen25_7b,5,movies,truthfulqa_binary,movies->truthfulqa_binary,-0.0345734303696541,0.0037732068928745307,-0.07133112314792939,0.964,1000,0.5489677167625154,0.6019722958611498,0.494028563234174,0.044,1000,0.4510322832374845,0.5060373488678399,0.3923835882834244,0.96,1000,Qwen2.5-7B,401,147,483,548,,Movies source,TruthfulQA MC0,0.4856057136071386,0.5435259877611303,0.4297943096607614,0.699,1000,0.5143942863928613,0.5675940854371373,0.4627857581295748,0.288,1000
OOD,qwen25_7b,6,math,truthfulqa_binary,math->truthfulqa_binary,0.08997913379815758,0.21921146055213742,-0.02834985209217737,0.063,1000,0.4584966156038475,0.5151047955840857,0.4006791632168058,0.92,1000,0.5415033843961524,0.5993311200549019,0.481831081214063,0.093,1000,Qwen2.5-7B,401,147,483,548,,Math source,TruthfulQA MC0,0.45152425059799484,0.5142135548065014,0.3926045918007089,0.939,1000,0.5484757494020052,0.6080163671647062,0.49074314698858984,0.054,1000
OOD,qwen25_7b,6,movies,truthfulqa_binary,movies->truthfulqa_binary,0.004478599419817819,0.03726670000333144,-0.028788878717248466,0.386,1000,0.5406042716338406,0.5975236891653825,0.4830249081466949,0.068,1000,0.45939572836615944,0.5124795598477827,0.4005970645482543,0.927,1000,Qwen2.5-7B,401,147,483,548,,Movies source,TruthfulQA MC0,0.4549171289463416,0.5111354299012681,0.40211459788096193,0.941,1000,0.5450828710536584,0.6033969029625564,0.47971291824151874,0.088,1000
OOD,qwen25_7b,7,math,truthfulqa_binary,math->truthfulqa_binary,0.06653434441108108,0.1775411638861981,-0.056843844273735705,0.126,1000,0.47573243761344935,0.5360848207286646,0.417614304951943,0.791,1000,0.5242675623865506,0.5807944957103558,0.4636264868457879,0.223,1000,Qwen2.5-7B,401,147,483,548,,Math source,TruthfulQA MC0,0.4577332179754695,0.5118514664336562,0.4044958954442411,0.917,1000,0.5422667820245305,0.5999318273388041,0.48456501604025826,0.071,1000
OOD,qwen25_7b,7,movies,truthfulqa_binary,movies->truthfulqa_binary,-0.014589376897891304,0.07884595812233536,-0.10514375466154219,0.611,1000,0.5332926187931532,0.5821724343953262,0.480266456725919,0.106,1000,0.46670738120684685,0.5170757780230217,0.4090739095159836,0.894,1000,Qwen2.5-7B,401,147,483,548,,Movies source,TruthfulQA MC0,0.48129675810473815,0.5398336171765707,0.4262189468707768,0.696,1000,0.5187032418952618,0.5763275032805646,0.45838062186802075,0.265,1000
OOD,qwen25_7b,8,math,truthfulqa_binary,math->truthfulqa_binary,0.07745941269275786,0.18252961825344513,-0.03628940413137632,0.085,1000,0.46253414083838024,0.5182943779045941,0.4080543696005308,0.912,1000,0.5374658591616197,0.5907716445497754,0.48669007348244453,0.084,1000,Qwen2.5-7B,401,147,483,548,,Math source,TruthfulQA MC0,0.46000644646886185,0.5135956678013365,0.4024294799818839,0.924,1000,0.5399935535311381,0.5937143485627728,0.4866752964574735,0.069,1000
OOD,qwen25_7b,8,movies,truthfulqa_binary,movies->truthfulqa_binary,-0.010738459972517711,0.09903573672390326,-0.11596745249600243,0.578,1000,0.5075406721292008,0.5634180233610891,0.4509150241215958,0.4,1000,0.4924593278707992,0.5485948916234791,0.4374779931075638,0.628,1000,Qwen2.5-7B,401,147,483,548,,Movies source,TruthfulQA MC0,0.5031977878433169,0.5620094895758251,0.44677972380372033,0.448,1000,0.49680221215668313,0.5559879514871968,0.43966481648424716,0.515,1000
OOD,qwen25_7b,9,math,truthfulqa_binary,math->truthfulqa_binary,0.09062378068434351,0.2091550567851477,-0.0181167447329281,0.055,1000,0.4586323307377814,0.5108776124711845,0.4004037636507482,0.938,1000,0.5413676692622186,0.5939286819518169,0.484696850812111,0.07,1000,Qwen2.5-7B,401,147,483,548,,Math source,TruthfulQA MC0,0.45074388857787506,0.5077485790168011,0.3968863462393894,0.955,1000,0.5492561114221249,0.6051615043854977,0.49344367245970744,0.04,1000
OOD,qwen25_7b,9,movies,truthfulqa_binary,movies->truthfulqa_binary,0.13208475410114173,0.24863009579665898,0.020419058656593034,0.014,1000,0.42656963034590395,0.4828213190309309,0.3740869924364023,0.993,1000,0.5734303696540961,0.6285222735009001,0.5184908143410731,0.005,1000,Qwen2.5-7B,401,147,483,548,,Movies source,TruthfulQA MC0,0.4413456155529544,0.49838331011962156,0.38144979026944725,0.979,1000,0.5586543844470456,0.6171059856610054,0.5003086001938181,0.025,1000
OOD,qwen25_7b,10,math,truthfulqa_binary,math->truthfulqa_binary,0.022918893243082772,0.13436834829568553,-0.09221525896649056,0.315,1000,0.4920691468607393,0.5512599664405913,0.4356580169463916,0.59,1000,0.5079308531392607,0.5638762468739544,0.44884925611773807,0.417,1000,Qwen2.5-7B,401,147,483,548,,Math source,TruthfulQA MC0,0.4850119598961779,0.543725940481584,0.4293368662807751,0.705,1000,0.514988040103822,0.5754815556767489,0.4578219258075319,0.307,1000
OOD,qwen25_7b,10,movies,truthfulqa_binary,movies->truthfulqa_binary,-0.018847439225066598,0.08123544307745567,-0.12342544218158784,0.644,1000,0.4989906186913668,0.5556450138456549,0.4460730865346919,0.541,1000,0.5010093813086332,0.5530492250514041,0.44627939646731984,0.494,1000,Qwen2.5-7B,401,147,483,548,,Movies source,TruthfulQA MC0,0.5198568205336997,0.5816388766794824,0.45874564277087904,0.277,1000,0.48014317946630025,0.5371548413177162,0.42622401924189185,0.739,1000
OOD,qwen25_7b,11,math,truthfulqa_binary,math->truthfulqa_binary,0.05942626427129455,0.16735041261877176,-0.047707796030814154,0.161,1000,0.47954942575533954,0.5330588014817615,0.4230426973923358,0.778,1000,0.5204505742446605,0.5736454703371178,0.4648524129717529,0.262,1000,Qwen2.5-7B,401,147,483,548,,Math source,TruthfulQA MC0,0.4610243099733659,0.517879971672643,0.40580252052465265,0.909,1000,0.5389756900266341,0.593024511410678,0.4850704951073043,0.08,1000
OOD,qwen25_7b,11,movies,truthfulqa_binary,movies->truthfulqa_binary,-0.08923270056152144,0.016683042693612277,-0.19161390941876918,0.948,1000,0.5383310431404482,0.5916146974265095,0.4812402147350226,0.094,1000,0.4616689568595518,0.5196064024073693,0.40297877374571894,0.915,1000,Qwen2.5-7B,401,147,483,548,,Movies source,TruthfulQA MC0,0.5509016574210732,0.6073363018366094,0.49472526072011613,0.038,1000,0.44909834257892683,0.5022309595059903,0.3947010063164414,0.971,1000
OOD,qwen25_7b,12,math,truthfulqa_binary,math->truthfulqa_binary,0.09259165012638476,0.20193806318530622,-0.021180477268016872,0.056,1000,0.4672841705260658,0.5256680558426395,0.4119739904117729,0.847,1000,0.5327158294739343,0.5939099833123911,0.4734116410409514,0.135,1000,Qwen2.5-7B,401,147,483,548,,Math source,TruthfulQA MC0,0.4401241793475495,0.49252807097717966,0.3818232275051599,0.986,1000,0.5598758206524505,0.6149313241466106,0.4990732376018096,0.029,1000
OOD,qwen25_7b,12,movies,truthfulqa_binary,movies->truthfulqa_binary,-0.016760819040833264,0.09047969060533886,-0.12431582750747601,0.611,1000,0.48251819431014303,0.5325302531904397,0.42743296098289696,0.723,1000,0.517481805689857,0.5732524515842468,0.46250505957620874,0.263,1000,Qwen2.5-7B,401,147,483,548,,Movies source,TruthfulQA MC0,0.5342426247306903,0.5897423458168307,0.47348073524157863,0.121,1000,0.4657573752693097,0.5251330792863051,0.4066646935249242,0.876,1000
OOD,qwen25_7b,13,math,truthfulqa_binary,math->truthfulqa_binary,0.10424618725295609,0.20931404425597208,-0.006589530152908518,0.04,1000,0.45939572836615944,0.5185813174837703,0.4000337612267864,0.908,1000,0.5406042716338406,0.5982010424198873,0.4820220325601625,0.095,1000,Qwen2.5-7B,401,147,483,548,,Math source,TruthfulQA MC0,0.4363580843808845,0.49266649831191905,0.38074331275720164,0.987,1000,0.5636419156191155,0.6169824329877963,0.5075857500066879,0.013,1000
OOD,qwen25_7b,13,movies,truthfulqa_binary,movies->truthfulqa_binary,-0.04848423159787607,0.06367686832043186,-0.1561746731672321,0.803,1000,0.5034692181111846,0.5536303121303121,0.4469910016126295,0.466,1000,0.4965307818888154,0.5463682245974757,0.4425237678344765,0.555,1000,Qwen2.5-7B,401,147,483,548,,Movies source,TruthfulQA MC0,0.5450150134866915,0.6005801167564754,0.4918836764046427,0.053,1000,0.45498498651330854,0.5119159753978856,0.40092437124468616,0.943,1000
OOD,qwen25_7b,14,math,truthfulqa_binary,math->truthfulqa_binary,0.05903608326123472,0.16541538491951235,-0.046399048597425045,0.139,1000,0.4763770844996353,0.5319008091710936,0.4201226222626935,0.787,1000,0.5236229155003648,0.5831679033851738,0.46674291465959505,0.228,1000,Qwen2.5-7B,401,147,483,548,,Math source,TruthfulQA MC0,0.46458683223913005,0.5186294289524714,0.41075900133571436,0.905,1000,0.5354131677608699,0.5910275296960715,0.47935532957985394,0.109,1000
OOD,qwen25_7b,14,movies,truthfulqa_binary,movies->truthfulqa_binary,0.17315554650787995,0.2635578836646479,0.07823666647679799,0.0,1000,0.38502383497039716,0.43332102904757663,0.3407155920412831,1.0,1000,0.6149761650296028,0.6614079698802258,0.5656899718149778,0.0,1000,Qwen2.5-7B,401,147,483,548,,Movies source,TruthfulQA MC0,0.4418206185217229,0.494438773562914,0.3923350408281737,0.981,1000,0.5581793814782771,0.6078670698872759,0.5079949055680438,0.01,1000
OOD,qwen25_7b,15,math,truthfulqa_binary,math->truthfulqa_binary,0.15688669482755696,0.2623509095857318,0.04927438276174109,0.004,1000,0.4151695590954586,0.47605498015050035,0.3632412383818944,0.998,1000,0.5848304409045414,0.6415269159093406,0.5292304008514466,0.003,1000,Qwen2.5-7B,401,147,483,548,,Math source,TruthfulQA MC0,0.42794374607698443,0.4841287364463202,0.3727139011955764,0.992,1000,0.5720562539230156,0.6269357494088389,0.519430880308348,0.007,1000
OOD,qwen25_7b,15,movies,truthfulqa_binary,movies->truthfulqa_binary,0.3550138259792695,0.43878748543417323,0.26060417693388827,0.0,1000,0.3202198585169729,0.3610577354936905,0.2714704561049962,1.0,1000,0.6797801414830271,0.7225723117583593,0.6347696969101648,0.0,1000,Qwen2.5-7B,401,147,483,548,,Movies source,TruthfulQA MC0,0.3247663155037576,0.37073850623178684,0.2801898410023779,1.0,1000,0.6752336844962424,0.7171813671849312,0.6297635495671258,0.0,1000
OOD,qwen25_7b,16,math,truthfulqa_binary,math->truthfulqa_binary,-0.07494868271498129,0.028711348416314116,-0.18270558839162046,0.903,1000,0.5359051351213803,0.5931456835811321,0.4787450757932202,0.098,1000,0.4640948648786198,0.5152154511947219,0.410558377121854,0.908,1000,Qwen2.5-7B,401,147,483,548,,Math source,TruthfulQA MC0,0.5390435475936011,0.5910615238792418,0.4893651643268632,0.068,1000,0.460956452406399,0.5117657185498017,0.4067118994586886,0.923,1000
OOD,qwen25_7b,16,movies,truthfulqa_binary,movies->truthfulqa_binary,0.31928681697117745,0.4043630991443696,0.23025275541941664,0.0,1000,0.341645885286783,0.39045293194478,0.2955725904337385,1.0,1000,0.6583541147132169,0.7048976358964922,0.6111189135139639,0.0,1000,Qwen2.5-7B,401,147,483,548,,Movies source,TruthfulQA MC0,0.3390672977420395,0.38617557787470147,0.2907184335064082,1.0,1000,0.6609327022579605,0.7048531891137116,0.612069354165643,0.0,1000
OOD,qwen25_7b,17,math,truthfulqa_binary,math->truthfulqa_binary,0.14389197075338866,0.24934155885023315,0.03750297188925358,0.004,1000,0.4623475325292212,0.5179234839488266,0.40625834291179624,0.915,1000,0.5376524674707789,0.5884132086044952,0.48559930469856943,0.072,1000,Qwen2.5-7B,401,147,483,548,,Math source,TruthfulQA MC0,0.3937604967173902,0.44802514674834865,0.34132955968361745,0.999,1000,0.6062395032826098,0.6612938034306197,0.549410489601783,0.0,1000
OOD,qwen25_7b,17,movies,truthfulqa_binary,movies->truthfulqa_binary,0.41584813476512794,0.5056863685133697,0.32294809608712055,0.0,1000,0.30887068044175275,0.36124589871554325,0.2625081369892553,1.0,1000,0.6911293195582472,0.7386174673794665,0.6369628368790224,0.0,1000,Qwen2.5-7B,401,147,483,548,,Movies source,TruthfulQA MC0,0.27528118479311925,0.32389681024249795,0.23234437221099913,1.0,1000,0.7247188152068808,0.7674790616091774,0.679657393000413,0.0,1000
OOD,qwen25_7b,18,math,truthfulqa_binary,math->truthfulqa_binary,0.14046516362155836,0.2461347747723245,0.031891815385778816,0.011,1000,0.4378848796376406,0.49950635688568856,0.3833417348396335,0.976,1000,0.5621151203623594,0.6161640483001407,0.5060545635107212,0.017,1000,Qwen2.5-7B,401,147,483,548,,Math source,TruthfulQA MC0,0.4216499567408011,0.47936254080948526,0.37340125644132355,0.997,1000,0.5783500432591989,0.6320512204743831,0.5214618446018915,0.006,1000
OOD,qwen25_7b,18,movies,truthfulqa_binary,movies->truthfulqa_binary,0.2766892293076832,0.38377602861322374,0.17216857152537637,0.0,1000,0.36319066279878537,0.41590005123904933,0.30628537766279057,1.0,1000,0.6368093372012147,0.690344777390877,0.584035533640971,0.0,1000,Qwen2.5-7B,401,147,483,548,,Movies source,TruthfulQA MC0,0.3601201078935315,0.4108589007432535,0.3138695115659801,1.0,1000,0.6398798921064686,0.6905263695938015,0.589400802571756,0.0,1000
OOD,qwen25_7b,19,math,truthfulqa_binary,math->truthfulqa_binary,0.20058696795426395,0.30640382404608746,0.08106793701736521,0.0,1000,0.39742480533360475,0.4549624127342236,0.34058866127329396,1.0,1000,0.6025751946663952,0.6534639449238194,0.5450787679618102,0.0,1000,Qwen2.5-7B,401,147,483,548,,Math source,TruthfulQA MC0,0.40198822671213125,0.46051026554532215,0.3461758395409947,0.999,1000,0.5980117732878688,0.6578312359926365,0.5396463861162838,0.0,1000
OOD,qwen25_7b,19,movies,truthfulqa_binary,movies->truthfulqa_binary,0.3374726449183164,0.4401273088599578,0.22850670273340004,0.0,1000,0.3612736865319694,0.4182935225057569,0.3069007588555493,1.0,1000,0.6387263134680305,0.698589646465686,0.5793984353550878,0.0,1000,Qwen2.5-7B,401,147,483,548,,Movies source,TruthfulQA MC0,0.30125366854971414,0.3553255331420456,0.24895706876974247,1.0,1000,0.6987463314502859,0.7458685242597473,0.6421367786850297,0.0,1000
OOD,qwen25_7b,20,math,truthfulqa_binary,math->truthfulqa_binary,0.30907425314265363,0.41466804781861,0.1853341324332206,0.0,1000,0.3526557755271685,0.4099820765975067,0.2975501161269046,1.0,1000,0.6473442244728316,0.7026105183650414,0.5896785474413709,0.0,1000,Qwen2.5-7B,401,147,483,548,,Math source,TruthfulQA MC0,0.33826997133017794,0.39751967163958346,0.2865416024196076,1.0,1000,0.661730028669822,0.7183555431116374,0.6078512465834707,0.0,1000
OOD,qwen25_7b,20,movies,truthfulqa_binary,movies->truthfulqa_binary,0.34386822060495026,0.44478362722386555,0.24571070636543194,0.0,1000,0.3492798615705634,0.40390319502386435,0.29860953153621755,1.0,1000,0.6507201384294367,0.7056621820688534,0.602426925716736,0.0,1000,Qwen2.5-7B,401,147,483,548,,Movies source,TruthfulQA MC0,0.3068519178244864,0.35869296298711856,0.26006991880572894,1.0,1000,0.6931480821755136,0.7440360518248442,0.6357843399368819,0.0,1000
OOD,qwen25_7b,21,math,truthfulqa_binary,math->truthfulqa_binary,0.3580165233175564,0.46220408530791157,0.255633467033081,0.0,1000,0.3250207813798836,0.3812205530636039,0.2751287105978344,1.0,1000,0.6749792186201163,0.7306207570629724,0.618998707922197,0.0,1000,Qwen2.5-7B,401,147,483,548,,Math source,TruthfulQA MC0,0.31696269530255994,0.3683985511712741,0.26631706458385224,1.0,1000,0.6830373046974401,0.7313699486797747,0.63013241528773,0.0,1000
OOD,qwen25_7b,21,movies,truthfulqa_binary,movies->truthfulqa_binary,0.42689195378899686,0.5258584381998102,0.32009155296224473,0.0,1000,0.31177159142958927,0.36290418033632216,0.25879216746245176,1.0,1000,0.6882284085704107,0.739126878796737,0.6308288161243906,0.0,1000,Qwen2.5-7B,401,147,483,548,,Movies source,TruthfulQA MC0,0.2613364547814138,0.31051811322560574,0.21301764987975422,1.0,1000,0.7386635452185862,0.7869512551511746,0.6837714473094296,0.0,1000
OOD,qwen25_7b,22,math,truthfulqa_binary,math->truthfulqa_binary,0.30649566559790997,0.41447312607972164,0.1934220799152819,0.0,1000,0.33877890308242997,0.3959452246312528,0.28459613917184995,1.0,1000,0.66122109691757,0.7154349886270096,0.603971849430962,0.0,1000,Qwen2.5-7B,401,147,483,548,,Math source,TruthfulQA MC0,0.35472543131966006,0.4091059929035509,0.3035546614677648,1.0,1000,0.6452745686803399,0.697872237175223,0.5914993516285275,0.0,1000
OOD,qwen25_7b,22,movies,truthfulqa_binary,movies->truthfulqa_binary,0.41552581132203503,0.5204644910857544,0.3066368289653916,0.0,1000,0.3091251463178788,0.3658655567490154,0.2575896333962175,1.0,1000,0.6908748536821212,0.7434815009359419,0.6325180263712659,0.0,1000,Qwen2.5-7B,401,147,483,548,,Movies source,TruthfulQA MC0,0.27534904236008617,0.33088601530770956,0.2279987363802624,1.0,1000,0.7246509576399138,0.777435618388919,0.6696291191165291,0.0,1000
OOD,qwen25_7b,23,math,truthfulqa_binary,math->truthfulqa_binary,0.2796579978624867,0.38565946486741315,0.16729467626672448,0.0,1000,0.36205404855208917,0.41684031444351444,0.3125196911997812,1.0,1000,0.6379459514479109,0.6919288437809017,0.578430786313783,0.0,1000,Qwen2.5-7B,401,147,483,548,,Math source,TruthfulQA MC0,0.3582879535854242,0.4144626003657827,0.30578872164443777,1.0,1000,0.6417120464145758,0.6914235520149035,0.5866231432433613,0.0,1000
OOD,qwen25_7b,23,movies,truthfulqa_binary,movies->truthfulqa_binary,0.358237060410199,0.46116681281840205,0.26152642631738615,0.0,1000,0.3324342205710214,0.385720223565734,0.2827687010552263,1.0,1000,0.6675657794289785,0.7186913353304285,0.6153684219960992,0.0,1000,Qwen2.5-7B,401,147,483,548,,Movies source,TruthfulQA MC0,0.30932871901877956,0.3648157671585094,0.2575515904148446,1.0,1000,0.6906712809812204,0.7427066628234207,0.6334367351346123,0.0,1000
OOD,qwen25_7b,24,math,truthfulqa_binary,math->truthfulqa_binary,0.28111693555227585,0.38911604705342184,0.16905515358286768,0.0,1000,0.35548882894803807,0.40823062714861336,0.302096820359696,1.0,1000,0.644511171051962,0.6988907966938125,0.5891044380892442,0.0,1000,Qwen2.5-7B,401,147,483,548,,Math source,TruthfulQA MC0,0.36339423549968614,0.4161060122598386,0.3111872952483584,1.0,1000,0.6366057645003138,0.6906515448259797,0.5826549362889712,0.0,1000
OOD,qwen25_7b,24,movies,truthfulqa_binary,movies->truthfulqa_binary,0.35704955298827756,0.45598559977618464,0.24213178311217223,0.0,1000,0.32917705735660846,0.38052785795512,0.27819241822650786,1.0,1000,0.6708229426433915,0.724404820590565,0.6144831623744487,0.0,1000,Qwen2.5-7B,401,147,483,548,,Movies source,TruthfulQA MC0,0.3137733896551139,0.37182773274619246,0.26172436050010334,1.0,1000,0.6862266103448861,0.7406982159219611,0.6280032492257362,0.0,1000
OOD,qwen25_7b,25,math,truthfulqa_binary,math->truthfulqa_binary,0.3007786655809456,0.40792530077865125,0.19976838139400083,0.0,1000,0.33528423838363275,0.3920905412770968,0.2859957368584927,1.0,1000,0.6647157616163673,0.7170156871318926,0.6094113761787021,0.0,1000,Qwen2.5-7B,401,147,483,548,,Math source,TruthfulQA MC0,0.3639370960354216,0.41975447338476024,0.3107958581588028,1.0,1000,0.6360629039645783,0.6871993088489239,0.5792369639456346,0.0,1000
OOD,qwen25_7b,25,movies,truthfulqa_binary,movies->truthfulqa_binary,0.43106519415746347,0.5273470981576859,0.3254773678359696,0.0,1000,0.2883437664342545,0.34629484963445095,0.2384376762030454,1.0,1000,0.7116562335657455,0.7616388999551142,0.6593952720282878,0.0,1000,Qwen2.5-7B,401,147,483,548,,Movies source,TruthfulQA MC0,0.280591039408282,0.332759902474976,0.22861264979555762,1.0,1000,0.719408960591718,0.771542852874321,0.665286433396368,0.0,1000
OOD,qwen25_7b,26,math,truthfulqa_binary,math->truthfulqa_binary,0.3013554549001645,0.4072808873588264,0.19143812968972967,0.0,1000,0.3339440514360358,0.39012268603746575,0.2816442148605307,1.0,1000,0.6660559485639642,0.7205550546567021,0.611212631931955,0.0,1000,Qwen2.5-7B,401,147,483,548,,Math source,TruthfulQA MC0,0.3647004936637997,0.418609282101,0.3126615611313294,1.0,1000,0.6352995063362004,0.6862867609011509,0.5789193674299283,0.0,1000
OOD,qwen25_7b,26,movies,truthfulqa_binary,movies->truthfulqa_binary,0.3044429741971602,0.4118436308365903,0.2047055289889953,0.0,1000,0.3432575025022478,0.39857273934495163,0.2908012568105572,1.0,1000,0.6567424974977523,0.7109526927888263,0.5986188963305655,0.0,1000,Qwen2.5-7B,401,147,483,548,,Movies source,TruthfulQA MC0,0.35229952330059205,0.4099041620898974,0.295356533006137,1.0,1000,0.6477004766994079,0.7049759539427268,0.5926314223297032,0.0,1000
OOD,qwen25_7b,27,math,truthfulqa_binary,math->truthfulqa_binary,0.15892242183656502,0.263006921132623,0.05214998273888404,0.0,1000,0.4059918231631805,0.4624907220988124,0.35176624932455847,1.0,1000,0.5940081768368195,0.6485862025866849,0.5427370966263293,0.0,1000,Qwen2.5-7B,401,147,483,548,,Math source,TruthfulQA MC0,0.4350857550002545,0.4918451914089163,0.38356885503547383,0.987,1000,0.5649142449997455,0.6217406302241327,0.5071033482800528,0.013,1000
OOD,qwen25_7b,27,movies,truthfulqa_binary,movies->truthfulqa_binary,0.18935654062123608,0.3074342939381898,0.07718687004199737,0.0,1000,0.41252311398374814,0.4639148222781044,0.35799641607231786,1.0,1000,0.5874768860162519,0.6399164155731654,0.5309450473625348,0.001,1000,Qwen2.5-7B,401,147,483,548,,Movies source,TruthfulQA MC0,0.39812034539501584,0.45313333286528107,0.34696727328200433,1.0,1000,0.6018796546049842,0.6557552286733198,0.547103047789478,0.0,1000
OOD,llama31_8b,0,math,truthfulqa_binary,math->truthfulqa_binary,-0.006950280112044849,0.09729016568389115,-0.1091761535258271,0.541,1000,0.51468837535014,0.5669956209008166,0.45536802057091375,0.315,1000,0.48531162464985994,0.5407807578812561,0.43048370601446584,0.709,1000,Llama-3.1-8B,357,160,459,517,,Math source,TruthfulQA MC0,0.4922619047619048,0.5517297214406831,0.4362345185857166,0.608,1000,0.5077380952380952,0.566862004859002,0.4525938111241033,0.397,1000
OOD,llama31_8b,0,movies,truthfulqa_binary,movies->truthfulqa_binary,0.0031162464985994287,0.03162725236442306,-0.023414635131493482,0.425,1000,0.5200980392156863,0.5811242801961635,0.461539794444699,0.237,1000,0.47990196078431374,0.5360511011347406,0.4213086170002224,0.758,1000,Llama-3.1-8B,357,160,459,517,,Movies source,TruthfulQA MC0,0.4767857142857143,0.5365283714075165,0.4156215143228268,0.777,1000,0.5232142857142857,0.580049595800587,0.463974906220072,0.218,1000
OOD,llama31_8b,1,math,truthfulqa_binary,math->truthfulqa_binary,0.015458683473389356,0.11894456875404502,-0.08866843503224744,0.37,1000,0.49865196078431373,0.5547284472265624,0.4427512396313807,0.539,1000,0.5013480392156863,0.5570003748913286,0.4452604553723649,0.482,1000,Llama-3.1-8B,357,160,459,517,,Math source,TruthfulQA MC0,0.4858893557422969,0.5452218010114769,0.429134805069022,0.68,1000,0.514110644257703,0.5736697958206436,0.4551297765931906,0.313,1000
OOD,llama31_8b,1,movies,truthfulqa_binary,movies->truthfulqa_binary,0.02899159663865547,0.05776730712237057,-0.0023942182468500175,0.034,1000,0.506827731092437,0.5653578684522126,0.45173785379964965,0.415,1000,0.49317226890756305,0.5519827391742729,0.43316388845538606,0.603,1000,Llama-3.1-8B,357,160,459,517,,Movies source,TruthfulQA MC0,0.4641806722689076,0.517603104432249,0.4050684779287163,0.891,1000,0.5358193277310924,0.592875440606445,0.47626363543330336,0.105,1000
OOD,llama31_8b,2,math,truthfulqa_binary,math->truthfulqa_binary,0.07875525210084033,0.17244965932438222,-0.016725428366846793,0.053,1000,0.4277048319327731,0.4811937535124199,0.37804075549745025,0.994,1000,0.5722951680672269,0.6212946801542912,0.5253014049763131,0.004,1000,Llama-3.1-8B,357,160,459,517,,Math source,TruthfulQA MC0,0.4935399159663866,0.5524027802291536,0.43444900423615385,0.6,1000,0.5064600840336134,0.5707975773968601,0.4478970879291121,0.407,1000
OOD,llama31_8b,2,movies,truthfulqa_binary,movies->truthfulqa_binary,0.05469187675070031,0.09874251545360109,0.011410731188539852,0.008,1000,0.5018207282913165,0.556929048720362,0.4431388548439213,0.471,1000,0.4981792717086835,0.5539697162444198,0.4420688559396724,0.488,1000,Llama-3.1-8B,357,160,459,517,,Movies source,TruthfulQA MC0,0.44348739495798317,0.49915322326891237,0.38856782094123143,0.976,1000,0.5565126050420168,0.6096661343976449,0.5029243290548696,0.018,1000
OOD,llama31_8b,3,math,truthfulqa_binary,math->truthfulqa_binary,0.04903711484593842,0.08927587860927773,0.010499374401113102,0.005,1000,0.4517156862745098,0.5063315636662005,0.3975129964772067,0.953,1000,0.5482843137254902,0.6046960074982793,0.492478698159527,0.047,1000,Llama-3.1-8B,357,160,459,517,,Math source,TruthfulQA MC0,0.4992471988795518,0.550979043686999,0.445069815636038,0.518,1000,0.5007528011204482,0.558809769626196,0.4435716989327377,0.48,1000
OOD,llama31_8b,3,movies,truthfulqa_binary,movies->truthfulqa_binary,-0.02333683473389353,0.017294960335235292,-0.06519790688865833,0.878,1000,0.5313200280112045,0.5849547715143143,0.47275517278005313,0.13,1000,0.4686799719887955,0.5267057242459436,0.41320270556555844,0.855,1000,Llama-3.1-8B,357,160,459,517,,Movies source,TruthfulQA MC0,0.49201680672268905,0.548075016360222,0.4329008851054154,0.612,1000,0.5079831932773109,0.5669467524134545,0.443385486712742,0.4,1000
OOD,llama31_8b,4,math,truthfulqa_binary,math->truthfulqa_binary,0.030899859943977592,0.12778582869920038,-0.07088370758229905,0.296,1000,0.4529936974789916,0.5086976357680557,0.3984044175096116,0.945,1000,0.5470063025210085,0.6009284179692423,0.4878872434592352,0.057,1000,Llama-3.1-8B,357,160,459,517,,Math source,TruthfulQA MC0,0.5161064425770309,0.5714699219584346,0.4571442668971345,0.316,1000,0.4838935574229692,0.5383163218712921,0.43124882749315857,0.698,1000
OOD,llama31_8b,4,movies,truthfulqa_binary,movies->truthfulqa_binary,-0.05332633053221286,0.020735514886913126,-0.12422324498361022,0.923,1000,0.5399859943977591,0.5974849422662385,0.4851631621020612,0.088,1000,0.46001400560224087,0.5177256760317277,0.403989123762539,0.929,1000,Llama-3.1-8B,357,160,459,517,,Movies source,TruthfulQA MC0,0.5133403361344537,0.570417187602597,0.46132425709575214,0.308,1000,0.4866596638655462,0.5403532011028942,0.42925117291864084,0.665,1000
OOD,llama31_8b,5,math,truthfulqa_binary,math->truthfulqa_binary,-0.005497198879551801,0.10205066005321754,-0.1198880493874701,0.528,1000,0.505234593837535,0.5637731650203572,0.44864706383118813,0.436,1000,0.494765406162465,0.5528590821617905,0.4413088042418006,0.554,1000,Llama-3.1-8B,357,160,459,517,,Math source,TruthfulQA MC0,0.5002626050420168,0.560554982474749,0.4455356971208093,0.485,1000,0.4997373949579832,0.5543228854736987,0.4425359736011925,0.524,1000
OOD,llama31_8b,5,movies,truthfulqa_binary,movies->truthfulqa_binary,-0.15420168067226891,-0.03962675109029756,-0.2653825485557868,0.998,1000,0.5873074229691877,0.637616986502662,0.5298988005046698,0.002,1000,0.4126925770308123,0.47307181391213016,0.3558815736556673,0.997,1000,Llama-3.1-8B,357,160,459,517,,Movies source,TruthfulQA MC0,0.5668942577030812,0.6256110357267262,0.5140439683312754,0.005,1000,0.4331057422969188,0.4892362588368277,0.3799253404560254,0.993,1000
OOD,llama31_8b,6,math,truthfulqa_binary,math->truthfulqa_binary,-0.013410364145658216,0.10598756710343242,-0.12902839085209766,0.606,1000,0.5224264705882353,0.5741563036362551,0.46411892053412357,0.211,1000,0.47757352941176473,0.5342408409247883,0.42449468077135677,0.794,1000,Llama-3.1-8B,357,160,459,517,,Math source,TruthfulQA MC0,0.49098389355742295,0.5458924709643097,0.43471534452232985,0.616,1000,0.509016106442577,0.5673749089246082,0.452471225377457,0.377,1000
OOD,llama31_8b,6,movies,truthfulqa_binary,movies->truthfulqa_binary,-0.14690126050420166,-0.03315263263356165,-0.25206441167193605,0.996,1000,0.5752450980392156,0.6269344971063053,0.5187666825997955,0.004,1000,0.4247549019607843,0.47784983129524083,0.3687805852241516,0.995,1000,Llama-3.1-8B,357,160,459,517,,Movies source,TruthfulQA MC0,0.571656162464986,0.6251763113883116,0.517388638624655,0.006,1000,0.428343837535014,0.4873302820549027,0.3721905326816041,0.996,1000
OOD,llama31_8b,7,math,truthfulqa_binary,math->truthfulqa_binary,-0.04012605042016809,0.06508629192877186,-0.14186105506029797,0.756,1000,0.5564250700280112,0.6126839828379083,0.4971281975896892,0.029,1000,0.4435749299719888,0.49829809467130365,0.38636934583750415,0.976,1000,Llama-3.1-8B,357,160,459,517,,Math source,TruthfulQA MC0,0.48370098039215687,0.5419949284442991,0.42468613081049783,0.702,1000,0.5162990196078432,0.572755837313147,0.460610990012556,0.271,1000
OOD,llama31_8b,7,movies,truthfulqa_binary,movies->truthfulqa_binary,-0.12426470588235294,-0.027745090107037913,-0.22370048236322523,0.995,1000,0.5323179271708683,0.5875742179913316,0.4806750038754349,0.105,1000,0.46768207282913166,0.5230424937337058,0.4103242694599781,0.885,1000,Llama-3.1-8B,357,160,459,517,,Movies source,TruthfulQA MC0,0.5919467787114846,0.6512102312650563,0.536460221068692,0.001,1000,0.4080532212885154,0.46207127279682075,0.3550539093870119,1.0,1000
OOD,llama31_8b,8,math,truthfulqa_binary,math->truthfulqa_binary,-0.036712184873949616,0.07407154302292414,-0.1401797450942826,0.754,1000,0.5086134453781512,0.5678746618041716,0.45469616854269923,0.4,1000,0.4913865546218487,0.550062045740987,0.4324894540942928,0.599,1000,Llama-3.1-8B,357,160,459,517,,Math source,TruthfulQA MC0,0.5280987394957983,0.5861658647746081,0.4707454970112669,0.17,1000,0.47190126050420167,0.5292413204404381,0.4159760871572434,0.816,1000
OOD,llama31_8b,8,movies,truthfulqa_binary,movies->truthfulqa_binary,-0.06175595238095233,0.043778692323604304,-0.15235018199564818,0.874,1000,0.5053921568627451,0.560573564333336,0.45268896886684945,0.402,1000,0.4946078431372549,0.5481879304302323,0.44421524384739064,0.57,1000,Llama-3.1-8B,357,160,459,517,,Movies source,TruthfulQA MC0,0.5563637955182072,0.616341615754804,0.4981854723249721,0.029,1000,0.4436362044817927,0.5031953764950994,0.38368556731964343,0.967,1000
OOD,llama31_8b,9,math,truthfulqa_binary,math->truthfulqa_binary,0.08940826330532209,0.20772613167705123,-0.024601716456274656,0.063,1000,0.4275210084033613,0.49214661008160376,0.3681261932762796,0.989,1000,0.5724789915966386,0.6303642161188784,0.5121995046326465,0.01,1000,Llama-3.1-8B,357,160,459,517,,Math source,TruthfulQA MC0,0.48307072829131653,0.5443951084759844,0.42404912911218856,0.691,1000,0.5169292717086835,0.5759726555334446,0.45202077491148007,0.29,1000
OOD,llama31_8b,9,movies,truthfulqa_binary,movies->truthfulqa_binary,0.29642857142857143,0.3884992011097698,0.19835475950652637,0.0,1000,0.24907212885154062,0.29484358746875455,0.20657555723381704,1.0,1000,0.7509278711484594,0.7939943716354515,0.7056432450148691,0.0,1000,Llama-3.1-8B,357,160,459,517,,Movies source,TruthfulQA MC0,0.45449929971988795,0.5161740407422049,0.39114523689687225,0.923,1000,0.545500700280112,0.6071248814965177,0.4853497461110019,0.069,1000
OOD,llama31_8b,10,math,truthfulqa_binary,math->truthfulqa_binary,0.10887605042016807,0.22381553590226308,-0.015580731228024208,0.043,1000,0.43445378151260505,0.4990652214198632,0.3744474000313205,0.976,1000,0.565546218487395,0.6258678223526853,0.5073571729958302,0.017,1000,Llama-3.1-8B,357,160,459,517,,Math source,TruthfulQA MC0,0.4566701680672269,0.5189512570272694,0.4008663923193845,0.905,1000,0.5433298319327731,0.6044871470049819,0.4857459163470906,0.076,1000
OOD,llama31_8b,10,movies,truthfulqa_binary,movies->truthfulqa_binary,0.17666316526610643,0.29498190341619446,0.06551177511335438,0.002,1000,0.34620098039215685,0.4029770738279135,0.2885532526052291,1.0,1000,0.6537990196078431,0.7133177575510206,0.5939288268825131,0.0,1000,Llama-3.1-8B,357,160,459,517,,Movies source,TruthfulQA MC0,0.4771358543417367,0.5409559032679676,0.41933205072069407,0.767,1000,0.5228641456582633,0.5876371116399338,0.45694943502737356,0.236,1000
OOD,llama31_8b,11,math,truthfulqa_binary,math->truthfulqa_binary,0.14066876750700275,0.256571914979544,0.033153877606651234,0.008,1000,0.4219887955182073,0.48093141763847763,0.3658223174367297,0.997,1000,0.5780112044817927,0.6347108361968556,0.5197763289999284,0.004,1000,Llama-3.1-8B,357,160,459,517,,Math source,TruthfulQA MC0,0.4373424369747899,0.4914484463276836,0.38356835940883965,0.99,1000,0.5626575630252101,0.622991332208143,0.5061578964941457,0.016,1000
OOD,llama31_8b,11,movies,truthfulqa_binary,movies->truthfulqa_binary,0.298704481792717,0.3993108309805395,0.19592832522599443,0.0,1000,0.24017857142857144,0.28889143868472617,0.19279724688747635,1.0,1000,0.7598214285714285,0.8054783867372033,0.7117464882455796,0.0,1000,Llama-3.1-8B,357,160,459,517,,Movies source,TruthfulQA MC0,0.4611169467787115,0.5142454116792504,0.40237877742161704,0.923,1000,0.5388830532212885,0.5954598373822341,0.4843294251720247,0.087,1000
OOD,llama31_8b,12,math,truthfulqa_binary,math->truthfulqa_binary,0.29429271708683474,0.39254459944123427,0.1905861607311043,0.0,1000,0.37307422969187676,0.4268954744173092,0.3212479525357647,1.0,1000,0.6269257703081232,0.6801515253200441,0.5737484070252545,0.0,1000,Llama-3.1-8B,357,160,459,517,,Math source,TruthfulQA MC0,0.3326330532212885,0.3806217437572254,0.28367201627964855,1.0,1000,0.6673669467787114,0.7164327939395558,0.6158848359786406,0.0,1000
OOD,llama31_8b,12,movies,truthfulqa_binary,movies->truthfulqa_binary,0.388515406162465,0.4870206164231438,0.284199346886726,0.0,1000,0.2583858543417367,0.3031843565350253,0.2126281378621001,1.0,1000,0.7416141456582633,0.7911060173649549,0.6940345322895798,0.0,1000,Llama-3.1-8B,357,160,459,517,,Movies source,TruthfulQA MC0,0.35309873949579834,0.4071008019818997,0.300033364389109,1.0,1000,0.6469012605042017,0.692575532404395,0.5952795774099852,0.0,1000
OOD,llama31_8b,13,math,truthfulqa_binary,math->truthfulqa_binary,0.28811274509803925,0.3870159161034716,0.1894335709105222,0.0,1000,0.34698879551820727,0.394090132362456,0.2932332736965794,1.0,1000,0.6530112044817927,0.7040220858724409,0.6014611252606195,0.0,1000,Llama-3.1-8B,357,160,459,517,,Math source,TruthfulQA MC0,0.3648984593837535,0.417890486863133,0.31322512634026267,1.0,1000,0.6351015406162465,0.6842546617141789,0.5824774023017559,0.0,1000
OOD,llama31_8b,13,movies,truthfulqa_binary,movies->truthfulqa_binary,0.5102065826330532,0.5987140610183982,0.41756389414769435,0.0,1000,0.21437324929971988,0.25418912001660193,0.17369488696727226,1.0,1000,0.7856267507002801,0.8251784459677255,0.7418461144961752,0.0,1000,Llama-3.1-8B,357,160,459,517,,Movies source,TruthfulQA MC0,0.2754201680672269,0.32563860327838295,0.22970248306313878,1.0,1000,0.7245798319327731,0.7751907535738294,0.6764873572555793,0.0,1000
OOD,llama31_8b,14,math,truthfulqa_binary,math->truthfulqa_binary,0.3042366946778711,0.39238657503417257,0.2120236992497106,0.0,1000,0.3424719887955182,0.38875950132281895,0.2955111137557197,1.0,1000,0.6575280112044818,0.701113853086761,0.6053194132340308,0.0,1000,Llama-3.1-8B,357,160,459,517,,Math source,TruthfulQA MC0,0.35329131652661067,0.40230205012513987,0.30657516695272635,1.0,1000,0.6467086834733894,0.6961015932319656,0.5992839478269436,0.0,1000
OOD,llama31_8b,14,movies,truthfulqa_binary,movies->truthfulqa_binary,0.3860994397759103,0.4788424931293689,0.278208983121069,0.0,1000,0.2977065826330532,0.3487030950897482,0.24766602396624576,1.0,1000,0.7022934173669467,0.7501149578412198,0.6571060724664685,0.0,1000,Llama-3.1-8B,357,160,459,517,,Movies source,TruthfulQA MC0,0.3161939775910364,0.3650185774111276,0.26813246733323404,1.0,1000,0.6838060224089636,0.7293664516045699,0.6325746167390995,0.0,1000
OOD,llama31_8b,15,math,truthfulqa_binary,math->truthfulqa_binary,0.34382002801120454,0.4245828513913728,0.2490778143874583,0.0,1000,0.3206757703081233,0.37140614756540913,0.2781592374769891,1.0,1000,0.6793242296918768,0.7282353445165946,0.6335754488919042,0.0,1000,Llama-3.1-8B,357,160,459,517,,Math source,TruthfulQA MC0,0.33550420168067224,0.3842598478233217,0.28595601909888996,1.0,1000,0.6644957983193277,0.7155687616754117,0.6137957985991258,0.0,1000
OOD,llama31_8b,15,movies,truthfulqa_binary,movies->truthfulqa_binary,0.3067051820728291,0.4111496571304981,0.2015713300051531,0.0,1000,0.3330532212885154,0.38636042805692217,0.28564901208298527,1.0,1000,0.6669467787114846,0.7148719690721749,0.6175525416598026,0.0,1000,Llama-3.1-8B,357,160,459,517,,Movies source,TruthfulQA MC0,0.36024159663865546,0.41067619332442085,0.30886413898000986,1.0,1000,0.6397584033613445,0.6915597617158168,0.5858694884739267,0.0,1000
OOD,llama31_8b,16,math,truthfulqa_binary,math->truthfulqa_binary,0.37352941176470583,0.4634496775966747,0.27429807242179916,0.0,1000,0.30341386554621846,0.35184032314031716,0.2581331755843803,1.0,1000,0.6965861344537815,0.7433640629958631,0.6467464262508121,0.0,1000,Llama-3.1-8B,357,160,459,517,,Math source,TruthfulQA MC0,0.32305672268907565,0.3671935881607952,0.27888564631391655,1.0,1000,0.6769432773109244,0.7227955030541517,0.6253919121415072,0.0,1000
OOD,llama31_8b,16,movies,truthfulqa_binary,movies->truthfulqa_binary,0.38928571428571423,0.4910948320214785,0.2836691221067004,0.0,1000,0.3022408963585434,0.3543048319804847,0.25468414079354973,1.0,1000,0.6977591036414565,0.7491845673526863,0.6482091509415948,0.0,1000,Llama-3.1-8B,357,160,459,517,,Movies source,TruthfulQA MC0,0.3084733893557423,0.36037021927587964,0.26145096038928645,1.0,1000,0.6915266106442577,0.7431914885525338,0.6438075720406158,0.0,1000
OOD,llama31_8b,17,math,truthfulqa_binary,math->truthfulqa_binary,0.4145133053221289,0.5058193006318007,0.3247489375673164,0.0,1000,0.28653711484593836,0.3343458279598047,0.23975267119975344,1.0,1000,0.7134628851540616,0.7595359317267433,0.6616334485222025,0.0,1000,Llama-3.1-8B,357,160,459,517,,Math source,TruthfulQA MC0,0.29894957983193277,0.34634461662084887,0.25338829804428853,1.0,1000,0.7010504201680672,0.7473302392768844,0.6491292189817667,0.0,1000
OOD,llama31_8b,17,movies,truthfulqa_binary,movies->truthfulqa_binary,0.4314775910364146,0.534242440242236,0.3302665846549505,0.0,1000,0.2906512605042017,0.3410249324080908,0.24220609492047654,1.0,1000,0.7093487394957984,0.7598963863116404,0.6563651557641376,0.0,1000,Llama-3.1-8B,357,160,459,517,,Movies source,TruthfulQA MC0,0.27787114845938377,0.3282186770212408,0.22722587262757293,1.0,1000,0.7221288515406162,0.7690874903544249,0.6682912714329675,0.0,1000
OOD,llama31_8b,18,math,truthfulqa_binary,math->truthfulqa_binary,0.4414740896358543,0.5308540250351748,0.35264958021130827,0.0,1000,0.28033963585434174,0.32955555471731607,0.2352012820690715,1.0,1000,0.7196603641456583,0.7642215807411747,0.6693016572531808,0.0,1000,Llama-3.1-8B,357,160,459,517,,Math source,TruthfulQA MC0,0.27818627450980393,0.33040085045417084,0.23501804345158875,1.0,1000,0.7218137254901961,0.7656238449160658,0.6741639948157234,0.0,1000
OOD,llama31_8b,18,movies,truthfulqa_binary,movies->truthfulqa_binary,0.42491246498599444,0.5224232021806443,0.3179809291548993,0.0,1000,0.28993347338935577,0.34251798359063457,0.2393240056632364,1.0,1000,0.7100665266106443,0.7579215617811541,0.659484004480025,0.0,1000,Llama-3.1-8B,357,160,459,517,,Movies source,TruthfulQA MC0,0.28515406162464985,0.33653942936074244,0.238927593509458,1.0,1000,0.7148459383753502,0.7617299771939955,0.6600234877272674,0.0,1000
OOD,llama31_8b,19,math,truthfulqa_binary,math->truthfulqa_binary,0.45301120448179266,0.5397569611969125,0.36215251135669574,0.0,1000,0.2677170868347339,0.31495104552387776,0.22392590380125493,1.0,1000,0.7322829131652661,0.7770983613644304,0.6842617482982599,0.0,1000,Llama-3.1-8B,357,160,459,517,,Math source,TruthfulQA MC0,0.2792717086834734,0.3275532727844488,0.23375999967419714,1.0,1000,0.7207282913165266,0.7670369289894411,0.670930497411481,0.0,1000
OOD,llama31_8b,19,movies,truthfulqa_binary,movies->truthfulqa_binary,0.44544817927170866,0.5455688930670923,0.34053820242706007,0.0,1000,0.2761029411764706,0.3277266075588158,0.2243707823200907,1.0,1000,0.7238970588235294,0.7728880795297619,0.67117447607368,0.0,1000,Llama-3.1-8B,357,160,459,517,,Movies source,TruthfulQA MC0,0.27844887955182074,0.3352862100834404,0.22877329438214863,1.0,1000,0.7215511204481793,0.7695193653673675,0.6698882147643501,0.0,1000
OOD,llama31_8b,20,math,truthfulqa_binary,math->truthfulqa_binary,0.45411414565826336,0.5379575919369429,0.36512500621748833,0.0,1000,0.2606792717086835,0.30685232498195936,0.21736136087871866,1.0,1000,0.7393207282913166,0.7840329264698482,0.6912066255870677,0.0,1000,Llama-3.1-8B,357,160,459,517,,Math source,TruthfulQA MC0,0.2852065826330532,0.3302114667366007,0.23787258933288977,1.0,1000,0.7147934173669468,0.7644333822424655,0.6644534206771432,0.0,1000
OOD,llama31_8b,20,movies,truthfulqa_binary,movies->truthfulqa_binary,0.4373249299719888,0.5288440873053777,0.3427959313555918,0.0,1000,0.28007703081232493,0.33009722867316754,0.22686629503175335,1.0,1000,0.7199229691876751,0.7693301368709213,0.6702687314014372,0.0,1000,Llama-3.1-8B,357,160,459,517,,Movies source,TruthfulQA MC0,0.28259803921568627,0.3350909749889504,0.23711158219654965,1.0,1000,0.7174019607843137,0.7647103267654012,0.6667216618773922,0.0,1000
OOD,llama31_8b,21,math,truthfulqa_binary,math->truthfulqa_binary,0.43103991596638663,0.5319004199713223,0.3394035926313952,0.0,1000,0.26502100840336135,0.3159339537318349,0.219898059633832,1.0,1000,0.7349789915966387,0.7809322436140284,0.6862380040338376,0.0,1000,Llama-3.1-8B,357,160,459,517,,Math source,TruthfulQA MC0,0.3039390756302521,0.35056697582478946,0.25632815919536034,1.0,1000,0.6960609243697479,0.7438061782746339,0.6483305092934191,0.0,1000
OOD,llama31_8b,21,movies,truthfulqa_binary,movies->truthfulqa_binary,0.4428221288515406,0.5305379135204256,0.3395746242588772,0.0,1000,0.2747198879551821,0.32433014068108335,0.22723648975286506,1.0,1000,0.7252801120448179,0.7766270485492466,0.6736912056351211,0.0,1000,Llama-3.1-8B,357,160,459,517,,Movies source,TruthfulQA MC0,0.2824579831932773,0.33443833784011573,0.23424165994166216,1.0,1000,0.7175420168067227,0.7645904971350664,0.6664252535870017,0.0,1000
OOD,llama31_8b,22,math,truthfulqa_binary,math->truthfulqa_binary,0.42407212885154055,0.5154750830958066,0.3232208628971228,0.0,1000,0.2709908963585434,0.3188171721202447,0.22340142187621595,1.0,1000,0.7290091036414565,0.778285166955895,0.6822884475792114,0.0,1000,Llama-3.1-8B,357,160,459,517,,Math source,TruthfulQA MC0,0.304936974789916,0.3530349873655791,0.2587658890609771,1.0,1000,0.695063025210084,0.7400844495704085,0.6469522355838706,0.0,1000
OOD,llama31_8b,22,movies,truthfulqa_binary,movies->truthfulqa_binary,0.43100490196078434,0.5330914618222344,0.31599401135057975,0.0,1000,0.2799719887955182,0.32933114473403685,0.23099817321427718,1.0,1000,0.7200280112044818,0.7660467143827195,0.6693754461059412,0.0,1000,Llama-3.1-8B,357,160,459,517,,Movies source,TruthfulQA MC0,0.28902310924369745,0.3410680439160505,0.2389171553796603,1.0,1000,0.7109768907563025,0.7569780200931144,0.6600800856340573,0.0,1000
OOD,llama31_8b,23,math,truthfulqa_binary,math->truthfulqa_binary,0.433858543417367,0.5264707442994406,0.3313139914609274,0.0,1000,0.2634278711484594,0.31146253901197407,0.22017344926613255,1.0,1000,0.7365721288515407,0.7788789429092317,0.6869974237931767,0.0,1000,Llama-3.1-8B,357,160,459,517,,Math source,TruthfulQA MC0,0.30271358543417365,0.35545475882004396,0.2537798928691863,1.0,1000,0.6972864145658263,0.7408301042241253,0.643873481314056,0.0,1000
OOD,llama31_8b,23,movies,truthfulqa_binary,movies->truthfulqa_binary,0.45763305322128844,0.5524272415065221,0.36470927411928206,0.0,1000,0.266281512605042,0.318947290706093,0.2197245336732486,1.0,1000,0.7337184873949579,0.7837218399640166,0.684828413943205,0.0,1000,Llama-3.1-8B,357,160,459,517,,Movies source,TruthfulQA MC0,0.2760854341736695,0.32866212016441143,0.2305447313248564,1.0,1000,0.7239145658263305,0.7704991587912478,0.67440058086798,0.0,1000
OOD,llama31_8b,24,math,truthfulqa_binary,math->truthfulqa_binary,0.39042366946778706,0.48528922715733824,0.2865265113806022,0.0,1000,0.2733893557422969,0.3196097297950427,0.22271046988526655,1.0,1000,0.726610644257703,0.7742256794069254,0.6770862055778742,0.0,1000,Llama-3.1-8B,357,160,459,517,,Math source,TruthfulQA MC0,0.336186974789916,0.3904706093906787,0.28709228376293544,1.0,1000,0.663813025210084,0.7090317117955163,0.6099294062040629,0.0,1000
OOD,llama31_8b,24,movies,truthfulqa_binary,movies->truthfulqa_binary,0.44063375350140055,0.5373759666625556,0.3452514587026718,0.0,1000,0.2759278711484594,0.3244892497463861,0.22525167124798015,1.0,1000,0.7240721288515406,0.7714233026868865,0.6760946127242626,0.0,1000,Llama-3.1-8B,357,160,459,517,,Movies source,TruthfulQA MC0,0.28343837535014005,0.33848954144255095,0.23585924271603756,1.0,1000,0.71656162464986,0.762337074424654,0.6650448626638725,0.0,1000
OOD,llama31_8b,25,math,truthfulqa_binary,math->truthfulqa_binary,0.40628501400560224,0.5012004407469174,0.3158848963536464,0.0,1000,0.2749124649859944,0.3214744962443073,0.22516542051283703,1.0,1000,0.7250875350140056,0.7757728282523055,0.6729700424875086,0.0,1000,Llama-3.1-8B,357,160,459,517,,Math source,TruthfulQA MC0,0.31880252100840334,0.36471297227686583,0.2705297127497492,1.0,1000,0.6811974789915967,0.7290808153845828,0.6323619991782893,0.0,1000
OOD,llama31_8b,25,movies,truthfulqa_binary,movies->truthfulqa_binary,0.42643557422969186,0.5192642269263984,0.31999516739331335,0.0,1000,0.28053221288515406,0.3339343377231096,0.2348103997798644,1.0,1000,0.7194677871148459,0.7682670408470713,0.6695409996235372,0.0,1000,Llama-3.1-8B,357,160,459,517,,Movies source,TruthfulQA MC0,0.2930322128851541,0.3455064596060617,0.2437405310121074,1.0,1000,0.706967787114846,0.754871081384361,0.6563438416817903,0.0,1000
OOD,llama31_8b,26,math,truthfulqa_binary,math->truthfulqa_binary,0.40218837535014,0.4950280613003348,0.30043527840891954,0.0,1000,0.26706932773109243,0.31269990327098035,0.22040444924981425,1.0,1000,0.7329306722689075,0.7770441797302092,0.6843758696986487,0.0,1000,Llama-3.1-8B,357,160,459,517,,Math source,TruthfulQA MC0,0.3307422969187675,0.385476446360299,0.27883018741619475,1.0,1000,0.6692577030812324,0.7187044408036837,0.6170918000412269,0.0,1000
OOD,llama31_8b,26,movies,truthfulqa_binary,movies->truthfulqa_binary,0.44483543417366944,0.5394640165129032,0.3490970490131565,0.0,1000,0.26778711484593837,0.3181007765216398,0.2206204046354031,1.0,1000,0.7322128851540616,0.7821230383463643,0.6839211118101266,0.0,1000,Llama-3.1-8B,357,160,459,517,,Movies source,TruthfulQA MC0,0.28737745098039214,0.33698503100915533,0.2377607077221256,1.0,1000,0.7126225490196079,0.7602293502659893,0.6634799877991145,0.0,1000
OOD,llama31_8b,27,math,truthfulqa_binary,math->truthfulqa_binary,0.3947829131652661,0.49254741054400475,0.295374152261377,0.0,1000,0.27949929971988796,0.330331155242029,0.2326095847585397,1.0,1000,0.720500700280112,0.7662239376123453,0.6746568669271483,0.0,1000,Llama-3.1-8B,357,160,459,517,,Math source,TruthfulQA MC0,0.32571778711484595,0.373768499240286,0.27411322350502815,1.0,1000,0.6742822128851541,0.7213534708531278,0.6258929892529228,0.0,1000
OOD,llama31_8b,27,movies,truthfulqa_binary,movies->truthfulqa_binary,0.41775210084033615,0.5084691621726607,0.3200908574259816,0.0,1000,0.27990196078431373,0.328913038591938,0.23400626440845487,1.0,1000,0.7200980392156863,0.7681247231785994,0.6681222576057159,0.0,1000,Llama-3.1-8B,357,160,459,517,,Movies source,TruthfulQA MC0,0.3023459383753501,0.35316313680717765,0.2522122865517868,1.0,1000,0.6976540616246498,0.7466074325347911,0.6455890242966222,0.0,1000
OOD,llama31_8b,28,math,truthfulqa_binary,math->truthfulqa_binary,0.4229691876750701,0.5168837101213424,0.32785191660670054,0.0,1000,0.2641981792717087,0.3141778412342353,0.2198408321504849,1.0,1000,0.7358018207282914,0.7843551553266973,0.68676915017358,0.0,1000,Llama-3.1-8B,357,160,459,517,,Math source,TruthfulQA MC0,0.3128326330532213,0.36297655203477563,0.26268253012423626,1.0,1000,0.6871673669467787,0.7350154547683304,0.6320735128347094,0.0,1000
OOD,llama31_8b,28,movies,truthfulqa_binary,movies->truthfulqa_binary,0.44024859943977585,0.5294941807742409,0.3397682847729199,0.0,1000,0.2672268907563025,0.3150541591442383,0.21900685227067646,1.0,1000,0.7327731092436974,0.778639806587574,0.6821255970155532,0.0,1000,Llama-3.1-8B,357,160,459,517,,Movies source,TruthfulQA MC0,0.2925245098039216,0.3408807181934583,0.2472965233000164,1.0,1000,0.7074754901960785,0.7553707555660971,0.6583846948052511,0.0,1000
OOD,llama31_8b,29,math,truthfulqa_binary,math->truthfulqa_binary,0.41832983193277307,0.5148971286111861,0.32390043863657136,0.0,1000,0.2689075630252101,0.32104335694616976,0.22455265484817116,1.0,1000,0.7310924369747899,0.7792737674316731,0.6838813771179018,0.0,1000,Llama-3.1-8B,357,160,459,517,,Math source,TruthfulQA MC0,0.3127626050420168,0.3692709675702599,0.2629056981820718,1.0,1000,0.6872373949579832,0.7398773426301214,0.6369835749309416,0.0,1000
OOD,llama31_8b,29,movies,truthfulqa_binary,movies->truthfulqa_binary,0.4222338935574229,0.521080581342697,0.3206258332260455,0.0,1000,0.2702380952380952,0.3149106378754484,0.22013476942358332,1.0,1000,0.7297619047619047,0.7760436723833974,0.6737829581496425,0.0,1000,Llama-3.1-8B,357,160,459,517,,Movies source,TruthfulQA MC0,0.3075280112044818,0.3604920140864148,0.2592743882405509,1.0,1000,0.6924719887955182,0.7441456768742178,0.6416705774578708,0.0,1000
OOD,llama31_8b,30,math,truthfulqa_binary,math->truthfulqa_binary,0.39858193277310927,0.5007665703279215,0.2983262573742135,0.0,1000,0.28739495798319326,0.34029247949503266,0.2365907964650627,1.0,1000,0.7126050420168067,0.7619637938204296,0.6601294689335125,0.0,1000,Llama-3.1-8B,357,160,459,517,,Math source,TruthfulQA MC0,0.3140231092436975,0.36712575867057884,0.263409244969148,1.0,1000,0.6859768907563025,0.7373577547353769,0.6314384502483817,0.0,1000
OOD,llama31_8b,30,movies,truthfulqa_binary,movies->truthfulqa_binary,0.4230567226890756,0.5187028158915765,0.3184930249599734,0.0,1000,0.2756477591036415,0.32776455201393084,0.2297112137421598,1.0,1000,0.7243522408963585,0.7704806662638245,0.6733877557755306,0.0,1000,Llama-3.1-8B,357,160,459,517,,Movies source,TruthfulQA MC0,0.3012955182072829,0.35689914276200907,0.2511798026467943,1.0,1000,0.698704481792717,0.747962586377696,0.641696221174005,0.0,1000
OOD,llama31_8b,31,math,truthfulqa_binary,math->truthfulqa_binary,0.3849789915966386,0.4787445535449787,0.2865501632259564,0.0,1000,0.29971988795518206,0.351669686194768,0.2510156661680641,1.0,1000,0.7002801120448179,0.7501994342948811,0.6481263116554666,0.0,1000,Llama-3.1-8B,357,160,459,517,,Math source,TruthfulQA MC0,0.31530112044817926,0.3679990710735051,0.26654319818345007,1.0,1000,0.6846988795518207,0.7349123077366962,0.6298296634828948,0.0,1000
OOD,llama31_8b,31,movies,truthfulqa_binary,movies->truthfulqa_binary,0.42048319327731093,0.5234033612758109,0.3139476258338791,0.0,1000,0.27785364145658265,0.32913044205636904,0.2310370121442477,1.0,1000,0.7221463585434174,0.7698492189047295,0.669729438023164,0.0,1000,Llama-3.1-8B,357,160,459,517,,Movies source,TruthfulQA MC0,0.3016631652661064,0.3520235072999358,0.2495253272015177,1.0,1000,0.6983368347338935,0.7506548318967257,0.6447434613816087,0.0,1000
OOD,qwen25_14b,0,math,truthfulqa_binary,math->truthfulqa_binary,0.0862162750217581,0.2681131260794472,-0.10027627467105264,0.163,1000,0.4317341166231506,0.5264538411852612,0.33842805665510617,0.918,1000,0.5682658833768495,0.6568839518019802,0.4703039874826431,0.088,1000,Qwen2.5-14B,383,48,388,431,,Math source,TruthfulQA MC0,0.48204960835509136,0.5724940999558875,0.3926586961653265,0.639,1000,0.5179503916449086,0.6109315802123763,0.4339719300797015,0.369,1000
OOD,qwen25_14b,0,movies,truthfulqa_binary,movies->truthfulqa_binary,-0.008050478677110506,0.07444566344911538,-0.08329404067584782,0.583,1000,0.4630657093124456,0.5627717601081192,0.36664536120396407,0.776,1000,0.5369342906875544,0.6290571392255252,0.4336929329085275,0.235,1000,Qwen2.5-14B,383,48,388,431,,Movies source,TruthfulQA MC0,0.5449847693646649,0.6349462174936189,0.45668345915012787,0.174,1000,0.45501523063533506,0.5475028536329248,0.36658148717255634,0.833,1000
OOD,qwen25_14b,1,math,truthfulqa_binary,math->truthfulqa_binary,0.11673194081810268,0.2862513250913503,-0.06292861009815855,0.099,1000,0.42433637946040037,0.5234114863934446,0.331933686216266,0.948,1000,0.5756636205395996,0.6652409985673549,0.4757081938282693,0.059,1000,Qwen2.5-14B,383,48,388,431,,Math source,TruthfulQA MC0,0.45893167972149695,0.5488804601529046,0.36879759675253365,0.84,1000,0.541068320278503,0.6277255183162694,0.45023119352362173,0.168,1000
OOD,qwen25_14b,1,movies,truthfulqa_binary,movies->truthfulqa_binary,-0.02420583115752828,0.04754943033467841,-0.09854405143074398,0.721,1000,0.47046344647519583,0.5649370126224512,0.3769380878171479,0.713,1000,0.5295365535248042,0.6296829914463105,0.4299294356915757,0.265,1000,Qwen2.5-14B,383,48,388,431,,Movies source,TruthfulQA MC0,0.5537423846823325,0.6464196014529804,0.4652846979925201,0.099,1000,0.44625761531766756,0.5340873790922619,0.35814433306661925,0.881,1000
OOD,qwen25_14b,2,math,truthfulqa_binary,math->truthfulqa_binary,0.1541557876414273,0.33298823171269715,-0.02051542474311309,0.036,1000,0.4150348128807659,0.5093167400136196,0.32309138065092546,0.96,1000,0.5849651871192341,0.6805170849116162,0.49193053548798144,0.037,1000,Qwen2.5-14B,383,48,388,431,,Math source,TruthfulQA MC0,0.4308093994778068,0.5230577029076863,0.34610263583240086,0.935,1000,0.5691906005221932,0.6542235968709493,0.477397313209695,0.073,1000
OOD,qwen25_14b,2,movies,truthfulqa_binary,movies->truthfulqa_binary,0.022465187119234176,0.08016509570260737,-0.03639819544604705,0.212,1000,0.45120757180156656,0.5547301977265897,0.35562991020744983,0.844,1000,0.5487924281984334,0.6391060520472165,0.4531574944790213,0.167,1000,Qwen2.5-14B,383,48,388,431,,Movies source,TruthfulQA MC0,0.5263272410791993,0.6093992197248397,0.4413080944321991,0.274,1000,0.4736727589208007,0.5601863905351752,0.37672939091567226,0.737,1000
OOD,qwen25_14b,3,math,truthfulqa_binary,math->truthfulqa_binary,0.08077676240208881,0.2588578569109658,-0.08524805682238783,0.176,1000,0.44761749347258484,0.5425890060600655,0.36050802675893195,0.878,1000,0.5523825065274152,0.6364125855847537,0.45688262810808644,0.14,1000,Qwen2.5-14B,383,48,388,431,,Math source,TruthfulQA MC0,0.47160574412532635,0.5591427801112498,0.3897405969713238,0.754,1000,0.5283942558746736,0.6126728595763001,0.4384110094167578,0.269,1000
OOD,qwen25_14b,3,movies,truthfulqa_binary,movies->truthfulqa_binary,0.03546562228024375,0.10022326728624961,-0.03482439296190381,0.158,1000,0.4390230635335074,0.5340677976642785,0.34999983000136,0.906,1000,0.5609769364664926,0.648936684073107,0.4681384467442889,0.093,1000,Qwen2.5-14B,383,48,388,431,,Movies source,TruthfulQA MC0,0.5255113141862489,0.6146866803190574,0.4348267084156961,0.293,1000,0.4744886858137511,0.5654671496818093,0.3881762208177925,0.717,1000
OOD,qwen25_14b,4,math,truthfulqa_binary,math->truthfulqa_binary,0.09296127067014798,0.2621794484577385,-0.08632374638537735,0.155,1000,0.4470735422106179,0.5325548180445366,0.35622467104343547,0.89,1000,0.5529264577893821,0.6357187885466017,0.4647944410590672,0.124,1000,Qwen2.5-14B,383,48,388,431,,Math source,TruthfulQA MC0,0.4599651871192341,0.548468262604879,0.3729624257494129,0.792,1000,0.5400348128807659,0.6310120782235644,0.4500674332722344,0.204,1000
OOD,qwen25_14b,4,movies,truthfulqa_binary,movies->truthfulqa_binary,0.060922541340295955,0.12624404728751254,-0.004890989340944346,0.035,1000,0.4205287206266319,0.512501605003699,0.328071752803903,0.95,1000,0.5794712793733682,0.6697260404039227,0.49130485396176893,0.042,1000,Qwen2.5-14B,383,48,388,431,,Movies source,TruthfulQA MC0,0.5185487380330722,0.6038413766101461,0.430885139154545,0.386,1000,0.4814512619669278,0.5709624254407729,0.3968363306626618,0.673,1000
OOD,qwen25_14b,5,math,truthfulqa_binary,math->truthfulqa_binary,0.1500761531766754,0.3233241169996539,-0.031100344465953677,0.041,1000,0.42297650130548303,0.5122612016811933,0.3371702158387901,0.962,1000,0.577023498694517,0.6646942445214973,0.49252358919402767,0.036,1000,Qwen2.5-14B,383,48,388,431,,Math source,TruthfulQA MC0,0.4269473455178416,0.5082787067385145,0.34398907468746664,0.952,1000,0.5730526544821584,0.6543573921911999,0.48549882716169496,0.046,1000
OOD,qwen25_14b,5,movies,truthfulqa_binary,movies->truthfulqa_binary,0.06706919060052219,0.12865264349060593,0.006257619445076762,0.012,1000,0.40850739773716277,0.49319505383150125,0.3211351482174239,0.989,1000,0.5914926022628373,0.6746644912857845,0.49515425104757504,0.031,1000,Qwen2.5-14B,383,48,388,431,,Movies source,TruthfulQA MC0,0.5244234116623151,0.6123206901372229,0.4326346591893389,0.294,1000,0.47557658833768496,0.5625771617529736,0.3884068193511893,0.699,1000
OOD,qwen25_14b,6,math,truthfulqa_binary,math->truthfulqa_binary,0.09062228024369023,0.22885134259200338,-0.052204202797549976,0.116,1000,0.4354873803307224,0.5306810051448669,0.3547597489573216,0.921,1000,0.5645126196692777,0.6484282386087487,0.4802937321779277,0.078,1000,Qwen2.5-14B,383,48,388,431,,Math source,TruthfulQA MC0,0.47389033942558745,0.5527554665977961,0.39136467526695845,0.758,1000,0.5261096605744126,0.6083805829868091,0.44414488695352616,0.248,1000
OOD,qwen25_14b,6,movies,truthfulqa_binary,movies->truthfulqa_binary,0.09627937336814618,0.15771737222818072,0.02388547765617209,0.007,1000,0.4117167101827676,0.5014907826163537,0.3303609128203917,0.973,1000,0.5882832898172323,0.6725081800865492,0.5021975819805178,0.021,1000,Qwen2.5-14B,383,48,388,431,,Movies source,TruthfulQA MC0,0.49200391644908614,0.5864965168509338,0.40111301478231065,0.562,1000,0.5079960835509139,0.5995470251644294,0.42217549220645195,0.43,1000
OOD,qwen25_14b,7,math,truthfulqa_binary,math->truthfulqa_binary,0.05026109660574418,0.19495619090483302,-0.07755682729309914,0.215,1000,0.41884247171453437,0.5003712981829589,0.3384818165204678,0.974,1000,0.5811575282854656,0.659986717827627,0.5059257101843824,0.017,1000,Qwen2.5-14B,383,48,388,431,,Math source,TruthfulQA MC0,0.5308964316797214,0.6168634738189522,0.43967036729104514,0.248,1000,0.4691035683202785,0.5572400393892403,0.3903543048674914,0.74,1000
OOD,qwen25_14b,7,movies,truthfulqa_binary,movies->truthfulqa_binary,0.09932550043516103,0.18196103654529996,0.019336487525632304,0.01,1000,0.40752828546562225,0.49737797712138315,0.329296600618952,0.979,1000,0.5924717145343777,0.6713682941693377,0.5076204340936605,0.017,1000,Qwen2.5-14B,383,48,388,431,,Movies source,TruthfulQA MC0,0.4931462140992167,0.5824595872867332,0.39597667373635503,0.565,1000,0.5068537859007833,0.5992949357269504,0.41572724488064344,0.458,1000
OOD,qwen25_14b,8,math,truthfulqa_binary,math->truthfulqa_binary,0.16710182767624027,0.32012010653951656,0.0011142369703147541,0.024,1000,0.4110095735422106,0.4971803529327469,0.33447231268351524,0.981,1000,0.5889904264577894,0.6677763917446587,0.5076113849549938,0.015,1000,Qwen2.5-14B,383,48,388,431,,Math source,TruthfulQA MC0,0.42188859878154916,0.5046656781758869,0.34327491436448704,0.965,1000,0.5781114012184508,0.6491955276793018,0.4989562567822613,0.026,1000
OOD,qwen25_14b,8,movies,truthfulqa_binary,movies->truthfulqa_binary,0.03818537859007842,0.10620159568837763,-0.03907249910408033,0.15,1000,0.40948651000870323,0.4965254810194011,0.3223842530019349,0.984,1000,0.5905134899912968,0.6763304574152674,0.5087654019106943,0.018,1000,Qwen2.5-14B,383,48,388,431,,Movies source,TruthfulQA MC0,0.5523281114012184,0.6422933832636387,0.45046840522218556,0.15,1000,0.44767188859878154,0.5357391296996592,0.3558400820167869,0.832,1000
OOD,qwen25_14b,9,math,truthfulqa_binary,math->truthfulqa_binary,0.1700391644908616,0.29751150281723276,0.05153057314404705,0.002,1000,0.40181679721496955,0.4801446677244786,0.32639926892950394,0.993,1000,0.5981832027850305,0.6787446852305553,0.5151320336491751,0.011,1000,Qwen2.5-14B,383,48,388,431,,Math source,TruthfulQA MC0,0.42814403829416886,0.5030663069946358,0.3463419592709733,0.973,1000,0.5718559617058312,0.6538861080454604,0.49130731907894737,0.04,1000
OOD,qwen25_14b,9,movies,truthfulqa_binary,movies->truthfulqa_binary,0.029046997389033935,0.09170911116976166,-0.039341853633547884,0.226,1000,0.43652088772845954,0.5160496062658536,0.3541629087694444,0.938,1000,0.5634791122715405,0.6449404919208699,0.48291366973537514,0.059,1000,Qwen2.5-14B,383,48,388,431,,Movies source,TruthfulQA MC0,0.5344321148825065,0.6354620181878666,0.4431550745690945,0.24,1000,0.4655678851174935,0.5631023275576519,0.37095179462147065,0.774,1000
OOD,qwen25_14b,10,math,truthfulqa_binary,math->truthfulqa_binary,0.08322454308093985,0.18579555231034975,-0.01283195001976298,0.055,1000,0.4078546562228024,0.48928787878787877,0.3331869634389268,0.989,1000,0.5921453437771975,0.6699191140978987,0.5090628488010057,0.017,1000,Qwen2.5-14B,383,48,388,431,,Math source,TruthfulQA MC0,0.5089208006962577,0.611795781649678,0.40670639269891384,0.448,1000,0.4910791993037424,0.5929254740477381,0.399273714195994,0.557,1000
OOD,qwen25_14b,10,movies,truthfulqa_binary,movies->truthfulqa_binary,0.04161227154046998,0.16916997789608318,-0.10542362696448992,0.264,1000,0.4386966927763272,0.5203714490709598,0.34761850101867237,0.934,1000,0.5613033072236727,0.6481745448828963,0.47712397591580813,0.082,1000,Qwen2.5-14B,383,48,388,431,,Movies source,TruthfulQA MC0,0.5196910356832027,0.6089904786310706,0.431653460099836,0.337,1000,0.4803089643167972,0.5653871673145933,0.38536019062156623,0.652,1000
OOD,qwen25_14b,11,math,truthfulqa_binary,math->truthfulqa_binary,0.0933420365535248,0.2006478029742278,-0.009639105582893012,0.039,1000,0.402088772845953,0.48447262797792173,0.31820394785498746,0.989,1000,0.597911227154047,0.6787804603829488,0.5074449192727609,0.02,1000,Qwen2.5-14B,383,48,388,431,,Math source,TruthfulQA MC0,0.5045691906005222,0.6064461884795144,0.3976537341336135,0.446,1000,0.4954308093994778,0.5949974948830972,0.3971683541805817,0.562,1000
OOD,qwen25_14b,11,movies,truthfulqa_binary,movies->truthfulqa_binary,0.07055047867711056,0.2610990148354286,-0.11848478460804837,0.227,1000,0.4653503046127067,0.5698944552507333,0.3684333615280706,0.75,1000,0.5346496953872933,0.6316641709110493,0.44260251655833976,0.234,1000,Qwen2.5-14B,383,48,388,431,,Movies source,TruthfulQA MC0,0.4640992167101828,0.5624021171285116,0.373999530007965,0.764,1000,0.5359007832898173,0.6319043348546902,0.43613526251469176,0.246,1000
OOD,qwen25_14b,12,math,truthfulqa_binary,math->truthfulqa_binary,0.17379242819843338,0.3041025758478004,0.036440884567686536,0.01,1000,0.4023607484769365,0.4852160839213755,0.31215097207685294,0.989,1000,0.5976392515230635,0.6840186167967811,0.5082614757661044,0.014,1000,Qwen2.5-14B,383,48,388,431,,Math source,TruthfulQA MC0,0.42384682332463014,0.4991144855920909,0.3506201044386423,0.975,1000,0.5761531766753699,0.6542585557361044,0.49405138071833177,0.033,1000
OOD,qwen25_14b,12,movies,truthfulqa_binary,movies->truthfulqa_binary,-0.004623585726718948,0.1452518199057409,-0.16142053683502772,0.525,1000,0.45126196692776327,0.5518763529546933,0.36276828900644753,0.83,1000,0.5487380330722367,0.6485010291391767,0.4553978700519316,0.156,1000,Qwen2.5-14B,383,48,388,431,,Movies source,TruthfulQA MC0,0.5533616187989556,0.6427840145059466,0.46542755762342813,0.115,1000,0.4466383812010444,0.5281201704392074,0.3593286910951572,0.883,1000
OOD,qwen25_14b,13,math,truthfulqa_binary,math->truthfulqa_binary,0.1994669277632724,0.35911272583062626,0.03115820390949258,0.009,1000,0.41372932985204525,0.5099314978709624,0.32625915935125777,0.958,1000,0.5862706701479548,0.6700241046870221,0.49282867743771963,0.038,1000,Qwen2.5-14B,383,48,388,431,,Math source,TruthfulQA MC0,0.38680374238468235,0.4683365110288546,0.30937205407687657,0.999,1000,0.6131962576153177,0.6969523424499168,0.5302323164347962,0.006,1000
OOD,qwen25_14b,13,movies,truthfulqa_binary,movies->truthfulqa_binary,-0.03280026109660572,0.09702188253690794,-0.16208907248851798,0.698,1000,0.4632832898172324,0.5731419113413933,0.35977942973128296,0.745,1000,0.5367167101827677,0.6403618507213266,0.4353259589469134,0.255,1000,Qwen2.5-14B,383,48,388,431,,Movies source,TruthfulQA MC0,0.5695169712793734,0.64454659148071,0.48697510625276325,0.049,1000,0.43048302872062666,0.5163979517080546,0.3536815173030161,0.948,1000
OOD,qwen25_14b,14,math,truthfulqa_binary,math->truthfulqa_binary,0.18711923411662318,0.35107923195633944,0.017985379278566305,0.015,1000,0.4151436031331593,0.5060948556636105,0.3292813097303304,0.96,1000,0.5848563968668408,0.6833164687856427,0.4864484692018455,0.038,1000,Qwen2.5-14B,383,48,388,431,,Math source,TruthfulQA MC0,0.3977371627502176,0.48074922953401344,0.31888716870046785,0.993,1000,0.6022628372497825,0.6724790223715069,0.5236474220393667,0.005,1000
OOD,qwen25_14b,14,movies,truthfulqa_binary,movies->truthfulqa_binary,0.051077023498694474,0.25546347606573355,-0.15005092975487574,0.304,1000,0.4741079199303742,0.5806935042724034,0.36898774114404786,0.684,1000,0.5258920800696257,0.6309969842491642,0.4202251339746901,0.3,1000,Qwen2.5-14B,383,48,388,431,,Movies source,TruthfulQA MC0,0.47481505657093126,0.5757848858893324,0.3680999602916737,0.691,1000,0.5251849434290687,0.6254913902303607,0.4183486860702746,0.303,1000
OOD,qwen25_14b,15,math,truthfulqa_binary,math->truthfulqa_binary,0.1801566579634465,0.3365778791985544,-0.0026642957206618667,0.026,1000,0.4162315056570931,0.49392415428637015,0.33631660803484403,0.982,1000,0.5837684943429069,0.6692761479591837,0.49984415655745595,0.026,1000,Qwen2.5-14B,383,48,388,431,,Math source,TruthfulQA MC0,0.4036118363794604,0.4843166802656332,0.3238886613628614,0.985,1000,0.5963881636205396,0.6821349293713537,0.5154470808209648,0.009,1000
OOD,qwen25_14b,15,movies,truthfulqa_binary,movies->truthfulqa_binary,-0.03720626631853785,0.12667580296575753,-0.19563692735249785,0.645,1000,0.49864012184508266,0.6021719032336715,0.4005718913761677,0.503,1000,0.5013598781549173,0.6020887575637562,0.3928061861372054,0.472,1000,Qwen2.5-14B,383,48,388,431,,Movies source,TruthfulQA MC0,0.5385661444734552,0.6273007552145776,0.45116219814800634,0.183,1000,0.4614338555265448,0.5426063270417915,0.38169664713219137,0.818,1000
OOD,qwen25_14b,16,math,truthfulqa_binary,math->truthfulqa_binary,0.20550478677110529,0.3664114000817958,0.03440055502789348,0.014,1000,0.3961053089643168,0.485128806549267,0.32042842750138334,0.988,1000,0.6038946910356832,0.6930511933750773,0.5160018733702945,0.013,1000,Qwen2.5-14B,383,48,388,431,,Math source,TruthfulQA MC0,0.3983899042645779,0.48649195900221637,0.31595184533900994,0.991,1000,0.6016100957354221,0.6848020313940066,0.5146226029844988,0.009,1000
OOD,qwen25_14b,16,movies,truthfulqa_binary,movies->truthfulqa_binary,0.06184725848563977,0.2613842960094339,-0.13750600606964844,0.26,1000,0.4811248912097476,0.5769577416097983,0.375078544575725,0.656,1000,0.5188751087902524,0.6195414480210943,0.4151017960404871,0.391,1000,Qwen2.5-14B,383,48,388,431,,Movies source,TruthfulQA MC0,0.4570278503046127,0.5534607937540172,0.36386739919169653,0.815,1000,0.5429721496953873,0.6344368959474033,0.4471530315614618,0.203,1000
OOD,qwen25_14b,17,math,truthfulqa_binary,math->truthfulqa_binary,0.27594647519582244,0.44304815058945746,0.11749312855409899,0.001,1000,0.37315056570931243,0.45400161766689784,0.2895513321346087,0.999,1000,0.6268494342906875,0.7093244832291555,0.5380256526375762,0.003,1000,Qwen2.5-14B,383,48,388,431,,Math source,TruthfulQA MC0,0.3509029590948651,0.43554728731160997,0.27105155906004114,0.999,1000,0.6490970409051349,0.7244569926008314,0.5749095044338849,0.0,1000
OOD,qwen25_14b,17,movies,truthfulqa_binary,movies->truthfulqa_binary,0.08588990426457793,0.2545666054032859,-0.08716693263094794,0.185,1000,0.4733463881636205,0.5693422460027318,0.3710695051908997,0.714,1000,0.5266536118363795,0.6237120820001255,0.4334260624616302,0.293,1000,Qwen2.5-14B,383,48,388,431,,Movies source,TruthfulQA MC0,0.44076370757180156,0.5219063522746522,0.3521543799701932,0.918,1000,0.5592362924281984,0.6436713168735312,0.47469057803095066,0.095,1000
OOD,qwen25_14b,18,math,truthfulqa_binary,math->truthfulqa_binary,0.2924825935596171,0.45642724884193275,0.12456069944130715,0.0,1000,0.3675478677110531,0.45034343650528896,0.2884201974753156,0.998,1000,0.6324521322889469,0.7142882790888021,0.5462300344243605,0.001,1000,Qwen2.5-14B,383,48,388,431,,Math source,TruthfulQA MC0,0.33996953872932983,0.4224878615009834,0.2608714038665549,1.0,1000,0.6600304612706701,0.7370790139017849,0.5742349192062107,0.0,1000
OOD,qwen25_14b,18,movies,truthfulqa_binary,movies->truthfulqa_binary,0.06598128807658826,0.26220043521796776,-0.13970957906587683,0.242,1000,0.4691035683202785,0.571085805059545,0.3588538560339532,0.706,1000,0.5308964316797214,0.6364423400807354,0.42892645492389136,0.282,1000,Qwen2.5-14B,383,48,388,431,,Movies source,TruthfulQA MC0,0.4649151436031332,0.5523399303629648,0.3753089415113872,0.765,1000,0.5350848563968669,0.6290178321773916,0.4430160459818384,0.23,1000
OOD,qwen25_14b,19,math,truthfulqa_binary,math->truthfulqa_binary,0.2754569190600522,0.44209704174754255,0.10566328710454041,0.002,1000,0.37761096605744127,0.4606830240760536,0.29313983153007844,0.998,1000,0.6223890339425587,0.7083701284699625,0.5278978998618968,0.003,1000,Qwen2.5-14B,383,48,388,431,,Math source,TruthfulQA MC0,0.3469321148825065,0.4332826424444473,0.27027735108574025,0.999,1000,0.6530678851174935,0.7266464792587664,0.5685240601922588,0.0,1000
OOD,qwen25_14b,19,movies,truthfulqa_binary,movies->truthfulqa_binary,0.13256092254134028,0.3243364770027018,-0.07300877142865606,0.103,1000,0.43717362924281983,0.5416012372509266,0.3375379707399548,0.884,1000,0.5628263707571801,0.6678059605467158,0.45955408354602484,0.106,1000,Qwen2.5-14B,383,48,388,431,,Movies source,TruthfulQA MC0,0.43026544821583984,0.5245149719515579,0.3343648005661279,0.926,1000,0.5697345517841601,0.6734990553691599,0.47924583646865276,0.078,1000
OOD,qwen25_14b,20,math,truthfulqa_binary,math->truthfulqa_binary,0.29302654482158397,0.45886979651463855,0.1263965232925656,0.0,1000,0.3560161009573542,0.4451857793898809,0.27132150970521635,1.0,1000,0.6439838990426457,0.7238348510944982,0.5548213642412346,0.001,1000,Qwen2.5-14B,383,48,388,431,,Math source,TruthfulQA MC0,0.3509573542210618,0.44104415227055077,0.2681679569389067,0.999,1000,0.6490426457789382,0.7342792007358542,0.5654775931749997,0.002,1000
OOD,qwen25_14b,20,movies,truthfulqa_binary,movies->truthfulqa_binary,0.29536553524804177,0.47731960472978713,0.10959172829306943,0.001,1000,0.34965187119234115,0.44467780210437863,0.2611782750697674,0.999,1000,0.6503481288076588,0.737795876591981,0.5575191106804479,0.001,1000,Qwen2.5-14B,383,48,388,431,,Movies source,TruthfulQA MC0,0.35498259355961703,0.44222446781735136,0.25947284822831707,0.998,1000,0.645017406440383,0.7373186846803473,0.5470865620373797,0.003,1000
OOD,qwen25_14b,21,math,truthfulqa_binary,math->truthfulqa_binary,0.3398607484769364,0.4831093886343805,0.17269010391798764,0.0,1000,0.3358355091383812,0.4198834889069264,0.2608077363140292,1.0,1000,0.6641644908616188,0.7427209119964943,0.5772042248400232,0.0,1000,Qwen2.5-14B,383,48,388,431,,Math source,TruthfulQA MC0,0.32430374238468235,0.4058924295512655,0.2439413746800919,1.0,1000,0.6756962576153177,0.756275990754088,0.5931224681712963,0.0,1000
OOD,qwen25_14b,21,movies,truthfulqa_binary,movies->truthfulqa_binary,0.3547650130548303,0.5115817987326482,0.20646294112863883,0.0,1000,0.3093450826805918,0.3916480613927332,0.2350463298955892,1.0,1000,0.6906549173194082,0.7691719827081838,0.6108248962362991,0.0,1000,Qwen2.5-14B,383,48,388,431,,Movies source,TruthfulQA MC0,0.3358899042645779,0.41415815788991495,0.26272806470048216,1.0,1000,0.6641100957354221,0.7384328530566561,0.5823942203217644,0.0,1000
OOD,qwen25_14b,22,math,truthfulqa_binary,math->truthfulqa_binary,0.3862053959965187,0.5400442462873076,0.22977999602545385,0.0,1000,0.3190274151436031,0.40125088090204364,0.23731905657159566,1.0,1000,0.6809725848563969,0.7530126852046576,0.5996373930160324,0.0,1000,Qwen2.5-14B,383,48,388,431,,Math source,TruthfulQA MC0,0.2947671888598782,0.37171441729687804,0.21819670837119898,1.0,1000,0.7052328111401218,0.7849608891852196,0.6197844227003414,0.0,1000
OOD,qwen25_14b,22,movies,truthfulqa_binary,movies->truthfulqa_binary,0.34663294168842473,0.5117167199922434,0.18078045371748358,0.0,1000,0.2963174499564839,0.378734419100815,0.2165966607418843,1.0,1000,0.7036825500435161,0.7760395775373755,0.6230922321331492,0.0,1000,Qwen2.5-14B,383,48,388,431,,Movies source,TruthfulQA MC0,0.35704960835509136,0.44070381899517835,0.2813212449531508,0.999,1000,0.6429503916449086,0.7259251540402264,0.556711467079655,0.002,1000
OOD,qwen25_14b,23,math,truthfulqa_binary,math->truthfulqa_binary,0.47214969538729334,0.614094386359244,0.3139466897826361,0.0,1000,0.2731179286335944,0.35069821179269584,0.2033321287183794,1.0,1000,0.7268820713664056,0.8010388431014741,0.6522164121724714,0.0,1000,Qwen2.5-14B,383,48,388,431,,Math source,TruthfulQA MC0,0.25473237597911225,0.3366796296028254,0.18522944511859188,1.0,1000,0.7452676240208878,0.8117992323973764,0.6606112373582727,0.0,1000
OOD,qwen25_14b,23,movies,truthfulqa_binary,movies->truthfulqa_binary,0.425641862489121,0.5718589991453165,0.2802436823779415,0.0,1000,0.2600087032201915,0.33661135161135164,0.1927295093887147,1.0,1000,0.7399912967798086,0.808774731504688,0.6625768344867851,0.0,1000,Qwen2.5-14B,383,48,388,431,,Movies source,TruthfulQA MC0,0.31434943429068757,0.39202198442408426,0.2429925498300172,1.0,1000,0.6856505657093125,0.7599171574361567,0.6047824216896062,0.0,1000
OOD,qwen25_14b,24,math,truthfulqa_binary,math->truthfulqa_binary,0.5241514360313315,0.6564807918233082,0.3766156448524987,0.0,1000,0.24374456048738033,0.3244986040939043,0.1744590297575741,1.0,1000,0.7562554395126196,0.825384563383291,0.679620387635298,0.0,1000,Qwen2.5-14B,383,48,388,431,,Math source,TruthfulQA MC0,0.23210400348128807,0.3062428620487894,0.16343424478060886,1.0,1000,0.7678959965187119,0.836337121091563,0.6933052401481572,0.0,1000
OOD,qwen25_14b,24,movies,truthfulqa_binary,movies->truthfulqa_binary,0.48944734551784164,0.6357624364247165,0.3556419130892383,0.0,1000,0.23150565709312446,0.30737445734252683,0.16157733464606558,1.0,1000,0.7684943429068756,0.8320527464256263,0.6960281079638204,0.0,1000,Qwen2.5-14B,383,48,388,431,,Movies source,TruthfulQA MC0,0.27904699738903394,0.3494703418052003,0.2106566130031981,1.0,1000,0.7209530026109661,0.7923446952228521,0.6417791963474753,0.0,1000
OOD,qwen25_14b,25,math,truthfulqa_binary,math->truthfulqa_binary,0.5820822454308093,0.7111358774566766,0.4499610212256314,0.0,1000,0.22269364664926022,0.2985344219924812,0.15300032196273844,1.0,1000,0.7773063533507397,0.8438640892690303,0.7032525045640391,0.0,1000,Qwen2.5-14B,383,48,388,431,,Math source,TruthfulQA MC0,0.19522410791993036,0.25828472504058436,0.13045500025167253,1.0,1000,0.8047758920800696,0.8662358541765567,0.7371314392843928,0.0,1000
OOD,qwen25_14b,25,movies,truthfulqa_binary,movies->truthfulqa_binary,0.6369669277632724,0.7343237554394635,0.5305135899599938,0.0,1000,0.13800043516100957,0.18452609890109892,0.09456093008518704,1.0,1000,0.8619995648389904,0.9038026865973059,0.8144060105450472,0.0,1000,Qwen2.5-14B,383,48,388,431,,Movies source,TruthfulQA MC0,0.22503263707571802,0.29218351575081664,0.16121675943104513,1.0,1000,0.774967362924282,0.8356925250381676,0.7033690306896692,0.0,1000
OOD,qwen25_14b,26,math,truthfulqa_binary,math->truthfulqa_binary,0.6536662315056572,0.7589543805262904,0.5296806936984951,0.0,1000,0.19555047867711053,0.2580669548474781,0.14086584616937534,1.0,1000,0.8044495213228895,0.863741116330478,0.734016619630319,0.0,1000,Qwen2.5-14B,383,48,388,431,,Math source,TruthfulQA MC0,0.15078328981723238,0.21307346114426962,0.10110537502796751,1.0,1000,0.8492167101827677,0.8969911379255808,0.7939025516646467,0.0,1000
OOD,qwen25_14b,26,movies,truthfulqa_binary,movies->truthfulqa_binary,0.8585726718885988,0.9006762745155846,0.8126796388671312,0.0,1000,0.0519473455178416,0.07918589789652782,0.03125762408976963,1.0,1000,0.9480526544821584,0.9698724340175953,0.9248158688933518,0.0,1000,Qwen2.5-14B,383,48,388,431,,Movies source,TruthfulQA MC0,0.08947998259355962,0.12260728362290862,0.060761762946040035,1.0,1000,0.9105200174064404,0.938532022394292,0.8791595390294409,0.0,1000
OOD,qwen25_14b,27,math,truthfulqa_binary,math->truthfulqa_binary,0.7749129677980853,0.8520562039498887,0.6917708481554227,0.0,1000,0.11172758920800696,0.15240943184584946,0.07437744140625001,1.0,1000,0.888272410791993,0.9284808346562612,0.8470995167125709,0.0,1000,Qwen2.5-14B,383,48,388,431,,Math source,TruthfulQA MC0,0.11335944299390775,0.15677746592605254,0.0726021455110319,1.0,1000,0.8866405570060922,0.9277829002339572,0.8412625064211249,0.0,1000
OOD,qwen25_14b,27,movies,truthfulqa_binary,movies->truthfulqa_binary,0.8701044386422976,0.9116474629237101,0.8208664190534809,0.0,1000,0.04199303742384682,0.0649881315761563,0.022708003624282696,1.0,1000,0.9580069625761531,0.9768128106026642,0.935420458912113,0.0,1000,Qwen2.5-14B,383,48,388,431,,Movies source,TruthfulQA MC0,0.08790252393385553,0.1199481882012626,0.058698494203629034,1.0,1000,0.9120974760661444,0.9400661713191367,0.8781115361871086,0.0,1000
OOD,qwen25_14b,28,math,truthfulqa_binary,math->truthfulqa_binary,0.7451044386422977,0.8225443056000511,0.6654613097482684,0.0,1000,0.11689512619669278,0.1653014198261169,0.08031135246688216,1.0,1000,0.8831048738033073,0.9194015332731054,0.8443842762776662,0.0,1000,Qwen2.5-14B,383,48,388,431,,Math source,TruthfulQA MC0,0.13800043516100957,0.1854592053670588,0.09197280917997751,1.0,1000,0.8619995648389904,0.9086148189830013,0.8121489308696677,0.0,1000
OOD,qwen25_14b,28,movies,truthfulqa_binary,movies->truthfulqa_binary,0.7579416884247172,0.8148865407474596,0.6914779641382668,0.0,1000,0.08219103568320278,0.11413587293548727,0.05661281923092947,1.0,1000,0.9178089643167973,0.9450769832423872,0.8893559257098799,0.0,1000,Qwen2.5-14B,383,48,388,431,,Movies source,TruthfulQA MC0,0.15986727589208008,0.20227050963512505,0.12076281805346178,1.0,1000,0.84013272410792,0.8798928762635306,0.7914777949556246,0.0,1000
OOD,qwen25_14b,29,math,truthfulqa_binary,math->truthfulqa_binary,0.7216057441253263,0.8046936383041711,0.6360923802759739,0.0,1000,0.1190165361183638,0.15807993305927448,0.08237064670542694,1.0,1000,0.8809834638816362,0.918195628985627,0.8419019965859894,0.0,1000,Qwen2.5-14B,383,48,388,431,,Math source,TruthfulQA MC0,0.15937771975630982,0.2093929358180519,0.11284788903472415,1.0,1000,0.8406222802436901,0.8866737565445025,0.7865045119736445,0.0,1000
OOD,qwen25_14b,29,movies,truthfulqa_binary,movies->truthfulqa_binary,0.788076588337685,0.8553650658599609,0.7195026790003172,0.0,1000,0.09323324630113142,0.12805289681714166,0.060137984157906846,1.0,1000,0.9067667536988686,0.9382729282712792,0.8696003496426472,0.0,1000,Qwen2.5-14B,383,48,388,431,,Movies source,TruthfulQA MC0,0.11869016536118364,0.15818182442385356,0.08453371191528264,1.0,1000,0.8813098346388164,0.9178395632864544,0.8405927062152235,0.0,1000
OOD,qwen25_14b,30,math,truthfulqa_binary,math->truthfulqa_binary,0.7288946910356833,0.8049129528996533,0.6338952727383416,0.0,1000,0.12157310704960836,0.16364935064935063,0.0815024102393617,1.0,1000,0.8784268929503917,0.9191138758658722,0.8337246135960333,0.0,1000,Qwen2.5-14B,383,48,388,431,,Math source,TruthfulQA MC0,0.14953220191470845,0.20305225467272017,0.10668568124923203,1.0,1000,0.8504677980852916,0.8963420762528748,0.7998546322340475,0.0,1000
OOD,qwen25_14b,30,movies,truthfulqa_binary,movies->truthfulqa_binary,0.7317232375979112,0.8160054150637464,0.639971533973102,0.0,1000,0.10384029590948651,0.15205891527650556,0.06439377725489392,1.0,1000,0.8961597040905135,0.9348967050593141,0.8455881743296494,0.0,1000,Qwen2.5-14B,383,48,388,431,,Movies source,TruthfulQA MC0,0.16443646649260227,0.21786718963058072,0.11445247933884298,1.0,1000,0.8355635335073978,0.8825493025493025,0.7794200961227381,0.0,1000
OOD,qwen25_14b,31,math,truthfulqa_binary,math->truthfulqa_binary,0.6473020017406441,0.7405127034327627,0.5401254670776336,0.0,1000,0.17825282854656221,0.23232106454416268,0.12442165151705753,1.0,1000,0.8217471714534378,0.8692542421258627,0.7672451558995095,0.0,1000,Qwen2.5-14B,383,48,388,431,,Math source,TruthfulQA MC0,0.17444516971279372,0.22686850258216862,0.12191527908313483,1.0,1000,0.8255548302872062,0.8775936494783313,0.7704377501095875,0.0,1000
OOD,qwen25_14b,31,movies,truthfulqa_binary,movies->truthfulqa_binary,0.6464860748476936,0.7480386282332414,0.5244935825578204,0.0,1000,0.1369669277632724,0.19032910309890738,0.0926562918264636,1.0,1000,0.8630330722367275,0.9118160727503437,0.8081739898950512,0.0,1000,Qwen2.5-14B,383,48,388,431,,Movies source,TruthfulQA MC0,0.21654699738903394,0.2813957934789904,0.1554471302955798,1.0,1000,0.7834530026109661,0.8495484419523853,0.7150967732745412,0.0,1000
OOD,qwen25_14b,32,math,truthfulqa_binary,math->truthfulqa_binary,0.6497497824194952,0.7468665685570134,0.5408767598469241,0.0,1000,0.18113577023498695,0.23579446140795882,0.13130126638541975,1.0,1000,0.818864229765013,0.8710406781510476,0.7661391189998726,0.0,1000,Qwen2.5-14B,383,48,388,431,,Math source,TruthfulQA MC0,0.16911444734551784,0.22221172026487007,0.11972428534707848,1.0,1000,0.8308855526544822,0.8815358695245225,0.7763923151422167,0.0,1000
OOD,qwen25_14b,32,movies,truthfulqa_binary,movies->truthfulqa_binary,0.6661771105308965,0.7722763597813528,0.5485682995417304,0.0,1000,0.13566144473455177,0.19034476524666014,0.08486058930200618,1.0,1000,0.8643385552654482,0.9126896685754403,0.8069137465808485,0.0,1000,Qwen2.5-14B,383,48,388,431,,Movies source,TruthfulQA MC0,0.19816144473455177,0.2588560312210066,0.1396890804507992,1.0,1000,0.8018385552654482,0.8599823173270809,0.7333093222166275,0.0,1000
OOD,qwen25_14b,33,math,truthfulqa_binary,math->truthfulqa_binary,0.6341927763272411,0.731188553003305,0.5224564433412731,0.0,1000,0.1821692776327241,0.23354976479310938,0.13553212674232681,1.0,1000,0.8178307223672759,0.8674927662037037,0.76315190434543,0.0,1000,Qwen2.5-14B,383,48,388,431,,Math source,TruthfulQA MC0,0.1836379460400348,0.2440029695585875,0.13239031964554157,1.0,1000,0.8163620539599652,0.8710383099394581,0.7581368986969292,0.0,1000
OOD,qwen25_14b,33,movies,truthfulqa_binary,movies->truthfulqa_binary,0.663239773716275,0.7749065755208333,0.5347409886604806,0.0,1000,0.14708442123585727,0.20882773623590867,0.09690867417614464,1.0,1000,0.8529155787641427,0.9059035908971749,0.7926957986792083,0.0,1000,Qwen2.5-14B,383,48,388,431,,Movies source,TruthfulQA MC0,0.1896758050478677,0.2620184952362297,0.13121418892579273,1.0,1000,0.8103241949521323,0.8687345390023358,0.7422147264803799,0.0,1000
OOD,qwen25_14b,34,math,truthfulqa_binary,math->truthfulqa_binary,0.6125435161009574,0.730709573247368,0.47542188190387313,0.0,1000,0.20474325500435162,0.268676247711251,0.14718355370881278,1.0,1000,0.7952567449956484,0.8531069657109296,0.7267729472677902,0.0,1000,Qwen2.5-14B,383,48,388,431,,Math source,TruthfulQA MC0,0.18271322889469105,0.2408938310027806,0.12586138932580804,1.0,1000,0.817286771105309,0.8763521773656229,0.7544193161406088,0.0,1000
OOD,qwen25_14b,34,movies,truthfulqa_binary,movies->truthfulqa_binary,0.5807767624020888,0.7113098525502995,0.4317713237122516,0.0,1000,0.186792863359443,0.2584666096520017,0.12188317104862126,1.0,1000,0.813207136640557,0.8750604564886314,0.7439395420837519,0.0,1000,Qwen2.5-14B,383,48,388,431,,Movies source,TruthfulQA MC0,0.23243037423846824,0.30669353191587706,0.16535053067037403,1.0,1000,0.7675696257615318,0.8377519277184929,0.6941819089672854,0.0,1000
OOD,qwen25_14b,35,math,truthfulqa_binary,math->truthfulqa_binary,0.6779808529155789,0.7800511455638734,0.565797964484058,0.0,1000,0.16900565709312446,0.23278231820340914,0.11631210733410617,1.0,1000,0.8309943429068756,0.883837935556481,0.7703944877518502,0.0,1000,Qwen2.5-14B,383,48,388,431,,Math source,TruthfulQA MC0,0.15301348999129677,0.20739285842447913,0.10265600924091571,1.0,1000,0.8469865100087032,0.8968817573160841,0.7882665290074667,0.0,1000
OOD,qwen25_14b,35,movies,truthfulqa_binary,movies->truthfulqa_binary,0.6117819843342036,0.7387976740868895,0.45788398869235747,0.0,1000,0.18276762402088773,0.25332802061696513,0.12072240533312323,1.0,1000,0.8172323759791122,0.8774979385693672,0.7473767371720089,0.0,1000,Qwen2.5-14B,383,48,388,431,,Movies source,TruthfulQA MC0,0.2054503916449086,0.2810055445873388,0.13834461966604822,1.0,1000,0.7945496083550914,0.8606046011928841,0.7209265442946495,0.0,1000
OOD,qwen25_14b,36,math,truthfulqa_binary,math->truthfulqa_binary,0.6570387293298521,0.7579557703607488,0.5403279464158095,0.0,1000,0.1761314186248912,0.23530888778582096,0.12287324506351618,1.0,1000,0.8238685813751088,0.8741415923973681,0.7599551835588894,0.0,1000,Qwen2.5-14B,383,48,388,431,,Math source,TruthfulQA MC0,0.16682985204525674,0.2233941817978757,0.11443492862634012,1.0,1000,0.8331701479547432,0.8858000468958847,0.770643474805659,0.0,1000
OOD,qwen25_14b,36,movies,truthfulqa_binary,movies->truthfulqa_binary,0.6100413402959094,0.7424653992156016,0.4590737993747731,0.0,1000,0.18646649260226283,0.254809928104625,0.12305325841015709,1.0,1000,0.8135335073977371,0.8760638376842156,0.7413887517960248,0.0,1000,Qwen2.5-14B,383,48,388,431,,Movies source,TruthfulQA MC0,0.2034921671018277,0.2769617230668225,0.13866345503878222,1.0,1000,0.7965078328981723,0.8595799346735505,0.7191221464554208,0.0,1000
OOD,qwen25_14b,37,math,truthfulqa_binary,math->truthfulqa_binary,0.6226610095735422,0.7364691547927462,0.5019895185213519,0.0,1000,0.19707354221061793,0.2643933858520792,0.14091930293278282,1.0,1000,0.8029264577893821,0.8561975338394184,0.7402256933147863,0.0,1000,Qwen2.5-14B,383,48,388,431,,Math source,TruthfulQA MC0,0.18026544821583987,0.23849596504159543,0.12649756508101634,1.0,1000,0.8197345517841601,0.8779889052972657,0.7589527873208695,0.0,1000
OOD,qwen25_14b,37,movies,truthfulqa_binary,movies->truthfulqa_binary,0.5648933855526546,0.7037954177584195,0.4072239516572056,0.0,1000,0.20055483028720628,0.27797773004797194,0.13658916254053674,1.0,1000,0.7994451697127938,0.8651086906216813,0.7268385750962773,0.0,1000,Qwen2.5-14B,383,48,388,431,,Movies source,TruthfulQA MC0,0.23455178416013925,0.3155586230487793,0.1659515038544168,1.0,1000,0.7654482158398608,0.8313198711569314,0.6928620644043177,0.0,1000
OOD,qwen25_14b,38,math,truthfulqa_binary,math->truthfulqa_binary,0.5967145343777197,0.7178815118237176,0.4686376807438984,0.0,1000,0.20615752828546563,0.2698676088103166,0.14986484991230492,1.0,1000,0.7938424717145344,0.8524254032225466,0.7325819445731278,0.0,1000,Qwen2.5-14B,383,48,388,431,,Math source,TruthfulQA MC0,0.19712793733681463,0.26269718276921156,0.13768278854482952,1.0,1000,0.8028720626631853,0.8637622440310437,0.7396946005083838,0.0,1000
OOD,qwen25_14b,38,movies,truthfulqa_binary,movies->truthfulqa_binary,0.4935813751087903,0.6404320857888333,0.34407176238370996,0.0,1000,0.24145996518711924,0.3166352355626599,0.1730109436375517,1.0,1000,0.7585400348128808,0.8311721462018627,0.6829416999917547,0.0,1000,Qwen2.5-14B,383,48,388,431,,Movies source,TruthfulQA MC0,0.2649586597040905,0.3563172196954647,0.19433397551611115,1.0,1000,0.7350413402959095,0.8032624836403905,0.6583943658661079,0.0,1000
OOD,qwen25_14b,39,math,truthfulqa_binary,math->truthfulqa_binary,0.6266318537859008,0.7384827366080738,0.4978975282673224,0.0,1000,0.18924064403829416,0.24911895606661244,0.13556367531048166,1.0,1000,0.8107593559617058,0.8646996720237378,0.7535620823452698,0.0,1000,Qwen2.5-14B,383,48,388,431,,Math source,TruthfulQA MC0,0.18412750217580504,0.24645997886616755,0.1325799202040669,1.0,1000,0.8158724978241949,0.8698629542469752,0.7497346229833133,0.0,1000
OOD,qwen25_14b,39,movies,truthfulqa_binary,movies->truthfulqa_binary,0.47590295909486513,0.6083155864924543,0.324691280435931,0.0,1000,0.24505004351610096,0.3280997443509813,0.17036475432575787,1.0,1000,0.7549499564838991,0.8263625945414738,0.6791265970085486,0.0,1000,Qwen2.5-14B,383,48,388,431,,Movies source,TruthfulQA MC0,0.27904699738903394,0.3737551286833271,0.20543271806123764,1.0,1000,0.7209530026109661,0.7963546559254315,0.6404797145785137,0.0,1000
OOD,qwen25_14b,40,math,truthfulqa_binary,math->truthfulqa_binary,0.6095517841601392,0.7154800001533962,0.48691067737473576,0.0,1000,0.20071801566579633,0.26638418430856364,0.1526492332574922,1.0,1000,0.7992819843342036,0.8519468412733995,0.7369491929033734,0.0,1000,Qwen2.5-14B,383,48,388,431,,Math source,TruthfulQA MC0,0.18973020017406442,0.2561434948774015,0.13086671439384617,1.0,1000,0.8102697998259356,0.8676628499678993,0.7466673292238429,0.0,1000
OOD,qwen25_14b,40,movies,truthfulqa_binary,movies->truthfulqa_binary,0.46295691906005226,0.6043723366477273,0.31049189987250314,0.0,1000,0.2463011314186249,0.3231341134717624,0.17952658727631662,1.0,1000,0.7536988685813751,0.8209944733941154,0.6758609884058264,0.0,1000,Qwen2.5-14B,383,48,388,431,,Movies source,TruthfulQA MC0,0.2907419495213229,0.37070688689809633,0.2207351773802997,1.0,1000,0.7092580504786771,0.782874371608287,0.6261016779674461,0.0,1000
OOD,qwen25_14b,41,math,truthfulqa_binary,math->truthfulqa_binary,0.6378916449086162,0.7341092004461469,0.5165666435979218,0.0,1000,0.19049173194081812,0.24689506896744287,0.13464083141931862,1.0,1000,0.8095082680591819,0.8610688153793647,0.7575223307752238,0.0,1000,Qwen2.5-14B,383,48,388,431,,Math source,TruthfulQA MC0,0.17161662315056572,0.23368056840204365,0.11984280086119706,1.0,1000,0.8283833768494343,0.8805705410180102,0.769214108028162,0.0,1000
OOD,qwen25_14b,41,movies,truthfulqa_binary,movies->truthfulqa_binary,0.47807876414273287,0.618717865375902,0.31831919486680665,0.0,1000,0.23607484769364664,0.3152312424948627,0.1667906336088154,1.0,1000,0.7639251523063534,0.8379496343085107,0.6818863158834139,0.0,1000,Qwen2.5-14B,383,48,388,431,,Movies source,TruthfulQA MC0,0.2858463881636205,0.36829769736842105,0.2139129829904479,1.0,1000,0.7141536118363795,0.7854022359341285,0.6353136774812661,0.0,1000
OOD,qwen25_14b,42,math,truthfulqa_binary,math->truthfulqa_binary,0.6104221061792864,0.7234537613576275,0.4878228915861236,0.0,1000,0.20577676240208878,0.271710754751462,0.1495935542585027,1.0,1000,0.7942232375979112,0.852978013452981,0.7274050184420758,0.0,1000,Qwen2.5-14B,383,48,388,431,,Math source,TruthfulQA MC0,0.1838011314186249,0.2455732208233432,0.1269923263163606,1.0,1000,0.8161988685813751,0.8732681207681208,0.7543369374058913,0.0,1000
OOD,qwen25_14b,42,movies,truthfulqa_binary,movies->truthfulqa_binary,0.443864229765013,0.5956611025766151,0.28374200832149377,0.0,1000,0.2553307223672759,0.33860578063148933,0.17852749865332196,1.0,1000,0.7446692776327241,0.8185509891662741,0.6722925160540703,0.0,1000,Qwen2.5-14B,383,48,388,431,,Movies source,TruthfulQA MC0,0.30080504786771106,0.3824137562036346,0.22488068994475718,1.0,1000,0.699194952132289,0.7748062319461996,0.6202598682555859,0.0,1000
OOD,qwen25_14b,43,math,truthfulqa_binary,math->truthfulqa_binary,0.5504786771105309,0.6680219131092352,0.42447868404215205,0.0,1000,0.2287859007832898,0.289957730031937,0.17430503644428832,1.0,1000,0.7712140992167101,0.8255927077816057,0.7068850359911407,0.0,1000,Qwen2.5-14B,383,48,388,431,,Math source,TruthfulQA MC0,0.22073542210617927,0.2805963293259838,0.1629483713079009,1.0,1000,0.7792645778938208,0.8419792586746295,0.7152023273891221,0.0,1000
OOD,qwen25_14b,43,movies,truthfulqa_binary,movies->truthfulqa_binary,0.38071148825065276,0.522097339573079,0.21758512626229248,0.0,1000,0.27975413402959093,0.3574534921671018,0.20824622104058702,1.0,1000,0.7202458659704091,0.7921566298274026,0.6389446081085675,0.0,1000,Qwen2.5-14B,383,48,388,431,,Movies source,TruthfulQA MC0,0.3395343777197563,0.42130841557102294,0.2661453747890531,1.0,1000,0.6604656222802436,0.7331794553573365,0.5786601637163167,0.0,1000
OOD,qwen25_14b,44,math,truthfulqa_binary,math->truthfulqa_binary,0.47976501305483027,0.5966512271274462,0.3622359212332984,0.0,1000,0.26321801566579633,0.32626740296410944,0.2093299698052229,1.0,1000,0.7367819843342036,0.7978121388138913,0.6746210100275754,0.0,1000,Qwen2.5-14B,383,48,388,431,,Math source,TruthfulQA MC0,0.25701697127937334,0.3251802837419452,0.1967005395627445,1.0,1000,0.7429830287206266,0.8044479256865413,0.6747723816499682,0.0,1000
OOD,qwen25_14b,44,movies,truthfulqa_binary,movies->truthfulqa_binary,0.3244669277632724,0.46893105895831916,0.14602257180551576,0.0,1000,0.3005874673629243,0.3815254599172166,0.22241821844741946,1.0,1000,0.6994125326370757,0.7726447358973745,0.6213422746498793,0.0,1000,Qwen2.5-14B,383,48,388,431,,Movies source,TruthfulQA MC0,0.3749456048738033,0.45374110890529507,0.30711238892035314,1.0,1000,0.6250543951261966,0.6974834626854074,0.5485006230714455,0.0,1000
OOD,qwen25_14b,45,math,truthfulqa_binary,math->truthfulqa_binary,0.4190056570931245,0.5547164730584642,0.29020784964939866,0.0,1000,0.2858463881636205,0.3522476588288738,0.21679145747302192,1.0,1000,0.7141536118363795,0.7803250891265597,0.6482048723845599,0.0,1000,Qwen2.5-14B,383,48,388,431,,Math source,TruthfulQA MC0,0.295147954743255,0.3696593669188888,0.22654803180783872,1.0,1000,0.7048520452567449,0.7738776174532312,0.62507656103032,0.0,1000
OOD,qwen25_14b,45,movies,truthfulqa_binary,movies->truthfulqa_binary,0.2239447345517842,0.3682184540334737,0.05668124530049022,0.002,1000,0.34823759791122716,0.4269458699053756,0.27310560613420476,0.998,1000,0.6517624020887729,0.7324849329398987,0.5678244759310981,0.0,1000,Qwen2.5-14B,383,48,388,431,,Movies source,TruthfulQA MC0,0.4278176675369887,0.5089844422380699,0.3601037214716693,0.963,1000,0.5721823324630113,0.6460683213271103,0.4963002290372494,0.031,1000
OOD,qwen25_14b,46,math,truthfulqa_binary,math->truthfulqa_binary,0.2430374238468233,0.3748510347335564,0.1005871709998605,0.002,1000,0.3432876414273281,0.4191111883407236,0.2687436710369634,1.0,1000,0.6567123585726719,0.7268447740892735,0.5823044269509648,0.0,1000,Qwen2.5-14B,383,48,388,431,,Math source,TruthfulQA MC0,0.41367493472584854,0.4945668145575021,0.34414367914221655,0.981,1000,0.5863250652741514,0.66222903165612,0.506952896984545,0.02,1000
OOD,qwen25_14b,46,movies,truthfulqa_binary,movies->truthfulqa_binary,0.12902523933855525,0.2674224466506155,-0.021961956105106012,0.05,1000,0.3977915578764143,0.4757173235822122,0.32459328651518743,0.996,1000,0.6022084421235857,0.6786197858769845,0.5261391218958656,0.002,1000,Qwen2.5-14B,383,48,388,431,,Movies source,TruthfulQA MC0,0.47318320278503045,0.5494497186597495,0.40603712755899307,0.759,1000,0.5268167972149695,0.6004272593798972,0.4500407190750599,0.249,1000
OOD,qwen25_14b,47,math,truthfulqa_binary,math->truthfulqa_binary,0.3560704960835509,0.4955596473053395,0.19992940602477272,0.0,1000,0.29411444734551784,0.37197395572518505,0.22173031938064663,1.0,1000,0.7058855526544822,0.7765562774913346,0.6201095178624916,0.0,1000,Qwen2.5-14B,383,48,388,431,,Math source,TruthfulQA MC0,0.34981505657093126,0.42300621310858566,0.2812679385029414,1.0,1000,0.6501849434290687,0.718394634697874,0.5812727994178419,0.0,1000
OOD,qwen25_14b,47,movies,truthfulqa_binary,movies->truthfulqa_binary,0.1328872932985204,0.266053711778639,-0.013169535929297359,0.04,1000,0.3912641427328111,0.47196828247385647,0.31859010066137583,0.995,1000,0.6087358572671888,0.6827006469378113,0.5264147069404971,0.003,1000,Qwen2.5-14B,383,48,388,431,,Movies source,TruthfulQA MC0,0.4758485639686684,0.5516981636947493,0.4054091300765233,0.755,1000,0.5241514360313316,0.601084318253424,0.44897790037729324,0.274,1000
OOD,olmo3_7b_it,0,math,truthfulqa_binary,math->truthfulqa_binary,0.0017538265306122902,0.11728184550775912,-0.10895495270660009,0.515,1000,0.4811862244897959,0.5562936248005148,0.4098297859449439,0.676,1000,0.5188137755102041,0.5920393036996504,0.4415207201619076,0.311,1000,OLMo-3-7B,448,84,476,532,,Math source,TruthfulQA MC0,0.5170599489795918,0.5805109464113326,0.4541223389372751,0.317,1000,0.48294005102040816,0.5379374603261211,0.4207892242118432,0.702,1000
OOD,olmo3_7b_it,0,movies,truthfulqa_binary,movies->truthfulqa_binary,-0.016422193877551006,0.03600694060001976,-0.06697702203536261,0.722,1000,0.5056600765306123,0.5751041026756908,0.436232714189922,0.429,1000,0.49433992346938777,0.5622412743506493,0.4272961018028481,0.57,1000,OLMo-3-7B,448,84,476,532,,Movies source,TruthfulQA MC0,0.5107621173469388,0.5821525606496586,0.43226989099119906,0.403,1000,0.48923788265306123,0.56421707987702,0.41718675099587205,0.634,1000
OOD,olmo3_7b_it,1,math,truthfulqa_binary,math->truthfulqa_binary,0.10565476190476192,0.2254202138327374,-0.012610939338880507,0.041,1000,0.4454719387755102,0.5147081768942294,0.3801074350332245,0.937,1000,0.5545280612244898,0.6180872879919898,0.48080428642247014,0.056,1000,OLMo-3-7B,448,84,476,532,,Math source,TruthfulQA MC0,0.4488732993197279,0.5190143855049196,0.3787533941531028,0.918,1000,0.5511267006802721,0.6256650619874705,0.48517295936068144,0.065,1000
OOD,olmo3_7b_it,1,movies,truthfulqa_binary,movies->truthfulqa_binary,-0.13573554421768713,-0.015578374263751568,-0.24903775203640383,0.985,1000,0.6158854166666666,0.6769704903360683,0.5517638866774328,0.001,1000,0.3841145833333333,0.4475033641008537,0.3228431319684595,1.0,1000,OLMo-3-7B,448,84,476,532,,Movies source,TruthfulQA MC0,0.5198501275510204,0.5843070654225362,0.4470660995817246,0.268,1000,0.4801498724489796,0.5497982566634755,0.41513341935639236,0.718,1000
OOD,olmo3_7b_it,2,math,truthfulqa_binary,math->truthfulqa_binary,0.09303252551020413,0.22317926572180685,-0.024891443767822468,0.071,1000,0.445046768707483,0.5118040999720146,0.379414566481527,0.95,1000,0.5549532312925171,0.6200625772674718,0.49453349105601413,0.04,1000,OLMo-3-7B,448,84,476,532,,Math source,TruthfulQA MC0,0.4619207057823129,0.5343780733917654,0.38949153244274093,0.842,1000,0.5380792942176871,0.6098663063973875,0.4625462825094302,0.152,1000
OOD,olmo3_7b_it,2,movies,truthfulqa_binary,movies->truthfulqa_binary,-0.052163052721088454,0.00270344226953888,-0.10282384349313192,0.968,1000,0.5291772959183674,0.6047650551287405,0.452383990472071,0.234,1000,0.4708227040816326,0.5416326522856878,0.3986642757213505,0.769,1000,OLMo-3-7B,448,84,476,532,,Movies source,TruthfulQA MC0,0.5229857568027211,0.5905102528442737,0.4566469264805706,0.253,1000,0.4770142431972789,0.5402432079348868,0.4125880166560233,0.741,1000
OOD,olmo3_7b_it,3,math,truthfulqa_binary,math->truthfulqa_binary,0.073421556122449,0.17751173979022533,-0.033658665567905525,0.084,1000,0.4804156037414966,0.5460620224016474,0.4088203749698103,0.717,1000,0.5195843962585034,0.5918092512897414,0.45225741582672596,0.284,1000,OLMo-3-7B,448,84,476,532,,Math source,TruthfulQA MC0,0.4461628401360544,0.5139182541543904,0.37741378188892855,0.934,1000,0.5538371598639455,0.6259556013132204,0.4858656076916038,0.056,1000
OOD,olmo3_7b_it,3,movies,truthfulqa_binary,movies->truthfulqa_binary,-0.1149022108843537,0.0005259626043781901,-0.23131313191854086,0.974,1000,0.5815529336734694,0.6381926702642257,0.5254771699844871,0.002,1000,0.4184470663265306,0.47510462036119416,0.3632449811937892,0.996,1000,OLMo-3-7B,448,84,476,532,,Movies source,TruthfulQA MC0,0.5333492772108843,0.5995480725416855,0.46990852560373775,0.156,1000,0.4666507227891156,0.5313733571906358,0.4038040504242888,0.842,1000
OOD,olmo3_7b_it,4,math,truthfulqa_binary,math->truthfulqa_binary,0.02226828231292516,0.09484709601196352,-0.0442893049748021,0.27,1000,0.502843324829932,0.5677190459338921,0.4264648046365532,0.467,1000,0.497156675170068,0.5632629570981995,0.4314263433351571,0.513,1000,OLMo-3-7B,448,84,476,532,,Math source,TruthfulQA MC0,0.47488839285714285,0.5519046857873583,0.39793000404171086,0.768,1000,0.5251116071428571,0.6041828639355336,0.4528937729293793,0.232,1000
OOD,olmo3_7b_it,4,movies,truthfulqa_binary,movies->truthfulqa_binary,-0.13507121598639454,-0.007078339430811234,-0.2584304395131162,0.98,1000,0.5817123724489796,0.6390458957160103,0.5223507111828748,0.003,1000,0.4182876275510204,0.47619837397321735,0.36066245141245146,0.998,1000,OLMo-3-7B,448,84,476,532,,Movies source,TruthfulQA MC0,0.5533588435374149,0.6233204502159831,0.48534400346483975,0.066,1000,0.446641156462585,0.5140429474447294,0.37633278487628674,0.94,1000
OOD,olmo3_7b_it,5,math,truthfulqa_binary,math->truthfulqa_binary,0.046051232993197244,0.11131959131991635,-0.019552858787704214,0.097,1000,0.4735065901360544,0.5330740071675274,0.4115648319684194,0.783,1000,0.5264934098639455,0.5923794189684708,0.4645547783786039,0.21,1000,OLMo-3-7B,448,84,476,532,,Math source,TruthfulQA MC0,0.4804421768707483,0.5482943366348215,0.4149006579438825,0.704,1000,0.5195578231292517,0.5833695036095699,0.45161928496682724,0.313,1000
OOD,olmo3_7b_it,5,movies,truthfulqa_binary,movies->truthfulqa_binary,-0.14883609693877548,-0.034790189357426705,-0.25991993204164254,0.995,1000,0.6004198554421769,0.6629752094803959,0.5342398413307625,0.002,1000,0.39958014455782315,0.47016124941335613,0.3379524631858922,0.999,1000,OLMo-3-7B,448,84,476,532,,Movies source,TruthfulQA MC0,0.5484162414965986,0.6138380493606808,0.47781642661895507,0.077,1000,0.4515837585034014,0.5212403054758655,0.38068229898335865,0.899,1000
OOD,olmo3_7b_it,6,math,truthfulqa_binary,math->truthfulqa_binary,0.07655718537414963,0.16414045045079878,-0.018005869972522955,0.056,1000,0.43106930272108845,0.49414335300284684,0.36882431595834475,0.98,1000,0.5689306972789115,0.6292633204424442,0.5100652574496316,0.01,1000,OLMo-3-7B,448,84,476,532,,Math source,TruthfulQA MC0,0.4923735119047619,0.5608486172699818,0.42749687007326664,0.574,1000,0.5076264880952381,0.5803141594190419,0.44079768471782593,0.413,1000
OOD,olmo3_7b_it,6,movies,truthfulqa_binary,movies->truthfulqa_binary,-0.05673363095238099,0.05600702814073527,-0.1730091005575194,0.853,1000,0.5466092687074829,0.6075674847574729,0.4848224365691624,0.069,1000,0.453390731292517,0.5129567717287056,0.39574880396708034,0.925,1000,OLMo-3-7B,448,84,476,532,,Movies source,TruthfulQA MC0,0.510124362244898,0.5786637892081737,0.4454590399712351,0.4,1000,0.48987563775510207,0.5576108212783356,0.4207266505694176,0.596,1000
OOD,olmo3_7b_it,7,math,truthfulqa_binary,math->truthfulqa_binary,0.07413903061224492,0.20469752761719395,-0.05724071457331474,0.146,1000,0.4254357993197279,0.4990701288230692,0.3593810509739453,0.976,1000,0.5745642006802721,0.640700714985199,0.5031990724604004,0.02,1000,OLMo-3-7B,448,84,476,532,,Math source,TruthfulQA MC0,0.5004251700680272,0.5753362517044301,0.4264612677939358,0.495,1000,0.4995748299319728,0.578042002076492,0.42415944685612866,0.489,1000
OOD,olmo3_7b_it,7,movies,truthfulqa_binary,movies->truthfulqa_binary,-0.19741177721088432,-0.09192426683390412,-0.300861277429237,0.998,1000,0.6269132653061225,0.687847080302469,0.562477752841803,0.0,1000,0.37308673469387754,0.435538890087783,0.3068367328197809,1.0,1000,OLMo-3-7B,448,84,476,532,,Movies source,TruthfulQA MC0,0.5704985119047619,0.6305806468079767,0.502509662074735,0.02,1000,0.4295014880952381,0.4922636981581621,0.363776353323506,0.979,1000
OOD,olmo3_7b_it,8,math,truthfulqa_binary,math->truthfulqa_binary,0.07621173469387754,0.18604967512900042,-0.03869404517351434,0.08,1000,0.4266315901360544,0.4847614847802348,0.3649956295018007,0.993,1000,0.5733684098639455,0.634821226002429,0.514310450399672,0.009,1000,OLMo-3-7B,448,84,476,532,,Math source,TruthfulQA MC0,0.497156675170068,0.5653737031853437,0.4233374105962066,0.56,1000,0.502843324829932,0.5739789269121841,0.4277906964378332,0.475,1000
OOD,olmo3_7b_it,8,movies,truthfulqa_binary,movies->truthfulqa_binary,-0.1783322704081633,-0.07692195816085164,-0.2750282501108447,0.999,1000,0.5671768707482994,0.6380127026618373,0.4961081557615522,0.036,1000,0.4328231292517007,0.5087159127194896,0.3634488580181059,0.957,1000,OLMo-3-7B,448,84,476,532,,Movies source,TruthfulQA MC0,0.611155399659864,0.6732100645461901,0.5496862427330964,0.0,1000,0.38884460034013607,0.4510208299624606,0.3311013181889025,0.999,1000
OOD,olmo3_7b_it,9,math,truthfulqa_binary,math->truthfulqa_binary,0.02248086734693877,0.16931557005259895,-0.13264829556504854,0.384,1000,0.4585459183673469,0.5332828103199021,0.38326224943676707,0.858,1000,0.5414540816326531,0.6213579619316657,0.4572871149755719,0.166,1000,OLMo-3-7B,448,84,476,532,,Math source,TruthfulQA MC0,0.5189732142857143,0.5983257732579534,0.4426038906115133,0.312,1000,0.4810267857142857,0.5570854484360648,0.40534098410622593,0.678,1000
OOD,olmo3_7b_it,9,movies,truthfulqa_binary,movies->truthfulqa_binary,-0.1289328231292517,0.019514376712150307,-0.27161107935523804,0.958,1000,0.5542091836734694,0.6270354672689149,0.4772276608445187,0.084,1000,0.4457908163265306,0.5177970275532351,0.37448171750783255,0.936,1000,OLMo-3-7B,448,84,476,532,,Movies source,TruthfulQA MC0,0.5747236394557823,0.641601041579331,0.5056937212653746,0.016,1000,0.4252763605442177,0.4968250500442172,0.35491419676526,0.98,1000
OOD,olmo3_7b_it,10,math,truthfulqa_binary,math->truthfulqa_binary,0.24511054421768702,0.36257381246245385,0.1181063289055731,0.0,1000,0.2771577380952381,0.33102021746335336,0.21882594710387976,1.0,1000,0.7228422619047619,0.7814201195023999,0.6615308074778449,0.0,1000,OLMo-3-7B,448,84,476,532,,Math source,TruthfulQA MC0,0.47773171768707484,0.5537803968597889,0.3995060031025456,0.732,1000,0.5222682823129252,0.5983999086380627,0.4461496617315274,0.272,1000
OOD,olmo3_7b_it,10,movies,truthfulqa_binary,movies->truthfulqa_binary,0.008131377551020447,0.1459023965860527,-0.13751422250316053,0.454,1000,0.48113307823129253,0.5630977979869658,0.40329511593920864,0.698,1000,0.5188669217687075,0.594639810432617,0.4397612871768897,0.291,1000,OLMo-3-7B,448,84,476,532,,Movies source,TruthfulQA MC0,0.5107355442176871,0.5773774667524667,0.44089038521151835,0.386,1000,0.4892644557823129,0.5587068882589279,0.42157803545128875,0.591,1000
OOD,olmo3_7b_it,11,math,truthfulqa_binary,math->truthfulqa_binary,0.4908056972789116,0.5749646966459573,0.40779661559206204,0.0,1000,0.1250531462585034,0.16039916664982962,0.09259847004127617,1.0,1000,0.8749468537414966,0.9064028890995833,0.8380557735914879,0.0,1000,OLMo-3-7B,448,84,476,532,,Math source,TruthfulQA MC0,0.384141156462585,0.4644257881898076,0.3138206751940588,0.998,1000,0.6158588435374149,0.6872230276645092,0.5471973006841429,0.0,1000
OOD,olmo3_7b_it,11,movies,truthfulqa_binary,movies->truthfulqa_binary,0.2880792942176871,0.4324661847432727,0.14800320866095998,0.0,1000,0.3442283163265306,0.4184131582695065,0.2727774525168978,1.0,1000,0.6557716836734694,0.7260734307768869,0.5821135531135531,0.0,1000,OLMo-3-7B,448,84,476,532,,Movies source,TruthfulQA MC0,0.3676923894557823,0.43781409073762945,0.2969431801249937,0.999,1000,0.6323076105442177,0.7064939050409704,0.5552328048995135,0.0,1000
OOD,olmo3_7b_it,12,math,truthfulqa_binary,math->truthfulqa_binary,0.5851668792517007,0.6589214773986374,0.5017651094100234,0.0,1000,0.0900297619047619,0.11737037275337579,0.06409910751558733,1.0,1000,0.9099702380952381,0.9356203974456014,0.8816750005938665,0.0,1000,OLMo-3-7B,448,84,476,532,,Math source,TruthfulQA MC0,0.3248033588435374,0.3887082866955404,0.2631144109815198,1.0,1000,0.6751966411564626,0.7378030291778369,0.6136118444187926,0.0,1000
OOD,olmo3_7b_it,12,movies,truthfulqa_binary,movies->truthfulqa_binary,0.26947810374149667,0.4077043546504127,0.12786205442455437,0.0,1000,0.3288159013605442,0.4066402021541181,0.2626864577054451,1.0,1000,0.6711840986394558,0.7332564168272507,0.5999369170580963,0.0,1000,OLMo-3-7B,448,84,476,532,,Movies source,TruthfulQA MC0,0.40170599489795916,0.4719681201383194,0.3331514482187142,0.995,1000,0.5982940051020408,0.6668714513065352,0.5267084635661667,0.003,1000
OOD,olmo3_7b_it,13,math,truthfulqa_binary,math->truthfulqa_binary,0.6980495323129252,0.7612892636846612,0.6223129876978506,0.0,1000,0.08564519557823129,0.11684797545545043,0.059899381982025705,1.0,1000,0.9143548044217688,0.9436090796547304,0.8834537121781256,0.0,1000,OLMo-3-7B,448,84,476,532,,Math source,TruthfulQA MC0,0.21630527210884354,0.2672294059673878,0.16697234116833984,1.0,1000,0.7836947278911565,0.8347159205846375,0.7274870585857647,0.0,1000
OOD,olmo3_7b_it,13,movies,truthfulqa_binary,movies->truthfulqa_binary,0.3253082482993197,0.45102032480232185,0.1902112631552875,0.0,1000,0.29541347789115646,0.35780560091227837,0.23705755789649696,1.0,1000,0.7045865221088435,0.7656813015617205,0.6327092400759213,0.0,1000,OLMo-3-7B,448,84,476,532,,Movies source,TruthfulQA MC0,0.37927827380952384,0.43948122891887703,0.30996180360236597,0.999,1000,0.6207217261904762,0.6839119691871577,0.5550379209384048,0.0,1000
OOD,olmo3_7b_it,14,math,truthfulqa_binary,math->truthfulqa_binary,0.6977306547619048,0.7650758721891533,0.626283349827336,0.0,1000,0.11527423469387756,0.1518353079868311,0.08506952163082077,1.0,1000,0.8847257653061225,0.9158078487779343,0.8468897210066426,0.0,1000,OLMo-3-7B,448,84,476,532,,Math source,TruthfulQA MC0,0.1869951105442177,0.23389954895896753,0.14343551648239147,1.0,1000,0.8130048894557823,0.8569036162814927,0.7639324899320097,0.0,1000
OOD,olmo3_7b_it,14,movies,truthfulqa_binary,movies->truthfulqa_binary,0.3324564200680273,0.4494627123583265,0.21157463976090307,0.0,1000,0.28733524659863946,0.3505520874809035,0.233147702202194,1.0,1000,0.7126647534013606,0.7634431178029781,0.6547957321446723,0.0,1000,OLMo-3-7B,448,84,476,532,,Movies source,TruthfulQA MC0,0.3802083333333333,0.44432810288029223,0.3157097211628104,1.0,1000,0.6197916666666666,0.6804548583206241,0.5493866112481403,0.0,1000
OOD,olmo3_7b_it,15,math,truthfulqa_binary,math->truthfulqa_binary,0.6160182823129252,0.6967210448300648,0.5360247361096158,0.0,1000,0.1405187074829932,0.1783059582292388,0.10363794787650378,1.0,1000,0.8594812925170068,0.8950780557154003,0.8188678597452858,0.0,1000,OLMo-3-7B,448,84,476,532,,Math source,TruthfulQA MC0,0.24346301020408162,0.29906278135479736,0.19253265382412876,1.0,1000,0.7565369897959183,0.8071073622324272,0.7031859023260251,0.0,1000
OOD,olmo3_7b_it,15,movies,truthfulqa_binary,movies->truthfulqa_binary,0.25666985544217685,0.3716828616278778,0.1429458595166577,0.0,1000,0.3085140306122449,0.36248617687735263,0.250304667379398,1.0,1000,0.6914859693877551,0.7470581893101397,0.6326430015555021,0.0,1000,OLMo-3-7B,448,84,476,532,,Movies source,TruthfulQA MC0,0.43481611394557823,0.5017981558175464,0.3715060573505221,0.971,1000,0.5651838860544217,0.6305330044022478,0.4988416136974898,0.027,1000
OOD,olmo3_7b_it,16,math,truthfulqa_binary,math->truthfulqa_binary,0.5897640306122449,0.6633644760799712,0.49405229483666296,0.0,1000,0.14578018707482993,0.1865491544348923,0.11026976501781008,1.0,1000,0.85421981292517,0.8879533922575117,0.813095507878925,0.0,1000,OLMo-3-7B,448,84,476,532,,Math source,TruthfulQA MC0,0.26445578231292516,0.32503836147292897,0.21020362215009497,1.0,1000,0.7355442176870748,0.7897680079302064,0.674149077018975,0.0,1000
OOD,olmo3_7b_it,16,movies,truthfulqa_binary,movies->truthfulqa_binary,0.15481505102040816,0.2649713471110866,0.05251034614144613,0.003,1000,0.32153486394557823,0.3719298570262572,0.26882465422119,1.0,1000,0.6784651360544217,0.7307457894134621,0.624063890454157,0.0,1000,OLMo-3-7B,448,84,476,532,,Movies source,TruthfulQA MC0,0.5236500850340136,0.5824888895397582,0.4644160933061935,0.235,1000,0.4763499149659864,0.5376510680814236,0.4144970836685439,0.765,1000
OOD,olmo3_7b_it,17,math,truthfulqa_binary,math->truthfulqa_binary,0.4991230867346939,0.5928256987418735,0.3991679497888107,0.0,1000,0.16996173469387754,0.21272998360090137,0.12993243097961643,1.0,1000,0.8300382653061225,0.8710682974173726,0.7892738774163289,0.0,1000,OLMo-3-7B,448,84,476,532,,Math source,TruthfulQA MC0,0.33091517857142855,0.3992702047936398,0.26685923386787336,1.0,1000,0.6690848214285714,0.7389494623065538,0.6004799799799799,0.0,1000
OOD,olmo3_7b_it,17,movies,truthfulqa_binary,movies->truthfulqa_binary,0.08662840136054417,0.20190746193718573,-0.03983744477194257,0.097,1000,0.3525457057823129,0.40991019247887955,0.30048300984012255,1.0,1000,0.6474542942176871,0.7026586350646296,0.5921481265041263,0.0,1000,OLMo-3-7B,448,84,476,532,,Movies source,TruthfulQA MC0,0.5608258928571429,0.621126920285212,0.4970197369859361,0.032,1000,0.43917410714285715,0.49966245297947876,0.37579445893633256,0.975,1000
OOD,olmo3_7b_it,18,math,truthfulqa_binary,math->truthfulqa_binary,0.5099914965986394,0.603144780451301,0.4085763994871727,0.0,1000,0.17378826530612246,0.21768122926022948,0.13102733796647553,1.0,1000,0.8262117346938775,0.870665641791681,0.7818247673238164,0.0,1000,OLMo-3-7B,448,84,476,532,,Math source,TruthfulQA MC0,0.3162202380952381,0.379044986630144,0.2529462247398403,1.0,1000,0.6837797619047619,0.7403942303852028,0.6179657992954495,0.0,1000
OOD,olmo3_7b_it,18,movies,truthfulqa_binary,movies->truthfulqa_binary,0.1680750425170069,0.28531832947207464,0.05598535456090782,0.002,1000,0.31704400510204084,0.3766933266441693,0.2681279237659077,1.0,1000,0.6829559948979592,0.7363766352190327,0.6239752868952029,0.0,1000,OLMo-3-7B,448,84,476,532,,Movies source,TruthfulQA MC0,0.5148809523809523,0.5759528703973928,0.45250209368748656,0.323,1000,0.4851190476190476,0.5496382584322743,0.4192330082179992,0.659,1000
OOD,olmo3_7b_it,19,math,truthfulqa_binary,math->truthfulqa_binary,0.4736660289115646,0.5671756165715598,0.3705442700613217,0.0,1000,0.19034332482993196,0.24025575054928902,0.14584036933566719,1.0,1000,0.809656675170068,0.8545077211845505,0.7607522530684613,0.0,1000,OLMo-3-7B,448,84,476,532,,Math source,TruthfulQA MC0,0.3359906462585034,0.4063215406247961,0.27059796894117616,1.0,1000,0.6640093537414966,0.728021799553258,0.5953456734947852,0.0,1000
OOD,olmo3_7b_it,19,movies,truthfulqa_binary,movies->truthfulqa_binary,0.13592155612244894,0.24537458397409903,0.011582955837440087,0.016,1000,0.33086203231292516,0.3914767397614819,0.2753236661771904,1.0,1000,0.6691379676870748,0.7243474559641195,0.6086627744991091,0.0,1000,OLMo-3-7B,448,84,476,532,,Movies source,TruthfulQA MC0,0.5332164115646258,0.5943517575542143,0.4692072066125506,0.172,1000,0.46678358843537415,0.5296809334458402,0.3958165920520129,0.85,1000
OOD,olmo3_7b_it,20,math,truthfulqa_binary,math->truthfulqa_binary,0.443797831632653,0.5345629872120747,0.3338295439840634,0.0,1000,0.20841305272108843,0.2624410889196963,0.16091742219370447,1.0,1000,0.7915869472789115,0.8378443486636229,0.742606551742901,0.0,1000,OLMo-3-7B,448,84,476,532,,Math source,TruthfulQA MC0,0.34778911564625853,0.4164033736229281,0.28205779611836523,1.0,1000,0.6522108843537415,0.7142941503904997,0.5838321394682014,0.0,1000
OOD,olmo3_7b_it,20,movies,truthfulqa_binary,movies->truthfulqa_binary,0.1584821428571428,0.2730333214896999,0.03168035062727599,0.007,1000,0.33338647959183676,0.3912838156411382,0.27480685651842607,1.0,1000,0.6666135204081632,0.7185648548622207,0.6074544147792664,0.0,1000,OLMo-3-7B,448,84,476,532,,Movies source,TruthfulQA MC0,0.5081313775510204,0.5704040677591448,0.44359680513247723,0.364,1000,0.4918686224489796,0.5579015793443642,0.4292472681602193,0.596,1000
OOD,olmo3_7b_it,21,math,truthfulqa_binary,math->truthfulqa_binary,0.45315157312925175,0.5564386095501889,0.33860935795910946,0.0,1000,0.2062606292517007,0.25482133804224394,0.16132421118300258,1.0,1000,0.7937393707482994,0.8374743816600809,0.7400833446538947,0.0,1000,OLMo-3-7B,448,84,476,532,,Math source,TruthfulQA MC0,0.3405877976190476,0.4067692683379785,0.27979471759514174,1.0,1000,0.6594122023809523,0.7171789204867066,0.5974357340872128,0.0,1000
OOD,olmo3_7b_it,21,movies,truthfulqa_binary,movies->truthfulqa_binary,0.16113945578231292,0.2727704136885423,0.04049868296294875,0.001,1000,0.32541454081632654,0.38852811961236783,0.2714733812861507,1.0,1000,0.6745854591836735,0.7316210071430004,0.6145247208558152,0.0,1000,OLMo-3-7B,448,84,476,532,,Movies source,TruthfulQA MC0,0.5134460034013606,0.5794014224828499,0.4487864969840073,0.347,1000,0.48655399659863946,0.5533681950850625,0.42146405353444716,0.647,1000
OOD,olmo3_7b_it,22,math,truthfulqa_binary,math->truthfulqa_binary,0.43011267006802717,0.5372884347459005,0.31642372828490967,0.0,1000,0.22451636904761904,0.2776629097986884,0.17703638856423626,1.0,1000,0.7754836309523809,0.8201229034993635,0.7274129969354094,0.0,1000,OLMo-3-7B,448,84,476,532,,Math source,TruthfulQA MC0,0.34537096088435376,0.41629362861149527,0.2857191916826117,1.0,1000,0.6546290391156463,0.7207353354952405,0.5919852556564659,0.0,1000
OOD,olmo3_7b_it,22,movies,truthfulqa_binary,movies->truthfulqa_binary,0.20049426020408162,0.3106275276837696,0.07761611680770161,0.0,1000,0.32017963435374147,0.3792940635768092,0.26401432549272225,1.0,1000,0.6798203656462585,0.7374217907405576,0.6247727281383817,0.0,1000,OLMo-3-7B,448,84,476,532,,Movies source,TruthfulQA MC0,0.47932610544217685,0.5464129436763233,0.41105151134775714,0.739,1000,0.5206738945578231,0.5854198288962719,0.45461057957319473,0.257,1000
OOD,olmo3_7b_it,23,math,truthfulqa_binary,math->truthfulqa_binary,0.3996067176870748,0.5027818568142289,0.2887102938204771,0.0,1000,0.2347204506802721,0.2887394522468442,0.18719396237345484,1.0,1000,0.7652795493197279,0.8162472529169791,0.7105148728801431,0.0,1000,OLMo-3-7B,448,84,476,532,,Math source,TruthfulQA MC0,0.3656728316326531,0.4340975369708591,0.3020263906447535,1.0,1000,0.6343271683673469,0.6951984276060708,0.5670505179002858,0.0,1000
OOD,olmo3_7b_it,23,movies,truthfulqa_binary,movies->truthfulqa_binary,0.18808460884353745,0.3019340037462104,0.06604830796182659,0.001,1000,0.3185055272108844,0.3760435943709213,0.25977977241892675,1.0,1000,0.6814944727891157,0.7356308238444947,0.6259836000702423,0.0,1000,OLMo-3-7B,448,84,476,532,,Movies source,TruthfulQA MC0,0.49340986394557823,0.5626350603932867,0.4270975700687359,0.581,1000,0.5065901360544217,0.5714391894164942,0.44280395383521914,0.405,1000
OOD,olmo3_7b_it,24,math,truthfulqa_binary,math->truthfulqa_binary,0.4094653486394558,0.5175019179496001,0.297368611633648,0.0,1000,0.23389668367346939,0.2882456788687641,0.18028594219722185,1.0,1000,0.7661033163265306,0.8149599740600194,0.7135175368518539,0.0,1000,OLMo-3-7B,448,84,476,532,,Math source,TruthfulQA MC0,0.35663796768707484,0.4241736910258842,0.2949511026182118,1.0,1000,0.6433620323129252,0.704283811334978,0.5814964462420482,0.0,1000
OOD,olmo3_7b_it,24,movies,truthfulqa_binary,movies->truthfulqa_binary,0.15276892006802723,0.27581559468456307,0.02630476153913654,0.009,1000,0.32488307823129253,0.3861414446839349,0.2703138197053395,1.0,1000,0.6751169217687075,0.733479850800272,0.6145794342181866,0.0,1000,OLMo-3-7B,448,84,476,532,,Movies source,TruthfulQA MC0,0.5223480017006803,0.5953341765874428,0.45689397687021377,0.241,1000,0.4776519982993197,0.541255587469244,0.40969468615148763,0.768,1000
OOD,olmo3_7b_it,25,math,truthfulqa_binary,math->truthfulqa_binary,0.4071800595238096,0.5218933244946989,0.2908104077506164,0.0,1000,0.23703231292517007,0.28884585210539315,0.18747888579607475,1.0,1000,0.76296768707483,0.8140880461886946,0.7071622526425368,0.0,1000,OLMo-3-7B,448,84,476,532,,Math source,TruthfulQA MC0,0.3557876275510204,0.42201307218153045,0.28933953974229076,1.0,1000,0.6442123724489796,0.7062338461880106,0.583660496594436,0.0,1000
OOD,olmo3_7b_it,25,movies,truthfulqa_binary,movies->truthfulqa_binary,0.15866815476190477,0.26765117032192176,0.03826147434614305,0.008,1000,0.32355442176870747,0.3800857236420063,0.26508450599174577,1.0,1000,0.6764455782312925,0.735957545190965,0.6160308472623163,0.0,1000,OLMo-3-7B,448,84,476,532,,Movies source,TruthfulQA MC0,0.5177774234693877,0.5835211598349589,0.44793565598449997,0.299,1000,0.48222257653061223,0.5485466639496972,0.4123516964141464,0.691,1000
OOD,olmo3_7b_it,26,math,truthfulqa_binary,math->truthfulqa_binary,0.40834927721088443,0.5141850924747556,0.30381705443614243,0.0,1000,0.24144345238095238,0.28904878223894637,0.1923422516656109,1.0,1000,0.7585565476190477,0.8083116425159403,0.7022812904745084,0.0,1000,OLMo-3-7B,448,84,476,532,,Math source,TruthfulQA MC0,0.35020727040816324,0.41325491264717573,0.2898394596764895,1.0,1000,0.6497927295918368,0.7070235934693747,0.5837139507442923,0.0,1000
OOD,olmo3_7b_it,26,movies,truthfulqa_binary,movies->truthfulqa_binary,0.15696747448979598,0.2689166210520579,0.037055431082123794,0.007,1000,0.3335990646258503,0.39923264928207736,0.2735896519508085,1.0,1000,0.6664009353741497,0.7228224092315516,0.604483787216913,0.0,1000,OLMo-3-7B,448,84,476,532,,Movies source,TruthfulQA MC0,0.5094334608843537,0.576923766692418,0.4459417467352413,0.389,1000,0.49056653911564624,0.5622358474236276,0.4200154514806981,0.61,1000
OOD,olmo3_7b_it,27,math,truthfulqa_binary,math->truthfulqa_binary,0.41018282312925164,0.517648880830422,0.2939808422038242,0.0,1000,0.2341358418367347,0.2880939057474223,0.18687839733846562,1.0,1000,0.7658641581632653,0.8144997133970507,0.7138896052601619,0.0,1000,OLMo-3-7B,448,84,476,532,,Math source,TruthfulQA MC0,0.3556813350340136,0.4208346241065172,0.29399108162071347,1.0,1000,0.6443186649659864,0.7067099090722186,0.5814716182356364,0.0,1000
OOD,olmo3_7b_it,27,movies,truthfulqa_binary,movies->truthfulqa_binary,0.22201849489795916,0.3306559715941159,0.09588865970085368,0.001,1000,0.30216305272108845,0.3607507222255232,0.2425460171292553,1.0,1000,0.6978369472789115,0.7506759055510355,0.6406194813781808,0.0,1000,OLMo-3-7B,448,84,476,532,,Movies source,TruthfulQA MC0,0.4758184523809524,0.5443111920056167,0.4106697706674825,0.761,1000,0.5241815476190477,0.5934334244627489,0.45412454810748865,0.239,1000
OOD,olmo3_7b_it,28,math,truthfulqa_binary,math->truthfulqa_binary,0.4764827806122449,0.5803370856992094,0.3695288793318219,0.0,1000,0.1993781887755102,0.25069765897180624,0.1564299453737673,1.0,1000,0.8006218112244898,0.8489009769622543,0.7502174263369467,0.0,1000,OLMo-3-7B,448,84,476,532,,Math source,TruthfulQA MC0,0.3241390306122449,0.3908732452744365,0.26074037724100885,1.0,1000,0.6758609693877551,0.7369365074635151,0.6077841037303451,0.0,1000
OOD,olmo3_7b_it,28,movies,truthfulqa_binary,movies->truthfulqa_binary,0.27795493197278914,0.3968316374263132,0.16172288629003534,0.0,1000,0.2760416666666667,0.332940859301191,0.22468287780876986,1.0,1000,0.7239583333333334,0.7781673172290009,0.6664383458722783,0.0,1000,OLMo-3-7B,448,84,476,532,,Movies source,TruthfulQA MC0,0.4460034013605442,0.5134604801846181,0.38176465114910724,0.95,1000,0.5539965986394558,0.6189775331855386,0.487854067419592,0.063,1000
OOD,olmo3_7b_it,29,math,truthfulqa_binary,math->truthfulqa_binary,0.48596938775510207,0.5840354268959769,0.37078596526019264,0.0,1000,0.19292091836734693,0.24463782410411003,0.14940185843666423,1.0,1000,0.8070790816326531,0.8530610110843854,0.7586681116493557,0.0,1000,OLMo-3-7B,448,84,476,532,,Math source,TruthfulQA MC0,0.321109693877551,0.3848037309424077,0.25959738171122315,1.0,1000,0.6788903061224489,0.7396452851796812,0.6175961119795713,0.0,1000
OOD,olmo3_7b_it,29,movies,truthfulqa_binary,movies->truthfulqa_binary,0.2620907738095238,0.387593405931403,0.1357462872248129,0.0,1000,0.29517431972789115,0.3540084047158515,0.2362780032728341,1.0,1000,0.7048256802721088,0.7601815408590517,0.6441222341140846,0.0,1000,OLMo-3-7B,448,84,476,532,,Movies source,TruthfulQA MC0,0.442734906462585,0.5082256425778551,0.37220272500087503,0.953,1000,0.5572650935374149,0.6250853726995353,0.48724485310039406,0.056,1000
OOD,olmo3_7b_it,30,math,truthfulqa_binary,math->truthfulqa_binary,0.483046343537415,0.5855333832548273,0.3721664199785448,0.0,1000,0.1915391156462585,0.2411193858225108,0.14687368317355395,1.0,1000,0.8084608843537415,0.8593583442200761,0.7578939691292497,0.0,1000,OLMo-3-7B,448,84,476,532,,Math source,TruthfulQA MC0,0.32541454081632654,0.3881953768097232,0.26144608845032985,1.0,1000,0.6745854591836735,0.7415818732820012,0.6000998405265253,0.0,1000
OOD,olmo3_7b_it,30,movies,truthfulqa_binary,movies->truthfulqa_binary,0.25906143707482987,0.3901300351999275,0.1357746638827408,0.0,1000,0.3098426870748299,0.3695604733785453,0.24893845703700945,1.0,1000,0.69015731292517,0.7481779195260747,0.6256663424545617,0.0,1000,OLMo-3-7B,448,84,476,532,,Movies source,TruthfulQA MC0,0.43109587585034015,0.5018613947680636,0.35779138462089466,0.973,1000,0.5689041241496599,0.6368882863611054,0.49686286973270094,0.031,1000
OOD,olmo3_7b_it,31,math,truthfulqa_binary,math->truthfulqa_binary,0.5071481717687075,0.5984535861682182,0.4048744134834074,0.0,1000,0.1690051020408163,0.21693654610717775,0.12546243200968585,1.0,1000,0.8309948979591837,0.8739067342967086,0.7819789641481382,0.0,1000,OLMo-3-7B,448,84,476,532,,Math source,TruthfulQA MC0,0.32384672619047616,0.3895701113714253,0.2545661400219731,1.0,1000,0.6761532738095238,0.7454239461637923,0.6055220034537725,0.0,1000
OOD,olmo3_7b_it,31,movies,truthfulqa_binary,movies->truthfulqa_binary,0.234733737244898,0.3666767225925311,0.11299599174676764,0.0,1000,0.32772640306122447,0.3873971804643913,0.26780264997361397,1.0,1000,0.6722735969387755,0.7320670463237512,0.6079201762895151,0.0,1000,OLMo-3-7B,448,84,476,532,,Movies source,TruthfulQA MC0,0.43753985969387754,0.5086972164904734,0.3669602974794244,0.96,1000,0.5624601403061225,0.6306922834553814,0.4944785868224583,0.036,1000
