experiment,model,layer,domain,source,target,direction,all_delta_auc,all_delta_auc_ci_high,all_delta_auc_ci_low,all_delta_auc_p,all_meta_gt_auc,all_meta_gt_auc_ci_high,all_meta_gt_auc_ci_low,all_meta_gt_auc_p,all_meta_mj_auc,all_meta_mj_auc_ci_high,all_meta_mj_auc_ci_low,all_meta_mj_auc_p,all_truth_gt_auc,all_truth_gt_auc_ci_high,all_truth_gt_auc_ci_low,all_truth_gt_auc_p,all_truth_mj_auc,all_truth_mj_auc_ci_high,all_truth_mj_auc_ci_low,all_truth_mj_auc_p,auc_mj,auc_mj_ci_high,auc_mj_ci_low,auc_mj_p,cb_delta_auc,cb_delta_auc_ci_high,cb_delta_auc_ci_low,cb_delta_auc_p,cb_meta_gt_auc,cb_meta_gt_auc_ci_high,cb_meta_gt_auc_ci_low,cb_meta_gt_auc_p,cb_meta_mj_auc,cb_meta_mj_auc_ci_high,cb_meta_mj_auc_ci_low,cb_meta_mj_auc_p,cb_sample_size,cb_truth_gt_auc,cb_truth_gt_auc_ci_high,cb_truth_gt_auc_ci_low,cb_truth_gt_auc_p,cb_truth_mj_auc,cb_truth_mj_auc_ci_high,cb_truth_mj_auc_ci_low,cb_truth_mj_auc_p,cohens_d,cohens_d_ci_high,cohens_d_ci_low,cohens_d_p,delta_score,fold_empty_quadrants,fold_meta_gt_auc_mean,fold_meta_mj_auc_mean,fold_meta_mj_auc_std,fold_truth_gt_auc_mean,fold_truth_gt_auc_std,fold_truth_mj_auc_mean,n_B,n_C,source_empty_quadrants,threshold,threshold_mode
Exp2B,qwen25_7b,0,nan,math,movies,math->movies,0.0197613568131879,0.0539990415031885,-0.031159325408138,0.22,0.5177788172093571,0.5426655510943748,0.49835201309268,0.05,0.5019874892780184,0.5297590244962426,0.4755800998212758,0.5,0.4822261324648305,0.5035720448978174,0.4636293534688745,0.88,0.5033778600668075,0.5268870823031172,0.47862258827545,0.33,,,,,0.0013171584796227,0.0263920167011515,-0.0230669881526333,0.49,0.5374117282447479,0.5897660683907454,0.4841603834608177,0.09,0.462588271755252,0.5114284409729236,0.4260825689627659,0.93,653.0,0.4612711132756292,0.5069360558494249,0.4196659306343538,0.92,0.5387288867243708,0.5764140154226362,0.4895246164437045,0.07,,,,,,,,,,,,,,,,0.5,symmetric_confident
Exp2B,qwen25_7b,0,nan,movies,math,movies->math,0.017511677256389,0.043767041390992,-0.0071619710811381,0.08,0.5145070446246474,0.528787404881427,0.5019748287958795,0.02,0.4944428052873555,0.514105868817027,0.4749725775562322,0.75,0.4769311280309665,0.492013866235826,0.4642141543111891,0.99,0.5226302027693842,0.5431909708425654,0.5041369634243548,0.01,,,,,0.0477389373807634,0.0758036899796383,0.0175742744209672,0.0,0.529707838800628,0.5714667484805448,0.4906755183783211,0.09,0.4702921611993719,0.5042269261998372,0.4382025538555205,0.95,2186.0,0.4225532238186085,0.4537143303965338,0.391148882830818,1.0,0.5774467761813915,0.6164788226908972,0.5461338376994758,0.0,,,,,,,,,,,,,,,,0.5,symmetric_confident
Exp2B,qwen25_7b,1,nan,math,movies,math->movies,-0.0465026851005456,-0.0104657797350384,-0.0790270869511711,1.0,0.4811722643357001,0.5032346078282948,0.4577898892864898,0.94,0.4865805246971694,0.5076201059680908,0.4604321457300973,0.88,0.5330832097977151,0.5538857839268189,0.5068361582748033,0.0,0.5346991220178944,0.5527014086336773,0.5108728099852151,0.0,,,,,-0.0002656454076549,0.031889044153195,-0.0440611475934458,0.47,0.4935580988643658,0.5494724152202335,0.4555981784223155,0.56,0.5064419011356341,0.5653494616131078,0.4513258020996841,0.38,653.0,0.5067075465432891,0.5356714041627835,0.4661976091115313,0.39,0.4932924534567108,0.5337212832099331,0.4483791398048578,0.66,,,,,,,,,,,,,,,,0.5,symmetric_confident
Exp2B,qwen25_7b,1,nan,movies,math,movies->math,-0.0113219664709061,0.0112439375784184,-0.0355431511372471,0.82,0.5219101999408996,0.5356233355020695,0.5036152387894217,0.0,0.5031235551395488,0.5198273112489554,0.4838250816298758,0.47,0.5144455216104549,0.5274323984867704,0.5006395687946418,0.02,0.4960781188354976,0.5128175577148473,0.474688612507096,0.68,,,,,-0.0669033107663216,-0.0339846337042872,-0.1110257289223492,1.0,0.5305815366953116,0.5677438731930625,0.4950844610140975,0.05,0.4694184633046884,0.5082268744106266,0.4398323557975672,0.95,2186.0,0.5363217740710101,0.5723724263184881,0.5000572091413577,0.03,0.4636782259289899,0.5074197810510938,0.4285264929341514,0.94,,,,,,,,,,,,,,,,0.5,symmetric_confident
Exp2B,qwen25_7b,2,nan,math,movies,math->movies,0.0210606259977703,0.0534812845918214,-0.00857960165602,0.14,0.507195588850364,0.5360052549533677,0.4868281511610373,0.29,0.5229790372183518,0.5449181026080971,0.4972704430750271,0.04,0.5019184112205815,0.5218902784422306,0.4795656575188478,0.45,0.5104744171774863,0.5380005428920345,0.48450213976745,0.13,,,,,0.0429349390122417,0.110663816999499,-0.0231009767859348,0.09,0.4744205609545525,0.5315589664221638,0.42974752388159,0.8,0.5255794390454475,0.57020178054953,0.4667144357808129,0.16,653.0,0.4826445000332057,0.5269326236352869,0.4304614673037951,0.81,0.5173554999667943,0.5653717988775455,0.4805916880922307,0.27,,,,,,,,,,,,,,,,0.5,symmetric_confident
Exp2B,qwen25_7b,2,nan,movies,math,movies->math,0.0420707135562674,0.066522981276394,0.0115434009681581,0.0,0.546457198254252,0.56124244880576,0.5308223447547517,0.0,0.5357423290274372,0.552506595086341,0.5182846404531852,0.0,0.4936716154711698,0.5061996217934156,0.4780583320606109,0.81,0.4906379260254058,0.5128613072152157,0.4721648734664063,0.83,,,,,-0.0087623035234927,0.0327642548700841,-0.0432151052685879,0.71,0.4990081207475815,0.5300491200599572,0.4524469860764143,0.45,0.5009918792524185,0.5443683123752615,0.4610726024772921,0.35,2186.0,0.5097541827759112,0.5495784042191932,0.4772087466179804,0.36,0.4902458172240887,0.5298220701611396,0.4587784374676643,0.69,,,,,,,,,,,,,,,,0.5,symmetric_confident
Exp2B,qwen25_7b,3,nan,math,movies,math->movies,0.0053612463525135,0.0352445536712581,-0.0196078614099622,0.47,0.5129545347677489,0.5368994951181602,0.4855738354256708,0.21,0.5201446857326164,0.5459430305910052,0.4982002667071167,0.03,0.5147834393801028,0.536545730917652,0.4942178336623476,0.11,0.5174768300592063,0.5390976463672428,0.489960346159827,0.1,,,,,0.0139353153432359,0.0933266498196183,-0.0550091672338349,0.36,0.4917317866867376,0.5343924156861939,0.43515667465342,0.62,0.5082682133132623,0.5536934822941628,0.4674398330048712,0.31,653.0,0.4943328979700263,0.5481968581971114,0.4556814853927798,0.55,0.5056671020299737,0.5481872416425426,0.4632190108957125,0.37,,,,,,,,,,,,,,,,0.5,symmetric_confident
Exp2B,qwen25_7b,3,nan,movies,math,movies->math,0.0105453682662509,0.035280364127306,-0.0130624920689271,0.21,0.5501864920644892,0.5651348854880798,0.5343161863445353,0.0,0.5237299076080628,0.5400679860828099,0.5058966429550503,0.02,0.5131845393418119,0.529652604294006,0.4994733290326009,0.04,0.5218022588715138,0.5419407556768562,0.5027445848507605,0.01,,,,,-0.000949671624656,0.0487623669849228,-0.044609278062316,0.45,0.505375141395553,0.5520791190126402,0.4681783723227004,0.32,0.494624858604447,0.5262091797859505,0.4642217483718234,0.6,2186.0,0.495574530229103,0.5331559700299584,0.4580232868554467,0.55,0.504425469770897,0.5413766053045915,0.4653771694214876,0.41,,,,,,,,,,,,,,,,0.5,symmetric_confident
Exp2B,qwen25_7b,4,nan,math,movies,math->movies,0.0098608497574746,0.0372622774057221,-0.0177910375425844,0.2,0.5190046865165101,0.5435823369058325,0.5001214738676711,0.03,0.5351454353996248,0.5593387905891718,0.5105978646921625,0.0,0.5252845856421501,0.5488836355695187,0.4986561163356593,0.06,0.5484986610598548,0.5729082128398769,0.5311238688637974,0.0,,,,,0.0449272795696544,0.1160854554689832,-0.0341303506856041,0.19,0.4861864388019392,0.5300382684212167,0.4536712081772339,0.67,0.5138135611980608,0.5698163869621405,0.4733421695863342,0.26,653.0,0.4688862816284063,0.5050461625076578,0.4250958303547719,0.93,0.5311137183715936,0.5809478483466448,0.4859974714305302,0.06,,,,,,,,,,,,,,,,0.5,symmetric_confident
Exp2B,qwen25_7b,4,nan,movies,math,movies->math,0.0239814130439722,0.0493642317720405,-0.0011835810227765,0.04,0.5947546121387987,0.610027508719227,0.580168911697909,0.0,0.5526092554722412,0.5731956855409037,0.535320252128939,0.0,0.5286278424282689,0.5481412619264703,0.5118319721755085,0.0,0.5358777573165755,0.551017090685381,0.5169907378120115,0.0,,,,,-0.0060335803886478,0.0318092320862249,-0.0482363830125713,0.57,0.5212473198156371,0.5637559897837161,0.4914590803015602,0.11,0.4787526801843629,0.5170794942942007,0.4413940667174647,0.8,2186.0,0.4847862605730108,0.5202391226018916,0.454335297616949,0.81,0.5152137394269892,0.5558082258449751,0.4782994555330525,0.21,,,,,,,,,,,,,,,,0.5,symmetric_confident
Exp2B,qwen25_7b,5,nan,math,movies,math->movies,-0.0195707571624366,0.0182922422133525,-0.046918619682273,0.86,0.5265471650328617,0.548950426500257,0.5056857500269638,0.01,0.5122692594684687,0.5410305118544627,0.491508381658149,0.14,0.5318400166309053,0.5532278276441392,0.5080928976475702,0.0,0.531417149591693,0.5533151917340365,0.5097026395150852,0.02,,,,,-0.0026011112832886,0.0883555341529478,-0.0954589954043013,0.51,0.5141566865162819,0.5611864433896004,0.4703336186993417,0.3,0.4858433134837182,0.5296786407956732,0.4350212728410665,0.74,653.0,0.4884444247670068,0.5385325448735152,0.4449828403412709,0.61,0.5115555752329931,0.5552353702733752,0.4616798857952859,0.36,,,,,,,,,,,,,,,,0.5,symmetric_confident
Exp2B,qwen25_7b,5,nan,movies,math,movies->math,-0.0392013520746012,-0.0136283906572915,-0.0679927279603214,1.0,0.5784581990468655,0.5920247434402083,0.5606193323064684,0.0,0.5282554507625472,0.5451877364871273,0.5072127853190761,0.0,0.5674568028371485,0.5844604610334572,0.5548439988943145,0.0,0.5774421462331605,0.5969157877800254,0.5564872580000223,0.0,,,,,-0.005459556651078,0.0321951013982812,-0.0470695443772867,0.6,0.5435160642231264,0.5747114914259501,0.5034831107956853,0.02,0.4564839357768736,0.4949100733739141,0.4220946393244103,0.98,2186.0,0.4619434924279516,0.4939094452010052,0.4276562373833817,0.98,0.5380565075720484,0.5798187470245243,0.5051191313454224,0.01,,,,,,,,,,,,,,,,0.5,symmetric_confident
Exp2B,qwen25_7b,6,nan,math,movies,math->movies,-0.0010969543328276,0.0225173170138179,-0.0366997494158822,0.52,0.5362254279612044,0.5590935919884955,0.5173458937854706,0.0,0.549792708355126,0.5755670498487995,0.5260605675778852,0.0,0.5508896626879536,0.5703219628773276,0.5243463349042868,0.0,0.5646474472966659,0.5897594387108355,0.5391243407075815,0.0,,,,,0.0420494543200584,0.1352624041913979,-0.0549674191407221,0.18,0.4785491333318575,0.5333248469268854,0.4350903634230924,0.77,0.5214508666681424,0.5802189440350531,0.4718350958462424,0.22,653.0,0.479401412348084,0.5252696267764765,0.4367748079423455,0.76,0.520598587651916,0.5634057964283928,0.465303342544814,0.24,,,,,,,,,,,,,,,,0.5,symmetric_confident
Exp2B,qwen25_7b,6,nan,movies,math,movies->math,0.0450194454816936,0.0688755328442889,0.0237668546165857,0.0,0.64923594438648,0.6634741977338482,0.6361996706777372,0.0,0.6056786053825397,0.625819563436893,0.5895903472247465,0.0,0.560659159900846,0.5803126625288142,0.541007783655539,0.0,0.5537878659418201,0.5713051788228276,0.5340798759708134,0.0,,,,,-0.0064208353733687,0.0479485342747991,-0.0599454338209309,0.58,0.5030167901943239,0.5420497056349145,0.4712818085747012,0.42,0.496983209805676,0.5303280018482176,0.4634494002006294,0.49,2186.0,0.5034040451790448,0.5399135050003695,0.4659630418643067,0.43,0.4965959548209552,0.5343418408346823,0.4537530986508173,0.58,,,,,,,,,,,,,,,,0.5,symmetric_confident
Exp2B,qwen25_7b,7,nan,math,movies,math->movies,0.0518176140761333,0.078835515900423,0.0283395304374029,0.0,0.6042413758114372,0.6262726005371293,0.5793666654978878,0.0,0.6410821007412987,0.6678059288243415,0.6204741405604319,0.0,0.5892644866651653,0.6107496884666702,0.5669277578730991,0.0,0.6256886476007169,0.6506255690308563,0.6024805040785807,0.0,,,,,0.0939609943993093,0.1720111385268625,-0.0046748662457511,0.04,0.4542868527660328,0.5036052100693528,0.4102913114088197,0.94,0.5457131472339672,0.5849803112910997,0.4951028886507323,0.05,653.0,0.4517521528346578,0.4930541043131041,0.4135710637194753,0.99,0.5482478471653421,0.6000607063808474,0.5077904672634731,0.01,,,,,,,,,,,,,,,,0.5,symmetric_confident
Exp2B,qwen25_7b,7,nan,movies,math,movies->math,0.0425933768464339,0.0652674635095715,0.0235638466864506,0.0,0.7074730547675272,0.7225262274199159,0.696917778373254,0.0,0.6615172264105512,0.6800280781717943,0.6409027542202215,0.0,0.6189238495641173,0.632756807901914,0.6024716886286998,0.0,0.598979766018804,0.6194667035943991,0.579485627132162,0.0,,,,,0.0505373031014164,0.1309946161262056,-0.0308034198142255,0.09,0.4710329050666036,0.4969764259309934,0.4329985081908578,0.99,0.5289670949333963,0.5665017951646151,0.4837612478154183,0.12,2186.0,0.4784297918319798,0.5167904042440821,0.4423130261704583,0.85,0.5215702081680201,0.5680107069834138,0.4814698522499095,0.15,,,,,,,,,,,,,,,,0.5,symmetric_confident
Exp2B,qwen25_7b,8,nan,math,movies,math->movies,0.0493585559132754,0.0688425525674721,0.0208772310065702,0.0,0.6610207383099007,0.6809819222160964,0.6393323869029367,0.0,0.7035677175952078,0.7318570986635253,0.6793171298253652,0.0,0.6542091616819323,0.6758714681779117,0.6278539364742378,0.0,0.6937401061389011,0.7151687592402097,0.6701358646394722,0.0,,,,,0.0899652447258318,0.1840062726799765,-0.0081466641421911,0.07,0.4530582427556283,0.5037451462472146,0.409162217631829,0.95,0.5469417572443717,0.5859874463975469,0.4969445818437243,0.05,653.0,0.4569765125185398,0.5019481971001494,0.4146155547264179,0.97,0.5430234874814601,0.5801040529680548,0.4980357011348018,0.05,,,,,,,,,,,,,,,,0.5,symmetric_confident
Exp2B,qwen25_7b,8,nan,movies,math,movies->math,-0.0206063428432422,0.0015136947338801,-0.0414032289773382,0.95,0.7085154558266811,0.723231482137292,0.6960031782048456,0.0,0.6668002862307413,0.6872354857966494,0.648267535592811,0.0,0.6874066290739835,0.6995230731917409,0.6750531233878171,0.0,0.6498683587289636,0.6674691123675335,0.6354850503728185,0.0,,,,,0.0364357346659688,0.1321565866581252,-0.0334419329372984,0.15,0.4800991035099863,0.5190041020110567,0.440039263191418,0.87,0.5199008964900137,0.5607917322264903,0.4786522345733632,0.19,2186.0,0.4834651618240448,0.519469735233661,0.4405819756750003,0.79,0.5165348381759551,0.5586916826698906,0.4751254008706377,0.18,,,,,,,,,,,,,,,,0.5,symmetric_confident
Exp2B,qwen25_7b,9,nan,math,movies,math->movies,0.0458028534032456,0.0773013511419508,0.0203266251291031,0.0,0.6466254358806831,0.668044766228418,0.6244297284731901,0.0,0.6840794263478316,0.7055885005378146,0.6584026573828878,0.0,0.638276572944586,0.6575144388809835,0.6197215307091201,0.0,0.6696234928206308,0.6907541987475568,0.6476329718597827,0.0,,,,,0.0639098576583357,0.1538323751152721,-0.0348961158263483,0.1,0.4649126690722334,0.5197560398113574,0.4115277252562141,0.89,0.5350873309277666,0.5764045680792428,0.4900115187456513,0.1,653.0,0.4711774732694309,0.5152217831870294,0.4210331829423219,0.85,0.5288225267305692,0.5742544478893227,0.4783665340325927,0.1,,,,,,,,,,,,,,,,0.5,symmetric_confident
Exp2B,qwen25_7b,9,nan,movies,math,movies->math,-0.0104429082525793,0.0080521291720294,-0.0275605312869424,0.84,0.7247128435553924,0.7345608798872025,0.7105999159417866,0.0,0.6813598447209532,0.6997076461772445,0.6646859371022551,0.0,0.6918027529735326,0.7035050943004386,0.680014467131184,0.0,0.653177534278166,0.6692458354310463,0.6326692709779569,0.0,,,,,0.0213950465128057,0.1034684785952856,-0.0481799754390388,0.3,0.4857464841046074,0.5256834057489962,0.4540528701327363,0.71,0.5142535158953926,0.5490092429004593,0.4691531729283666,0.34,2186.0,0.4928584693825868,0.5339698028099844,0.4558983358747084,0.68,0.5071415306174132,0.5568968071755328,0.4651490702479339,0.35,,,,,,,,,,,,,,,,0.5,symmetric_confident
Exp2B,qwen25_7b,10,nan,math,movies,math->movies,0.0422850395131589,0.0693387201002368,0.0166392321809448,0.0,0.6451867305834593,0.6690926674043133,0.6258424764373067,0.0,0.6777695837430351,0.7020537344448258,0.6541534503555898,0.0,0.6354845442298761,0.6585253646484964,0.6142968823577547,0.0,0.6537183483615417,0.6738007750217083,0.6357548981615966,0.0,,,,,0.0110796272109445,0.0885497406381386,-0.0743026177341983,0.42,0.4824563345361167,0.5293055226934168,0.4406621179155472,0.76,0.5175436654638833,0.5559838887182637,0.4642509883081207,0.22,653.0,0.5064640382529387,0.5512425408321227,0.4590220460650828,0.39,0.4935359617470613,0.5365688241182812,0.4546937345329235,0.5,,,,,,,,,,,,,,,,0.5,symmetric_confident
Exp2B,qwen25_7b,10,nan,movies,math,movies->math,-0.0090440315975465,0.0115103414325014,-0.0272802053660569,0.8,0.6921174852786172,0.7039879401367762,0.6812242940861633,0.0,0.6638293422684352,0.6800348254748358,0.646015817609594,0.0,0.6728733738659817,0.6856612117568527,0.6578336176055162,0.0,0.6459346078062312,0.6656224340390811,0.626519112710016,0.0,,,,,0.0454618358629771,0.1225603388799975,-0.0283732628248062,0.08,0.4706551467981293,0.5086494084297963,0.4292754330274497,0.89,0.5293448532018706,0.5690268217604637,0.4994796306944529,0.04,2186.0,0.4838830173388935,0.5268557137233598,0.4464424099084074,0.77,0.5161169826611065,0.5474015534575523,0.4761007920708829,0.22,,,,,,,,,,,,,,,,0.5,symmetric_confident
Exp2B,qwen25_7b,11,nan,math,movies,math->movies,0.0354153719266775,0.0595238069950513,0.011328399011175,0.0,0.647346438420691,0.6694261685291806,0.6282435510987692,0.0,0.6781553135700189,0.7021636825494479,0.6540197154814279,0.0,0.6427399416433414,0.6615617616154124,0.621427823324971,0.0,0.653578875429751,0.6719545209285421,0.6266833356620456,0.0,,,,,0.0042946007570894,0.1121122981401637,-0.0658830639747929,0.45,0.4815708498439333,0.5346601181921338,0.4292736177066775,0.77,0.5184291501560667,0.5602761524399066,0.4669613667744081,0.34,653.0,0.5141345493989773,0.5634798316025497,0.4675625453226976,0.32,0.4858654506010227,0.5342061960934597,0.4315715209626714,0.73,,,,,,,,,,,,,,,,0.5,symmetric_confident
Exp2B,qwen25_7b,11,nan,movies,math,movies->math,0.0036506150343269,0.0285848178368342,-0.016666303680148,0.29,0.6745023992606837,0.6874586475763877,0.6589091307967504,0.0,0.6637798284198186,0.6861064400160545,0.645308700779015,0.0,0.6601292133854917,0.6729431640335868,0.6453276172610025,0.0,0.6482298799119603,0.666159527349292,0.6283349252676584,0.0,,,,,0.0797987962384562,0.1529309990577185,0.0065121117523425,0.02,0.4481711434890513,0.4847102036262677,0.4152368420656348,1.0,0.5518288565109487,0.5906725652629239,0.5182739295274522,0.01,2186.0,0.4720300602724924,0.511239129320094,0.4376470661713837,0.93,0.5279699397275076,0.5662417935011639,0.4864618986249151,0.08,,,,,,,,,,,,,,,,0.5,symmetric_confident
Exp2B,qwen25_7b,12,nan,math,movies,math->movies,0.0682156301360323,0.0932438648726306,0.0449856826217219,0.0,0.6670873889726209,0.6888525745231052,0.6449034730153292,0.0,0.7293972328570333,0.7498766003538723,0.7101729617006297,0.0,0.6611816027210009,0.6853124699245774,0.6354374281724877,0.0,0.7020300285222145,0.7297150638265041,0.6853254536887343,0.0,,,,,0.0998937418369379,0.1775048621900585,0.0085275241091143,0.01,0.4325482035729307,0.4861248569662151,0.389588451834559,1.0,0.5674517964270692,0.6214002857918961,0.5229088228718537,0.01,653.0,0.4675580545901313,0.514716093644648,0.4251702110782299,0.87,0.5324419454098688,0.5798917018174851,0.4891379965694444,0.07,,,,,,,,,,,,,,,,0.5,symmetric_confident
Exp2B,qwen25_7b,12,nan,movies,math,movies->math,0.0221013238048921,0.0437767940321006,0.006641972633433,0.0,0.6842317267409131,0.6993838555108668,0.6713279702241659,0.0,0.6755889943601692,0.6927059145024032,0.6576186189570525,0.0,0.653487670555277,0.6662888954591967,0.6411889629493215,0.0,0.64278482615326,0.6576037479572713,0.6248476809872923,0.0,,,,,0.097498564940656,0.1586117737649473,0.0094378395324347,0.01,0.4386997518191488,0.4818972716241206,0.4005653550255096,1.0,0.5613002481808512,0.5904783824726236,0.5250894343154451,0.0,2186.0,0.4638016832401951,0.5013370204047863,0.4315713671466782,0.96,0.5361983167598048,0.5713231493216697,0.4954826884919118,0.04,,,,,,,,,,,,,,,,0.5,symmetric_confident
Exp2B,qwen25_7b,13,nan,math,movies,math->movies,0.1336966292136768,0.1613703102048438,0.1120721069597853,0.0,0.6481000263157678,0.66830262912531,0.6297822641971973,0.0,0.7248164187535304,0.7447811996843243,0.7052482640306053,0.0,0.5911197895398536,0.6140616759183662,0.5696418465160931,0.0,0.6093389331715447,0.6334427438943496,0.5896646230887207,0.0,,,,,0.1268899563898788,0.221011723255871,0.0527809334887458,0.01,0.395523874881013,0.441601625066484,0.3522277506156147,1.0,0.604476125118987,0.6534272452543479,0.554510313591028,0.0,653.0,0.4775861687291081,0.5166009722059559,0.4342124752845669,0.85,0.5224138312708919,0.5635921902350673,0.4766668556524829,0.17,,,,,,,,,,,,,,,,0.5,symmetric_confident
Exp2B,qwen25_7b,13,nan,movies,math,movies->math,0.1121338983890545,0.1330278337804103,0.0865484609774858,0.0,0.6409322536489169,0.653793669019504,0.62725614314149,0.0,0.677244203884011,0.69541207559374,0.6603746081468874,0.0,0.5651103054949564,0.5800117169893111,0.5514651733576649,0.0,0.6006170013373261,0.6218965131422994,0.5830002703161246,0.0,,,,,0.1532369029731053,0.2247703903273005,0.0815845615795657,0.0,0.4002253887322517,0.433818787539722,0.3685608000108395,1.0,0.5997746112677483,0.6324101035503404,0.5599605781586361,0.0,2186.0,0.446537708294643,0.4919192832736627,0.4104596433549346,1.0,0.553462291705357,0.5857052730378106,0.521112055106961,0.0,,,,,,,,,,,,,,,,0.5,symmetric_confident
Exp2B,qwen25_7b,14,nan,math,movies,math->movies,0.117422928795663,0.1472254137588734,0.0971265183836073,0.0,0.6590284944493529,0.6780005128821832,0.6401448005048734,0.0,0.7628018717267446,0.7822959169936583,0.7456549545982917,0.0,0.6453789429310816,0.6681675171451035,0.6176847962722649,0.0,0.7154246602090699,0.7370267672208304,0.6963662325595413,0.0,,,,,0.2606756248201359,0.3403980279123479,0.1765451748523372,0.0,0.3411772518982578,0.3897961839137134,0.3019644950165906,1.0,0.6588227481017422,0.6953082800016489,0.6113789915540112,0.0,653.0,0.3981471232816063,0.4426853802783436,0.3519162686182401,1.0,0.6018528767183937,0.6445498224900775,0.5601511039738583,0.0,,,,,,,,,,,,,,,,0.5,symmetric_confident
Exp2B,qwen25_7b,14,nan,movies,math,movies->math,0.0805580055014321,0.099568623486937,0.059533092218362,0.0,0.726446369108795,0.7389046835037744,0.7149724472715184,0.0,0.7451049682286138,0.759116364168015,0.7336130573994872,0.0,0.6645469627271817,0.678358644668431,0.6511314860198497,0.0,0.6672108668201822,0.6816328104779685,0.6462852104696779,0.0,,,,,0.1561344566190001,0.240943160724685,0.0762638825435276,0.0,0.3943015481757863,0.4327454364343477,0.3646776132594807,1.0,0.6056984518242137,0.6426048336619906,0.5647261318509201,0.0,2186.0,0.4495639952052135,0.4962200310323952,0.4068707071617078,0.98,0.5504360047947865,0.5854717102645677,0.5161260608134935,0.0,,,,,,,,,,,,,,,,0.5,symmetric_confident
Exp2B,qwen25_7b,15,nan,math,movies,math->movies,0.1653205552462076,0.1883029115961251,0.1396615988587886,0.0,0.6948377373059418,0.7099687293857267,0.6726205048354587,0.0,0.845809187082017,0.8637443009768611,0.8328055457045017,0.0,0.6804886318358094,0.6990169689370038,0.6584871516357919,0.0,0.8004081326666527,0.8178031428007382,0.7803617260625008,0.0,,,,,0.4582161910875965,0.5299001435307311,0.3711465680073474,0.0,0.2425453257476811,0.2815715678438912,0.202573914305827,1.0,0.7574546742523188,0.799724465796473,0.7182712708965846,0.0,653.0,0.2992384831647223,0.3382243432243432,0.2544153795790365,1.0,0.7007615168352778,0.7441703135214035,0.6427608835708795,0.0,,,,,,,,,,,,,,,,0.5,symmetric_confident
Exp2B,qwen25_7b,15,nan,movies,math,movies->math,0.1233437340513963,0.1470238538568515,0.1062103476618309,0.0,0.7312673371374949,0.7460478706420556,0.7187937023966815,0.0,0.7809229245727735,0.7938015703960587,0.768577785850647,0.0,0.6575791905213771,0.6678359653155101,0.6462177688797274,0.0,0.7024301351682849,0.7235847011144364,0.6839166650330943,0.0,,,,,0.2555566341949317,0.3167657189908359,0.1982824287465497,0.0,0.3475861457682632,0.3874755501140597,0.3122528187089718,1.0,0.6524138542317368,0.6844711525755506,0.6134141791110356,0.0,2186.0,0.396857220036805,0.4301614817069774,0.3578768102521087,1.0,0.603142779963195,0.6441942393000144,0.5544818827988011,0.0,,,,,,,,,,,,,,,,0.5,symmetric_confident
Exp2B,qwen25_7b,16,nan,math,movies,math->movies,0.1672171802608264,0.1936352845735317,0.140676025616385,0.0,0.6754968854175174,0.700678830367122,0.6515893196289,0.0,0.8351377643883763,0.8502450007482787,0.8156048613440359,0.0,0.6679205841275498,0.6882799121326523,0.6484661295308517,0.0,0.8049540785372079,0.8251285244269033,0.7868230974898477,0.0,,,,,0.4951076970756867,0.5774819360904142,0.4176329856303786,0.0,0.2335244504460629,0.2763635808826497,0.2028821427204875,1.0,0.766475549553937,0.8007788314469256,0.739096109992804,0.0,653.0,0.2713678524782503,0.3136318820363434,0.232531434548736,1.0,0.7286321475217498,0.7617493695256302,0.6830860516207404,0.0,,,,,,,,,,,,,,,,0.5,symmetric_confident
Exp2B,qwen25_7b,16,nan,movies,math,movies->math,0.1221414470378433,0.1433745425158993,0.1042404087590167,0.0,0.7613136990743079,0.7736980371592649,0.7497645295730411,0.0,0.8112159041194844,0.8243256116249652,0.793788138793256,0.0,0.6890744570816411,0.7021223705230725,0.673622882570774,0.0,0.7260310580702486,0.7396638947038373,0.709767713085561,0.0,,,,,0.2827868852459016,0.3564181615442318,0.2233054892897731,0.0,0.3275143083858114,0.3684079537151757,0.2909792491220343,1.0,0.6724856916141885,0.7126305336215024,0.6355459899348527,0.0,2186.0,0.3896988063682868,0.4300862477683064,0.3500283339238578,1.0,0.6103011936317131,0.6548562062200417,0.5739578321965793,0.0,,,,,,,,,,,,,,,,0.5,symmetric_confident
Exp2B,qwen25_7b,17,nan,math,movies,math->movies,0.1667385782841718,0.1904352290433779,0.1447750944428559,0.0,0.6942742993942423,0.7162582268339129,0.6753982672152902,0.0,0.8675381981491942,0.8820047616461894,0.8560851293640356,0.0,0.7007996198650224,0.7199508616567872,0.6794551494821048,0.0,0.8509191266205012,0.868023006539583,0.8372432984448948,0.0,,,,,0.5400349766453412,0.6044194923396243,0.4498852930286687,0.0,0.2111216877338233,0.253808435072223,0.1741288905560869,1.0,0.7888783122661767,0.8261242937011593,0.7532692964652471,0.0,653.0,0.2488433356208354,0.2893781054738653,0.2028237546865325,1.0,0.7511566643791645,0.784177301585043,0.7115381923406973,0.0,,,,,,,,,,,,,,,,0.5,symmetric_confident
Exp2B,qwen25_7b,17,nan,movies,math,movies->math,0.1384046035952351,0.1531791644579037,0.1217635702653966,0.0,0.7670356815689231,0.7794374648929134,0.7577241959001522,0.0,0.8365009761463078,0.8494051672232307,0.8238257613261617,0.0,0.6980963725510727,0.7125583986717354,0.6850009008462118,0.0,0.7593896005091562,0.7765826347060353,0.7462424400274421,0.0,,,,,0.3570322128615082,0.4110400528514172,0.2903756283988649,0.0,0.2932522665496108,0.3309848198601625,0.2637060227606304,1.0,0.7067477334503891,0.7413142372562401,0.6713165223115986,0.0,2186.0,0.3497155205888808,0.3888084619223558,0.3142712500807249,1.0,0.6502844794111192,0.6872660576842025,0.6200626330132156,0.0,,,,,,,,,,,,,,,,0.5,symmetric_confident
Exp2B,qwen25_7b,18,nan,math,movies,math->movies,0.1998331301920991,0.2207824691730501,0.1759080106944722,0.0,0.7150678806567557,0.7338672748144177,0.6980767772115586,0.0,0.8963463322105762,0.9114160172805268,0.8825914497087243,0.0,0.6965132020184771,0.7229280193568751,0.6767634336330298,0.0,0.8465902355000453,0.8643415035647738,0.8289706636503299,0.0,,,,,0.5412082438624842,0.6233156361857755,0.4688261575769065,0.0,0.1956146370619618,0.2306518166883524,0.1577718512347823,1.0,0.8043853629380382,0.843708723415151,0.7647403727652461,0.0,653.0,0.2631771190755539,0.3069397871095888,0.2200127174431644,1.0,0.736822880924446,0.7796931916147791,0.6911160867811227,0.0,,,,,,,,,,,,,,,,0.5,symmetric_confident
Exp2B,qwen25_7b,18,nan,movies,math,movies->math,0.1479947327609978,0.1665266832419713,0.1317303425523692,0.0,0.7615830590118624,0.7704400866190193,0.7465942048586848,0.0,0.8411778869795535,0.8518114248256636,0.826537993124019,0.0,0.6931831542185557,0.7071953850811526,0.6816356875103066,0.0,0.7805514576628333,0.7958201815061139,0.7671969936358382,0.0,,,,,0.405064493255221,0.4604233224645696,0.3303920140576528,0.0,0.278741284124867,0.3065008833160978,0.2410747570174704,1.0,0.7212587158751329,0.7609238311507246,0.6809392730067608,0.0,2186.0,0.3161942226199118,0.3579268979221126,0.2794432400312922,1.0,0.6838057773800881,0.7204713969519762,0.6505630355175671,0.0,,,,,,,,,,,,,,,,0.5,symmetric_confident
Exp2B,qwen25_7b,19,nan,math,movies,math->movies,0.1888455308926888,0.2108726922596684,0.164146793884321,0.0,0.7213523169837346,0.7418215460873442,0.7033602492907517,0.0,0.908754192905012,0.9187908039322544,0.8989420824221831,0.0,0.7199086620123231,0.7362291748791457,0.6963257014526993,0.0,0.8868255612042093,0.8975696343107881,0.87202245009364,0.0,,,,,0.5909282093285813,0.665558278983433,0.5258451443553063,0.0,0.1806388772054103,0.2137255966247394,0.1489385473497683,1.0,0.8193611227945897,0.8505555708703375,0.7842517673963212,0.0,653.0,0.2284329134660084,0.2611644418323642,0.1881814659055768,1.0,0.7715670865339915,0.8093058472036025,0.7379508616468688,0.0,,,,,,,,,,,,,,,,0.5,symmetric_confident
Exp2B,qwen25_7b,19,nan,movies,math,movies->math,0.0988029197527573,0.1170557684976639,0.0861317400882684,0.0,0.7647572085605544,0.7779292859534751,0.7508058933637312,0.0,0.8466056448048329,0.8566649296861979,0.8332807942327338,0.0,0.7478027250520756,0.7573479714434711,0.7349919854949161,0.0,0.8249212921984036,0.8351183000489188,0.8088008007054692,0.0,,,,,0.4287134270905438,0.5034314258369602,0.3569497359795851,0.0,0.2741891914706826,0.3102215341156019,0.2332187102158575,1.0,0.7258108085293175,0.7551639407392311,0.696397486675086,0.0,2186.0,0.2970973814387736,0.3318899435566206,0.2668479781524616,1.0,0.7029026185612264,0.734937188956346,0.6661483791555213,0.0,,,,,,,,,,,,,,,,0.5,symmetric_confident
Exp2B,qwen25_7b,20,nan,math,movies,math->movies,0.1917498524540247,0.2129293320225093,0.1716327470333996,0.0,0.7218233609772636,0.7415517500606666,0.7037267074509793,0.0,0.9122854731967892,0.9229004775958604,0.8992867131112925,0.0,0.7205356207427646,0.7364152841622099,0.6989334527943843,0.0,0.892548309936749,0.9070773035489912,0.8788311323534066,0.0,,,,,0.6011998317579085,0.6724730822818082,0.5281553236257711,0.0,0.1765103048281052,0.2171676871671337,0.1439461046524974,1.0,0.8234896951718947,0.8556822000031143,0.7888757374424795,0.0,653.0,0.2222898634139862,0.2620281530254543,0.1900364601014054,1.0,0.7777101365860137,0.8155168026324255,0.7380763102454091,0.0,,,,,,,,,,,,,,,,0.5,symmetric_confident
Exp2B,qwen25_7b,20,nan,movies,math,movies->math,0.0916272648308247,0.1076176059707226,0.0712704282291406,0.0,0.7606156626507673,0.7732527429590997,0.7476089729873426,0.0,0.8398566133205818,0.8514820169563191,0.8275785816641552,0.0,0.7482293484897571,0.76182989340789,0.7367686276995303,0.0,0.8239712593587392,0.8364169112656997,0.8094584970082269,0.0,,,,,0.4104438554135504,0.4786444680578125,0.3378072428229461,0.0,0.2871258293798855,0.3250699756360133,0.254160472556792,1.0,0.7128741706201145,0.7453567013018704,0.6733282163968289,0.0,2186.0,0.3024303152065641,0.3416145932421119,0.2625981157248337,1.0,0.6975696847934358,0.7271978063705922,0.658238486256684,0.0,,,,,,,,,,,,,,,,0.5,symmetric_confident
Exp2B,qwen25_7b,21,nan,math,movies,math->movies,0.1898440018639924,0.2146379247928269,0.168395136164012,0.0,0.7084023194173243,0.7265591776387832,0.6878667454160242,0.0,0.8944573456906351,0.9075224626380416,0.8772757340751521,0.0,0.7046133438266426,0.7203922842626747,0.6880026590284588,0.0,0.8763616044966073,0.8909670468460298,0.8617036519235508,0.0,,,,,0.5866446771301441,0.6631223423366147,0.4979116480929656,0.0,0.1902685232329046,0.2268160667307093,0.1572254694379306,1.0,0.8097314767670953,0.845921513151221,0.7746722603387314,0.0,653.0,0.2230867996369512,0.2560018517975628,0.1878017767193128,1.0,0.7769132003630487,0.8133300333206823,0.7433224744910825,0.0,,,,,,,,,,,,,,,,0.5,symmetric_confident
Exp2B,qwen25_7b,21,nan,movies,math,movies->math,0.0960680386293511,0.1148593492428872,0.0842280321330563,0.0,0.7516113349618112,0.7651257498359271,0.7410686258208432,0.0,0.8316963241054441,0.8441537390160408,0.8193856588911197,0.0,0.735628285476093,0.7465008628014423,0.7238041364783279,0.0,0.818782253241857,0.8310217212975344,0.8062382191958193,0.0,,,,,0.4027029764819098,0.4683654322982548,0.3290422006930258,0.0,0.2931277540477115,0.3312568106197517,0.267120997351792,1.0,0.7068722459522885,0.736529650163501,0.6724138854900502,0.0,2186.0,0.3041692694703787,0.3352421421203069,0.2734739974854598,1.0,0.6958307305296213,0.7265975895753986,0.6608305370831374,0.0,,,,,,,,,,,,,,,,0.5,symmetric_confident
Exp2B,qwen25_7b,22,nan,math,movies,math->movies,0.1830204257593437,0.2003675437029004,0.1541174602960404,0.0,0.7010380291717297,0.7193450579939679,0.6823852970836575,0.0,0.8848834006290229,0.9002113861244506,0.8679054117263392,0.0,0.7018629748696792,0.7209692924448649,0.6785721516799792,0.0,0.8757165421870751,0.8900435155516527,0.8618341831219591,0.0,,,,,0.5902308901334868,0.6578742252717846,0.5162714921947444,0.0,0.1921169725278374,0.2281945702832081,0.1507380497270699,1.0,0.8078830274721626,0.8471735195232047,0.7706173753097374,0.0,653.0,0.2176521373386757,0.2481426319178517,0.1705319556483255,1.0,0.7823478626613243,0.8223442516097905,0.7497146427143739,0.0,,,,,,,,,,,,,,,,0.5,symmetric_confident
Exp2B,qwen25_7b,22,nan,movies,math,movies->math,0.0913873181251732,0.1117448592100677,0.0723150564049613,0.0,0.7503615075889561,0.7626552333285954,0.7392960100663641,0.0,0.831263360543341,0.8462088937679185,0.8194765997080529,0.0,0.7398760424181678,0.7517975333093181,0.728866940892342,0.0,0.8258210198722362,0.8396859216931339,0.8123407181465595,0.0,,,,,0.4101019736286742,0.4748092276820046,0.3443193328402015,0.0,0.2916673701271294,0.3259143394120825,0.2563571233809231,1.0,0.7083326298728706,0.7395759839888523,0.6705296145069185,0.0,2186.0,0.2982306562441964,0.3358550586109974,0.2587599737218332,1.0,0.7017693437558036,0.7369547600901584,0.6653518693268338,0.0,,,,,,,,,,,,,,,,0.5,symmetric_confident
Exp2B,qwen25_7b,23,nan,math,movies,math->movies,0.1830534947273726,0.2061242543085091,0.1628760314765291,0.0,0.6808738814767518,0.7050968937407031,0.6583329036571226,0.0,0.865615215102129,0.8814730254575154,0.8480554472386945,0.0,0.6825617203747564,0.7058342258716033,0.6654159831028469,0.0,0.8621589015111892,0.8775116545135945,0.846290970848286,0.0,,,,,0.5967834768556438,0.6582884075194467,0.51815704883089,0.0,0.1963340933743607,0.2322417563153532,0.1575289385493898,1.0,0.8036659066256392,0.8373844595910712,0.7659718377523487,0.0,653.0,0.2068824297699953,0.2530558605607063,0.1707984225400727,1.0,0.7931175702300046,0.827013062309674,0.7604552667153694,0.0,,,,,,,,,,,,,,,,0.5,symmetric_confident
Exp2B,qwen25_7b,23,nan,movies,math,movies->math,0.0756318448805714,0.0956689435196852,0.0554902872276372,0.0,0.7452462693032734,0.7572591788865352,0.7353539731998157,0.0,0.8131946493390806,0.8270135540199447,0.8001127499124885,0.0,0.7375628044585092,0.7484911559093874,0.7239460618763649,0.0,0.8100975468035871,0.8236094719546854,0.7961063971572636,0.0,,,,,0.3641315358511591,0.4336891057551307,0.3077029640088729,0.0,0.3171987641606591,0.3559584930913731,0.287195462502868,1.0,0.6828012358393409,0.7212523939794035,0.6507103795099538,0.0,2186.0,0.3186696999881818,0.3577406775296389,0.2846895045183069,1.0,0.6813303000118182,0.7170956624315009,0.6494347123063307,0.0,,,,,,,,,,,,,,,,0.5,symmetric_confident
Exp2B,qwen25_7b,24,nan,math,movies,math->movies,0.1677836885297542,0.1928115828244173,0.148330591399016,0.0,0.6902444396597593,0.7156894873339162,0.6746164295377163,0.0,0.8622922725022142,0.8767873168248814,0.8474734792527214,0.0,0.69450858397246,0.721757700283149,0.6753718482461194,0.0,0.8622469437993822,0.8768887399293478,0.8466624891544453,0.0,,,,,0.547373431031811,0.6139315313325024,0.4666928857417131,0.0,0.2222234520620724,0.2577378816855023,0.1866746384215833,1.0,0.7777765479379275,0.8127536517353832,0.7338735800512791,0.0,653.0,0.2304031169061164,0.2754975192641215,0.1992036264003142,1.0,0.7695968830938835,0.8095376898268419,0.7264026608542964,0.0,,,,,,,,,,,,,,,,0.5,symmetric_confident
Exp2B,qwen25_7b,24,nan,movies,math,movies->math,0.0815669226800505,0.1008802084527868,0.0628309269196477,0.0,0.7449339322212107,0.7575132428682454,0.7321557181997841,0.0,0.8100517634504144,0.8235126751498542,0.7966845151365459,0.0,0.7284848407703639,0.7425916983714607,0.7153002031939051,0.0,0.7982572934012058,0.8121270252498344,0.7833969989181432,0.0,,,,,0.3485168239604261,0.4194726078747685,0.2771747360748743,0.0,0.3221708227110803,0.359345307454685,0.2914344315320789,1.0,0.6778291772889197,0.7129277315956444,0.6443729059758756,0.0,2186.0,0.3293123533284935,0.360665374301523,0.2878340961159684,1.0,0.6706876466715065,0.7003764741271302,0.6285181496064929,0.0,,,,,,,,,,,,,,,,0.5,symmetric_confident
Exp2B,qwen25_7b,25,nan,math,movies,math->movies,0.1605426601566781,0.1857700673652425,0.1422734669986495,0.0,0.7041258009191544,0.7258208018573222,0.6839073953716348,0.0,0.8725409178713641,0.8869196998046527,0.8587211894513616,0.0,0.711998257714686,0.7313622086652763,0.6909418888062766,0.0,0.8746321401424019,0.8904913460754061,0.8594633946669418,0.0,,,,,0.5473180882385495,0.6277970032537439,0.4535568481041627,0.0,0.222621920173555,0.2608506596205146,0.1827757693414659,1.0,0.777378079826445,0.8202151114921558,0.733928130057056,0.0,653.0,0.2300599915878954,0.2742477581712238,0.189768921310117,1.0,0.7699400084121045,0.8023928427866273,0.7362004793707689,0.0,,,,,,,,,,,,,,,,0.5,symmetric_confident
Exp2B,qwen25_7b,25,nan,movies,math,movies->math,0.0706945020060987,0.0844002755493434,0.0522099737322152,0.0,0.7560659707380394,0.7692945813447025,0.7440451170489046,0.0,0.8178295073145972,0.8324085953827871,0.8050166366773255,0.0,0.7471350053084985,0.7590565329482539,0.734733797944231,0.0,0.8094152052733379,0.823547912807703,0.7941709150868659,0.0,,,,,0.3519841805811146,0.4337573337904541,0.2751048340289461,0.0,0.320130083908764,0.3589825290645995,0.279855787201631,1.0,0.679869916091236,0.7159764671917025,0.6465626897863227,0.0,2186.0,0.3278857355101214,0.3592691832035093,0.2928173825417187,1.0,0.6721142644898787,0.7071900820021783,0.6372257226305655,0.0,,,,,,,,,,,,,,,,0.5,symmetric_confident
Exp2B,qwen25_7b,26,nan,math,movies,math->movies,0.1392640505294274,0.1610786540796122,0.1176379733104744,0.0,0.6931474235708435,0.7153264081056588,0.6724610519775269,0.0,0.8484739917850443,0.8655438117517233,0.8307136292913286,0.0,0.7092099412556169,0.725611133958786,0.6889373622485393,0.0,0.8662105901797109,0.8799651844283887,0.8504453763392819,0.0,,,,,0.496967214929272,0.5768374368106329,0.4083161476724017,0.0,0.2566688065880061,0.2962190181984114,0.2201352886120213,1.0,0.7433311934119939,0.7808577263228426,0.7004535253212705,0.0,653.0,0.2463639784827219,0.2835855207081031,0.2161453081010524,1.0,0.753636021517278,0.791671377021567,0.6951926213769768,0.0,,,,,,,,,,,,,,,,0.5,symmetric_confident
Exp2B,qwen25_7b,26,nan,movies,math,movies->math,0.0879743029883662,0.103699848717991,0.0715415649017569,0.0,0.7468297170256147,0.7601580579392884,0.7340280720512972,0.0,0.8133920264616477,0.8286173770906841,0.7967662931188306,0.0,0.7254177234732814,0.7379240101767316,0.7144026665113234,0.0,0.7981134997586482,0.8158588378952316,0.7813880611310368,0.0,,,,,0.3551117657983151,0.4340225176437164,0.2852043118716479,0.0,0.3173106143742297,0.3572295645209165,0.2964784672177616,1.0,0.6826893856257703,0.7173209401177587,0.6464207980101714,0.0,2186.0,0.3275776198274552,0.3690654146951695,0.2961905424703842,1.0,0.6724223801725447,0.7050956176610862,0.6417681363214054,0.0,,,,,,,,,,,,,,,,0.5,symmetric_confident
Exp2B,qwen25_7b,27,nan,math,movies,math->movies,0.1524534244537213,0.1681261418196357,0.1293977192615301,0.0,0.7301850105716792,0.7498001200039198,0.7107842007652252,0.0,0.8801875213567927,0.8933470034591203,0.8605500459678418,0.0,0.7277340969030713,0.747335546495492,0.707037556190519,0.0,0.8754253924419618,0.8926710809326299,0.8616148432266713,0.0,,,,,0.5031988134505124,0.5732705419045641,0.4258047291382837,0.0,0.248146016425741,0.2819660027764143,0.2161226398794001,1.0,0.7518539835742589,0.7886815888739529,0.7133959753506944,0.0,653.0,0.2486551701237465,0.2881823227006983,0.2105964220180219,1.0,0.7513448298762535,0.7827928454465191,0.7177856126837574,0.0,,,,,,,,,,,,,,,,0.5,symmetric_confident
Exp2B,qwen25_7b,27,nan,movies,math,movies->math,0.1064183011468354,0.1287635453784605,0.0888954589469062,0.0,0.721224988225768,0.7324066759925458,0.7075960742926076,0.0,0.7894069755742985,0.8013501769028201,0.7751462873872453,0.0,0.682988674427463,0.6983624521691393,0.671930733803629,0.0,0.7540322699160412,0.7741210625314106,0.739487130504299,0.0,,,,,0.3133620907970488,0.3981286924332831,0.2402342781924155,0.0,0.3355654133815063,0.3720985839923627,0.3097927389618343,1.0,0.6644345866184936,0.7040889140423994,0.6345935839334529,0.0,2186.0,0.3510724958214448,0.390711287167148,0.3168231776292,1.0,0.6489275041785552,0.6789432323983354,0.6096953855303132,0.0,,,,,,,,,,,,,,,,0.5,symmetric_confident
Exp2B,llama31_8b,0,nan,math,movies,math->movies,0.004130093907934,0.0216251205798397,-0.017993292957031,0.42,0.5135799082460262,0.5246814833582456,0.5003285051349131,0.02,0.4965404310856422,0.5116809065003205,0.4847354997239633,0.73,0.4924103371777082,0.5011656741946758,0.4816214766603218,0.95,0.5073540349177207,0.5205866485330538,0.4962606473067347,0.11,,,,,-0.0035043351713553,0.0088230506760533,-0.0172936002648982,0.74,0.5086019594466771,0.5327280193188667,0.4799263475432391,0.23,0.491398040553323,0.5160485500045103,0.4638343608254848,0.8,2844.0,0.4949023757246783,0.5187144983912324,0.4652109558504933,0.68,0.5050976242753217,0.5333856117860108,0.4831037950860684,0.38,,,,,,,,,,,,,,,,0.5,symmetric_confident
Exp2B,llama31_8b,0,nan,movies,math,movies->math,-0.0094787393496129,0.0141249552069684,-0.0299305079435293,0.81,0.499665602822965,0.5167486157493525,0.4857296145759847,0.43,0.5103524369540933,0.5260895550262508,0.4972555706951991,0.12,0.5198311763037062,0.5351244668460281,0.5076810708733407,0.0,0.5285995393785863,0.5402926670219081,0.5128171983029786,0.0,,,,,0.0252262333524402,0.0443081572911077,0.0038099981049858,0.0,0.4857471520714608,0.5083546134182071,0.4629964435596339,0.87,0.5142528479285392,0.5367717224140133,0.4954757427601479,0.07,2596.0,0.489026614576099,0.5129978852031505,0.4647273660466403,0.8,0.510973385423901,0.5304515911358026,0.4860922828388878,0.15,,,,,,,,,,,,,,,,0.5,symmetric_confident
Exp2B,llama31_8b,1,nan,math,movies,math->movies,-0.0193149285936922,-0.0006481306031781,-0.0378776628711779,0.98,0.5130597020429997,0.5259158714125033,0.5012680693958982,0.02,0.4904770818651632,0.5027434092533638,0.4733282094515131,0.93,0.5097920104588555,0.522592568635057,0.4977080271450909,0.07,0.510268932053089,0.52439077393681,0.4953678694227479,0.09,,,,,-0.0238235826442457,0.00325465060273,-0.0474304408821936,0.96,0.5192075075815338,0.5399662952142655,0.4917367899154976,0.06,0.4807924924184663,0.5105569405070874,0.4576882522521196,0.89,2844.0,0.504616075062712,0.5323822074878534,0.4798323479739827,0.44,0.495383924937288,0.5220164198986207,0.4711514879395673,0.62,,,,,,,,,,,,,,,,0.5,symmetric_confident
Exp2B,llama31_8b,1,nan,movies,math,movies->math,-0.0702150956723188,-0.0499696077688727,-0.0851565279824805,1.0,0.5140200270226255,0.5264076619361421,0.5014225983340398,0.02,0.4701507758142971,0.4828057310925635,0.4606334761237278,1.0,0.540365871486616,0.5549803167113393,0.5250662445879579,0.0,0.5333760859494343,0.5483649089850637,0.5199227283647451,0.0,,,,,-0.0620430744912073,-0.0405943316859932,-0.0905261269637871,1.0,0.555345576051381,0.5800787534240064,0.5338000696935434,0.0,0.4446544239486189,0.4690797863974058,0.4246780926921362,1.0,2596.0,0.5066974984398263,0.5308670926740663,0.4846666380134817,0.2,0.4933025015601738,0.5138518317969325,0.4720574751681958,0.74,,,,,,,,,,,,,,,,0.5,symmetric_confident
Exp2B,llama31_8b,2,nan,math,movies,math->movies,-0.0524765508406022,-0.0328981504278786,-0.0748701652489577,1.0,0.5017220466523726,0.5146206077656257,0.488073173689609,0.34,0.4781724643930121,0.4923989719494214,0.462761825340872,1.0,0.5306490152336144,0.5427645029317392,0.5173614876042317,0.0,0.5227279005631591,0.5379845767523932,0.5070022786425579,0.0,,,,,-0.0195375489636455,0.017046960914387,-0.0495759131061073,0.88,0.5283168135200674,0.5577523783227412,0.5089123949208971,0.01,0.4716831864799325,0.493184955147093,0.448110852627313,1.0,2844.0,0.4912207354435781,0.519137111554607,0.4604151480465125,0.69,0.508779264556422,0.5348583684508603,0.4865388080488013,0.22,,,,,,,,,,,,,,,,0.5,symmetric_confident
Exp2B,llama31_8b,2,nan,movies,math,movies->math,-0.1334505345455257,-0.11552491077888,-0.1465792490042931,1.0,0.608684117592521,0.6236968945403951,0.595644059656698,0.0,0.4848530578107728,0.4968750285026069,0.4710759526325513,0.99,0.6183035923562986,0.6310789120129562,0.606378508657113,0.0,0.5355307591603848,0.550058940440446,0.5218768790624616,0.0,,,,,-0.2684124962585174,-0.2343292000010181,-0.3017245254107776,1.0,0.6576075509151389,0.6758377650809176,0.6360895849745078,0.0,0.342392449084861,0.3645166842474183,0.3186712227789726,1.0,2596.0,0.6108049453433785,0.6348521513985373,0.5921342184765785,0.0,0.3891950546566216,0.4075981844387682,0.3659403619586116,1.0,,,,,,,,,,,,,,,,0.5,symmetric_confident
Exp2B,llama31_8b,3,nan,math,movies,math->movies,-0.0481286496645079,-0.0271241863565528,-0.0675023324972184,1.0,0.4965283197232687,0.5088279840802329,0.4869549435593506,0.73,0.489948637229084,0.5011119128118326,0.4733118344135801,0.94,0.5380772868935919,0.5484435909440027,0.526350899650078,0.0,0.5261149785801713,0.5367554136444758,0.5093026003957648,0.0,,,,,0.0072641862514424,0.0419870808978038,-0.0205749479230805,0.33,0.5073866209577097,0.5314280178940193,0.4805376518488404,0.32,0.4926133790422903,0.5222263382624585,0.4686320184605075,0.63,2844.0,0.4853491927908479,0.5210043371116476,0.4615185443926485,0.79,0.514650807209152,0.5404662017469201,0.4908828278924806,0.13,,,,,,,,,,,,,,,,0.5,symmetric_confident
Exp2B,llama31_8b,3,nan,movies,math,movies->math,-0.08109293557154,-0.0657560344065687,-0.0965527303641823,1.0,0.6628984335419467,0.6768866636848702,0.6517253732056136,0.0,0.5297733579916789,0.5453085836963317,0.5154667922409139,0.0,0.610866293563219,0.624339109978784,0.5952618542339643,0.0,0.5247807576943714,0.5380030722376571,0.5100401000992087,0.0,,,,,-0.2927785961761558,-0.2646334413255184,-0.3261506270337777,1.0,0.6777264567002047,0.6980496737095239,0.6638669987371604,0.0,0.3222735432997953,0.3457785100242322,0.3039318010307798,1.0,2596.0,0.6150521394759512,0.6330341379222449,0.5906796468716721,0.0,0.3849478605240488,0.405435600099028,0.3668331340293475,1.0,,,,,,,,,,,,,,,,0.5,symmetric_confident
Exp2B,llama31_8b,4,nan,math,movies,math->movies,-0.0511449601920863,-0.0265901130470419,-0.0726993342809254,1.0,0.5300887931688166,0.5401953489680401,0.5182367953700477,0.0,0.4997268913894143,0.5143316933049767,0.4871631106214049,0.53,0.5508718515815006,0.5632297806624875,0.5369437070657312,0.0,0.537735448116415,0.5533964196292402,0.524361990638678,0.0,,,,,-0.0047098461253715,0.0332600621914353,-0.0495047764440092,0.69,0.5181412200393265,0.5470632690888256,0.4911963148551375,0.14,0.4818587799606735,0.5091007141238992,0.4551085156872346,0.89,2844.0,0.486568626086045,0.5105970038962476,0.4597201240408087,0.82,0.513431373913955,0.5369993188933613,0.4864963274247363,0.12,,,,,,,,,,,,,,,,0.5,symmetric_confident
Exp2B,llama31_8b,4,nan,movies,math,movies->math,-0.0772539670339387,-0.0562956832095222,-0.0908366126899781,1.0,0.6177592854248319,0.6299383455225895,0.6059695435621781,0.0,0.5260725903870569,0.5384033248909114,0.5135655569294411,0.0,0.6033265574209956,0.6159811762313991,0.5914794974363095,0.0,0.5447609628482881,0.5555633904135138,0.5307858697500615,0.0,,,,,-0.1958945746382581,-0.1452992713371084,-0.2346372959887971,1.0,0.619553982665605,0.6397119371822639,0.6007983706798212,0.0,0.380446017334395,0.4029232426126935,0.3557718106633398,1.0,2596.0,0.5763405919726531,0.6001018484296984,0.5565259245580337,0.0,0.4236594080273469,0.4471698442752091,0.4053143686904855,1.0,,,,,,,,,,,,,,,,0.5,symmetric_confident
Exp2B,llama31_8b,5,nan,math,movies,math->movies,-0.0169076895004027,0.0008149850627461,-0.0342653862145513,0.97,0.5337931186585001,0.5453146661853809,0.5207172363908211,0.0,0.502133627817341,0.5193536867874736,0.4909702736736128,0.4,0.5190413173177438,0.5309875248735565,0.5056973618091561,0.0,0.5252969084201872,0.5388889657945654,0.5093737057211114,0.0,,,,,-0.0198639050201505,0.0130487509128652,-0.0520197138583886,0.86,0.5358602655563736,0.5639085237776158,0.510868562214517,0.0,0.4641397344436264,0.4930250480841587,0.4332905143460134,0.99,2844.0,0.4840036394637769,0.5133006352809047,0.4567050718164246,0.86,0.5159963605362231,0.5396372770147934,0.4920318841116147,0.12,,,,,,,,,,,,,,,,0.5,symmetric_confident
Exp2B,llama31_8b,5,nan,movies,math,movies->math,-0.0299694421468831,-0.0109537081965865,-0.0451454201574989,1.0,0.5567357071250212,0.5700962040826901,0.5449925463840836,0.0,0.50317854613984,0.513431888520242,0.4939721305224758,0.26,0.5331479882867232,0.5468626440980375,0.5202108804631354,0.0,0.5415049470622557,0.5542828832423955,0.5294545055254783,0.0,,,,,-0.0496552619103048,-0.0094346611398652,-0.0848120966165045,1.0,0.5670584545117227,0.5877293949011183,0.5457517198198393,0.0,0.4329415454882773,0.4579043761370572,0.4124309251910089,1.0,2596.0,0.4825968073985822,0.5035298433972542,0.4553872672700091,0.93,0.5174031926014179,0.5387739107879668,0.4939378926945811,0.06,,,,,,,,,,,,,,,,0.5,symmetric_confident
Exp2B,llama31_8b,6,nan,math,movies,math->movies,0.0439409888503462,0.0661500465748008,0.0240487908042864,0.0,0.5741486173616174,0.5860958676900992,0.5615144015986168,0.0,0.5807766407186924,0.5959773848270206,0.5659172026955888,0.0,0.5368356518683461,0.552634959818713,0.5236538757169384,0.0,0.5553213244748587,0.5701150913911692,0.5405686177778869,0.0,,,,,0.0732216870765458,0.1032890584542246,0.0369918129665709,0.0,0.4620833227550839,0.4877564023419137,0.4345838835248546,1.0,0.5379166772449161,0.5607214903528324,0.5096468594742259,0.0,2844.0,0.4646949901683702,0.4933823870168231,0.4397467750104931,1.0,0.5353050098316298,0.562100701168587,0.5125024519978932,0.0,,,,,,,,,,,,,,,,0.5,symmetric_confident
Exp2B,llama31_8b,6,nan,movies,math,movies->math,0.0206297107074706,0.0383045422842685,0.0035244931129895,0.01,0.6321976127583461,0.6436785455912496,0.6179502865552264,0.0,0.6019579342111822,0.6149418098096979,0.5891484369799022,0.0,0.5813282235037115,0.5952874558515305,0.5699375708314696,0.0,0.5855222746077681,0.6017750301300344,0.5729870901272597,0.0,,,,,-0.0307173278086551,0.000826237579818,-0.0771183196716972,0.96,0.5396851481235854,0.5624094869702335,0.5162325440261024,0.01,0.4603148518764147,0.4850067873872475,0.4413635240925186,1.0,2596.0,0.4910321796850698,0.520886065173413,0.4710152683115737,0.77,0.5089678203149302,0.5347314452211989,0.4899670123418426,0.19,,,,,,,,,,,,,,,,0.5,symmetric_confident
Exp2B,llama31_8b,7,nan,math,movies,math->movies,0.0530493367019797,0.0731690220736904,0.0395285602160051,0.0,0.5861987026156875,0.5963045416527157,0.5739442775721313,0.0,0.5846012720534599,0.6019122951484104,0.5731198242228015,0.0,0.5315519353514802,0.5414767378716694,0.5160983542486891,0.0,0.5425480516610413,0.5550621127065788,0.5301516731460152,0.0,,,,,0.0576769836674558,0.0934925522496505,0.0273137727564778,0.0,0.4725930524241662,0.5035304269128913,0.4416404718444877,0.97,0.5274069475758337,0.5540257657091033,0.5017744459299301,0.03,2844.0,0.4697299639083779,0.4977308678199399,0.4438253746388888,0.98,0.5302700360916222,0.5559594431401796,0.5023612684390073,0.02,,,,,,,,,,,,,,,,0.5,symmetric_confident
Exp2B,llama31_8b,7,nan,movies,math,movies->math,0.040708908735723,0.0560534222068846,0.0264953087116601,0.0,0.581004287089873,0.5939807209059675,0.5674207685892121,0.0,0.5975856408384423,0.613276685127113,0.5814730195065744,0.0,0.5568767321027193,0.5696817406057016,0.5452649795924045,0.0,0.5963021460970325,0.6102452497445228,0.584318199839803,0.0,,,,,0.0869047782075185,0.1233166865937996,0.0361902485698487,0.0,0.4731995724765126,0.5041075161823717,0.4542756581503206,0.94,0.5268004275234874,0.545442575788678,0.5095399845211133,0.02,2596.0,0.4398956493159689,0.4597139258540507,0.4124576140299949,1.0,0.5601043506840311,0.5846904186914342,0.5392531045717647,0.0,,,,,,,,,,,,,,,,0.5,symmetric_confident
Exp2B,llama31_8b,8,nan,math,movies,math->movies,0.1159373821861526,0.1312756066210187,0.0966226853386518,0.0,0.6339761294504646,0.6469992599779814,0.6219265467001901,0.0,0.7068376350716467,0.7176822702338789,0.6922121434024555,0.0,0.590900252885494,0.6030857111501263,0.5786605297370254,0.0,0.6193295311592053,0.6324214547362232,0.6074065662931544,0.0,,,,,0.2094935625551263,0.2476616910344715,0.1748905359323213,0.0,0.3666440360375707,0.3962759556996866,0.3442297013384697,1.0,0.6333559639624293,0.6571108661613122,0.6085737652504051,0.0,2844.0,0.423862401407303,0.4434981768560837,0.3925564582291742,1.0,0.576137598592697,0.5995980704029968,0.5534795002465551,0.0,,,,,,,,,,,,,,,,0.5,symmetric_confident
Exp2B,llama31_8b,8,nan,movies,math,movies->math,-0.0153745451712535,0.003835317833013,-0.0354104979481967,0.93,0.6535203810391592,0.6707238583843607,0.6388178783541084,0.0,0.6380178325871325,0.6534348992577806,0.6280542957188031,0.0,0.6533923777583861,0.6653242902200126,0.6414654896619812,0.0,0.6275838028241283,0.6409473959589197,0.6162380674415938,0.0,,,,,-0.0636857402397026,-0.0241829415737589,-0.096378891258972,1.0,0.5248705072048402,0.5471533855867542,0.5036363097023812,0.0,0.4751294927951597,0.4969516388210246,0.4503912631796379,1.0,2596.0,0.5388152330348625,0.5569760805304929,0.5197168504143699,0.0,0.4611847669651375,0.4872369679357252,0.4431798004652412,1.0,,,,,,,,,,,,,,,,0.5,symmetric_confident
Exp2B,llama31_8b,9,nan,math,movies,math->movies,0.1364063522698985,0.1510115253913934,0.1182991413977703,0.0,0.6480256063159119,0.659107751750492,0.6364161816985878,0.0,0.7308059461660671,0.744365605068063,0.7186966154949515,0.0,0.5943995938961686,0.6094340769719392,0.5840480656177989,0.0,0.6459772043414562,0.6621662505963231,0.6328604599263732,0.0,,,,,0.2619210046361396,0.3017085467733831,0.2148611671784024,0.0,0.3422864906609754,0.3726823970974873,0.3183545389698614,1.0,0.6577135093390246,0.6803154483699541,0.6357623599323066,0.0,2844.0,0.3957925047028849,0.4217659911982161,0.3736187221387894,1.0,0.604207495297115,0.6350957885629918,0.5805882861748536,0.0,,,,,,,,,,,,,,,,0.5,symmetric_confident
Exp2B,llama31_8b,9,nan,movies,math,movies->math,-0.001890409819545,0.0162881339499945,-0.0201838940310495,0.57,0.6907823574410664,0.7041696556187209,0.6799307654690419,0.0,0.6604237401813752,0.6733199909753144,0.6482680022924279,0.0,0.6623141500009202,0.6740762874636426,0.6507472196477225,0.0,0.6493834222470467,0.6621534878638995,0.6376713192596278,0.0,,,,,-0.0643580659192179,-0.0134794278221219,-0.1207154468330369,0.99,0.5452665598510058,0.5648851957040949,0.5238000817452193,0.0,0.4547334401489941,0.4779017914015388,0.4315910759424033,1.0,2596.0,0.5190915060682121,0.540088960301779,0.4936911053989166,0.08,0.480908493931788,0.5033094421949784,0.4642556211833091,0.92,,,,,,,,,,,,,,,,0.5,symmetric_confident
Exp2B,llama31_8b,10,nan,math,movies,math->movies,0.1552422690243464,0.1691872569715631,0.1399679127015539,0.0,0.6815842357125301,0.6937619099241336,0.6722090295051156,0.0,0.7670622612291829,0.7794960670983585,0.7547936925765203,0.0,0.6118199922048364,0.6232229399799156,0.6014806497305053,0.0,0.6635209191053745,0.6797370848955069,0.6507137938599992,0.0,,,,,0.283421194225668,0.3264325915728334,0.2400261881047455,0.0,0.3261111870925156,0.3473327717495424,0.3005035783510509,1.0,0.6738888129074844,0.6984890865534494,0.6539935654974621,0.0,2844.0,0.3904676186818163,0.4101103248280761,0.3646980016246032,1.0,0.6095323813181837,0.6327564902881804,0.5892725932941727,0.0,,,,,,,,,,,,,,,,0.5,symmetric_confident
Exp2B,llama31_8b,10,nan,movies,math,movies->math,0.0334600803095728,0.0496099033663514,0.0166542860739916,0.0,0.6973616566237553,0.7085396042072599,0.6862509487228848,0.0,0.693253186380149,0.7059402073475819,0.6825175327642606,0.0,0.6597931060705762,0.6694645313402744,0.6452832462405595,0.0,0.6770355962716347,0.6863573135454766,0.6660042422618395,0.0,,,,,0.0152717702119945,0.0420607011357684,-0.0303466755209006,0.29,0.507869992689844,0.5281276098442033,0.4870012430078922,0.24,0.492130007310156,0.5124744642092098,0.4692725015312401,0.77,2596.0,0.4768582370981615,0.5028837193332597,0.4537118989006756,0.92,0.5231417629018384,0.5461205370671374,0.5027677013291308,0.02,,,,,,,,,,,,,,,,0.5,symmetric_confident
Exp2B,llama31_8b,11,nan,math,movies,math->movies,0.1536543981792111,0.1668153003713944,0.1409835586721278,0.0,0.7067085172341863,0.7185657644879675,0.6985331335454211,0.0,0.8012138289257322,0.8115231438269457,0.7885211243848776,0.0,0.6475594307465211,0.6569946724571172,0.6367032236433362,0.0,0.7090501287353338,0.7214487000642191,0.6935819446531609,0.0,,,,,0.3261963590620927,0.3786252814026437,0.2696959159215235,0.0,0.3062251701187248,0.3296204724765334,0.278327091073633,1.0,0.6937748298812751,0.7175067732360833,0.669973617699064,0.0,2844.0,0.3675784708191824,0.3957732653765072,0.3499986603958716,1.0,0.6324215291808176,0.656435561358923,0.6075533155545804,0.0,,,,,,,,,,,,,,,,0.5,symmetric_confident
Exp2B,llama31_8b,11,nan,movies,math,movies->math,0.0336935277991379,0.0487118097219199,0.0180269419513606,0.0,0.7468653303048918,0.7579834411576544,0.735260842837238,0.0,0.7483242550452851,0.7584244283612751,0.7353434708536636,0.0,0.7146307272461472,0.7283352559977185,0.7030537567968678,0.0,0.7210620405880473,0.7312078926482019,0.709420158018918,0.0,,,,,0.0026625661973429,0.048107312597655,-0.0402982592892812,0.52,0.5078771659027195,0.526763091171976,0.4867975699648417,0.28,0.4921228340972805,0.515152844561043,0.4702112360286048,0.71,2596.0,0.4894602678999376,0.5106072512121732,0.4632537583961933,0.74,0.5105397321000624,0.532601920518461,0.4889199941919123,0.14,,,,,,,,,,,,,,,,0.5,symmetric_confident
Exp2B,llama31_8b,12,nan,math,movies,math->movies,0.1216206507279401,0.1356476640889747,0.1062623220405318,0.0,0.7141074316352052,0.7270885224382359,0.7063339952190266,0.0,0.7900186457599249,0.8009196740216362,0.777550030932809,0.0,0.6683979950319847,0.6788854709378387,0.6568038322102988,0.0,0.7279748409739994,0.7384164416710461,0.7170560727085378,0.0,,,,,0.3240695167064,0.3649378102675389,0.267756056444471,0.0,0.3236895186882861,0.3448037396327395,0.2983417607444906,1.0,0.6763104813117139,0.7006336977220851,0.6537615286016872,0.0,2844.0,0.3522409646053139,0.3737837761150064,0.3239563220322171,1.0,0.647759035394686,0.6687143527232112,0.622754410964563,0.0,,,,,,,,,,,,,,,,0.5,symmetric_confident
Exp2B,llama31_8b,12,nan,movies,math,movies->math,0.0246849590986717,0.0415320501587483,0.0117430589859466,0.0,0.7484476401039096,0.7590311494566169,0.734984554457514,0.0,0.7482138459102624,0.7595781989516869,0.7339396246206762,0.0,0.7235288868115907,0.7354082973244968,0.7099133379256561,0.0,0.7420851768451978,0.753450511058684,0.7322843807186356,0.0,,,,,0.0102306318361533,0.0578148489135281,-0.0437950876299034,0.39,0.51117162694337,0.5306347729004811,0.4855586994674637,0.16,0.4888283730566299,0.518100067724814,0.4652704779650408,0.78,2596.0,0.4785977412204765,0.4971160576669573,0.4544034563807111,0.98,0.5214022587795235,0.5447579376530493,0.4946899729299581,0.05,,,,,,,,,,,,,,,,0.5,symmetric_confident
Exp2B,llama31_8b,13,nan,math,movies,math->movies,0.1258792671072397,0.1382913960440974,0.1107886593479963,0.0,0.7229061266976683,0.7346595856716711,0.7117912700700049,0.0,0.8131139269067665,0.8250211240008898,0.8029811149927374,0.0,0.6872346597995268,0.6993098429203944,0.6770065773262325,0.0,0.7752287640789782,0.7841813787697547,0.7649733625025439,0.0,,,,,0.4102963083683916,0.4585140841262276,0.3474574924676535,0.0,0.2924273110472139,0.3131399007658527,0.2732895817466434,1.0,0.707572688952786,0.7323916005982234,0.6829081604028453,0.0,2844.0,0.2972763805843944,0.322289054862136,0.278623560610243,1.0,0.7027236194156057,0.7237920896344109,0.6752432748407793,0.0,,,,,,,,,,,,,,,,0.5,symmetric_confident
Exp2B,llama31_8b,13,nan,movies,math,movies->math,-0.0070090445754131,0.0066557689868362,-0.0244595244482816,0.89,0.7721492119789889,0.7822816130009884,0.7601055852157959,0.0,0.7409020582095285,0.7536100474233141,0.733241876580463,0.0,0.7479111027849417,0.7605136056534508,0.7374289474034141,0.0,0.7391037178833112,0.7512064580248687,0.7279325162160393,0.0,,,,,-0.0727327919513942,-0.0369293197011463,-0.1182376431296465,1.0,0.5558633515989417,0.5752693020132089,0.5342530471791135,0.0,0.4441366484010582,0.4638354193508593,0.4210987431126126,1.0,2596.0,0.5168694403524525,0.5411505004253591,0.4934801367264468,0.04,0.4831305596475474,0.5031597120944996,0.460868824083502,0.95,,,,,,,,,,,,,,,,0.5,symmetric_confident
Exp2B,llama31_8b,14,nan,math,movies,math->movies,0.1269291611753963,0.1413733095421068,0.1112980147551997,0.0,0.7221991552190568,0.7326644271478336,0.7128961355652388,0.0,0.8274692978592535,0.8373149284568646,0.8184580341623702,0.0,0.7005401366838572,0.7127716695523262,0.6888601362385997,0.0,0.8146939483575041,0.8243315079805877,0.8039329252736769,0.0,,,,,0.4722126449254294,0.5098250608622741,0.4263123449959803,0.0,0.2695303830527435,0.2872487405708773,0.2466479331698086,1.0,0.7304696169472564,0.7518316393694202,0.7047631754719828,0.0,2844.0,0.2582569720218269,0.2802506663469031,0.2393163825539229,1.0,0.741743027978173,0.7671222352478843,0.7214169562505569,0.0,,,,,,,,,,,,,,,,0.5,symmetric_confident
Exp2B,llama31_8b,14,nan,movies,math,movies->math,-0.0363282965717502,-0.0196821471877013,-0.0516897044817164,1.0,0.7802449745799114,0.7900847110691656,0.770617237492942,0.0,0.7288211456308402,0.7387302918609958,0.7194805738344947,0.0,0.7651494422025905,0.7766244918452968,0.7530677961408112,0.0,0.7325217299837858,0.7428751250421555,0.7216741133900482,0.0,,,,,-0.1339682278838435,-0.0879543146695557,-0.1765285008697633,1.0,0.5823253338967566,0.6049158443771373,0.5609528518786323,0.0,0.4176746661032434,0.43373249739192,0.3993517050772071,1.0,2596.0,0.5516428939870869,0.5749621527642139,0.5293977502968569,0.0,0.448357106012913,0.4677743740306154,0.4246681034542365,1.0,,,,,,,,,,,,,,,,0.5,symmetric_confident
Exp2B,llama31_8b,15,nan,math,movies,math->movies,0.1492993524201337,0.1621160172918751,0.135695531772197,0.0,0.730182153678022,0.7417049592647736,0.7198149901238223,0.0,0.8442307774037807,0.852908377341527,0.8353270792509971,0.0,0.694931424983647,0.7045331159708824,0.6842735733212137,0.0,0.7971059470160602,0.8106100798423137,0.7881974245945632,0.0,,,,,0.4713899983538878,0.5193467371552928,0.4367766186914607,0.0,0.2509976995378601,0.2746918200536669,0.2291394333253796,1.0,0.7490023004621398,0.7711551062134226,0.7248394133290493,0.0,2844.0,0.2776123021082519,0.3001080326865034,0.2498463217306085,1.0,0.7223876978917481,0.747301841040577,0.694162712927326,0.0,,,,,,,,,,,,,,,,0.5,symmetric_confident
Exp2B,llama31_8b,15,nan,movies,math,movies->math,-0.0126229899280583,0.0012394730990771,-0.0309771397909471,0.93,0.7838483819586646,0.7936906285349358,0.7760931071939183,0.0,0.7517038282741211,0.7618929152857808,0.7416656202146618,0.0,0.7643268182021794,0.7753284638728073,0.7543700266444249,0.0,0.755329600130182,0.765758264568677,0.7446938590971259,0.0,,,,,-0.075959433524858,-0.0338847238600386,-0.1246202381945453,1.0,0.5577978366894188,0.5849308225877045,0.5344271833948206,0.0,0.4422021633105812,0.4664369491718368,0.421296522256096,1.0,2596.0,0.5181615968354393,0.537547707550411,0.4969517639752956,0.06,0.4818384031645606,0.4991914915256794,0.4567866451664902,0.98,,,,,,,,,,,,,,,,0.5,symmetric_confident
Exp2B,llama31_8b,16,nan,math,movies,math->movies,0.1471526802176752,0.158663932032226,0.131666463178183,0.0,0.7333303877725099,0.7438761794809685,0.723071639229863,0.0,0.8540456392257952,0.8615429226825689,0.844844746106828,0.0,0.70689295900812,0.7171958276343414,0.6940295053744444,0.0,0.8103621705117268,0.8184776846491986,0.799227790722961,0.0,,,,,0.4644992584305918,0.5083260235654044,0.413001417856592,0.0,0.2487160735066856,0.2681137851739779,0.2273157750354214,1.0,0.7512839264933144,0.7832810516766905,0.7270036283886763,0.0,2844.0,0.2867846680627226,0.3137789305180816,0.2637952353279499,1.0,0.7132153319372774,0.7378908064453774,0.6861905058417853,0.0,,,,,,,,,,,,,,,,0.5,symmetric_confident
Exp2B,llama31_8b,16,nan,movies,math,movies->math,0.0009937181101782,0.0176105262831247,-0.0144032951248802,0.36,0.7718953757002635,0.7827538048669633,0.7622616090237528,0.0,0.7626740066293126,0.7744975035952856,0.7533160558902272,0.0,0.7616802885191344,0.771227463642197,0.7509163790827189,0.0,0.7536525724137324,0.7638496046116253,0.74297523564013,0.0,,,,,-0.0367558688293251,0.0156788392941241,-0.0849427087279233,0.91,0.5204853917519789,0.5469563418564051,0.4974339209134046,0.05,0.479514608248021,0.5026540253599178,0.4571913425579815,0.95,2596.0,0.5162704770773462,0.5386757861953461,0.4995831178035361,0.03,0.4837295229226538,0.5067243488584504,0.461675067617427,0.91,,,,,,,,,,,,,,,,0.5,symmetric_confident
Exp2B,llama31_8b,17,nan,math,movies,math->movies,0.1450367912187011,0.1568101172925332,0.130539042305312,0.0,0.7285804865397705,0.7395720205731369,0.7181296476173117,0.0,0.851241772452184,0.8607736466654662,0.8430190561140014,0.0,0.7062049812334829,0.7169225972011435,0.6972236458068221,0.0,0.8051874988409183,0.8168752415978038,0.7946211279951587,0.0,,,,,0.4569124014482511,0.5014733132668521,0.4132892276795271,0.0,0.2478700865396348,0.2713995040213454,0.2269035245814259,1.0,0.7521299134603652,0.7778448489538969,0.7325038185717964,0.0,2844.0,0.295217512012114,0.3165662503558921,0.2698213683956781,1.0,0.7047824879878859,0.7361439892101456,0.6752234283902405,0.0,,,,,,,,,,,,,,,,0.5,symmetric_confident
Exp2B,llama31_8b,17,nan,movies,math,movies->math,0.0032376904847638,0.0175123435423923,-0.0133395749961853,0.35,0.7676247799767276,0.7785208116050516,0.7566281464254472,0.0,0.7707550848675163,0.7814201158652704,0.7613905890479128,0.0,0.7675173943827525,0.778802188313544,0.7570164355078142,0.0,0.7584002568455496,0.7684432789255036,0.7467055533340314,0.0,,,,,-0.0254727310312536,0.0180774854298081,-0.0660954670116011,0.87,0.5030554626298434,0.5234270626054964,0.4810350982815657,0.42,0.4969445373701567,0.5192435197497834,0.4774302631398006,0.58,2596.0,0.5224172684014103,0.5440230686277066,0.5002922926795603,0.02,0.4775827315985896,0.505243769451154,0.4574376188499488,0.92,,,,,,,,,,,,,,,,0.5,symmetric_confident
Exp2B,llama31_8b,18,nan,math,movies,math->movies,0.1550689573398453,0.1706384564638868,0.1392402824731548,0.0,0.7306205947515122,0.7423263352453382,0.7217747295313882,0.0,0.8609458453877824,0.8691639004823244,0.8526481674790918,0.0,0.705876888047937,0.7207282950648134,0.6947039238051362,0.0,0.8107484344670697,0.8189680824528477,0.7997169011823664,0.0,,,,,0.4722146923285443,0.5160108532822438,0.4306701872701655,0.0,0.2387730650197902,0.2692065063539333,0.2191485911351835,1.0,0.7612269349802098,0.7793696895681269,0.7403061407001185,0.0,2844.0,0.2890122426516655,0.3139249171974717,0.2606259844003273,1.0,0.7109877573483345,0.7297885487380558,0.6859106902342919,0.0,,,,,,,,,,,,,,,,0.5,symmetric_confident
Exp2B,llama31_8b,18,nan,movies,math,movies->math,0.0271148401993971,0.0436471343398134,0.0124445782315121,0.0,0.7439453883920774,0.7557082194649598,0.7324084359381647,0.0,0.7607812916897564,0.7700045781202173,0.7517784238160924,0.0,0.7336664514903593,0.7474347614005752,0.7225465277983447,0.0,0.7435274591641964,0.7546826233554002,0.7340121381647878,0.0,,,,,0.0331496990837198,0.0837503548328753,-0.0096111577899403,0.05,0.4791800756839169,0.5001598339527413,0.4584172697215912,0.97,0.520819924316083,0.5457625672635698,0.4997917270507723,0.04,2596.0,0.4876702252323632,0.5099609627242833,0.4655055906706776,0.85,0.5123297747676369,0.5325139409603893,0.4917139399433735,0.16,,,,,,,,,,,,,,,,0.5,symmetric_confident
Exp2B,llama31_8b,19,nan,math,movies,math->movies,0.1676911908421118,0.1796011809780999,0.15486983128511,0.0,0.7328915410082552,0.7429215139288002,0.7219063145346851,0.0,0.8701347548310523,0.877323352132939,0.861638977733158,0.0,0.7024435639889405,0.7136182502766764,0.6902107944265808,0.0,0.8067904604490437,0.8168339076687477,0.7950220850005321,0.0,,,,,0.4843525169545452,0.5274519932381725,0.4387728396087595,0.0,0.2272101511884356,0.2499391413947044,0.2080603199131954,1.0,0.7727898488115644,0.798849362862035,0.7504593705099726,0.0,2844.0,0.2884373318570192,0.3140618048690063,0.2648595391740133,1.0,0.7115626681429809,0.737137744209917,0.6867118370860837,0.0,,,,,,,,,,,,,,,,0.5,symmetric_confident
Exp2B,llama31_8b,19,nan,movies,math,movies->math,0.0496307623280533,0.065444204831288,0.0346289346901312,0.0,0.7223308906944871,0.7337861830421554,0.7096123569899145,0.0,0.7594822663687727,0.7685315838934381,0.7497590461514767,0.0,0.7098515040407194,0.7211434970265213,0.6982270680377868,0.0,0.740513793720185,0.7505475353233346,0.7268430413491048,0.0,,,,,0.101637905343587,0.1403724749877765,0.0534863650971973,0.0,0.4451604615114742,0.4642150684848017,0.4243477946083054,1.0,0.5548395384885257,0.572618998668101,0.5338787106052535,0.0,2596.0,0.4532016331449386,0.4745233637282999,0.4300961452306605,1.0,0.5467983668550613,0.5683020941081454,0.5223944918400141,0.0,,,,,,,,,,,,,,,,0.5,symmetric_confident
Exp2B,llama31_8b,20,nan,math,movies,math->movies,0.1534689771237978,0.1664195330351014,0.1390955250404719,0.0,0.731749410863248,0.7421196498363435,0.7166213360283975,0.0,0.8607978692988638,0.8704461333672605,0.8515556671950598,0.0,0.707328892175066,0.7203715555715523,0.6963149035962792,0.0,0.811424951782204,0.8243912063147036,0.8010202193552061,0.0,,,,,0.4721688304987719,0.5156222865921211,0.4298073327719386,0.0,0.2409981827249952,0.2602157235430128,0.2193468368504474,1.0,0.7590018172750047,0.7838217761721112,0.7332136104903856,0.0,2844.0,0.2868329867762327,0.3121306225995132,0.2611677614723455,1.0,0.7131670132237672,0.7392668137249033,0.6833485577709995,0.0,,,,,,,,,,,,,,,,0.5,symmetric_confident
Exp2B,llama31_8b,20,nan,movies,math,movies->math,0.0264564163781471,0.041893028850937,0.0095016695665891,0.0,0.7384155511702338,0.751983624678294,0.7273424515795073,0.0,0.7480004493331105,0.7582114467288784,0.7353725406191512,0.0,0.7215440329549634,0.7324314742806595,0.7093990909254361,0.0,0.7255906934536637,0.7374085454431482,0.7144598996141132,0.0,,,,,0.0186007930964999,0.0692754591137204,-0.015017325140178,0.19,0.4889307543676715,0.5119489900070391,0.4673796085561961,0.77,0.5110692456323285,0.5322682527207452,0.4832384254363533,0.21,2596.0,0.4924684525358285,0.5186147870111464,0.4688148627795229,0.7,0.5075315474641714,0.5311457378347083,0.4845557591935461,0.33,,,,,,,,,,,,,,,,0.5,symmetric_confident
Exp2B,llama31_8b,21,nan,math,movies,math->movies,0.1558531872291347,0.1689290150611747,0.1442731023462697,0.0,0.7348447576344364,0.7457793009186008,0.7237148207343209,0.0,0.8689006226586551,0.8764406318420926,0.861182024895699,0.0,0.7130474354295203,0.7273481052973726,0.7023180527169561,0.0,0.8256117246516573,0.8357630023182157,0.8176676785267905,0.0,,,,,0.4920253648677091,0.5297237974588823,0.4395946279005017,0.0,0.2329346902975204,0.2521649425836255,0.216248188510339,1.0,0.7670653097024795,0.7897120678776969,0.7413776966278733,0.0,2844.0,0.2750399448347704,0.2958577874311467,0.2471618005244436,1.0,0.7249600551652295,0.7466215001493844,0.7051387750639113,0.0,,,,,,,,,,,,,,,,0.5,symmetric_confident
Exp2B,llama31_8b,21,nan,movies,math,movies->math,0.030736797482415,0.0483143252885561,0.0165893750459438,0.0,0.739826886088626,0.7508909113968294,0.7270787305412894,0.0,0.7492498134497935,0.7593662239245169,0.7387930485883674,0.0,0.7185130159673784,0.7325121408394625,0.7085839236855408,0.0,0.7264786394515937,0.7381562911195394,0.7142272672696992,0.0,,,,,0.0279977019634387,0.0745708354498016,-0.0180217115770354,0.15,0.4873017829346657,0.5121854458801769,0.4650303385863726,0.81,0.5126982170653342,0.5354031495406932,0.4918249249960351,0.12,2596.0,0.4847005151018955,0.5066218635538441,0.4575167631986342,0.92,0.5152994848981045,0.5355768528660573,0.4941059116552798,0.11,,,,,,,,,,,,,,,,0.5,symmetric_confident
Exp2B,llama31_8b,22,nan,math,movies,math->movies,0.1545702656009395,0.1681463658268914,0.1408705718791688,0.0,0.7345897625484579,0.7444212896861981,0.7241651185125066,0.0,0.8681151516696958,0.8765839222508415,0.860170346252409,0.0,0.7135448860687562,0.7235583714562834,0.7037046525759134,0.0,0.8282921975260562,0.8383326493181376,0.8166644833260903,0.0,,,,,0.4962307308655847,0.5417039204387447,0.4561333804102899,0.0,0.2332237836173354,0.2550691432766435,0.2088490650656368,1.0,0.7667762163826646,0.787055159446817,0.7424086620965867,0.0,2844.0,0.2705454855170798,0.2914639397508007,0.2458555733285805,1.0,0.7294545144829202,0.7500405013427657,0.7059488316044019,0.0,,,,,,,,,,,,,,,,0.5,symmetric_confident
Exp2B,llama31_8b,22,nan,movies,math,movies->math,0.0252674498200118,0.0395071696222983,0.0095803805970605,0.0,0.7511650078182268,0.7626375877577377,0.7391011173113765,0.0,0.7508536779344458,0.7629226909563449,0.7408114949868074,0.0,0.725586228114434,0.7375568958035621,0.7141388464647233,0.0,0.7255088257672381,0.7370936022417639,0.7155960555896845,0.0,,,,,-0.0021950031399109,0.047462971688554,-0.0493339024591349,0.64,0.5042905594649566,0.5249902998286373,0.487464696503241,0.33,0.4957094405350434,0.512406584049434,0.4758819586810301,0.68,2596.0,0.4979044436749543,0.5147202335944772,0.4795085331240667,0.61,0.5020955563250457,0.5225290899650545,0.480735922033412,0.46,,,,,,,,,,,,,,,,0.5,symmetric_confident
Exp2B,llama31_8b,23,nan,math,movies,math->movies,0.1526765317655166,0.164165110022908,0.1399576024818332,0.0,0.7306001995703514,0.7438644368059476,0.7192654254251689,0.0,0.866744537634608,0.8754408621921979,0.8585523517704731,0.0,0.7140680058690914,0.7262311128343819,0.7035004404187875,0.0,0.8292905531755745,0.839636682849463,0.8196245352321208,0.0,,,,,0.4958376294675359,0.5319713689801342,0.4468323263955608,0.0,0.233392489633998,0.2545309965065896,0.209644536187934,1.0,0.7666075103660019,0.7904699491306154,0.7378462094631629,0.0,2844.0,0.270769880898466,0.2895977599122658,0.2431432489276536,1.0,0.729230119101534,0.7522803814587056,0.7045268753179803,0.0,,,,,,,,,,,,,,,,0.5,symmetric_confident
Exp2B,llama31_8b,23,nan,movies,math,movies->math,0.0098935622076538,0.0260027929576801,-0.006896305908821,0.12,0.751331121265334,0.7645506786065875,0.7401463007074428,0.0,0.744957371995039,0.7557938190895445,0.7352635670793077,0.0,0.7350638097873852,0.7446677174908565,0.7216797706197329,0.0,0.7230127088702607,0.7353265686970764,0.7113799110129244,0.0,,,,,-0.0322289193946069,0.0165260663816155,-0.0675503208135747,0.91,0.5141560095547195,0.5410730947004999,0.4870420988802723,0.14,0.4858439904452804,0.5096547428076516,0.46327637416753,0.83,2596.0,0.5180729098398874,0.5399739320166106,0.4965507742312171,0.05,0.4819270901601126,0.4968093667997109,0.462417242307943,0.98,,,,,,,,,,,,,,,,0.5,symmetric_confident
Exp2B,llama31_8b,24,nan,math,movies,math->movies,0.152227281078197,0.1693430907332782,0.1371268243632114,0.0,0.7332825531432773,0.7442480128604106,0.7237509649811278,0.0,0.8695487424736966,0.8779861199192424,0.8617876451885212,0.0,0.7173214613954996,0.7274153164890705,0.7063967652487205,0.0,0.8388422068759813,0.8491612409330838,0.8294751860737463,0.0,,,,,0.5055185703557322,0.558299095668388,0.4723161230487089,0.0,0.2323212883243152,0.2533340291059881,0.2116856921463511,1.0,0.7676787116756848,0.791621684051688,0.7421322669965026,0.0,2844.0,0.2621601413199526,0.2868960292983006,0.2403166892995001,1.0,0.7378398586800474,0.7592773410092499,0.7138708792527897,0.0,,,,,,,,,,,,,,,,0.5,symmetric_confident
Exp2B,llama31_8b,24,nan,movies,math,movies->math,0.0115262243626531,0.0253047171631214,-0.003031092834473,0.08,0.760626963454868,0.7700717970710156,0.7503457679274269,0.0,0.7482550317245302,0.7600635322189694,0.7395215329517797,0.0,0.7367288073618771,0.7495215000602578,0.7282808698642453,0.0,0.7260703089036858,0.7399171973615994,0.713573289632865,0.0,,,,,-0.0444810930411357,0.0008954150182372,-0.0886364000458565,0.97,0.5265333883714394,0.5522072951795136,0.5061694155001316,0.01,0.4734666116285606,0.4967843368240548,0.4509624193022304,0.99,2596.0,0.5179477046696964,0.5393647271300845,0.4965174620312291,0.04,0.4820522953303036,0.5028721033733945,0.4524064173717841,0.93,,,,,,,,,,,,,,,,0.5,symmetric_confident
Exp2B,llama31_8b,25,nan,math,movies,math->movies,0.1556201384574208,0.1672528647758709,0.144828929220579,0.0,0.7272736459443758,0.7386708816727001,0.7141321357860768,0.0,0.8630150475841648,0.8737294500508007,0.8536670349066976,0.0,0.707394909126744,0.7182847452900746,0.6964400970700264,0.0,0.8236143372216659,0.833754975374315,0.8119103606743102,0.0,,,,,0.4847660923837423,0.5360233958691527,0.440955669341657,0.0,0.2380761289994996,0.2590114150739759,0.2125683508139523,1.0,0.7619238710005004,0.7777612956489924,0.7390549817595842,0.0,2844.0,0.277157778616758,0.303165498713448,0.2576143525957608,1.0,0.722842221383242,0.7478830489070136,0.6991152130873541,0.0,,,,,,,,,,,,,,,,0.5,symmetric_confident
Exp2B,llama31_8b,25,nan,movies,math,movies->math,-0.0211408800560168,-0.004299674279698,-0.034191404334059,0.99,0.7856009721478057,0.7946855593237847,0.7751342193944815,0.0,0.7521315834997259,0.7611640112513507,0.7410163762425075,0.0,0.7732724635557428,0.7828886891701379,0.7607964789225102,0.0,0.726106913426044,0.735798020076527,0.7170035423814192,0.0,,,,,-0.1439898583812145,-0.1012187230063139,-0.202313552297945,1.0,0.5637636674159413,0.5871683208239852,0.5417655789963728,0.0,0.4362363325840586,0.4571649083623559,0.4144135890915986,1.0,2596.0,0.5802261909652732,0.6033872692430289,0.5593762820729318,0.0,0.4197738090347268,0.4353821441711942,0.3971400219944402,1.0,,,,,,,,,,,,,,,,0.5,symmetric_confident
Exp2B,llama31_8b,26,nan,math,movies,math->movies,0.1595224563403119,0.1711018353304939,0.1453783479824218,0.0,0.7295570948528611,0.741792667211052,0.719544754695024,0.0,0.873200187693953,0.8821516546870278,0.8640141436483888,0.0,0.7136777313536411,0.7238142762965005,0.7006853667632787,0.0,0.8342124001644351,0.8453007636405614,0.8209434605220514,0.0,,,,,0.5066127025803011,0.5618656350914351,0.4638398764951348,0.0,0.2238958150261371,0.2444027148440815,0.2058765477882205,1.0,0.7761041849738628,0.7980745027811254,0.7529088113325703,0.0,2844.0,0.2694914823935616,0.2937090388377716,0.2471804810657998,1.0,0.7305085176064383,0.7564015973846724,0.7045156477855234,0.0,,,,,,,,,,,,,,,,0.5,symmetric_confident
Exp2B,llama31_8b,26,nan,movies,math,movies->math,-0.0212454175542657,-0.0065973743539892,-0.0377458641775507,1.0,0.7848805250625996,0.7962595754842902,0.7760974584124526,0.0,0.7553140695506082,0.7668466577028653,0.7452646220006203,0.0,0.776559487104874,0.7885528392173712,0.7649831637880079,0.0,0.7255080469476135,0.739049640369291,0.7134799098586934,0.0,,,,,-0.1416109601475855,-0.0996726734647615,-0.1860344990328868,1.0,0.556708486497731,0.5788716524634944,0.5304172312313974,0.0,0.443291513502269,0.4657083021813959,0.4199613694032501,1.0,2596.0,0.5849024736498546,0.6068732778227011,0.565641693789083,0.0,0.4150975263501454,0.4354620291752029,0.3905452355801543,1.0,,,,,,,,,,,,,,,,0.5,symmetric_confident
Exp2B,llama31_8b,27,nan,math,movies,math->movies,0.159992982187614,0.1750816599454416,0.1475790082512972,0.0,0.7349783405388931,0.7441925546371673,0.7247188762921919,0.0,0.8773759241744248,0.8873182028161934,0.870636204427032,0.0,0.7173829419868107,0.7297378100665012,0.707582524712739,0.0,0.838506218086619,0.8485263309149033,0.8273913540799598,0.0,,,,,0.5068370979616874,0.5467454808618519,0.4615435720222958,0.0,0.2243830969674684,0.2512726456596386,0.2010878876711431,1.0,0.7756169030325316,0.7985560156861506,0.7483041563231928,0.0,2844.0,0.2687798050708442,0.2979553786143063,0.2425874241438425,1.0,0.7312201949291558,0.7632262691005827,0.7084430985680159,0.0,,,,,,,,,,,,,,,,0.5,symmetric_confident
Exp2B,llama31_8b,27,nan,movies,math,movies->math,-0.0231500846483179,-0.0075063100455397,-0.0376703579379903,1.0,0.7909635673754752,0.7992392278212017,0.7791648228378769,0.0,0.7606259400810998,0.7709311812227223,0.7497104539343254,0.0,0.7837760247294178,0.7947574267204177,0.7742287529986376,0.0,0.7303551912267894,0.7411518302689392,0.7209632355054861,0.0,,,,,-0.1512690391742197,-0.1129126427434187,-0.1980052573428163,1.0,0.5603671511193798,0.5878081079394407,0.537066803650391,0.0,0.4396328488806201,0.4635716533817913,0.421693867838098,1.0,2596.0,0.5909018880548399,0.613172790149647,0.5652405244663664,0.0,0.4090981119451601,0.4273463683936255,0.3859374055131562,1.0,,,,,,,,,,,,,,,,0.5,symmetric_confident
Exp2B,llama31_8b,28,nan,math,movies,math->movies,0.1585577220247652,0.1700417797892658,0.145501365603007,0.0,0.733043785687879,0.7445332101546176,0.7196757546047159,0.0,0.8773759241744248,0.8838908093358223,0.8691062397099646,0.0,0.7188182021496595,0.7285301690029308,0.7089965866819188,0.0,0.8417325218216436,0.8500114524851079,0.8323177195891975,0.0,,,,,0.5094282913438253,0.5646729678366788,0.4734242297846346,0.0,0.2230228023379705,0.2459463953976834,0.2015172408596256,1.0,0.7769771976620294,0.7975707433256978,0.7554826599148269,0.0,2844.0,0.2675489063182041,0.2912095520353355,0.2403259653784025,1.0,0.7324510936817958,0.7560274558788489,0.7040971397353737,0.0,,,,,,,,,,,,,,,,0.5,symmetric_confident
Exp2B,llama31_8b,28,nan,movies,math,movies->math,-0.0187858960335246,-0.0044943854951252,-0.0297906321065134,1.0,0.7816292677743558,0.7905925143667316,0.7712282313571244,0.0,0.7570625196079294,0.7669682482403659,0.7450129745218557,0.0,0.775848415641454,0.7861674989480213,0.7655670146448367,0.0,0.7254400605756741,0.7372038509915746,0.7121844719929383,0.0,,,,,-0.1332727522900482,-0.0824058092687542,-0.1770060518985663,1.0,0.5490416261543167,0.5685992663706987,0.5248139932485072,0.0,0.4509583738456833,0.4745576426810688,0.4286374168175734,1.0,2596.0,0.5842311261357316,0.6029752588935834,0.5652345343251326,0.0,0.4157688738642685,0.4386687378307992,0.3899012919131985,1.0,,,,,,,,,,,,,,,,0.5,symmetric_confident
Exp2B,llama31_8b,29,nan,math,movies,math->movies,0.1530587446299152,0.1673692325863899,0.1431129730303747,0.0,0.7378519588667921,0.7477252538322026,0.7258061209867032,0.0,0.8814300053781388,0.890881588274457,0.8714045837796686,0.0,0.7283712607482236,0.7403350734467711,0.7160879057227639,0.0,0.8483593778977041,0.8585599390822585,0.8410429931834635,0.0,,,,,0.5083513573054209,0.5549068821793696,0.4600710565758219,0.0,0.2235633167602876,0.2477700720346128,0.2026538664269672,1.0,0.7764366832397124,0.7975295665844792,0.7565341929435216,0.0,2844.0,0.2680853259342914,0.2960928624004536,0.2429127458255319,1.0,0.7319146740657085,0.753073550579836,0.7049269534622256,0.0,,,,,,,,,,,,,,,,0.5,symmetric_confident
Exp2B,llama31_8b,29,nan,movies,math,movies->math,-0.0227394071747693,-0.0108722195150558,-0.0376789859209037,1.0,0.7818938252502162,0.7916412571792668,0.7696020821336058,0.0,0.756489354177112,0.7671575607046777,0.7431656349104768,0.0,0.7792287613518813,0.7903268743946796,0.7680696695130533,0.0,0.72529675776474,0.7358041230179004,0.7138637024113915,0.0,,,,,-0.1414668437798136,-0.1016085570946738,-0.1851530763962008,1.0,0.5515900730559126,0.5725998037305762,0.5324727683676898,0.0,0.4484099269440874,0.4734912559886964,0.4258081684354449,1.0,2596.0,0.5898767707239011,0.6089819149795017,0.5649263830147777,0.0,0.4101232292760989,0.4326204474611122,0.3907112366207051,1.0,,,,,,,,,,,,,,,,0.5,symmetric_confident
Exp2B,llama31_8b,30,nan,math,movies,math->movies,0.1509314709968301,0.1624497157269031,0.1378238197280209,0.0,0.7427940099979907,0.7551717492891997,0.7340842638808197,0.0,0.8862173988971724,0.8940585706700683,0.8786144140717216,0.0,0.7352859279003423,0.7464480615864296,0.7242233325055597,0.0,0.8583226504642508,0.8656251240593122,0.8507815825494822,0.0,,,,,0.5193033260473081,0.5584589203027203,0.4666216537806431,0.0,0.2193833385610359,0.2394940513671995,0.1993231965269678,1.0,0.780616661438964,0.805199753847672,0.760152248849539,0.0,2844.0,0.2613133353916559,0.2844558882857055,0.2371765388728764,1.0,0.7386866646083441,0.771012561394823,0.7170109629491809,0.0,,,,,,,,,,,,,,,,0.5,symmetric_confident
Exp2B,llama31_8b,30,nan,movies,math,movies->math,-0.0196978390700516,-0.0023390105271683,-0.0381088867954191,0.99,0.7839437441858124,0.79626850603244,0.7734871994968199,0.0,0.764412148779837,0.7768579257080981,0.7528334901402389,0.0,0.7841099878498886,0.7936433001726637,0.7713172553155908,0.0,0.7367667092543563,0.7510783375664133,0.725529680650614,0.0,,,,,-0.1176217799610429,-0.0789715287319534,-0.1587858911557359,1.0,0.5398664347762577,0.5601807986406299,0.5121683220369949,0.0,0.4601335652237422,0.4887766732110216,0.4383010134135238,1.0,2596.0,0.5777553451847852,0.5993476978566642,0.5509670859961587,0.0,0.4222446548152148,0.4458018275129949,0.4000015681475519,1.0,,,,,,,,,,,,,,,,0.5,symmetric_confident
Exp2B,llama31_8b,31,nan,math,movies,math->movies,0.1485684108225724,0.1609266269791331,0.1369023821532739,0.0,0.7346758427524894,0.7449412677200581,0.7236350545785377,0.0,0.8787718448252414,0.8861732339261937,0.8674133312883264,0.0,0.730203434002669,0.7410565862134991,0.7198850973487334,0.0,0.8577865752073983,0.8682914501879637,0.8474669630221506,0.0,,,,,0.5221942592454583,0.5738744304996031,0.4811797372401998,0.0,0.2231194397649908,0.2441756413969212,0.1993632554164427,1.0,0.7768805602350091,0.8035137686896311,0.7518211413013447,0.0,2844.0,0.2546863009895508,0.2834037686818766,0.2385313936120683,1.0,0.7453136990104491,0.7678265449954365,0.7268566890535532,0.0,,,,,,,,,,,,,,,,0.5,symmetric_confident
Exp2B,llama31_8b,31,nan,movies,math,movies->math,-0.0499558205373092,-0.0375424166091841,-0.0630193378778747,1.0,0.813701577083758,0.8234896372109132,0.8036155763480738,0.0,0.7492013891943083,0.7625802077821465,0.7380878177584982,0.0,0.7991572097316176,0.8098167948506055,0.788986372193581,0.0,0.7162318929018563,0.7277221801001386,0.7037555996440296,0.0,,,,,-0.2415885927656192,-0.2016034251070268,-0.2809088194450659,1.0,0.6123941380504381,0.6352995946760286,0.5885686574382587,0.0,0.3876058619495618,0.4075289643504381,0.3639951374278322,1.0,2596.0,0.6291944547151811,0.6503073175145759,0.6098679818383351,0.0,0.3708055452848189,0.3897199129239059,0.3518411572342215,1.0,,,,,,,,,,,,,,,,0.5,symmetric_confident
Exp2B,qwen25_14b,0,nan,math,movies,math->movies,0.0166273333991133,0.0403244871605248,-0.0065856759624722,0.13,0.5283840736498784,0.5446680603219335,0.5084526688954667,0.0,0.5187916578925973,0.5382410927757806,0.4994699810211479,0.06,0.5021643244934839,0.517235354726939,0.4857396573219534,0.44,0.514897738537278,0.5368615854059003,0.4911389725818434,0.11,,,,,0.0082219791716201,0.0629933563374361,-0.0377744455321317,0.4,0.5228779304769604,0.5622540183772865,0.4865623727888647,0.09,0.4771220695230396,0.5187257184499987,0.4302578768656613,0.86,1407.0,0.4689000903514194,0.5067757025910452,0.4253414446440303,0.93,0.5310999096485806,0.572482650936164,0.4911779942741508,0.08,,,,,,,,,,,,,,,,0.5,symmetric_confident
Exp2B,qwen25_14b,0,nan,movies,math,movies->math,0.0126581026193344,0.0333608873509897,-0.0041719380123242,0.05,0.5320190391282084,0.5522199473825818,0.5173586781780228,0.0,0.5202375766118411,0.5368551043736102,0.5033237322555848,0.0,0.5075794739925067,0.522018573851025,0.4905924017545415,0.21,0.5151683790797501,0.529302165917543,0.4986100337086888,0.04,,,,,0.0231447448631979,0.0736458024629522,-0.0271809524601991,0.18,0.5090992218596478,0.5369449359157517,0.4771505829717399,0.26,0.4909007781403521,0.5235194398078626,0.4590695175816692,0.67,1728.0,0.4677560332771542,0.5032548671584817,0.4344759268903623,0.94,0.5322439667228458,0.5610320572104015,0.4921767419469858,0.05,,,,,,,,,,,,,,,,0.5,symmetric_confident
Exp2B,qwen25_14b,1,nan,math,movies,math->movies,0.0167143517803335,0.0466853794350476,-0.0102298789731977,0.19,0.5248493309511869,0.5449902970168965,0.5084737371368538,0.0,0.5208333017719328,0.5444032812644632,0.4976911676259056,0.04,0.5041189499915992,0.5254164008026767,0.4857838208336779,0.31,0.5143033742419583,0.5420818495768825,0.4931792979121134,0.12,,,,,0.0143753863712016,0.084923722453329,-0.0392514274515357,0.27,0.522711493651624,0.5638308557262974,0.4837346734634792,0.21,0.477288506348376,0.5245810695512478,0.4355634146453768,0.87,1407.0,0.4629131199771744,0.4985327493058064,0.4157094745217454,0.98,0.5370868800228257,0.5674889733186069,0.496019965515006,0.06,,,,,,,,,,,,,,,,0.5,symmetric_confident
Exp2B,qwen25_14b,1,nan,movies,math,movies->math,0.0171347871487164,0.0367976705737356,-0.0064309937903299,0.07,0.5362083841424103,0.550527895226769,0.5188348260454123,0.0,0.5276341590195833,0.5434522537626177,0.51235281040169,0.0,0.5104993718708669,0.5265719059712851,0.49828500983239,0.08,0.5201916484520778,0.5341771431462262,0.503219019691982,0.02,,,,,0.0260224298060027,0.0653674791736462,-0.0179268285378332,0.2,0.5077791623337039,0.54087754830688,0.4735851509774486,0.31,0.4922208376662961,0.5293340950538333,0.4622521154357458,0.67,1728.0,0.4661984078602933,0.5040999931753037,0.4358089360856386,0.95,0.5338015921397067,0.5695377248039543,0.495318026074961,0.04,,,,,,,,,,,,,,,,0.5,symmetric_confident
Exp2B,qwen25_14b,2,nan,math,movies,math->movies,0.0215495451884646,0.060093850774949,-0.0056396390452626,0.06,0.5265397485407644,0.5446763285585458,0.5108209757360641,0.0,0.5257659699424371,0.5498749572892382,0.5043243806448193,0.01,0.5042164247539724,0.5229990820099519,0.4876284416172738,0.42,0.5091990120524151,0.529374171858946,0.4885090873005892,0.35,,,,,0.0228208664225593,0.0898516533300242,-0.0495349841596907,0.29,0.501398069332826,0.5443319442334349,0.4519237707933083,0.42,0.4986019306671739,0.5385497851476266,0.4576221025643298,0.53,1407.0,0.4757810642446146,0.5134447338476152,0.437044729259303,0.87,0.5242189357553855,0.567751154530195,0.482903164026207,0.13,,,,,,,,,,,,,,,,0.5,symmetric_confident
Exp2B,qwen25_14b,2,nan,movies,math,movies->math,0.0424617251616397,0.0581277516965463,0.0199914459610904,0.0,0.5429260870686448,0.5564805249549506,0.529515177652414,0.0,0.5525520210270396,0.5648937535936417,0.5363929422377108,0.0,0.5100902958653999,0.5258175457683427,0.4967348629463035,0.07,0.5120785688463115,0.5298337740789022,0.496928895925385,0.09,,,,,0.0401295854699322,0.0796907977053918,-0.0081485731143149,0.07,0.4815068401047083,0.5076035716893106,0.4525454292923837,0.89,0.5184931598952918,0.5493590737941858,0.4875004441204545,0.19,1728.0,0.4783635744253595,0.5075288111540401,0.4480216760141512,0.91,0.5216364255746405,0.5513669380699517,0.4862943737583787,0.13,,,,,,,,,,,,,,,,0.5,symmetric_confident
Exp2B,qwen25_14b,3,nan,math,movies,math->movies,0.0242810589830245,0.0553557446044067,-0.0043683778178075,0.05,0.5283582620762894,0.5458943255734544,0.5130328486106538,0.0,0.5185480038802849,0.5369259006013339,0.4929718026446703,0.09,0.4942669448972603,0.512682131073366,0.4780959755179803,0.77,0.4942020444717808,0.5114761049820633,0.4721644984107284,0.7,,,,,-0.0214323077654667,0.0415881628018609,-0.0939259211603136,0.78,0.5185315516667459,0.5714960535880894,0.4705822558393255,0.17,0.4814684483332541,0.5339731338174025,0.4269200947183465,0.72,1407.0,0.5029007560987209,0.536808562974742,0.4586282467681853,0.53,0.4970992439012792,0.5366221048573115,0.4634797638017866,0.56,,,,,,,,,,,,,,,,0.5,symmetric_confident
Exp2B,qwen25_14b,3,nan,movies,math,movies->math,0.0127669813006213,0.028067043006676,-0.0103144987030024,0.15,0.5140168213350231,0.5326378956841724,0.5005796047614424,0.02,0.5275933339886825,0.543106106554496,0.5118263411710201,0.0,0.5148263526880611,0.5286667250593777,0.5024168560254397,0.0,0.520104805732837,0.5368378457042586,0.5040974235148937,0.01,,,,,0.0516795460250296,0.1025467327296389,0.0013771804472018,0.03,0.4720972137555133,0.5034557025533026,0.4430467620415673,0.95,0.5279027862444867,0.561032157917804,0.4934090527205296,0.06,1728.0,0.4762232402194571,0.5088713997466879,0.4425562814393301,0.89,0.5237767597805429,0.5573348792114696,0.4911225807376704,0.09,,,,,,,,,,,,,,,,0.5,symmetric_confident
Exp2B,qwen25_14b,4,nan,math,movies,math->movies,0.0311770356746475,0.0559632307582977,0.0028838483874253,0.01,0.5133360865678495,0.5351113176920523,0.495371871266785,0.09,0.5121284150066633,0.5336571329835793,0.4864941065292927,0.19,0.4809513793320157,0.4997841705201835,0.466207199945522,0.98,0.4922371579186039,0.5182946921092721,0.4688073242772235,0.75,,,,,0.003285938465928,0.0777740811878797,-0.0600195592265979,0.49,0.5020305292691045,0.5378195194205712,0.4570319825820217,0.47,0.4979694707308954,0.5433306818208484,0.4490489901960998,0.53,1407.0,0.4946835322649674,0.5268212884992131,0.4606765243210474,0.61,0.5053164677350326,0.5433542985160269,0.4560201286226122,0.4,,,,,,,,,,,,,,,,0.5,symmetric_confident
Exp2B,qwen25_14b,4,nan,movies,math,movies->math,0.0072874044552027,0.0279798716015695,-0.0135234410954578,0.26,0.5026144171293209,0.519240962920842,0.4918518673753487,0.28,0.5090679018745314,0.5226480093107437,0.4940947075479535,0.2,0.5017804974193287,0.5161529848010191,0.4843128697781533,0.43,0.5043262894039886,0.517704439489674,0.4883154663445545,0.35,,,,,0.0480958869724244,0.110844505379145,-0.0132176070414068,0.07,0.4753043532828916,0.5124229113165869,0.4393484810429731,0.91,0.5246956467171083,0.55582797358693,0.491064900466225,0.07,1728.0,0.4765997597446839,0.5092223757913557,0.4407583775679302,0.91,0.5234002402553161,0.5527179665334954,0.4873624370000637,0.1,,,,,,,,,,,,,,,,0.5,symmetric_confident
Exp2B,qwen25_14b,5,nan,math,movies,math->movies,0.029059031736168,0.0514351916911299,0.0031862273265973,0.01,0.5020628417227895,0.517664900500203,0.4850999339546383,0.37,0.511140669414781,0.539962302945459,0.4866711953551675,0.21,0.4820816376786129,0.5010855316967577,0.4635047173189792,0.96,0.4871444103244663,0.5070702801938937,0.4629656741614107,0.83,,,,,0.0160920633411003,0.0902451569803186,-0.0454951166357609,0.29,0.4762661087070236,0.5220872189440908,0.4357889654243765,0.81,0.5237338912929763,0.5698998802735322,0.4874486452738121,0.12,1407.0,0.507641827951876,0.549247636481569,0.4598149212551556,0.35,0.492358172048124,0.540794415435788,0.4486812281258457,0.63,,,,,,,,,,,,,,,,0.5,symmetric_confident
Exp2B,qwen25_14b,5,nan,movies,math,movies->math,0.0124222587038015,0.031591192498825,-0.0089931744116702,0.15,0.4915631757914243,0.5083860363624828,0.4734619626657922,0.85,0.5065356756157641,0.5270341154272632,0.4908537960164273,0.22,0.4941134169119625,0.507703185670783,0.4788555954620285,0.76,0.4927477376576352,0.5096173637744227,0.477211251477762,0.82,,,,,0.0531542474988346,0.114986633348809,-0.0097809542361059,0.06,0.4635426004948542,0.4960876395162779,0.4268488986065088,0.99,0.5364573995051458,0.5794347301695688,0.497202387674529,0.04,1728.0,0.4833031520063112,0.526792312961421,0.4450493166439421,0.82,0.5166968479936889,0.5562089439930953,0.4878547036920082,0.16,,,,,,,,,,,,,,,,0.5,symmetric_confident
Exp2B,qwen25_14b,6,nan,math,movies,math->movies,0.0283080919766649,0.0585481048014498,0.0037716106721133,0.02,0.5139709550859382,0.5319148047643206,0.4965183230612409,0.09,0.5249554731760919,0.5477639127304532,0.5030885134673787,0.02,0.496647381199427,0.5158359424612511,0.478288098975163,0.65,0.5108356600397825,0.5342169215618945,0.4831856578636961,0.16,,,,,0.0173379618621902,0.0800908379583633,-0.0431259376063559,0.22,0.4804080079889676,0.5176975940369377,0.4436484565066783,0.83,0.5195919920110323,0.5547480073544863,0.4733334449624298,0.19,1407.0,0.5022540301488421,0.5358154698181862,0.4502463523431969,0.48,0.4977459698511579,0.5427203491252118,0.4553806100034547,0.51,,,,,,,,,,,,,,,,0.5,symmetric_confident
Exp2B,qwen25_14b,6,nan,movies,math,movies->math,0.0244117547938472,0.0481866386664857,0.0053532002016425,0.0,0.5167469910588305,0.5332244606325972,0.4986318151554774,0.04,0.5340894379736174,0.5503999608460647,0.5200374967979806,0.0,0.5096776831797701,0.521615802409829,0.4933766654611431,0.11,0.5134662617826321,0.5333554692827992,0.5020689124943332,0.02,,,,,0.02584313479399,0.0743291531025115,-0.0325162031608431,0.2,0.4803492666834009,0.506908472268602,0.4466171137357114,0.91,0.5196507333165992,0.5528787796848351,0.4825374760955676,0.22,1728.0,0.4938075985226091,0.5237773411358972,0.4577337333903265,0.6,0.5061924014773909,0.5432373462174178,0.4741643000972646,0.33,,,,,,,,,,,,,,,,0.5,symmetric_confident
Exp2B,qwen25_14b,7,nan,math,movies,math->movies,0.0080697395591181,0.0327510314533312,-0.0255461531413472,0.34,0.5400311855111462,0.5564060039239692,0.5229689259770957,0.0,0.5277394411965659,0.5479909587552669,0.5081687504683495,0.0,0.5196697016374477,0.535873022799816,0.5024855237165095,0.01,0.5149694460393472,0.5348312959501421,0.4915831076343076,0.12,,,,,0.0398354653098102,0.115466949079888,-0.0514863725284574,0.15,0.4732274478101669,0.5113963220882778,0.4232445549649515,0.9,0.5267725521898331,0.5712325241945775,0.4875097048265276,0.15,1407.0,0.4869370868800228,0.5337502137664752,0.4542780362385912,0.69,0.5130629131199772,0.5592804831613808,0.4731867008147449,0.22,,,,,,,,,,,,,,,,0.5,symmetric_confident
Exp2B,qwen25_14b,7,nan,movies,math,movies->math,0.0368512725889672,0.0590401759059422,0.0076390626149278,0.02,0.5232186736712582,0.5382050556266293,0.5078341674888914,0.0,0.5468185214570453,0.5642061222051148,0.5294827413040243,0.0,0.5099672488680781,0.5248923952443846,0.492464950640381,0.1,0.5238171976875127,0.5419415970467144,0.5071664184064354,0.0,,,,,0.0386223867751999,0.070596849712398,-0.0080902304864677,0.06,0.478554075375623,0.514876630906956,0.4529255671290622,0.83,0.521445924624377,0.5562559874239776,0.4897437386285185,0.1,1728.0,0.482823537849177,0.5128807598143552,0.4448901091015659,0.84,0.5171764621508229,0.5541005059109239,0.4785470979758118,0.23,,,,,,,,,,,,,,,,0.5,symmetric_confident
Exp2B,qwen25_14b,8,nan,math,movies,math->movies,0.0243415517802583,0.0579397626023843,0.0017979212004489,0.02,0.5551112366597452,0.5762079479682173,0.5338176536903307,0.0,0.5351881842196027,0.5624733582644492,0.5152253495875541,0.0,0.5108466324393444,0.5311206104228445,0.4912398931319269,0.15,0.5146836259958885,0.5350704373415905,0.4952998545285747,0.12,,,,,0.0308526320795092,0.1037425090759028,-0.038567756288463,0.21,0.4885063483760521,0.5282077053393233,0.4405558969668937,0.69,0.5114936516239479,0.5483640381736886,0.475659533463601,0.26,1407.0,0.4806410195444386,0.5228957108438621,0.4315915583135681,0.79,0.5193589804555614,0.5591214011103096,0.477105668114596,0.19,,,,,,,,,,,,,,,,0.5,symmetric_confident
Exp2B,qwen25_14b,8,nan,movies,math,movies->math,0.0412191679899404,0.0614880026192169,0.0175341974360677,0.0,0.5218658935090867,0.5372839195014593,0.5054961686694052,0.0,0.5534252827625797,0.5714617842924865,0.5343218891427153,0.0,0.5122061147726393,0.5311105703607918,0.4985066263435951,0.07,0.5397779941981902,0.556030731350237,0.5240156152898865,0.0,,,,,0.074846702764729,0.1175031400335836,0.0293220121782516,0.0,0.4685695843941621,0.5087555609649165,0.4305663953200186,0.96,0.5314304156058378,0.5612254920025312,0.4965380890490031,0.05,1728.0,0.4565837128411087,0.4811280287803999,0.4215301776346902,1.0,0.5434162871588912,0.5856532687197649,0.512862192449961,0.0,,,,,,,,,,,,,,,,0.5,symmetric_confident
Exp2B,qwen25_14b,9,nan,math,movies,math->movies,0.0249471530904326,0.0510646262379608,-0.0034073965852722,0.05,0.5648364283707992,0.5827217347180618,0.5474436746514508,0.0,0.5375573091911343,0.5641620979548926,0.5172047702171594,0.0,0.5126101561007017,0.5302431871551583,0.4938717959449543,0.09,0.5125066468309576,0.5329669078276448,0.4864700865430013,0.17,,,,,0.0066051642969233,0.0802218314780639,-0.0716258830889593,0.37,0.5031527890056589,0.5546932397857056,0.4562512994598209,0.44,0.4968472109943411,0.5376316678344523,0.4544075660442235,0.66,1407.0,0.4902420466974178,0.5303974371158744,0.4418231869490281,0.65,0.5097579533025821,0.5579881649643635,0.4663129504877257,0.37,,,,,,,,,,,,,,,,0.5,symmetric_confident
Exp2B,qwen25_14b,9,nan,movies,math,movies->math,0.0353352471620149,0.0577378445261187,0.0136926623558824,0.0,0.5262635342486949,0.5419574036834577,0.5099645409831401,0.0,0.5590234151248503,0.5778268449597213,0.5414295563043144,0.0,0.5236881679628353,0.5368999433458028,0.5059510854032098,0.0,0.5648847615021391,0.5826685527103888,0.5487333485454958,0.0,,,,,0.1010719600530714,0.1582930951104191,0.0393699658373099,0.0,0.4579934198730591,0.4932706808460298,0.4288236654302908,0.98,0.5420065801269409,0.5703548565626719,0.512173456027564,0.0,1728.0,0.4409346200738695,0.4684698270767209,0.4088564243529223,1.0,0.5590653799261305,0.5935110918383463,0.5233383857243686,0.0,,,,,,,,,,,,,,,,0.5,symmetric_confident
Exp2B,qwen25_14b,10,nan,math,movies,math->movies,0.0534893459810406,0.0824138459701205,0.0248685256490884,0.0,0.5709459156150721,0.5907307886844276,0.554347451238871,0.0,0.55322161102518,0.5815356301553933,0.5314129966015632,0.0,0.4997322650441393,0.5159407162164531,0.4814933881252711,0.48,0.5069371958427829,0.5278517718702689,0.4811951346348024,0.37,,,,,-0.0105616054020638,0.0457859409789111,-0.0731707812553058,0.69,0.5149935802938799,0.5598969129526116,0.4779855946175799,0.28,0.4850064197061201,0.530147375664936,0.4369795372898896,0.76,1407.0,0.4955680251081839,0.5507703494776099,0.4507208106132273,0.6,0.504431974891816,0.5401470554126958,0.4666688006193474,0.41,,,,,,,,,,,,,,,,0.5,symmetric_confident
Exp2B,qwen25_14b,10,nan,movies,math,movies->math,0.0434080638588829,0.0624104796297171,0.029353258839804,0.0,0.5286950018604412,0.5493220571536475,0.5120959310529613,0.0,0.5753613059999008,0.595476767743281,0.561337769830336,0.0,0.5319532421410178,0.5459581426212641,0.5154138086971981,0.0,0.5854685451194481,0.6007887093916054,0.5677345692230089,0.0,,,,,0.151136730376161,0.203372756632556,0.0828079531570302,0.0,0.432177179330871,0.4784030857267422,0.4029895303795054,1.0,0.567822820669129,0.5979769927375711,0.5319438834415298,0.0,1728.0,0.416686090292968,0.444947189823026,0.387850833630615,1.0,0.5833139097070319,0.6237909318387417,0.558168394542373,0.0,,,,,,,,,,,,,,,,0.5,symmetric_confident
Exp2B,qwen25_14b,11,nan,math,movies,math->movies,0.0779087562748747,0.1065122838742254,0.0450993846956753,0.0,0.5694719304748431,0.5851806703372755,0.5544088591125798,0.0,0.5455032073957704,0.5689472752460998,0.5183892552049252,0.0,0.4675944511208956,0.4842328726616364,0.4504722510190947,1.0,0.4900485641582675,0.5107042512789736,0.4673136139979787,0.81,,,,,-0.0058680869275761,0.0474586963786393,-0.063693024889671,0.58,0.5254600789386086,0.5732579423674594,0.4851978547300615,0.12,0.4745399210613914,0.5188163741871868,0.4307160157147963,0.89,1407.0,0.4804080079889676,0.5260462945077585,0.4351020440740938,0.85,0.5195919920110323,0.5615094566261887,0.4800492512585429,0.18,,,,,,,,,,,,,,,,0.5,symmetric_confident
Exp2B,qwen25_14b,11,nan,movies,math,movies->math,0.0468286993753337,0.0687973313662898,0.0258732603239371,0.0,0.5149446841118328,0.5294203826666196,0.4998412154212328,0.03,0.5610595635410272,0.5759392174926081,0.5427187145480702,0.0,0.5142308641656934,0.5255840145005524,0.4983063446214963,0.06,0.5719028170882836,0.5876377451085348,0.5575466480571801,0.0,,,,,0.1681294151396707,0.2220568923051409,0.1077183837089038,0.0,0.4305971420375085,0.4652648209657994,0.3986004978604124,1.0,0.5694028579624915,0.5966610065856776,0.5295176411061033,0.0,1728.0,0.4012734428228207,0.4239732383754409,0.3699661491252171,1.0,0.5987265571771794,0.6306735490694347,0.5681067398189036,0.0,,,,,,,,,,,,,,,,0.5,symmetric_confident
Exp2B,qwen25_14b,12,nan,math,movies,math->movies,0.0556981586344954,0.0884102461397702,0.0286813177009634,0.0,0.5949856288853632,0.6137686556689339,0.5799199046092236,0.0,0.5556667358492567,0.5763356080886293,0.53540352872576,0.0,0.4999685772147613,0.5170189916914253,0.4839877450280446,0.51,0.5125061418485487,0.535757069155943,0.4878283193973144,0.12,,,,,-0.0085429644776261,0.0503612191334152,-0.0678346012384472,0.59,0.5291430881164106,0.5705267828282029,0.4881953192293995,0.09,0.4708569118835893,0.512363718220221,0.4253669550073834,0.92,1407.0,0.4793998763612154,0.5221846562469856,0.4402977719185926,0.81,0.5206001236387845,0.5644259022341155,0.4781112234649586,0.25,,,,,,,,,,,,,,,,0.5,symmetric_confident
Exp2B,qwen25_14b,12,nan,movies,math,movies->math,0.0814981983959312,0.0973026934604664,0.0632063829577932,0.0,0.537442906561647,0.5510530074628595,0.5191273000465293,0.0,0.6132301033034433,0.6266543531508288,0.5963127330373471,0.0,0.5317319049075121,0.5509392263261788,0.5168480287031573,0.0,0.6082997645935608,0.6273847808733726,0.5944288929332574,0.0,,,,,0.2063685588266934,0.2572619433323425,0.1490353045802012,0.0,0.400267149567899,0.4282478764039865,0.3656271181496503,1.0,0.599732850432101,0.6340560827251825,0.5583480282708321,0.0,1728.0,0.3933642916054075,0.4241024141387419,0.3641714737131661,1.0,0.6066357083945925,0.6396738039305796,0.5693498438266261,0.0,,,,,,,,,,,,,,,,0.5,symmetric_confident
Exp2B,qwen25_14b,13,nan,math,movies,math->movies,-0.0048116170587128,0.0231657996578154,-0.0292213485157438,0.58,0.6013060976876677,0.6219938257140062,0.5826054797114925,0.0,0.562282762879955,0.5878602882068867,0.5436552681574708,0.0,0.5670943799386678,0.5859156331377243,0.5476365034036591,0.0,0.5507277553986407,0.5711238221427305,0.5264176245739111,0.0,,,,,-0.0327642779019449,0.0524270041003792,-0.1126943247898708,0.79,0.5181083265966047,0.5561793272408513,0.4727977761982128,0.24,0.4818916734033953,0.5321334102871111,0.4404604802904148,0.74,1407.0,0.5146559513053403,0.5536752021859979,0.4701173743122738,0.29,0.4853440486946597,0.5240141945439627,0.4430312811631096,0.75,,,,,,,,,,,,,,,,0.5,symmetric_confident
Exp2B,qwen25_14b,13,nan,movies,math,movies->math,0.0852943247368689,0.1019914948041261,0.0663902168205306,0.0,0.5730056255318835,0.5889120863084426,0.5588092639055768,0.0,0.6577692272018614,0.6718415343403491,0.6402697577031848,0.0,0.5724749024649924,0.5897002732168857,0.5582341712942004,0.0,0.6618588030494865,0.6772569914670765,0.6501586267474236,0.0,,,,,0.20526701509664,0.2653263194826187,0.1449542303939722,0.0,0.4009607971456234,0.4315097740738691,0.3733997546382236,1.0,0.5990392028543766,0.6309567331519935,0.5635650143311285,0.0,1728.0,0.3937721877577366,0.4227647938143856,0.3668206275928485,1.0,0.6062278122422634,0.6398225444780955,0.5790611907512867,0.0,,,,,,,,,,,,,,,,0.5,symmetric_confident
Exp2B,qwen25_14b,14,nan,math,movies,math->movies,0.0587713949722897,0.0896323215775915,0.0329675451546873,0.0,0.6332563368214763,0.6527326832420267,0.611913254584406,0.0,0.5928235939901033,0.6129223699431687,0.5704937913048366,0.0,0.5340521990178135,0.5545364477028901,0.5151239481676935,0.0,0.547604186708156,0.567575962343261,0.5273483148128076,0.0,,,,,0.0075657425460078,0.0950729625672892,-0.0653610648073621,0.56,0.507950924913215,0.5417152911508601,0.4681613107221449,0.38,0.4920490750867849,0.5344345306664976,0.4510292128160593,0.73,1407.0,0.484483332540777,0.5247395291637666,0.4353141636859987,0.84,0.515516667459223,0.5595323633178498,0.4719424762687222,0.25,,,,,,,,,,,,,,,,0.5,symmetric_confident
Exp2B,qwen25_14b,14,nan,movies,math,movies->math,0.1061334916116194,0.1203839487298387,0.0867094434885363,0.0,0.5665700465294484,0.5822059854635521,0.5499768047049176,0.0,0.6631209769215026,0.680627451186667,0.6420208630643445,0.0,0.5569874853098832,0.5706543543791696,0.544066950848941,0.0,0.6530780193199087,0.670868041252478,0.6392968090908066,0.0,,,,,0.2625887510309463,0.3123587234251052,0.1940615611857627,0.0,0.3686865743895005,0.4044782920368014,0.3337202232653973,1.0,0.6313134256104995,0.6548736586412666,0.6004255456164331,0.0,1728.0,0.3687246745795532,0.401267993692828,0.3387464521991377,1.0,0.6312753254204468,0.6615276607770537,0.6005922616219164,0.0,,,,,,,,,,,,,,,,0.5,symmetric_confident
Exp2B,qwen25_14b,15,nan,math,movies,math->movies,0.0284992869678648,0.0551616474723731,0.0006409399529138,0.03,0.6411917123365855,0.6584807603405654,0.6215012616884288,0.0,0.6195275687571423,0.6377522574222388,0.5987718174152314,0.0,0.5910282817892775,0.6081124715454161,0.5761628508820359,0.0,0.6001554335854711,0.619671006305823,0.5769545553717293,0.0,,,,,0.027124447191973,0.1189644167885427,-0.0411471453123892,0.19,0.4948642351039041,0.5366909681981407,0.4610537163351161,0.67,0.5051357648960959,0.546807605651795,0.4656198443406737,0.38,1407.0,0.4780113177041228,0.5220252127373246,0.4376408508709059,0.82,0.5219886822958771,0.556414153497242,0.4808142797780073,0.16,,,,,,,,,,,,,,,,0.5,symmetric_confident
Exp2B,qwen25_14b,15,nan,movies,math,movies->math,0.1060771367113108,0.1256479198446382,0.0889698770861077,0.0,0.611216949539679,0.6270803471277913,0.5980626638481968,0.0,0.7084193031489529,0.7235130176002752,0.6933179071956408,0.0,0.602342166437642,0.6190763848196204,0.5889202403032682,0.0,0.69578547807096,0.7090068484288341,0.6790351192417315,0.0,,,,,0.2188833506651845,0.279711263678131,0.1582335791466431,0.0,0.3902961057123391,0.4277854438523377,0.3679784343804286,1.0,0.6097038942876609,0.6431684273897197,0.5730084673832807,0.0,1728.0,0.3908205436224764,0.4186510069916658,0.3521199050488832,1.0,0.6091794563775236,0.6373562427422136,0.5787208020900902,0.0,,,,,,,,,,,,,,,,0.5,symmetric_confident
Exp2B,qwen25_14b,16,nan,math,movies,math->movies,0.0528208230836607,0.0855815193789757,0.034091251588114,0.0,0.6334461560955714,0.6485847947263575,0.6110353002117676,0.0,0.6264463327419989,0.6477497277014608,0.6047275259807682,0.0,0.5736255096583381,0.5970715372025732,0.5518728288594047,0.0,0.5966357061951747,0.6165553213875384,0.5749557880239115,0.0,,,,,0.0822340577298017,0.1637742821366722,0.0009778314958107,0.03,0.4632459936278472,0.5104100667822715,0.4157363657108108,0.93,0.5367540063721528,0.5820617927094928,0.4882767957470391,0.08,1407.0,0.454519948642351,0.507858859978687,0.417447557573633,0.96,0.545480051357649,0.5949070295702421,0.5058853353154943,0.02,,,,,,,,,,,,,,,,0.5,symmetric_confident
Exp2B,qwen25_14b,16,nan,movies,math,movies->math,0.1317842555436977,0.1491261054110757,0.111866426772931,0.0,0.6161792065310694,0.6329683358446109,0.6033566657938262,0.0,0.7266089135725143,0.7398496983552707,0.7105535283071787,0.0,0.5948246580288166,0.6095204715000723,0.5813179967651578,0.0,0.6926238659191388,0.7072386089162144,0.6751107683877767,0.0,,,,,0.2404211639832179,0.3034190043746059,0.1780160158751702,0.0,0.3750963710689569,0.406242419686099,0.3382606304605319,1.0,0.6249036289310431,0.6572196075352325,0.5917017432653018,0.0,1728.0,0.3844824649478252,0.4164515175347257,0.3515190255044071,1.0,0.6155175350521749,0.6442895193473802,0.583269369625303,0.0,,,,,,,,,,,,,,,,0.5,symmetric_confident
Exp2B,qwen25_14b,17,nan,math,movies,math->movies,0.0782214411603052,0.0991755956787552,0.0592167222094965,0.0,0.6356938471621377,0.6507329885191635,0.6206873155455774,0.0,0.6206415599512591,0.6399351696986829,0.5988241736746891,0.0,0.5424201187909539,0.5608053381792578,0.5239230242147054,0.0,0.5677825262956965,0.5964512183831988,0.54268243829609,0.0,,,,,0.0861762328213419,0.1613235098074554,0.0185207684768822,0.0,0.4601122259736554,0.498269838632354,0.4208872111585353,0.98,0.5398877740263446,0.5830356398920525,0.4943161071351034,0.07,1407.0,0.4537115412050026,0.5033020306169295,0.4116547678969239,0.95,0.5462884587949974,0.5855953406870963,0.5093308156882883,0.02,,,,,,,,,,,,,,,,0.5,symmetric_confident
Exp2B,qwen25_14b,17,nan,movies,math,movies->math,0.1410355612857717,0.1613809680880546,0.1259256633325573,0.0,0.5957208380458369,0.6116015829557074,0.5820106190770367,0.0,0.712299740241788,0.7257724808168314,0.6985814264828969,0.0,0.5712641789560162,0.5850001296004543,0.5577414693772895,0.0,0.6751632866943167,0.6897026246939305,0.6613624587973317,0.0,,,,,0.3011752788037436,0.3515885791054819,0.2397083676684437,0.0,0.3458623193602754,0.3787802418999978,0.3179271287133285,1.0,0.6541376806397246,0.6817394584850304,0.6184939594222116,0.0,1728.0,0.3529624018359809,0.3821244051865958,0.3244493410405234,1.0,0.6470375981640191,0.6808602428250649,0.6164892787954412,0.0,,,,,,,,,,,,,,,,0.5,symmetric_confident
Exp2B,qwen25_14b,18,nan,math,movies,math->movies,0.1252446793836991,0.1506887023571908,0.0980397871581977,0.0,0.6436394831785494,0.661700180768397,0.6253271710559689,0.0,0.6231861663098966,0.6411465611363292,0.6044864032948867,0.0,0.4979414869261975,0.5170690815745693,0.476628625848558,0.65,0.5276394546795963,0.5538698867945586,0.504420059308176,0.0,,,,,0.0871177897189595,0.1653916310681567,-0.0028014967410292,0.04,0.4543725331684816,0.496733210581038,0.4178299907285414,0.98,0.5456274668315184,0.5924424209776207,0.5036980098652052,0.02,1407.0,0.4585096771125588,0.5007516010851022,0.4168787673349635,0.97,0.5414903228874411,0.5798983159002744,0.4981739188161634,0.03,,,,,,,,,,,,,,,,0.5,symmetric_confident
Exp2B,qwen25_14b,18,nan,movies,math,movies->math,0.164415388285246,0.1849004711945359,0.1493525283494254,0.0,0.578005459750001,0.593268168381019,0.5633710864198377,0.0,0.7101952815217136,0.7249527501479266,0.6952665512298895,0.0,0.5457798932364676,0.5629280785113604,0.5276883687365528,0.0,0.6532860837317802,0.6677318697555235,0.6399737243347453,0.0,,,,,0.3320274679958404,0.3812321060592964,0.2788185369677987,0.0,0.3251134040950981,0.3518578148595262,0.3008220979643974,1.0,0.674886595904902,0.7071258162508597,0.6493053618417365,0.0,1728.0,0.3428591279090616,0.373036982573915,0.3146311569775424,1.0,0.6571408720909384,0.6881710662503464,0.6266840966363953,0.0,,,,,,,,,,,,,,,,0.5,symmetric_confident
Exp2B,qwen25_14b,19,nan,math,movies,math->movies,0.0916466032232935,0.1158670446181619,0.065223886974132,0.0,0.6520894869621092,0.6697804145234832,0.6373577481438492,0.0,0.6385431863481036,0.6594414770292183,0.6220899732265585,0.0,0.54689658312481,0.5626033600779549,0.5304483028475605,0.0,0.573468628220336,0.5913001719369029,0.5477829948289807,0.0,,,,,0.1215083931713348,0.2190157110650536,0.0389247410675475,0.0,0.4391411859812639,0.4897195667409462,0.3992764783027826,1.0,0.560858814018736,0.6022233963844889,0.5146062678533367,0.0,1407.0,0.4393504208474012,0.4839298429847791,0.3923630117651364,0.99,0.5606495791525988,0.5955943109248536,0.5243241060189326,0.0,,,,,,,,,,,,,,,,0.5,symmetric_confident
Exp2B,qwen25_14b,19,nan,movies,math,movies->math,0.1814123935364922,0.2010787549509064,0.164002395267088,0.0,0.6040076480708515,0.6253176411860593,0.5867686423853314,0.0,0.7528400702691892,0.7658771708641241,0.7396643657765414,0.0,0.571427676732697,0.5844160812929847,0.5548039972371195,0.0,0.6955190410271864,0.7099677400555814,0.6802893192103013,0.0,,,,,0.3652575572847563,0.4264945810190577,0.3049482028013227,0.0,0.3070628787607128,0.3377733206473177,0.281368322113647,1.0,0.6929371212392871,0.7211627093655668,0.6610773965403466,0.0,1728.0,0.3276795639545308,0.3570211836366087,0.2961042214777363,1.0,0.6723204360454692,0.6984257429165145,0.6436441702641948,0.0,,,,,,,,,,,,,,,,0.5,symmetric_confident
Exp2B,qwen25_14b,20,nan,math,movies,math->movies,0.0886455845397726,0.1133097586200021,0.0685251248257764,0.0,0.6681074120578846,0.6838818614113239,0.6510779733965534,0.0,0.6810596752862114,0.6991030353403797,0.6615330919857252,0.0,0.5924140907464387,0.6092910108220091,0.5703289539135079,0.0,0.6376493674842837,0.657313829386119,0.6172586605021988,0.0,,,,,0.1588615721146988,0.2175242118593139,0.0916207430951969,0.0,0.426463455228494,0.4617913324819179,0.3800687373298495,1.0,0.5735365447715061,0.6191101771295945,0.5357949103579049,0.0,1407.0,0.4146749726568072,0.4559683267236968,0.373601814304651,1.0,0.5853250273431927,0.6278479374574985,0.5443816401621634,0.0,,,,,,,,,,,,,,,,0.5,symmetric_confident
Exp2B,qwen25_14b,20,nan,movies,math,movies->math,0.1941048464752436,0.2113333691792319,0.1742877384650307,0.0,0.6319825671140321,0.6454726737648251,0.6165129736646332,0.0,0.7968236693501962,0.8088026727563762,0.7843992559680713,0.0,0.6027188228749526,0.6184556966265012,0.5878672089156777,0.0,0.7460122629081855,0.7601165241875544,0.7319164763142848,0.0,,,,,0.4186404059239072,0.4696438937813997,0.3569988207038316,0.0,0.2797943486212214,0.302081279655143,0.2548433809878971,1.0,0.7202056513787787,0.7470351939940698,0.6905815111358773,0.0,1728.0,0.3015652454548714,0.3263841202209904,0.2803077979397647,1.0,0.6984347545451286,0.726270699263566,0.6658247161251394,0.0,,,,,,,,,,,,,,,,0.5,symmetric_confident
Exp2B,qwen25_14b,21,nan,math,movies,math->movies,0.1134898370872283,0.1411134998646601,0.0924884808012056,0.0,0.6749017877640957,0.6915204591617736,0.6569124008837856,0.0,0.6764299965610698,0.6945915142513432,0.6594720117454947,0.0,0.5629401594738415,0.5844003060348534,0.5459773925195073,0.0,0.613888935178943,0.6328349278116642,0.5912484713927364,0.0,,,,,0.1801512197441628,0.2665284913766397,0.1161422621702071,0.0,0.4171192163203195,0.4563886716640389,0.378118324494841,1.0,0.5828807836796804,0.6293802901044816,0.5352983786276283,0.0,1407.0,0.4027295639355176,0.439693233045607,0.3644967235216964,1.0,0.5972704360644824,0.642020081516461,0.5537077784541536,0.0,,,,,,,,,,,,,,,,0.5,symmetric_confident
Exp2B,qwen25_14b,21,nan,movies,math,movies->math,0.2143524758570349,0.2305890803812374,0.1999455348190813,0.0,0.6387972340213895,0.6539975372881712,0.6228719695964822,0.0,0.8150093405163901,0.8263273612542026,0.8035208192622174,0.0,0.6006568646593551,0.6159564639067278,0.584330350044022,0.0,0.7524824931345011,0.7665132419944382,0.7382533535078406,0.0,,,,,0.4743899487216266,0.5302427912632587,0.4185455874197695,0.0,0.2537988130670204,0.2852743202098246,0.2233814137955679,1.0,0.7462011869329795,0.7726481901198259,0.7180457625354065,0.0,1728.0,0.2718112382113529,0.3030825943031751,0.2414628580662859,1.0,0.728188761788647,0.7507337272214135,0.6981630910344687,0.0,,,,,,,,,,,,,,,,0.5,symmetric_confident
Exp2B,qwen25_14b,22,nan,math,movies,math->movies,0.0532938801760639,0.0810983920858559,0.0263716710139669,0.0,0.6833865810598841,0.6985992248906818,0.6677660513827688,0.0,0.6724901238065372,0.6914114449949609,0.6533878971651932,0.0,0.6191962436304732,0.6355697851655367,0.6010933257345229,0.0,0.6802713977458595,0.7020206299714634,0.6613176546469298,0.0,,,,,0.1980598221503637,0.2480589033482104,0.1348863928462893,0.0,0.4437443530362832,0.4922289660840473,0.4034623594424394,0.99,0.5562556469637168,0.5982608799448937,0.5148837264620088,0.0,1407.0,0.358195824813353,0.3969523910855808,0.3193673529989867,1.0,0.641804175186647,0.6828555966551573,0.6056443559513661,0.0,,,,,,,,,,,,,,,,0.5,symmetric_confident
Exp2B,qwen25_14b,22,nan,movies,math,movies->math,0.2158102163604652,0.231644786140391,0.1998839618836864,0.0,0.6521829789899094,0.6641736286064253,0.6378706819368124,0.0,0.8288788390077441,0.8385893531555767,0.8183766373851694,0.0,0.6130686226472788,0.6251194320220492,0.5983357828958334,0.0,0.7780150583484592,0.7907465492290472,0.7671654568544459,0.0,,,,,0.4862166959515187,0.5336547882795571,0.433100630007581,0.0,0.2565397855631656,0.281996865109192,0.2320337218542983,1.0,0.7434602144368344,0.7722756211008646,0.7176178675954414,0.0,1728.0,0.2572435184853157,0.2823914133571313,0.2322462315961338,1.0,0.7427564815146842,0.7699608023069727,0.7095206796686361,0.0,,,,,,,,,,,,,,,,0.5,symmetric_confident
Exp2B,qwen25_14b,23,nan,math,movies,math->movies,0.1706531498384633,0.1967266710653295,0.1429730059983482,0.0,0.6824919936025774,0.6973772749467086,0.6656768386056972,0.0,0.7049993763467249,0.7233706335897988,0.6876065140642909,0.0,0.5343462265082616,0.5545046080813445,0.5166023255641508,0.0,0.6116937766472905,0.6320613306251591,0.5841854693525597,0.0,,,,,0.2194873745779638,0.2867413488459192,0.1650472399042265,0.0,0.3921299158305197,0.4340674708602608,0.3550118044220594,1.0,0.6078700841694803,0.6503752254985955,0.5655442981488872,0.0,1407.0,0.3883827095915165,0.4289778637418782,0.3378306577001916,1.0,0.6116172904084836,0.6537446606902252,0.5647691913955262,0.0,,,,,,,,,,,,,,,,0.5,symmetric_confident
Exp2B,qwen25_14b,23,nan,movies,math,movies->math,0.2368924329055003,0.2549103740568912,0.2228640335186185,0.0,0.6528743262808493,0.6694799581078515,0.6402803929447284,0.0,0.8366392655505318,0.8493357286599863,0.8268003830858774,0.0,0.5997468326450315,0.6145113998417353,0.5861816612607409,0.0,0.7679856195619224,0.7793060547229322,0.7558991705845722,0.0,,,,,0.5067650249220067,0.5639021133100388,0.4592230424642918,0.0,0.247261268691505,0.2746671376237304,0.2197357149808569,1.0,0.752738731308495,0.7771123966798987,0.7249824498660549,0.0,1728.0,0.2459737063864883,0.2741219605355085,0.2153451203673576,1.0,0.7540262936135117,0.781808638233598,0.7334078669234794,0.0,,,,,,,,,,,,,,,,0.5,symmetric_confident
Exp2B,qwen25_14b,24,nan,math,movies,math->movies,0.1445543316631684,0.1707481371300179,0.1185745026752014,0.0,0.6806402937581523,0.6979945438664671,0.6624141530149825,0.0,0.7101400972697116,0.7313096709498889,0.689955798399034,0.0,0.5655857656065432,0.5889361460370871,0.5460689599300156,0.0,0.6512919722441469,0.6751915090945706,0.6208263950035762,0.0,,,,,0.2415854296447762,0.3207875695453914,0.1821814033714577,0.0,0.3911027628513006,0.4376404158550838,0.3424519389495544,1.0,0.6088972371486994,0.6481458751497737,0.5697328473217975,0.0,1407.0,0.3673118075039231,0.4162417755056645,0.3226440137889786,1.0,0.6326881924960769,0.6739030772714563,0.5959636470055341,0.0,,,,,,,,,,,,,,,,0.5,symmetric_confident
Exp2B,qwen25_14b,24,nan,movies,math,movies->math,0.2295068602974483,0.2447782975676262,0.2125410262829587,0.0,0.6658046499976054,0.6788764353092537,0.6521976049929915,0.0,0.8496346965491568,0.8609915119149004,0.8399375686659744,0.0,0.6201278362517084,0.6341636105723054,0.6093147785357292,0.0,0.7894006760123757,0.8031494278772077,0.7759971871254681,0.0,,,,,0.5087518377738731,0.5604483432785862,0.4612505761675408,0.0,0.2451343816115035,0.2680855795152697,0.2209725807607342,1.0,0.7548656183884964,0.7811679795515643,0.7310366069982648,0.0,1728.0,0.2461137806146233,0.2756701617936134,0.2204615524561657,1.0,0.7538862193853767,0.7753961895773038,0.7249669567767197,0.0,,,,,,,,,,,,,,,,0.5,symmetric_confident
Exp2B,qwen25_14b,25,nan,math,movies,math->movies,0.1197972214154513,0.1403095461244137,0.0931500833590163,0.0,0.6873161927383867,0.7036107219497845,0.6679899338415307,0.0,0.7263906836805339,0.7442984587442005,0.7104504180314456,0.0,0.6065934622650826,0.623446869622019,0.5872239007760114,0.0,0.6919097273246486,0.7119023710082044,0.6696693900799606,0.0,,,,,0.2473702981596842,0.3199969142440983,0.1869856812887654,0.0,0.3868871558324219,0.4245690567749402,0.3482695549131521,1.0,0.613112844167578,0.6535536901181246,0.5745207320683234,0.0,1407.0,0.3657425460078938,0.4044926597936636,0.3197490716805611,1.0,0.6342574539921061,0.676300186171583,0.5892962401349717,0.0,,,,,,,,,,,,,,,,0.5,symmetric_confident
Exp2B,qwen25_14b,25,nan,movies,math,movies->math,0.2223829555123182,0.2356805628905846,0.2069396331788981,0.0,0.6751339701813653,0.6882884232579132,0.6596971595085435,0.0,0.8635260400131858,0.8725823454024879,0.8512266619334287,0.0,0.6411430845008675,0.6555972978851579,0.6259972475125767,0.0,0.8138584506650093,0.8265199986122793,0.8004453968709293,0.0,,,,,0.5369325312869795,0.5852572634338827,0.4796939038346717,0.0,0.2284397748054649,0.2555416175499979,0.2079835774348289,1.0,0.771560225194535,0.796264146128125,0.7464155258130878,0.0,1728.0,0.2346276939075555,0.2643036677064789,0.2053789714428567,1.0,0.7653723060924446,0.7936915654219151,0.7387539828495372,0.0,,,,,,,,,,,,,,,,0.5,symmetric_confident
Exp2B,qwen25_14b,26,nan,math,movies,math->movies,0.1470322177905713,0.1658032030229571,0.1225888235821923,0.0,0.678515087425884,0.6972887613492705,0.663938930131456,0.0,0.7628844999184453,0.7750576497002543,0.7448854305271031,0.0,0.615852282127874,0.6321918891386087,0.5958756926889873,0.0,0.7497342530072965,0.7647335652784767,0.7314705984056491,0.0,,,,,0.3793523229825479,0.4472644681575149,0.3046794449930092,0.0,0.3272528413143754,0.3649194230477726,0.2969581763975226,1.0,0.6727471586856246,0.709566614373026,0.6397664793516915,0.0,1407.0,0.2933948357030767,0.3318295652808284,0.243759244479108,1.0,0.7066051642969233,0.7471223084537358,0.6624347992652155,0.0,,,,,,,,,,,,,,,,0.5,symmetric_confident
Exp2B,qwen25_14b,26,nan,movies,math,movies->math,0.2363196405494655,0.250410205965332,0.2214860159007284,0.0,0.7003864559885942,0.7130223076959976,0.6836996966419022,0.0,0.8879793382369925,0.8970473205325711,0.8788492616941413,0.0,0.651659697687527,0.6643865139114185,0.6364500759654705,0.0,0.8309934144569671,0.8423965639673711,0.8198538534834308,0.0,,,,,0.5528057428192348,0.6026491749812184,0.5024274275795308,0.0,0.2242084125219636,0.2437001625167393,0.2008386245938737,1.0,0.7757915874780363,0.7969271327246867,0.7512669747223523,0.0,1728.0,0.2229858446588015,0.2471436511782472,0.1950561878971329,1.0,0.7770141553411984,0.8031386921159279,0.7557316857250156,0.0,,,,,,,,,,,,,,,,0.5,symmetric_confident
Exp2B,qwen25_14b,27,nan,math,movies,math->movies,0.1787785828573058,0.1979135005527968,0.1567310481286501,0.0,0.6953686020964769,0.7106891847948545,0.6788299702591679,0.0,0.8231092069907745,0.8345881009895254,0.8068322730298355,0.0,0.6443306241334686,0.6609497557947425,0.6304990130679569,0.0,0.7773153822186604,0.7967813072837125,0.7600716951141153,0.0,,,,,0.4887203385800561,0.5377350563761388,0.4294700663067028,0.0,0.244020162632555,0.2802397317245729,0.2216854746070584,1.0,0.755979837367445,0.7869325461887327,0.7176805847083592,0.0,1407.0,0.2672594987873888,0.309799773112938,0.2318840540478935,1.0,0.7327405012126111,0.7674226287098657,0.694774471239397,0.0,,,,,,,,,,,,,,,,0.5,symmetric_confident
Exp2B,qwen25_14b,27,nan,movies,math,movies->math,0.2350682843891411,0.249640236361651,0.2206552149464044,0.0,0.7167535486532985,0.7276969920376178,0.7017526701736184,0.0,0.910851382742006,0.9173851119631432,0.9039510606365764,0.0,0.6757830983528649,0.6902343097558798,0.6575847581408757,0.0,0.8611318668194382,0.8702855259463085,0.8483076326408157,0.0,,,,,0.5923145193100727,0.6395840164885394,0.5421801281960595,0.0,0.196825581812314,0.2165333471570087,0.1692736332035659,1.0,0.803174418187686,0.8220570442627947,0.7838062351714449,0.0,1728.0,0.2108598988776132,0.234880565706989,0.186815360058738,1.0,0.7891401011223868,0.8137923482660298,0.7707762900145593,0.0,,,,,,,,,,,,,,,,0.5,symmetric_confident
Exp2B,qwen25_14b,28,nan,math,movies,math->movies,0.2262864639527901,0.2474522739739316,0.2066649285307456,0.0,0.6922872452990873,0.708148994575838,0.673158969106893,0.0,0.8294048226830019,0.8426826253034791,0.8154155063785117,0.0,0.6031183587302117,0.6175371523555216,0.5872360846592787,0.0,0.753999334433185,0.771829999554831,0.7294183943817268,0.0,,,,,0.5106709781729992,0.5628017805419716,0.4601124688169144,0.0,0.2215416805364021,0.2442803766089754,0.1881662928907827,1.0,0.7784583194635979,0.8149464087821795,0.7520312641620304,0.0,1407.0,0.2677873412905987,0.3083902996901596,0.2260325641160376,1.0,0.7322126587094013,0.7709287317974638,0.696083997262221,0.0,,,,,,,,,,,,,,,,0.5,symmetric_confident
Exp2B,qwen25_14b,28,nan,movies,math,movies->math,0.2639753470185677,0.2793989083807836,0.2489312472049501,0.0,0.7082081188913981,0.7218402209771758,0.6947810006869123,0.0,0.9148802582147392,0.9232456854604556,0.9082622992271556,0.0,0.6509049111961716,0.6678876004632146,0.636656036378444,0.0,0.8477426891412043,0.8597496557074338,0.8387477906485532,0.0,,,,,0.6458811453365367,0.6983688183852994,0.6074793955889268,0.0,0.1763949151934593,0.1988644103317269,0.1577137811188859,1.0,0.8236050848065407,0.8406601172305637,0.8022967137415066,0.0,1728.0,0.1777239394700039,0.1979836695055367,0.1532464920090797,1.0,0.822276060529996,0.8463258597616297,0.803545025269281,0.0,,,,,,,,,,,,,,,,0.5,symmetric_confident
Exp2B,qwen25_14b,29,nan,math,movies,math->movies,0.1635703632806988,0.1853007556425115,0.1399523738000979,0.0,0.6775656704147422,0.6914767248991809,0.6583545564615122,0.0,0.8030578704790818,0.8175541148668638,0.7872321373453961,0.0,0.639487507198383,0.6586580353226061,0.6235950683123491,0.0,0.7958070805603487,0.8109993760973233,0.7792582281706164,0.0,,,,,0.5235722098055067,0.5919144751947168,0.4622318646078178,0.0,0.2361881211660088,0.2719447801459748,0.2015651782163748,1.0,0.7638118788339912,0.7973525657994439,0.73297459708441,0.0,1407.0,0.2402396690284844,0.2670729333797313,0.2089168384267518,1.0,0.7597603309715155,0.797735175294241,0.7280509771126475,0.0,,,,,,,,,,,,,,,,0.5,symmetric_confident
Exp2B,qwen25_14b,29,nan,movies,math,movies->math,0.2357712292490702,0.2503334669424988,0.2178016234650365,0.0,0.7254976219509949,0.7381398917127492,0.7125256940189122,0.0,0.919411209944691,0.9274756333143952,0.9129518150375008,0.0,0.6836399806956208,0.6959185984640837,0.6716706559364951,0.0,0.8820335664120295,0.8920299962253422,0.8718466315814789,0.0,,,,,0.6128213863090328,0.6416118371036948,0.5628260760603421,0.0,0.2040578943593789,0.2279378557888659,0.1818601182426334,1.0,0.7959421056406211,0.8144904408791555,0.7744450993508323,0.0,1728.0,0.1831207193315882,0.2047552386544408,0.1612103763497046,1.0,0.8168792806684118,0.8410916561828164,0.7936758235883745,0.0,,,,,,,,,,,,,,,,0.5,symmetric_confident
Exp2B,qwen25_14b,30,nan,math,movies,math->movies,0.1710671249364834,0.1869484525759714,0.149923436585747,0.0,0.6933331751506049,0.7090530358717478,0.6770721914428415,0.0,0.8363634802781645,0.8504487723115852,0.8220908206476157,0.0,0.6652963553416811,0.6819917894960473,0.6505738861684798,0.0,0.8189385572753574,0.8363763540446656,0.802544286296147,0.0,,,,,0.5784535641257311,0.6406880302823468,0.5179365598120184,0.0,0.2054591278710352,0.2382811338340163,0.177323627131235,1.0,0.7945408721289647,0.8245655081533406,0.7586211965396996,0.0,1407.0,0.2160873080032336,0.2473476432480237,0.1861051815534494,1.0,0.7839126919967664,0.8102369382999949,0.7552156543661153,0.0,,,,,,,,,,,,,,,,0.5,symmetric_confident
Exp2B,qwen25_14b,30,nan,movies,math,movies->math,0.208700003508416,0.2270693659281577,0.1936088015328852,0.0,0.7313241551571059,0.7423355127230167,0.7209391009326284,0.0,0.9124107914881244,0.9192264742930208,0.9042783715694928,0.0,0.7037107879797083,0.7165296441789964,0.6912918431082296,0.0,0.8917069500496794,0.90261980781075,0.8836644042011774,0.0,,,,,0.565955911356546,0.6105817981884097,0.5236172526064825,0.0,0.2296522573242012,0.2529587246497451,0.2034539602476841,1.0,0.7703477426757988,0.7923744917458946,0.7467113892659727,0.0,1728.0,0.2043918313192527,0.2221528140108975,0.177676223408332,1.0,0.7956081686807474,0.8246674715139535,0.7766525616796852,0.0,,,,,,,,,,,,,,,,0.5,symmetric_confident
Exp2B,qwen25_14b,31,nan,math,movies,math->movies,0.1521410957481414,0.1730303687489711,0.1316448049887361,0.0,0.6978154110164437,0.7154333308158172,0.6850007270235843,0.0,0.8326685239919668,0.847782132520372,0.8195441869745479,0.0,0.6805274282438254,0.6993466411986602,0.6658411634848098,0.0,0.8205868198581302,0.830331244154499,0.8048154238138879,0.0,,,,,0.5717865804365401,0.6445939022271855,0.4937175688179014,0.0,0.2123448571020971,0.248040707206135,0.1822743332307893,1.0,0.787655142897903,0.8149571328967209,0.749222755226243,0.0,1407.0,0.2158685624613628,0.2480861031003839,0.1819679239981951,1.0,0.7841314375386371,0.8218714521851315,0.7498948730531141,0.0,,,,,,,,,,,,,,,,0.5,symmetric_confident
Exp2B,qwen25_14b,31,nan,movies,math,movies->math,0.1932073895728188,0.2094584411497912,0.180113051046656,0.0,0.7259936413437911,0.7394764222734465,0.7100834195910241,0.0,0.9026704404752248,0.9125894147946124,0.8944906856349335,0.0,0.709463050902406,0.7231096823515967,0.6976721655231232,0.0,0.8905269634109242,0.9000435908583853,0.8804474673583839,0.0,,,,,0.5332256069136156,0.5796127540181978,0.49273612809807,0.0,0.2421244665973392,0.2710118690501014,0.2158820319414531,1.0,0.7578755334026608,0.7849602449450723,0.7333518605243144,0.0,1728.0,0.224649926489045,0.2487470455477568,0.1970982141262465,1.0,0.775350073510955,0.805559276229343,0.752566302177332,0.0,,,,,,,,,,,,,,,,0.5,symmetric_confident
Exp2B,qwen25_14b,32,nan,math,movies,math->movies,0.1442204825690837,0.1638918049351878,0.1212313355578436,0.0,0.6943556982335265,0.711824273537238,0.6789485996353073,0.0,0.82437115803071,0.8378864197732556,0.8091897291207766,0.0,0.6801506754616263,0.6970090433815236,0.6643817181310138,0.0,0.8109603401965493,0.8228505876056764,0.794340756772868,0.0,,,,,0.5524846640353798,0.6201439088804328,0.4801219110817875,0.0,0.2210661467497265,0.2541977303603925,0.1887034363713948,1.0,0.7789338532502734,0.8172249515568785,0.7509691603900779,0.0,1407.0,0.2264491892148937,0.2595694725304192,0.1946673166943058,1.0,0.7735508107851062,0.8092296132054525,0.7440982187674127,0.0,,,,,,,,,,,,,,,,0.5,symmetric_confident
Exp2B,qwen25_14b,32,nan,movies,math,movies->math,0.1935497067168824,0.2073820324089192,0.1767358578055891,0.0,0.7212564056277423,0.739211362430393,0.7094302496486894,0.0,0.9003319540560832,0.908799655275632,0.8905983606973671,0.0,0.7067822473392008,0.7211533674521592,0.6934027043900226,0.0,0.8898879084316044,0.8988640359322312,0.8791429355496978,0.0,,,,,0.5399917524294473,0.5915764594232792,0.483137958607947,0.0,0.2386304550507405,0.2572508767520491,0.2115797352775004,1.0,0.7613695449492595,0.7860642189332775,0.7374317059568861,0.0,1728.0,0.2213777925198121,0.24409934373704,0.1911346713036997,1.0,0.778622207480188,0.7986527801049191,0.7531246517517072,0.0,,,,,,,,,,,,,,,,0.5,symmetric_confident
Exp2B,qwen25_14b,33,nan,math,movies,math->movies,0.1565636705047796,0.1826528599314039,0.1364408303614485,0.0,0.6836123120885379,0.7011970683336216,0.6686835234401728,0.0,0.819712695308259,0.8360229910432766,0.8050588930711091,0.0,0.6631490248034794,0.6816157341300012,0.6416607575751763,0.0,0.7881881584654998,0.8002566429465747,0.7685771530619152,0.0,,,,,0.538908174425793,0.5971073736907457,0.4810747691276835,0.0,0.22018165390651,0.2507543432124064,0.1876355280553234,1.0,0.77981834609349,0.8117749025139177,0.7414796334438267,0.0,1407.0,0.240910171667697,0.2812039354990517,0.2059291348540859,1.0,0.759089828332303,0.7951367159636692,0.7225272523167837,0.0,,,,,,,,,,,,,,,,0.5,symmetric_confident
Exp2B,qwen25_14b,33,nan,movies,math,movies->math,0.187261846524638,0.2025358138552916,0.1751086023912393,0.0,0.7224351516535822,0.7356247913082627,0.7101500245813093,0.0,0.9000592500119521,0.9074987424861334,0.8931149152629415,0.0,0.712797403487314,0.7244184718514571,0.7018934050227662,0.0,0.8906809525625675,0.8996209760901744,0.8820614464346329,0.0,,,,,0.5290099329436655,0.5918547600398543,0.4807459750944344,0.0,0.2391055868325743,0.2737360164941224,0.2161979948251855,1.0,0.7608944131674257,0.7823784996439442,0.7400163320547284,0.0,1728.0,0.2318844802237601,0.2552834632436166,0.2055084282045265,1.0,0.7681155197762398,0.7912078785856015,0.7462484813248554,0.0,,,,,,,,,,,,,,,,0.5,symmetric_confident
Exp2B,qwen25_14b,34,nan,math,movies,math->movies,0.1589889647198713,0.1791004252870653,0.1425547230921145,0.0,0.6764475964134418,0.6960163747887703,0.6612548109773911,0.0,0.8186436475485377,0.8355921263269035,0.8033324686434414,0.0,0.6596546828286663,0.6737498142986321,0.6432312466652856,0.0,0.7975934558319661,0.8131076076867559,0.7748458747920115,0.0,,,,,0.5393837082124685,0.6015357345485205,0.4813744590681632,0.0,0.2248941937324647,0.2632129986400163,0.1977063212975031,1.0,0.7751058062675353,0.804598405559021,0.7431576930918659,0.0,1407.0,0.2357220980550668,0.2804363454502684,0.2024782829618942,1.0,0.7642779019449332,0.8026288846445885,0.7358566847901468,0.0,,,,,,,,,,,,,,,,0.5,symmetric_confident
Exp2B,qwen25_14b,34,nan,movies,math,movies->math,0.1771459764744021,0.1929443497627546,0.1598922208422152,0.0,0.7254059629901157,0.7399293978957818,0.7111850631111071,0.0,0.8929397585485913,0.90170053734219,0.8842945566158195,0.0,0.7157937820741892,0.7281454732794628,0.7022896390890621,0.0,0.8867103601931597,0.8958193894918919,0.8779520231183923,0.0,,,,,0.4901365331516477,0.5372660869690559,0.4281739047448447,0.0,0.2600270735468139,0.2838916390560341,0.2329094230659344,1.0,0.739972926453186,0.7685708092114278,0.7158970933041624,0.0,1728.0,0.2498363933015383,0.2771836872733745,0.2204116580071703,1.0,0.7501636066984616,0.7776993888509368,0.7184804974852176,0.0,,,,,,,,,,,,,,,,0.5,symmetric_confident
Exp2B,qwen25_14b,35,nan,math,movies,math->movies,0.1527055657333654,0.174535796515138,0.1344745865550874,0.0,0.6904127799673972,0.7100537603673444,0.6724048194344036,0.0,0.8333118715809534,0.8461007786424752,0.8156941721693878,0.0,0.680606305847588,0.6974682815316783,0.6621759549156394,0.0,0.8131413592207516,0.8289535318958964,0.7956797820153695,0.0,,,,,0.5536307004612677,0.6226968991795122,0.4895786694765164,0.0,0.2170241095629844,0.2497686361984753,0.1930983066387835,1.0,0.7829758904370155,0.8109161200892351,0.7550821804939867,0.0,1407.0,0.2293451899757477,0.2577687472732776,0.2010581602904835,1.0,0.7706548100242522,0.7990468971763361,0.7332554276384878,0.0,,,,,,,,,,,,,,,,0.5,symmetric_confident
Exp2B,qwen25_14b,35,nan,movies,math,movies->math,0.1777837184687762,0.1948284515758556,0.1644593891983989,0.0,0.7226626780773723,0.7326334410589483,0.7102419996034323,0.0,0.8942219868217517,0.9016607994268352,0.8876231194310585,0.0,0.7164382683529754,0.7284549187583305,0.70028953681839,0.0,0.8905733392135703,0.8988450818289675,0.8831195877136598,0.0,,,,,0.5093435113135153,0.5630562663146145,0.4686607188764689,0.0,0.249255925700147,0.2725803892276083,0.2221727512340696,1.0,0.750744074299853,0.7724139160599707,0.7224921253154621,0.0,1728.0,0.2414005629863377,0.2643599358576696,0.2169136454201813,1.0,0.7585994370136623,0.7821981771370824,0.735894529973364,0.0,,,,,,,,,,,,,,,,0.5,symmetric_confident
Exp2B,qwen25_14b,36,nan,math,movies,math->movies,0.1584448652036416,0.1818412845717403,0.1381779102623955,0.0,0.6834026130931692,0.6982265096098734,0.6676177563232614,0.0,0.8286034156000176,0.8413393214317929,0.8147665454351373,0.0,0.670158550396376,0.6871739193192137,0.6542642864222024,0.0,0.8166969403620825,0.8318483941749458,0.8043315027137012,0.0,,,,,0.5563079556802512,0.6044295610153482,0.5079093390713084,0.0,0.2213276903323981,0.2512480785436888,0.1873398039662959,1.0,0.7786723096676019,0.8066176371956796,0.7435339795899616,0.0,1407.0,0.2223643539873508,0.2590951545760793,0.1897510941866011,1.0,0.7776356460126492,0.8087180623365651,0.7462918211539145,0.0,,,,,,,,,,,,,,,,0.5,symmetric_confident
Exp2B,qwen25_14b,36,nan,movies,math,movies->math,0.1758569659188703,0.1930834612536998,0.1579839437832019,0.0,0.725594291208771,0.7375727007210686,0.7116788051200768,0.0,0.8920833281854402,0.9006879877844752,0.8832102843068461,0.0,0.7162263622665699,0.731444341978221,0.7014410987677604,0.0,0.8887924367690999,0.8981661743652901,0.8783590069507045,0.0,,,,,0.4916919173808585,0.5451903359274265,0.4372862671082883,0.0,0.2605380643310503,0.2903734531452485,0.2369164601443179,1.0,0.7394619356689497,0.7663080546781861,0.7213669287684592,0.0,1728.0,0.2477700182880912,0.2776810370146892,0.224794626863224,1.0,0.7522299817119088,0.7752184831464836,0.728856799090012,0.0,,,,,,,,,,,,,,,,0.5,symmetric_confident
Exp2B,qwen25_14b,37,nan,math,movies,math->movies,0.153699145791802,0.1718845647434603,0.1347782434470431,0.0,0.6758922467804471,0.6945026134543543,0.6615354608831225,0.0,0.8160879315769035,0.8301982562924242,0.7990319468450954,0.0,0.6623887857851015,0.6807702698558892,0.6456651672469222,0.0,0.8056964035657818,0.8232956333822607,0.788420009980804,0.0,,,,,0.5266536687431642,0.5896103097998942,0.4444593273857257,0.0,0.2365637928574825,0.2676439042666669,0.2053769574212321,1.0,0.7634362071425175,0.7938354796021057,0.7334258688570322,0.0,1407.0,0.2367825383993533,0.2781763190493962,0.2121623338084629,1.0,0.7632174616006467,0.7947500189066243,0.726626557778346,0.0,,,,,,,,,,,,,,,,0.5,symmetric_confident
Exp2B,qwen25_14b,37,nan,movies,math,movies->math,0.1678411335270732,0.1813538984060703,0.1541020869284598,0.0,0.723017451306177,0.7367286347953766,0.7082971626843682,0.0,0.8836892183779248,0.894479799677119,0.8753735863100996,0.0,0.7158480848508516,0.7276735498038712,0.7064123134059349,0.0,0.8821166489310557,0.891322998952468,0.8724077515228885,0.0,,,,,0.4609092050059167,0.5144549074719194,0.4072956960905178,0.0,0.2753814501380571,0.3034529995084339,0.2419392483145716,1.0,0.7246185498619429,0.7516647107498639,0.7031869869259368,0.0,1728.0,0.2637093448560261,0.2878358222642362,0.23636721794708,1.0,0.7362906551439738,0.7687049414339056,0.7063006202769608,0.0,,,,,,,,,,,,,,,,0.5,symmetric_confident
Exp2B,qwen25_14b,38,nan,math,movies,math->movies,0.1580757345627647,0.1802069644454182,0.136854079315906,0.0,0.6744535321134453,0.6896088291605698,0.6589584405399321,0.0,0.8187471689423699,0.8308830706876235,0.8050499538236752,0.0,0.6606714343796052,0.6764037465573011,0.6454865004428709,0.0,0.8083556409312481,0.8218803316897252,0.793943185348866,0.0,,,,,0.538946217128727,0.5990781157953001,0.474864707845016,0.0,0.2299253411954919,0.2617149931492053,0.1897873652556047,1.0,0.7700746588045081,0.8018739377098999,0.7392383083796396,0.0,1407.0,0.231128441675781,0.2673520309564886,0.1975402211775918,1.0,0.7688715583242189,0.8029165203660512,0.7391764199534689,0.0,,,,,,,,,,,,,,,,0.5,symmetric_confident
Exp2B,qwen25_14b,38,nan,movies,math,movies->math,0.1682759502569872,0.1828836897174222,0.1517829083957044,0.0,0.718476575019986,0.7315931099889421,0.706031526223521,0.0,0.8785129446682958,0.8880539648727002,0.8671749948376067,0.0,0.7102369944113085,0.7235047169418609,0.6934853445980804,0.0,0.8762564664252618,0.8846942570258515,0.8669122440831457,0.0,,,,,0.4494298418617994,0.5019273167515306,0.3755567283629133,0.0,0.2819951948936781,0.3069260589755687,0.2567855745759996,1.0,0.7180048051063219,0.7390185713243429,0.6909609880159712,0.0,1728.0,0.2685749632445225,0.2961932809403766,0.2427692799559245,1.0,0.7314250367554774,0.7582420107106076,0.7036418890783585,0.0,,,,,,,,,,,,,,,,0.5,symmetric_confident
Exp2B,qwen25_14b,39,nan,math,movies,math->movies,0.1531862581828296,0.1767293128264306,0.1362121307018254,0.0,0.677014168469736,0.6949947571956288,0.6589308676382392,0.0,0.816977205599043,0.831653660048251,0.8042157330709161,0.0,0.6637909474162134,0.6799919933634373,0.6511246405762432,0.0,0.8080713358350162,0.8240414183324093,0.793257855727988,0.0,,,,,0.5220267249988112,0.5819512641739646,0.4479014872794984,0.0,0.2374530410385658,0.2737846126845031,0.2058371896877932,1.0,0.7625469589614342,0.7945594856018399,0.7267267142652071,0.0,1407.0,0.240520233962623,0.284103773237589,0.200846370727311,1.0,0.759479766037377,0.7921924837273767,0.724592185443605,0.0,,,,,,,,,,,,,,,,0.5,symmetric_confident
Exp2B,qwen25_14b,39,nan,movies,math,movies->math,0.1617587869211806,0.1818599969324769,0.1466274869811751,0.0,0.7203025335155706,0.7321056421398972,0.7058266166902257,0.0,0.874792853256038,0.8844581676556468,0.8623156435351156,0.0,0.7130340663348573,0.7272404494027934,0.6999686749347177,0.0,0.8740268467551889,0.8840144922843745,0.8633227813444964,0.0,,,,,0.4286585147201205,0.4802817842229942,0.3850110559810627,0.0,0.2929366730017571,0.3181091137943056,0.2685298090297847,1.0,0.7070633269982429,0.7333793322628128,0.6871416488229674,0.0,1728.0,0.2784048122781224,0.3098959134199383,0.2477663682201187,1.0,0.7215951877218776,0.7439167362370711,0.6945992127825388,0.0,,,,,,,,,,,,,,,,0.5,symmetric_confident
Exp2B,qwen25_14b,40,nan,math,movies,math->movies,0.1368388299857107,0.1569393785360459,0.1128347996435695,0.0,0.6839723915561204,0.6981564351719461,0.6675604498294756,0.0,0.8119006174419914,0.8273222112433877,0.7964787278646253,0.0,0.6750617874562806,0.6913041669702468,0.6577986389014899,0.0,0.804793495018601,0.8225537894560939,0.792911764007955,0.0,,,,,0.4990061343858482,0.5840127526150778,0.4365353901699136,0.0,0.2486756384041086,0.2840025589571583,0.2147056686046511,1.0,0.7513243615958914,0.7930247889146335,0.7171489307286654,0.0,1407.0,0.2523182272100432,0.2892228803660868,0.2247308361218126,1.0,0.7476817727899567,0.7778557970545649,0.7138778870061633,0.0,,,,,,,,,,,,,,,,0.5,symmetric_confident
Exp2B,qwen25_14b,40,nan,movies,math,movies->math,0.1613813460339686,0.1736491599642808,0.1466397941432602,0.0,0.7179687666933146,0.7327483495174534,0.7058236046236668,0.0,0.8726597453914717,0.8824494286394587,0.864757418404878,0.0,0.7112783993575031,0.7253197554899962,0.6957965950109107,0.0,0.8704880507104182,0.8808840752860405,0.8602718794624733,0.0,,,,,0.4217959981353318,0.4754550675251282,0.3724774045416378,0.0,0.2937883243088177,0.315073623279996,0.2599676301430103,1.0,0.7062116756911823,0.7358886595366919,0.6784042677584811,0.0,1728.0,0.2844156775558504,0.3126357734728257,0.2565341961336835,1.0,0.7155843224441496,0.741592178295608,0.6915445927489278,0.0,,,,,,,,,,,,,,,,0.5,symmetric_confident
Exp2B,qwen25_14b,41,nan,math,movies,math->movies,0.1223767985559115,0.1452105321915178,0.1015566764427507,0.0,0.6904179102180484,0.7084890386920372,0.673363267020381,0.0,0.8044384923851178,0.8202267767247664,0.7851180698117441,0.0,0.6820616938292062,0.698268065376119,0.6632558017965519,0.0,0.796344129352254,0.8094313710179578,0.7803496446223822,0.0,,,,,0.4747158685624614,0.5407504656174599,0.4099836704244023,0.0,0.2608302819915355,0.2966615983828047,0.2270964567294058,1.0,0.7391697180084645,0.7662891166829827,0.6997511920346746,0.0,1407.0,0.2644538494460031,0.3046839437328012,0.2383470117148196,1.0,0.7355461505539969,0.7673750735814788,0.7023070901908707,0.0,,,,,,,,,,,,,,,,0.5,symmetric_confident
Exp2B,qwen25_14b,41,nan,movies,math,movies->math,0.1633170125620466,0.1806893529178361,0.1459033039084707,0.0,0.7156929130087202,0.7277691795151917,0.7036425292799522,0.0,0.8719367126073604,0.8803345569847111,0.8627154150174856,0.0,0.7086197000453137,0.7230378597269145,0.6937720312486815,0.0,0.866847281616972,0.8782801825208739,0.8553438738682348,0.0,,,,,0.4209846882059741,0.4765631048594018,0.3688879048344837,0.0,0.2909890809337684,0.3196630969099014,0.2621558621940146,1.0,0.7090109190662316,0.7387069980138538,0.6840083494835514,0.0,1728.0,0.2880262308602574,0.3262371315021707,0.2591786230053967,1.0,0.7119737691397425,0.7434369564167241,0.6840680527003612,0.0,,,,,,,,,,,,,,,,0.5,symmetric_confident
Exp2B,qwen25_14b,42,nan,math,movies,math->movies,0.1231779454497906,0.1425293933983059,0.1016365565643048,0.0,0.6962875582443769,0.7096678763458673,0.6778553007356336,0.0,0.8118435544297814,0.8239273759168726,0.7957926645333644,0.0,0.6886656089799907,0.7035680439753915,0.6724553470644358,0.0,0.8039274501872727,0.8218689712930599,0.7892916765306656,0.0,,,,,0.4797898140662894,0.5485249533064434,0.3910098752457812,0.0,0.2580721860288174,0.2951336980132917,0.2273327169619235,1.0,0.7419278139711827,0.773066591291658,0.7102608313399129,0.0,1407.0,0.2621379999048932,0.3046073093728639,0.2272139521596745,1.0,0.7378620000951067,0.7698793478530581,0.7011865941027675,0.0,,,,,,,,,,,,,,,,0.5,symmetric_confident
Exp2B,qwen25_14b,42,nan,movies,math,movies->math,0.1607119866796352,0.1727539964866377,0.1464037556875814,0.0,0.7070015215092783,0.7188273010259685,0.6928589089204834,0.0,0.8620194531272243,0.8737392615634856,0.8528781929315004,0.0,0.701307466447589,0.7118645291409476,0.6863844609164644,0.0,0.857019282127643,0.8662609064517797,0.8465769768881819,0.0,,,,,0.4033039588338652,0.4620665432875226,0.3569779600305972,0.0,0.2993173342417614,0.3366003641478094,0.2738513059167446,1.0,0.7006826657582386,0.7325747416445587,0.6725616656159082,0.0,1728.0,0.2973787069243733,0.3349453838338246,0.2715296482528833,1.0,0.7026212930756266,0.7322143049908867,0.6700607557951864,0.0,,,,,,,,,,,,,,,,0.5,symmetric_confident
Exp2B,qwen25_14b,43,nan,math,movies,math->movies,0.1196077128196995,0.1381066242917887,0.0961017955500938,0.0,0.6974344899055905,0.7122495531524536,0.6806255542644974,0.0,0.8112171237514941,0.8294945740003892,0.7949169733230943,0.0,0.6916094109317946,0.7088314473729354,0.6781595849563582,0.0,0.8017517334783643,0.8192375643718007,0.788977515039426,0.0,,,,,0.4640044700175947,0.5293690396315056,0.400169471100566,0.0,0.2641090874506633,0.3032251554981975,0.223353532581875,1.0,0.7358909125493366,0.768607100864357,0.6925045512165459,0.0,1407.0,0.2718864425317419,0.2996992916200115,0.2348762838746286,1.0,0.7281135574682581,0.7602480114483957,0.6849969132068139,0.0,,,,,,,,,,,,,,,,0.5,symmetric_confident
Exp2B,qwen25_14b,43,nan,movies,math,movies->math,0.1552427837919632,0.169831771010495,0.1415004279640476,0.0,0.7002145585965274,0.7140612908449065,0.6854906080980555,0.0,0.8499411528666424,0.8604804065865667,0.839943165396668,0.0,0.6946983690746792,0.7085797426775674,0.6801614713200625,0.0,0.844120900105984,0.8565756099052486,0.8315591421276708,0.0,,,,,0.3687235539857281,0.4234040463591834,0.3190741323069656,0.0,0.3150964158927098,0.340429983099673,0.2906419866901361,1.0,0.6849035841072901,0.7178961268978872,0.6554730755864645,0.0,1728.0,0.316180030121562,0.3492907966085665,0.2950119636255732,1.0,0.683819969878438,0.7114475074250324,0.6584611238661041,0.0,,,,,,,,,,,,,,,,0.5,symmetric_confident
Exp2B,qwen25_14b,44,nan,math,movies,math->movies,0.1162685613204654,0.1338461927302805,0.0945194061584552,0.0,0.6982941275303358,0.7139589790138133,0.6819963309679506,0.0,0.8115895482780857,0.8263486655180484,0.7948422341594308,0.0,0.6953209869576202,0.7100338434691313,0.6803124484963359,0.0,0.8033926738162076,0.8208416034830405,0.786550023069668,0.0,,,,,0.4561129868277142,0.5321830544606997,0.3885921850541313,0.0,0.2676018831137952,0.3110004748746163,0.2302169567292866,1.0,0.7323981168862048,0.7638651095655901,0.6932329429347026,0.0,1407.0,0.2762851300584906,0.3124152245482758,0.2390148980606829,1.0,0.7237148699415094,0.7602425963488114,0.6840638697157513,0.0,,,,,,,,,,,,,,,,0.5,symmetric_confident
Exp2B,qwen25_14b,44,nan,movies,math,movies->math,0.1466386098632854,0.1623834063772253,0.1308241506284544,0.0,0.697598962573819,0.7099052905035257,0.6853692882583228,0.0,0.8395340825442732,0.8477910122948322,0.8297378158436329,0.0,0.6928954726809877,0.7056450972597527,0.6756614855124655,0.0,0.8329427201539032,0.8443523305441344,0.8217913301285534,0.0,,,,,0.3362162477139885,0.3957444529640015,0.2757462468391408,0.0,0.3300328109871983,0.3626134206754306,0.3045718174274651,1.0,0.6699671890128016,0.6952690089961346,0.637812986154162,0.0,1728.0,0.333750941298813,0.3594627609198531,0.304046353507731,1.0,0.6662490587011869,0.692311868325428,0.6389026301775979,0.0,,,,,,,,,,,,,,,,0.5,symmetric_confident
Exp2B,qwen25_14b,45,nan,math,movies,math->movies,0.1361570753559143,0.1522695486130403,0.1145807536285617,0.0,0.6933370228385933,0.7048123514110778,0.6764367205486177,0.0,0.8333340908069468,0.8467604222280246,0.8225219166048948,0.0,0.6971770154510324,0.7138598897875859,0.6781309910581749,0.0,0.8240285274662457,0.8359456603942197,0.8088844978053563,0.0,,,,,0.5081030957249513,0.5819459502041683,0.4428889139693366,0.0,0.2382091397593799,0.2702395213467835,0.2110934709968416,1.0,0.7617908602406201,0.7918197156446595,0.7350883096560114,0.0,1407.0,0.2536877645156688,0.2817679975237689,0.2195488528219881,1.0,0.7463122354843311,0.7752972532244885,0.709206105712435,0.0,,,,,,,,,,,,,,,,0.5,symmetric_confident
Exp2B,qwen25_14b,45,nan,movies,math,movies->math,0.1359521831371166,0.1497786679837309,0.1234237739006208,0.0,0.6830338084519287,0.6969231127646339,0.6671624355886029,0.0,0.8162977462613314,0.8282466604108109,0.8015664431814326,0.0,0.6803455631242148,0.6950357817464634,0.6654026821858938,0.0,0.8080308565610749,0.8196795331403856,0.796578861198427,0.0,,,,,0.274256373937677,0.3399128233086095,0.2133897337840636,0.0,0.3566850145228959,0.3834592136710221,0.32880901165263,1.0,0.643314985477104,0.6732759984850011,0.6158618682124846,0.0,1728.0,0.369058611539427,0.4024087089927031,0.3292458091053025,1.0,0.630941388460573,0.6664072537628304,0.5989229448555095,0.0,,,,,,,,,,,,,,,,0.5,symmetric_confident
Exp2B,qwen25_14b,46,nan,math,movies,math->movies,0.1149013869737671,0.1347888923526164,0.0924405935449731,0.0,0.6941201876645688,0.711951714801658,0.6772655685436048,0.0,0.8159700181844165,0.832036097347015,0.8004791269324669,0.0,0.7010686312106493,0.7198163283410203,0.681922252316957,0.0,0.7782511146224221,0.793047600865995,0.7649441113478812,0.0,,,,,0.4096913785724475,0.4843693433326185,0.3282860017853351,0.0,0.2696799657615674,0.3186718082131135,0.2304211287694682,1.0,0.7303200342384326,0.7660421002449831,0.693681748712906,0.0,1407.0,0.3206286556659851,0.3641184051177613,0.2846379260458233,1.0,0.6793713443340149,0.7210471219959844,0.634646073653692,0.0,,,,,,,,,,,,,,,,0.5,symmetric_confident
Exp2B,qwen25_14b,46,nan,movies,math,movies->math,0.119732052364999,0.1359045655039004,0.1035522349290009,0.0,0.6784462921960942,0.688824017399239,0.6591132197423825,0.0,0.7851703612424347,0.7990552051873658,0.7735534519941769,0.0,0.6654383088774356,0.6802493841400892,0.6513602701513499,0.0,0.7570917823689226,0.7701147552694705,0.74369188819816,0.0,,,,,0.152627120163517,0.2183573244775305,0.0715012543253035,0.0,0.4098952917129845,0.4404463970187524,0.3744724158156958,1.0,0.5901047082870154,0.6286480535084232,0.5555260058556458,0.0,1728.0,0.4374775881234984,0.4705069933357244,0.4041244402553778,1.0,0.5625224118765016,0.5899483707788099,0.5218759401785158,0.0,,,,,,,,,,,,,,,,0.5,symmetric_confident
Exp2B,qwen25_14b,47,nan,math,movies,math->movies,0.0827319421549658,0.0988244285184137,0.0613104504084506,0.0,0.6794303562061283,0.696576634734501,0.6604586684653527,0.0,0.776076660369536,0.7911454629867567,0.7611010847032013,0.0,0.6933447182145702,0.71316293115974,0.6802865491362315,0.0,0.7279442620616311,0.7457694683067931,0.7116028308670564,0.0,,,,,0.332783299253412,0.4059870903774729,0.2544156416957676,0.0,0.3005325978410766,0.3416733335667293,0.2682141066619403,1.0,0.6994674021589234,0.734498176760591,0.6613204173808993,0.0,1407.0,0.3666841029055114,0.4088916718544397,0.3226526395116511,1.0,0.6333158970944885,0.6713550039640483,0.5939175035571744,0.0,,,,,,,,,,,,,,,,0.5,symmetric_confident
Exp2B,qwen25_14b,47,nan,movies,math,movies->math,0.1366100957234779,0.1565622587754733,0.1171160700534346,0.0,0.6767993781337381,0.6893065396243623,0.6616956599190942,0.0,0.7687963903510397,0.7812820405372014,0.7543519606630485,0.0,0.6321862946275618,0.6478092164257558,0.6185160941213326,0.0,0.6909190627647248,0.7063601458447205,0.677852423321039,0.0,,,,,0.0703195037114067,0.1422242014983439,-0.0034411724462863,0.04,0.4361620109728547,0.4750152236865617,0.4083297430710102,1.0,0.5638379890271452,0.5951500281729668,0.5334138191873599,0.0,1728.0,0.4935184853157385,0.5289405382875437,0.467525217129188,0.57,0.5064815146842615,0.5463654031734645,0.4787122710792743,0.38,,,,,,,,,,,,,,,,0.5,symmetric_confident
Exp2B,olmo3_7b_it,0,nan,math,movies,math->movies,-0.0556182164124107,-0.0266352614195054,-0.0870282811889197,0.99,0.4687510724907483,0.49265620584597,0.4463396654420147,0.99,0.4383452824897773,0.4576284043804848,0.4183498605212406,1.0,0.493963498902188,0.5219112219244096,0.4676390504829212,0.66,0.4968764779495164,0.5277407862146436,0.4694690100269331,0.51,,,,,-0.0467008797653958,0.0411664039861586,-0.1212311391394247,0.89,0.5535504817762882,0.5894544530278091,0.5155939785785102,0.01,0.4464495182237117,0.4828544585693679,0.4112443591552016,1.0,618.0,0.4931503979891076,0.5311626037371809,0.4542613632521879,0.62,0.5068496020108924,0.5470260947239138,0.4624971817884348,0.37,,,,,,,,,,,,,,,,0.5,symmetric_confident
Exp2B,olmo3_7b_it,0,nan,movies,math,movies->math,-0.0322349698050229,-0.0071498495313697,-0.0625425629772737,1.0,0.4865216240689725,0.5063029764853616,0.4698701061859701,0.89,0.4606452209918344,0.4787409491630833,0.4411137807653283,1.0,0.4928801907968574,0.51283865939375,0.4746118075796187,0.77,0.4812683901601376,0.5046233258257447,0.4620445584374431,0.93,,,,,-0.029710261007963,0.0215092578148953,-0.0838204286110023,0.88,0.5272918938192116,0.5635872171537447,0.4909489277415259,0.09,0.4727081061807884,0.5011485326553206,0.4435252202024745,0.95,1329.0,0.5024183671887515,0.5329597329838379,0.4719283942797459,0.52,0.4975816328112485,0.5212437694055402,0.460316920886887,0.63,,,,,,,,,,,,,,,,0.5,symmetric_confident
Exp2B,olmo3_7b_it,1,nan,math,movies,math->movies,-0.0418072952380914,-0.0016104479620428,-0.0733530263050951,0.97,0.5146105676227913,0.5382370511848169,0.4911566999671442,0.1,0.4891377773313411,0.5167116234061977,0.4643654760520624,0.79,0.5309450725694326,0.5548429004145916,0.5083555870466409,0.0,0.5450899639641902,0.5649718108787685,0.522645155525785,0.0,,,,,-0.0194700460829493,0.0414351445268311,-0.0835497629177553,0.66,0.5445328864683704,0.5929024007257448,0.5019475304693712,0.02,0.4554671135316296,0.5003523578243678,0.4204075604287942,0.97,618.0,0.474937159614579,0.5140590377135315,0.4311158808156449,0.88,0.5250628403854211,0.572189180125135,0.4714545399679024,0.13,,,,,,,,,,,,,,,,0.5,symmetric_confident
Exp2B,olmo3_7b_it,1,nan,movies,math,movies->math,-0.0203079444408449,0.0033279497366386,-0.0467276489780903,0.92,0.5026009782165085,0.5220967717489,0.4834338582857047,0.36,0.48870062292473,0.5100657157451923,0.4714356782162297,0.84,0.509008567365575,0.5305098056225056,0.4874865009113339,0.16,0.5099863943915386,0.5299061204082869,0.4893615667975287,0.23,,,,,-0.0088570114562394,0.043372220234551,-0.0734261270244152,0.67,0.5141536489957058,0.5465560121666002,0.4912099625285558,0.13,0.4858463510042941,0.5100345484854394,0.4595348044296063,0.84,1329.0,0.4947033624605336,0.5174867502830647,0.4632822403632612,0.65,0.5052966375394664,0.5338050075642126,0.4780400141581895,0.29,,,,,,,,,,,,,,,,0.5,symmetric_confident
Exp2B,olmo3_7b_it,2,nan,math,movies,math->movies,-0.0510468719516563,-0.0233885971020943,-0.0816712080707531,1.0,0.5072037895649685,0.5281523492690866,0.4858583153320606,0.19,0.4763674564410348,0.4940799722015641,0.454803139469031,0.99,0.5274143283926911,0.5485721273455011,0.4964255060739557,0.04,0.5371729677017022,0.5588730115920483,0.5154455993146984,0.0,,,,,-0.0386677838290741,0.035334122784567,-0.0882462154045,0.82,0.5545768747381651,0.5983183723758321,0.5076586560522147,0.0,0.4454231252618349,0.4990065606483029,0.4021532098778217,0.97,618.0,0.484090909090909,0.5230515413357503,0.4335221502748649,0.77,0.5159090909090909,0.5617689892784231,0.4707821698426199,0.32,,,,,,,,,,,,,,,,0.5,symmetric_confident
Exp2B,olmo3_7b_it,2,nan,movies,math,movies->math,-0.0237582312254048,0.003041452651314,-0.0463718174011069,0.93,0.5053145485792266,0.5274719125088803,0.485331148734601,0.31,0.4856584577604129,0.5049270791753518,0.4648502796983014,0.9,0.5094166889858178,0.5280039603835177,0.4938900003973393,0.16,0.508994891676746,0.5280441018118723,0.4864704404939121,0.2,,,,,-0.0194528702608012,0.0314021530320211,-0.0636400721764995,0.76,0.5221115239330505,0.5489270082502553,0.4889204056198064,0.07,0.4778884760669495,0.5030070067469309,0.448651269226734,0.95,1329.0,0.4973413463277508,0.527353165809632,0.4646844016537545,0.6,0.5026586536722493,0.5353850476600429,0.465761905601566,0.43,,,,,,,,,,,,,,,,0.5,symmetric_confident
Exp2B,olmo3_7b_it,3,nan,math,movies,math->movies,-0.019625555307718,0.0049759340018523,-0.0504864930241903,0.94,0.4809542384415841,0.5026329951699849,0.460033698427115,0.95,0.4624942974691226,0.4886314112773569,0.437229317895499,1.0,0.4821198527768407,0.4979302325084074,0.4599927380156861,0.98,0.4871911739470721,0.5062270879337818,0.4656854519163616,0.91,,,,,-0.0220883954754922,0.0425992789799116,-0.0967792969773167,0.74,0.5330330959363218,0.5678969968786917,0.4877525917534626,0.09,0.4669669040636782,0.5064611094471942,0.430739118895966,0.93,618.0,0.4890552995391705,0.532335081467358,0.4412266535415692,0.69,0.5109447004608295,0.5509054445483669,0.472173881764145,0.26,,,,,,,,,,,,,,,,0.5,symmetric_confident
Exp2B,olmo3_7b_it,3,nan,movies,math,movies->math,-0.009525614104751,0.0109125937221458,-0.0364134364353936,0.78,0.4936545856290174,0.5110885778931289,0.4781158497550871,0.68,0.4817354418461724,0.5016187762560961,0.4588272614947665,0.96,0.4912610559509234,0.5105697808534612,0.4721366619831643,0.77,0.4929859312683247,0.5129646972148458,0.4704118739561936,0.71,,,,,-0.0044595104356678,0.051823576828422,-0.0533669371025023,0.49,0.5101049509350503,0.5440479143308077,0.4796701744759084,0.27,0.4898950490649497,0.5189329809768475,0.4587203946803331,0.79,1329.0,0.4943545595006175,0.527998104751985,0.462093086029284,0.64,0.5056454404993825,0.533164409544953,0.4771037127888565,0.4,,,,,,,,,,,,,,,,0.5,symmetric_confident
Exp2B,olmo3_7b_it,4,nan,math,movies,math->movies,-0.010886716988836,0.0175495476571255,-0.0452841713399313,0.79,0.5583991615947446,0.5817968254072243,0.5373627932858233,0.0,0.5486090010002972,0.5739219244234506,0.5256542219625965,0.0,0.5594957179891332,0.5847888377053652,0.5430807991031104,0.0,0.5720151174616727,0.5958657636323055,0.5490609436524021,0.0,,,,,0.0055823209049015,0.072487249615,-0.0618189820082784,0.44,0.5168202764976959,0.556205354111884,0.4813127965134012,0.19,0.4831797235023041,0.5258905616944183,0.4468324498452816,0.72,618.0,0.4775974025974026,0.5163556304267,0.4416495284560124,0.81,0.5224025974025974,0.5598570332946449,0.4806026561757558,0.12,,,,,,,,,,,,,,,,0.5,symmetric_confident
Exp2B,olmo3_7b_it,4,nan,movies,math,movies->math,-0.0060068389321682,0.0183748568923834,-0.0280099470014856,0.72,0.5131453821676359,0.5315552831651809,0.4897907279968924,0.15,0.5043101886670563,0.5200995659166412,0.4814822868304526,0.42,0.5103170275992246,0.5343163654780297,0.49318325309895,0.11,0.5138410985404853,0.5371250628319469,0.4912004645386818,0.11,,,,,-0.0124225528242704,0.0438803632518447,-0.06739928358891,0.69,0.5127610208816705,0.5466858747403027,0.4831956848687346,0.23,0.4872389791183295,0.5222806715409224,0.461652965077838,0.68,1329.0,0.4996615319425999,0.5263055475891334,0.4631532156018619,0.59,0.5003384680574,0.5372126354765953,0.4747734322754904,0.47,,,,,,,,,,,,,,,,0.5,symmetric_confident
Exp2B,olmo3_7b_it,5,nan,math,movies,math->movies,0.0704393383109253,0.092071556273854,0.0384129269354124,0.0,0.5698435272619824,0.5944765882217276,0.5450440691437989,0.0,0.5712684521343161,0.5959764790435292,0.5513393715408091,0.0,0.5008291138233908,0.5223777451772985,0.4815098014480795,0.48,0.5093462911576242,0.5299847853066141,0.4849568124319235,0.22,,,,,0.0205592794302471,0.0968100550769199,-0.0623373183300823,0.35,0.4959677419354839,0.546009618291959,0.4570832931776666,0.6,0.5040322580645161,0.5574420065546715,0.4676238960509216,0.36,618.0,0.4834729786342689,0.5258735743916222,0.4406558181944078,0.78,0.516527021365731,0.5426934749206193,0.474563730101737,0.28,,,,,,,,,,,,,,,,0.5,symmetric_confident
Exp2B,olmo3_7b_it,5,nan,movies,math,movies->math,0.0144503207365854,0.0411598097136033,-0.0103789596824531,0.13,0.4976521050147944,0.5178405992582585,0.4755456552144101,0.64,0.5092286357682149,0.5298918111604903,0.4865367527086949,0.2,0.4947783150316294,0.5084482325182348,0.4742347717031017,0.77,0.5179262730541295,0.5395365830221093,0.4977799059594837,0.03,,,,,0.0414067869304822,0.100725603340524,-0.0138229528353048,0.12,0.486115058469711,0.5136328062828146,0.4600666899490697,0.81,0.513884941530289,0.5421912959021978,0.4846693790571096,0.2,1329.0,0.4724781545998067,0.5026355031520647,0.444776833953561,0.94,0.5275218454001933,0.5570655558190868,0.5017068734331965,0.03,,,,,,,,,,,,,,,,0.5,symmetric_confident
Exp2B,olmo3_7b_it,6,nan,math,movies,math->movies,0.0984652764927455,0.1240806414496355,0.0683499202646677,0.0,0.6160533344940647,0.6353625851489542,0.5924102103868043,0.0,0.6110241954722951,0.6315926932347092,0.592873290826752,0.0,0.5125589189795496,0.5338125902152617,0.4873715094086921,0.22,0.5201930280543593,0.5423788457510463,0.4990496147120324,0.03,,,,,0.0028906577293673,0.0907974177442494,-0.0662931738112157,0.49,0.510180142438207,0.551959660724415,0.4664761631979466,0.36,0.489819857561793,0.5303117934867888,0.4492747853288026,0.66,618.0,0.4869291998324256,0.5296132663720424,0.4441492770693448,0.76,0.5130708001675743,0.552085388415806,0.4770809322297569,0.36,,,,,,,,,,,,,,,,0.5,symmetric_confident
Exp2B,olmo3_7b_it,6,nan,movies,math,movies->math,0.0251566875931693,0.0496195479847269,0.0011053227862876,0.03,0.5034680373813897,0.5187776192403661,0.4848186251640163,0.31,0.5274591471636213,0.5487469893242433,0.5036536071386521,0.02,0.5023024595704519,0.5217251395940622,0.4824515633869853,0.41,0.5431370246712415,0.560835413667392,0.5229707216774031,0.0,,,,,0.0742717769314641,0.1392701014425331,0.0209487196638929,0.0,0.4725246616611289,0.4979300197575514,0.4412445726214726,0.98,0.5274753383388712,0.5570744468255183,0.4954408793386387,0.05,1329.0,0.453203561407407,0.4857980574422224,0.4215523362348176,1.0,0.546796438592593,0.5749093819940836,0.5194774798540365,0.0,,,,,,,,,,,,,,,,0.5,symmetric_confident
Exp2B,olmo3_7b_it,7,nan,math,movies,math->movies,0.0900461473825472,0.1186711164325389,0.0597836457496174,0.0,0.6443457450682167,0.6673579896539379,0.6228125386045013,0.0,0.6349811031729091,0.6525659702922355,0.6130910196416852,0.0,0.5449349557903619,0.569112828660384,0.520042658671084,0.0,0.5439867073482081,0.5626301207291251,0.5164553401803248,0.0,,,,,-0.0196166736489317,0.0510541920270624,-0.0933201258875381,0.6,0.5179095098449937,0.5587313090211096,0.4710346759607504,0.26,0.4820904901550062,0.5324861182107901,0.4416017449766129,0.77,618.0,0.501707163803938,0.5517376133177438,0.4602058313365986,0.37,0.498292836196062,0.5364462727436723,0.4520526706502243,0.57,,,,,,,,,,,,,,,,0.5,symmetric_confident
Exp2B,olmo3_7b_it,7,nan,movies,math,movies->math,0.0190184608975029,0.0425540695625422,-0.0048208777303789,0.09,0.5031940299459239,0.5230871746982954,0.4879103210389174,0.35,0.5307254534875447,0.5499856354074895,0.5087196126338478,0.0,0.5117069925900418,0.5269803569934566,0.4897539629893288,0.13,0.5500205808289688,0.57316388351923,0.5255056993201062,0.0,,,,,0.0660451945287026,0.1275031790553332,0.0106786342147248,0.01,0.4735219797539259,0.50887157090582,0.446965753254064,0.93,0.526478020246074,0.5604051836020437,0.4957409125015412,0.04,1329.0,0.4604328257173714,0.4851174769490456,0.430804263445815,1.0,0.5395671742826286,0.5692157119861426,0.5135144300563119,0.0,,,,,,,,,,,,,,,,0.5,symmetric_confident
Exp2B,olmo3_7b_it,8,nan,math,movies,math->movies,0.0494102159006942,0.0781795003439594,0.0210379106114714,0.0,0.5902126900872139,0.6146013215092837,0.5711172776787125,0.0,0.5912538871380201,0.6180676710248768,0.5676665142879865,0.0,0.5418436712373258,0.5622221141715693,0.5208195393575047,0.0,0.5496201800534887,0.5709516604533377,0.5279088472614266,0.0,,,,,0.0192291579388353,0.0953104453103327,-0.0538433516814669,0.33,0.4957478005865102,0.5466068126710566,0.453316304857068,0.54,0.5042521994134898,0.5394660572797433,0.4558238234528995,0.52,618.0,0.4850230414746543,0.5350320700270039,0.4442549934892765,0.71,0.5149769585253456,0.5548128787631268,0.4757567641132925,0.19,,,,,,,,,,,,,,,,0.5,symmetric_confident
Exp2B,olmo3_7b_it,8,nan,movies,math,movies->math,0.0126218494883797,0.0384446557743978,-0.0117998738982737,0.16,0.5020264593536374,0.5257274390476102,0.4835694049314493,0.45,0.5145418943179889,0.5296631491395953,0.49596485335492,0.06,0.5019200448296092,0.5201778849900661,0.4822305628734953,0.39,0.5264366531687275,0.5440034545560668,0.5059837547224254,0.0,,,,,0.035039195117792,0.085197620372573,-0.029291709399124,0.14,0.4905474397862742,0.5202930989519908,0.4556911163919493,0.76,0.5094525602137258,0.5404595844266158,0.4780151369654087,0.27,1329.0,0.4744133650959337,0.4971303293323448,0.4439599664053751,0.99,0.5255866349040663,0.55540569076546,0.4957004097793174,0.06,,,,,,,,,,,,,,,,0.5,symmetric_confident
Exp2B,olmo3_7b_it,9,nan,math,movies,math->movies,0.080648683058915,0.1064409381615227,0.0535599317149008,0.0,0.683259266947865,0.7030457976417029,0.6653710397028451,0.0,0.7171419124509791,0.7380928064848875,0.6929903618887728,0.0,0.6364932293920641,0.6594386635191452,0.6151690200152308,0.0,0.6628751637515747,0.6860048618465389,0.6400627602236498,0.0,,,,,0.1147570171763719,0.1690596159338185,0.0485971523739675,0.0,0.4363845831587767,0.4767400675442542,0.3928784360222601,1.0,0.5636154168412233,0.6178557938947155,0.5271658717487147,0.0,618.0,0.4488583996648513,0.4938457353755099,0.409739014328642,0.97,0.5511416003351487,0.5961736593089259,0.5120921553081864,0.0,,,,,,,,,,,,,,,,0.5,symmetric_confident
Exp2B,olmo3_7b_it,9,nan,movies,math,movies->math,0.0371217411139195,0.063861280976992,0.0117981162132904,0.0,0.5318063845525967,0.5524356239531021,0.5152333166116789,0.0,0.5602553419582211,0.5770458181329898,0.5399769414323718,0.0,0.5231336008443016,0.5417973932220942,0.5067563505574693,0.0,0.5478370050725305,0.5742092300414873,0.5254108744793311,0.0,,,,,0.0462939039577508,0.1143687447692571,-0.03056318467534,0.12,0.4763085278448111,0.503495530128417,0.448121777974916,0.95,0.5236914721551889,0.553958806339541,0.4976725316907125,0.09,1329.0,0.477397568197438,0.5022874884057248,0.4439015207097203,0.94,0.522602431802562,0.5571831391129127,0.4914176742649422,0.1,,,,,,,,,,,,,,,,0.5,symmetric_confident
Exp2B,olmo3_7b_it,10,nan,math,movies,math->movies,0.0769940823806547,0.112518275443316,0.0517043428316321,0.0,0.6903835352475916,0.7106643572795449,0.6713075350299894,0.0,0.7258804916941853,0.7480636252913433,0.7111450681569612,0.0,0.6488864093135306,0.6653324290134712,0.6282806735423567,0.0,0.6739181932708043,0.6944815906820903,0.6516941554804323,0.0,,,,,0.1142019271051528,0.197701194675401,0.0356915620686404,0.0,0.4332216170925848,0.4891134289383876,0.3970506086478833,0.99,0.5667783829074151,0.6076701516614671,0.5255661262770319,0.0,618.0,0.4525764558022622,0.5003149874319229,0.4021460927207786,0.97,0.5474235441977378,0.5878103265921852,0.5039752292966251,0.0,,,,,,,,,,,,,,,,0.5,symmetric_confident
Exp2B,olmo3_7b_it,10,nan,movies,math,movies->math,0.0394362694857314,0.0595420421085308,0.0132905362023984,0.01,0.5391350372410978,0.556824958253014,0.5193857316388428,0.0,0.5678063018803851,0.5894402939696239,0.5470847271742937,0.0,0.5283700323946536,0.5487524999251152,0.511738852226668,0.0,0.5464978325746289,0.5612355851932218,0.5235355282741031,0.0,,,,,0.0377133511438153,0.1109410678331942,-0.0334340912073463,0.11,0.4772825924069471,0.5095829864445421,0.4472193518237529,0.94,0.5227174075930529,0.5537393521741936,0.4881085937235832,0.12,1329.0,0.4850040564492375,0.5184286469050834,0.4546651303830725,0.71,0.5149959435507625,0.5441764413795095,0.4855510539771867,0.21,,,,,,,,,,,,,,,,0.5,symmetric_confident
Exp2B,olmo3_7b_it,11,nan,math,movies,math->movies,0.1301089550388623,0.1527887455211321,0.0991238512444015,0.0,0.6855000924957875,0.7062820057124298,0.6622356897232367,0.0,0.7582570554432488,0.7717308578668105,0.7385376168907913,0.0,0.6281481004043865,0.6517527244071828,0.6068004985698059,0.0,0.6792461358813706,0.7089073005301656,0.6582990354316418,0.0,,,,,0.2296816087138667,0.2932383760201941,0.148326676128997,0.0,0.3661080854629241,0.4105206820046522,0.323644826292203,1.0,0.6338919145370758,0.6798467998767208,0.5879489816011997,0.0,618.0,0.404210305823209,0.4475973952942387,0.3672123782830886,1.0,0.595789694176791,0.6378933563047813,0.5657073406168425,0.0,,,,,,,,,,,,,,,,0.5,symmetric_confident
Exp2B,olmo3_7b_it,11,nan,movies,math,movies->math,0.0591395637237642,0.0798628159589816,0.0349521166826033,0.0,0.5434904601571269,0.5645470560881527,0.5200411170473387,0.0,0.576503066172494,0.5949355482183473,0.5610438351466716,0.0,0.5173635024487298,0.5428477460245736,0.500347289542871,0.02,0.5375738716445937,0.5564554950395988,0.5171811446627036,0.0,,,,,0.0479294022809129,0.1111789100484549,-0.0177307057695915,0.09,0.4711539952149401,0.4948847046308391,0.444193822266695,0.98,0.5288460047850598,0.5564431850858346,0.4982109129116379,0.05,1329.0,0.4809166025041468,0.512212160126165,0.4563198371282251,0.88,0.5190833974958531,0.5481179675510531,0.4872356003518496,0.17,,,,,,,,,,,,,,,,0.5,symmetric_confident
Exp2B,olmo3_7b_it,12,nan,math,movies,math->movies,0.1416329793091691,0.1644299123753001,0.1130700702693106,0.0,0.7124192963791038,0.731938613285649,0.6918654838980319,0.0,0.7992746799258357,0.8189748396806872,0.7803294064786448,0.0,0.6576417006166665,0.6780496653613596,0.6395550270486549,0.0,0.7265204307555801,0.7445068840461504,0.7050041484375821,0.0,,,,,0.2990573942186846,0.3654933036483461,0.2255297076504768,0.0,0.3315982404692082,0.3747033775487599,0.285942630888397,1.0,0.6684017595307918,0.710471839619226,0.6329527862036562,0.0,618.0,0.3693443653121072,0.409223907012014,0.3273054067933387,1.0,0.6306556346878928,0.681989150027084,0.5907554315756672,0.0,,,,,,,,,,,,,,,,0.5,symmetric_confident
Exp2B,olmo3_7b_it,12,nan,movies,math,movies->math,0.0707287077030303,0.0945654227420345,0.0450113307781727,0.0,0.5490483273390471,0.568063588094763,0.5320887363688749,0.0,0.5888343219260688,0.610475412528319,0.5681298298568612,0.0,0.5181056142230385,0.5392145973773661,0.4971640854781123,0.05,0.5441579909269754,0.5608507992904614,0.5237289924357872,0.0,,,,,0.0602679840222407,0.1066880636645038,0.0002833818821184,0.02,0.4645848728031873,0.4967775690424346,0.4319121957376693,0.98,0.5354151271968127,0.5652876480078491,0.4974553765513406,0.04,1329.0,0.475147143174572,0.5137773712604456,0.4478805124861844,0.91,0.524852856825428,0.5590260673289357,0.5013729176568192,0.02,,,,,,,,,,,,,,,,0.5,symmetric_confident
Exp2B,olmo3_7b_it,13,nan,math,movies,math->movies,0.1788952037820331,0.1975010064684784,0.1549074521536891,0.0,0.7601228477988096,0.7785159044663965,0.7421306767022168,0.0,0.8690757505367703,0.8857202078673502,0.8543024617366314,0.0,0.6901805467547372,0.7060434866648452,0.6655451872649639,0.0,0.7832075637532488,0.8004349036202625,0.7606073901145246,0.0,,,,,0.4021156263091747,0.4613682739407426,0.3317170442272698,0.0,0.2770004189359028,0.3166876514555385,0.2388446583179644,1.0,0.7229995810640972,0.7591415426295335,0.6862740377362776,0.0,618.0,0.3208839547549225,0.3726887685855974,0.2858710886726451,1.0,0.6791160452450775,0.7313466170925847,0.6384241522733972,0.0,,,,,,,,,,,,,,,,0.5,symmetric_confident
Exp2B,olmo3_7b_it,13,nan,movies,math,movies->math,0.1472774384803959,0.1735664124678578,0.122627282658641,0.0,0.5727889293822059,0.5924069293501573,0.5579022151556474,0.0,0.6776492197399613,0.6960118385949289,0.6581533978418962,0.0,0.5303717812595653,0.5481605092811601,0.5117567588699345,0.0,0.5930785995607968,0.6145654064700167,0.5669230803843415,0.0,,,,,0.1844754261855425,0.2314545529890392,0.1232325778815489,0.0,0.3839106237630413,0.4172828885798032,0.360367404833559,1.0,0.6160893762369587,0.6436700787828693,0.5857856780335186,0.0,1329.0,0.4316139500514161,0.4679293784951464,0.4085899069026309,1.0,0.5683860499485839,0.5998550124979669,0.537155558727242,0.0,,,,,,,,,,,,,,,,0.5,symmetric_confident
Exp2B,olmo3_7b_it,14,nan,math,movies,math->movies,0.1658159813504564,0.1862388470130755,0.1406833935551678,0.0,0.7193200680702031,0.7387355136075165,0.694810319227519,0.0,0.8490760853642714,0.8673878412991942,0.8288183760515232,0.0,0.683260104013815,0.7052256896358025,0.6627352315680006,0.0,0.7806180915669508,0.7993343276738795,0.7604855710698667,0.0,,,,,0.4353581901968998,0.5098932641864032,0.374043450421292,0.0,0.2544093003770423,0.2847522019055906,0.2106239109478777,1.0,0.7455906996229577,0.7787999924429777,0.706389852669636,0.0,618.0,0.3102325094260578,0.350353958249577,0.2680163495846531,1.0,0.6897674905739422,0.7232570927808102,0.645242548341413,0.0,,,,,,,,,,,,,,,,0.5,symmetric_confident
Exp2B,olmo3_7b_it,14,nan,movies,math,movies->math,0.137750691864301,0.1665779075084794,0.1105841903383832,0.0,0.5664857619758188,0.5857940209469777,0.547084073758403,0.0,0.6582574083345591,0.6737454510318482,0.6379198245675217,0.0,0.5205067164702581,0.5375357687963701,0.50354214008533,0.0,0.5540084165332805,0.5716131107484358,0.5341158026371606,0.0,,,,,0.1307959425172721,0.1953757940397305,0.0840001309109375,0.0,0.4010097199758163,0.423671554241746,0.3747862400767956,1.0,0.5989902800241836,0.6265055996659418,0.567846528261778,0.0,1329.0,0.4681943375069115,0.489021749802345,0.4352766738640043,0.99,0.5318056624930886,0.5642269559965348,0.4940807771581453,0.05,,,,,,,,,,,,,,,,0.5,symmetric_confident
Exp2B,olmo3_7b_it,15,nan,math,movies,math->movies,0.1419767422728182,0.1625062672066885,0.11433330415123,0.0,0.7180669803431803,0.7343326878022707,0.6911303280158814,0.0,0.8432948700241494,0.8585938597757322,0.829898107751611,0.0,0.7013181277513312,0.7198764919689444,0.6822927497379114,0.0,0.7907541570926928,0.8100040858538937,0.7700769178804829,0.0,,,,,0.4145789694176791,0.4981620399494712,0.3231826844161639,0.0,0.2631650607457059,0.2987965255168987,0.2298641685789788,1.0,0.7368349392542941,0.7615237432860348,0.703012253799498,0.0,618.0,0.322255969836615,0.3593960665961235,0.2811026193748517,1.0,0.677744030163385,0.7237420539687622,0.6335792436274176,0.0,,,,,,,,,,,,,,,,0.5,symmetric_confident
Exp2B,olmo3_7b_it,15,nan,movies,math,movies->math,0.1123705565230486,0.1335233544635247,0.0854180728323963,0.0,0.5613804554382206,0.5786730872851716,0.5425594150027222,0.0,0.636125705870054,0.6582634651561041,0.6132835357727634,0.0,0.5237551493470054,0.5432962736296033,0.5059620748379623,0.0,0.5433932483532063,0.5613602194058498,0.5199972760881796,0.0,,,,,0.0951431125625907,0.1560902496718364,0.0422456888884238,0.0,0.4211111053694986,0.4407798773164553,0.389904294658338,1.0,0.5788888946305014,0.6028554063327807,0.5488818832386512,0.0,1329.0,0.4837457820679106,0.5197336391158325,0.4517022639482523,0.82,0.5162542179320894,0.5551431260591109,0.488872969277301,0.16,,,,,,,,,,,,,,,,0.5,symmetric_confident
Exp2B,olmo3_7b_it,16,nan,math,movies,math->movies,0.1611523289311905,0.1834178985434502,0.1338832238405151,0.0,0.7332798169169354,0.7500701190555307,0.7184176993610256,0.0,0.8671513294744464,0.8807097376302906,0.8527622999006204,0.0,0.7059990005432558,0.7222429365526843,0.6869097324595133,0.0,0.8089683546158064,0.8275429657800983,0.7894854704872134,0.0,,,,,0.4640971931294512,0.5358280006810693,0.3902468459085885,0.0,0.2383745286971093,0.2747752894280468,0.2006552203078032,1.0,0.7616254713028907,0.7986333606661776,0.7270780139365032,0.0,618.0,0.2975282781734394,0.3396453445747801,0.2644830807530707,1.0,0.7024717218265606,0.7387284221578767,0.662793982008187,0.0,,,,,,,,,,,,,,,,0.5,symmetric_confident
Exp2B,olmo3_7b_it,16,nan,movies,math,movies->math,0.131911023500403,0.1596735285569729,0.1102848399775954,0.0,0.5658131982705846,0.5870492697323287,0.5488569124044217,0.0,0.6580897935238701,0.6773323924878116,0.6382600717240627,0.0,0.526178770023467,0.545080225238397,0.5038594334528269,0.0,0.5601783002548706,0.5847320151975554,0.5386331696412527,0.0,,,,,0.1379270252533342,0.1925426678132806,0.0830427590851078,0.0,0.3978343211777655,0.4297740021024548,0.3724624316148023,1.0,0.6021656788222345,0.6262940740891454,0.5712873785123367,0.0,1329.0,0.4642386535689002,0.4968932222734574,0.429110217634523,0.98,0.5357613464310997,0.5632668746338413,0.5017586914494844,0.02,,,,,,,,,,,,,,,,0.5,symmetric_confident
Exp2B,olmo3_7b_it,17,nan,math,movies,math->movies,0.1474479851808626,0.1662181739968146,0.1272810732415482,0.0,0.7557089990449077,0.7723723736143878,0.7295355404547877,0.0,0.8970120830874444,0.9058072630972954,0.8864916657737111,0.0,0.7495640979065817,0.7698315747265381,0.7293447996009281,0.0,0.8588241695231638,0.8760667506385125,0.8457834741892607,0.0,,,,,0.525240888144114,0.5989121424623262,0.4554966024347456,0.0,0.2096669459572685,0.2476074587140581,0.1739556108507464,1.0,0.7903330540427315,0.825723805916841,0.7595646365776958,0.0,618.0,0.2650921658986175,0.3046043300216285,0.2195603950745238,1.0,0.7349078341013825,0.7685335368406633,0.7027807507468322,0.0,,,,,,,,,,,,,,,,0.5,symmetric_confident
Exp2B,olmo3_7b_it,17,nan,movies,math,movies->math,0.1357869982924499,0.1599797660386228,0.1157523665124206,0.0,0.586777258060402,0.6047008653385255,0.5679359328807331,0.0,0.6853082126455772,0.7052990049210295,0.6658975127609597,0.0,0.5495212143531273,0.571726906336985,0.5297727864836059,0.0,0.5895661089836737,0.6142530575928468,0.569686853973014,0.0,,,,,0.1524423958371012,0.2146403187284583,0.100994105773025,0.0,0.3890599889416543,0.4252586393338504,0.3577292683596983,1.0,0.6109400110583457,0.6422477088917318,0.5768177223998637,0.0,1329.0,0.4584976152212444,0.4885954699010512,0.4316075184707357,1.0,0.5415023847787556,0.5747395086175677,0.5084367998480679,0.0,,,,,,,,,,,,,,,,0.5,symmetric_confident
Exp2B,olmo3_7b_it,18,nan,math,movies,math->movies,0.1516392489614415,0.1724155524517829,0.1344468720182764,0.0,0.7590940937463639,0.7737962072883555,0.7360021439445705,0.0,0.9192831343202372,0.9289599571619692,0.9097393801858814,0.0,0.7676438853587958,0.7872216626196124,0.751238819609273,0.0,0.8857183514767986,0.8980874395604747,0.8723231534181691,0.0,,,,,0.5962714704650188,0.6608735070914868,0.5398582091883135,0.0,0.1649979053204859,0.1917124051819679,0.135036022128676,1.0,0.835002094679514,0.8655820995266449,0.8065646553835959,0.0,618.0,0.2387306242144951,0.2806031732692074,0.2036270013582766,1.0,0.7612693757855048,0.7928634617775098,0.7257100307972107,0.0,,,,,,,,,,,,,,,,0.5,symmetric_confident
Exp2B,olmo3_7b_it,18,nan,movies,math,movies->math,0.1597206194045741,0.185836122525934,0.1357763784252218,0.0,0.5968920183527191,0.6154028030282064,0.5793486871171383,0.0,0.7147470915120122,0.7315680041999381,0.6993342888168168,0.0,0.555026472107438,0.5753744398563833,0.5330183034893039,0.0,0.6043611715053075,0.6226755173868833,0.586553314627074,0.0,,,,,0.1864610193314351,0.2384795762025581,0.1324922079031366,0.0,0.3655661717970845,0.3971809772083708,0.3335704896318238,1.0,0.6344338282029155,0.6677081536903932,0.5947000369682469,0.0,1329.0,0.4479728088714803,0.4748185213065274,0.4206387458588021,1.0,0.5520271911285197,0.5810202958749447,0.5169395933968599,0.0,,,,,,,,,,,,,,,,0.5,symmetric_confident
Exp2B,olmo3_7b_it,19,nan,math,movies,math->movies,0.1402865534003965,0.1610025338482695,0.1210281339362042,0.0,0.7620941381108594,0.779737523487486,0.7380679296755429,0.0,0.9226833075934692,0.9323968758880586,0.9121847582742248,0.0,0.7823967541930726,0.7978203863822222,0.7667488155365438,0.0,0.8967103198021169,0.911815290724288,0.8808528508160198,0.0,,,,,0.5893118977796397,0.6525717714887491,0.5118981554075244,0.0,0.167260159195643,0.1903684044544269,0.1346964489253142,1.0,0.8327398408043569,0.8686188754237126,0.7997540029626857,0.0,618.0,0.2434279430247172,0.2859133537628402,0.2050395590175495,1.0,0.7565720569752827,0.7913678066454605,0.7257973084485271,0.0,,,,,,,,,,,,,,,,0.5,symmetric_confident
Exp2B,olmo3_7b_it,19,nan,movies,math,movies->math,0.1643821125634383,0.1912392974735311,0.1448315995864764,0.0,0.6001713393403735,0.6198842457170775,0.5833807123780124,0.0,0.724967448243471,0.7445954243677544,0.7063936530246683,0.0,0.5605853356800327,0.5811480564392609,0.5454592750974753,0.0,0.614938364454835,0.6314257260831649,0.5920938298221525,0.0,,,,,0.2016546178928167,0.2479619135426527,0.133463909599814,0.0,0.3562776781608007,0.3949634739221667,0.3326287173284519,1.0,0.6437223218391992,0.6699137578520792,0.6161750957368796,0.0,1329.0,0.4420677039463825,0.4661063643178864,0.4132260548513047,1.0,0.5579322960536175,0.5873442309070482,0.5253034457299574,0.0,,,,,,,,,,,,,,,,0.5,symmetric_confident
Exp2B,olmo3_7b_it,20,nan,math,movies,math->movies,0.1400366954392036,0.1612403636294685,0.1201600988997146,0.0,0.7700621688881002,0.7863478863753337,0.7477775172031557,0.0,0.924542437293087,0.9345760267843304,0.9140800730020624,0.0,0.7845057418538834,0.8003037950798918,0.7658205039563355,0.0,0.8996706134458353,0.9115513705339208,0.8862088292124893,0.0,,,,,0.5859342270632594,0.6600450435863133,0.5255266209177961,0.0,0.1735127775450356,0.2119663594496225,0.1437070176075802,1.0,0.8264872224549644,0.8601960108293588,0.7892625351719794,0.0,618.0,0.240552995391705,0.2897846637949886,0.2054257364056441,1.0,0.759447004608295,0.7976367554225706,0.721128451410319,0.0,,,,,,,,,,,,,,,,0.5,symmetric_confident
Exp2B,olmo3_7b_it,20,nan,movies,math,movies->math,0.1798724784519088,0.1982425040592973,0.1512004476272805,0.0,0.5997116046831956,0.6177601939486856,0.5822748683958966,0.0,0.7401708536177082,0.7524419121102621,0.7229792046430585,0.0,0.5602983751657994,0.5816036226740405,0.5382423864308954,0.0,0.6343954321472112,0.6530707501150474,0.6157517894341971,0.0,,,,,0.2466812044295392,0.3024166975282021,0.1930903032157033,0.0,0.3365147608245185,0.3650118326265882,0.3108996602908929,1.0,0.6634852391754815,0.6954578568508479,0.6330187978448508,0.0,1329.0,0.4168040347459422,0.4463427981260319,0.3828368871348883,1.0,0.5831959652540577,0.6130686303199869,0.5525329542719337,0.0,,,,,,,,,,,,,,,,0.5,symmetric_confident
Exp2B,olmo3_7b_it,21,nan,math,movies,math->movies,0.1370659541285456,0.1582445257412599,0.1185979038437103,0.0,0.7624180826334764,0.7838386137525583,0.7412335238522326,0.0,0.9262584282360032,0.9358038118259036,0.9165759224395776,0.0,0.7891924741074575,0.806422766959485,0.7738015210623239,0.0,0.9105374399926338,0.920368616555082,0.8993204743458982,0.0,,,,,0.6181399245915375,0.685153366783563,0.555732705855071,0.0,0.1605048177628822,0.1877698396752371,0.1309695195497183,1.0,0.8394951822371177,0.8656061036508771,0.8134527580433036,0.0,618.0,0.2213552576455802,0.2603787869976623,0.1836538539168252,1.0,0.7786447423544198,0.8111238509314822,0.7391722195854386,0.0,,,,,,,,,,,,,,,,0.5,symmetric_confident
Exp2B,olmo3_7b_it,21,nan,movies,math,movies->math,0.1758218571696652,0.1965888277036838,0.1522516423123995,0.0,0.5942479960590756,0.6112967766556225,0.5729105594557528,0.0,0.7292499193571972,0.7510642681009754,0.7110237878539406,0.0,0.5534280621875319,0.5713118005599322,0.530065688787746,0.0,0.6146668633812709,0.6374356903450634,0.5962488293605904,0.0,,,,,0.2236059508368687,0.2721050220066799,0.161696899445564,0.0,0.3443176122241227,0.3754814567985063,0.3083998279565712,1.0,0.6556823877758773,0.6834534793263151,0.6257002660584489,0.0,1329.0,0.4320764369390085,0.4591363706081832,0.4059533008951661,1.0,0.5679235630609915,0.599377990235282,0.5362025763821923,0.0,,,,,,,,,,,,,,,,0.5,symmetric_confident
Exp2B,olmo3_7b_it,22,nan,math,movies,math->movies,0.14111235121377,0.1601502794871783,0.1180258752495457,0.0,0.7731295970615637,0.7916832622307075,0.7566351334434308,0.0,0.9323162947988732,0.944566571278568,0.9183474171605114,0.0,0.7912039435851033,0.8074486774200789,0.7718920493736189,0.0,0.9119671534221464,0.9231448014290536,0.9021309880959796,0.0,,,,,0.6141600335148723,0.6779704473463358,0.5555649012945136,0.0,0.1627880184331797,0.1935941514420716,0.139770793023961,1.0,0.8372119815668203,0.8655617912097845,0.8109142026495039,0.0,618.0,0.223051948051948,0.2512016031254903,0.1913011273335461,1.0,0.7769480519480519,0.8093329158943396,0.7375550054464194,0.0,,,,,,,,,,,,,,,,0.5,symmetric_confident
Exp2B,olmo3_7b_it,22,nan,movies,math,movies->math,0.1696071813851258,0.1945701346125257,0.146352833820021,0.0,0.5973756663860831,0.6114225245134746,0.5800064972494942,0.0,0.7301510672131026,0.7470196680008666,0.7124453895171705,0.0,0.5605438858279768,0.5781717454173515,0.5349633056021631,0.0,0.630933575210817,0.648161346251297,0.6142571710183332,0.0,,,,,0.2341346327750763,0.2818121528856492,0.1757909877529633,0.0,0.345387274634532,0.3762393215667645,0.3162425684322718,1.0,0.654612725365468,0.6885091898098029,0.6240880736242566,0.0,1329.0,0.4204780925903916,0.4434439529661,0.3975829668801953,1.0,0.5795219074096084,0.6019983791492873,0.5470275127011719,0.0,,,,,,,,,,,,,,,,0.5,symmetric_confident
Exp2B,olmo3_7b_it,23,nan,math,movies,math->movies,0.1363335270362322,0.154147253269193,0.1103551258812427,0.0,0.7613625424706336,0.7828834360740894,0.7440473873362533,0.0,0.9279350769475452,0.9399179896457892,0.918098611133421,0.0,0.7916015499113128,0.8081580044720325,0.772726142144715,0.0,0.9168045737436644,0.9269847313426344,0.9075430474846644,0.0,,,,,0.6252199413489736,0.6917455746291211,0.56092540227174,0.0,0.1603477167993297,0.1907223345627031,0.1319046631303639,1.0,0.8396522832006703,0.877964432012947,0.8162183470492209,0.0,618.0,0.2144323418516966,0.2474231225831713,0.183648669852928,1.0,0.7855676581483033,0.8311178769754108,0.7484438826307106,0.0,,,,,,,,,,,,,,,,0.5,symmetric_confident
Exp2B,olmo3_7b_it,23,nan,movies,math,movies->math,0.1829767768209518,0.1994543609258191,0.159570003242089,0.0,0.6033723440210182,0.6239851747545309,0.5823607789592087,0.0,0.7423367512495815,0.7605008683297318,0.7285868693834315,0.0,0.5593599744286297,0.5799554072970426,0.5429273748654931,0.0,0.625130130639158,0.6423753899680813,0.6060531027400058,0.0,,,,,0.2365840046713759,0.2843265348809802,0.1880775979723143,0.0,0.3372382040006407,0.369278715354137,0.3049458119731235,1.0,0.6627617959993592,0.6935190960306311,0.6317871648991996,0.0,1329.0,0.4261777913279833,0.458513010569863,0.3956777730905784,1.0,0.5738222086720167,0.6088117903035283,0.5360516100436827,0.0,,,,,,,,,,,,,,,,0.5,symmetric_confident
Exp2B,olmo3_7b_it,24,nan,math,movies,math->movies,0.1339282047498309,0.1548137735692216,0.114348622382975,0.0,0.7567042704593567,0.7725802499144999,0.7326114104981657,0.0,0.9239690451975272,0.9355827549124492,0.9141462097243463,0.0,0.7900408404476964,0.8065679298212214,0.7716706438063661,0.0,0.916060838156942,0.9254560406047452,0.9063813531393292,0.0,,,,,0.6250418935902806,0.6807296252518449,0.5492707168129757,0.0,0.1616359447004608,0.1869508573446192,0.1318668659129163,1.0,0.8383640552995392,0.866808458437448,0.8039469471122703,0.0,618.0,0.2133221617092585,0.2541506847865323,0.1695318391286133,1.0,0.7866778382907416,0.8181481413669668,0.7538296687364495,0.0,,,,,,,,,,,,,,,,0.5,symmetric_confident
Exp2B,olmo3_7b_it,24,nan,movies,math,movies->math,0.1771346473018439,0.2033546261983417,0.1523197427851956,0.0,0.6012340896337108,0.6225671583612509,0.5851054421499491,0.0,0.7323283137644497,0.7550512332166646,0.7146429476118784,0.0,0.5551936664626058,0.5771315162342285,0.5347906915520124,0.0,0.6128237552090449,0.6288191570320631,0.5967561591417792,0.0,,,,,0.2164955379058387,0.2636725406924224,0.1536683648069075,0.0,0.3469065053043887,0.3733025185743213,0.3132697653423075,1.0,0.6530934946956113,0.6881859635713571,0.6229777806843799,0.0,1329.0,0.4365979567897726,0.4738045455824494,0.4092049805029265,1.0,0.5634020432102275,0.591013898177836,0.5302766152400972,0.0,,,,,,,,,,,,,,,,0.5,symmetric_confident
Exp2B,olmo3_7b_it,25,nan,math,movies,math->movies,0.1376845517933004,0.1583972480363948,0.1208648127521068,0.0,0.7612846953372915,0.7861011521955675,0.7421057466934539,0.0,0.928028828647841,0.9383652574606692,0.9169207718359008,0.0,0.7903442768545406,0.8068290572187113,0.773476625528822,0.0,0.9174307011706406,0.9279458156881392,0.9046441536655208,0.0,,,,,0.6288751571009635,0.6945353063876795,0.5674300134188629,0.0,0.1598031001256807,0.1952810002772722,0.1298808572072372,1.0,0.8401968998743192,0.875763280387283,0.8104870444495311,0.0,618.0,0.2113217427733556,0.250297231074065,0.1731148427173821,1.0,0.7886782572266443,0.8274870445906569,0.7550531978266837,0.0,,,,,,,,,,,,,,,,0.5,symmetric_confident
Exp2B,olmo3_7b_it,25,nan,movies,math,movies->math,0.1666543639301957,0.1935613806026783,0.1497902549446732,0.0,0.6005752761197837,0.6193229384642903,0.579068828546716,0.0,0.7235996851984337,0.740533351113104,0.7082645017263695,0.0,0.5569453212682379,0.5746509822562684,0.541272909294917,0.0,0.6129634342179525,0.6361882837159002,0.5944868938954303,0.0,,,,,0.2045458068716766,0.2586197785438733,0.1490862501746029,0.0,0.3572517427229367,0.384148403809944,0.3264019819599047,1.0,0.6427482572770632,0.6706115378505221,0.6105028664045983,0.0,1329.0,0.4382024504053866,0.4676442567676097,0.4032827742980749,1.0,0.5617975495946135,0.5950676355330099,0.5341908699344032,0.0,,,,,,,,,,,,,,,,0.5,symmetric_confident
Exp2B,olmo3_7b_it,26,nan,math,movies,math->movies,0.139101701680215,0.1591612275163232,0.1213372498636182,0.0,0.7601203366009598,0.7756150102618039,0.7374171105805022,0.0,0.9272026417889834,0.9369630166365824,0.9179033216840986,0.0,0.7881009401087683,0.8079426916162904,0.7703424440503855,0.0,0.9183774259298788,0.927494080111643,0.9047244299126904,0.0,,,,,0.6339128613322161,0.6929709031867163,0.5611743397171702,0.0,0.1596564725596983,0.1883038644396177,0.1349601677148847,1.0,0.8403435274403016,0.866675501573469,0.8099827845474988,0.0,618.0,0.2064306661080854,0.2536744893829005,0.1753328893061431,1.0,0.7935693338919145,0.8284987278332362,0.7577902011853348,0.0,,,,,,,,,,,,,,,,0.5,symmetric_confident
Exp2B,olmo3_7b_it,26,nan,movies,math,movies->math,0.1707184012514266,0.1907951292079237,0.1494736504064703,0.0,0.6023305179318437,0.6200598379732067,0.5822271131212315,0.0,0.7309402536134305,0.7478250342434044,0.7129239401821017,0.0,0.5602218523620038,0.5781419993717684,0.5424377990211063,0.0,0.6212845929251709,0.6405139554706217,0.6022803232475481,0.0,,,,,0.2171052971542845,0.2585606465086536,0.1576557084442338,0.0,0.3503893674522915,0.3796201623386713,0.3239860389554084,1.0,0.6496106325477085,0.6806906306954159,0.6131030567009592,0.0,1329.0,0.4325053353934239,0.4627915053285608,0.403865394881124,1.0,0.567494664606576,0.5931943929401414,0.5419362118205651,0.0,,,,,,,,,,,,,,,,0.5,symmetric_confident
Exp2B,olmo3_7b_it,27,nan,math,movies,math->movies,0.1348443872354433,0.1541494047553558,0.1193063503273389,0.0,0.7712884705047257,0.7897011137672085,0.7509667832393656,0.0,0.9280916088042892,0.9356507768059588,0.918909084987814,0.0,0.7932472215688458,0.8112228279554431,0.7674681371775575,0.0,0.9196631635339368,0.9275369614428376,0.9083940035175156,0.0,,,,,0.619637620444072,0.6758806410309159,0.5605700496852644,0.0,0.1703498114788437,0.2015905883989726,0.1440729456386792,1.0,0.8296501885211562,0.8682744236547739,0.8017543851195542,0.0,618.0,0.2100125680770842,0.2495855607370336,0.1737511703520305,1.0,0.7899874319229158,0.8206727615004383,0.7552072450427991,0.0,,,,,,,,,,,,,,,,0.5,symmetric_confident
Exp2B,olmo3_7b_it,27,nan,movies,math,movies->math,0.1657364921540637,0.1848926054352865,0.1466994203615655,0.0,0.6088712248750128,0.6285456618760626,0.5911628982648904,0.0,0.7373166003700621,0.754404637895613,0.7187828636630125,0.0,0.5715801082159984,0.5925955567313022,0.5518005981319211,0.0,0.640369983504782,0.661101304014321,0.6175975344003837,0.0,,,,,0.227267090053173,0.2836004724736071,0.1572699724853808,0.0,0.3490096579664012,0.3742270227800313,0.3131623817625617,1.0,0.6509903420335987,0.6793037000962636,0.6240328010417525,0.0,1329.0,0.4237232519804257,0.4552792303579856,0.3970295364779175,1.0,0.5762767480195743,0.6073682274798923,0.5444476048154265,0.0,,,,,,,,,,,,,,,,0.5,symmetric_confident
Exp2B,olmo3_7b_it,28,nan,math,movies,math->movies,0.1322678971205142,0.147912162340239,0.1159864391969193,0.0,0.7746459420298347,0.796350861287398,0.752750532596318,0.0,0.9277567813032324,0.9377513674797684,0.917888531964302,0.0,0.7954888841827181,0.8170003938573522,0.7730775697842086,0.0,0.9181581139166866,0.9289915127913904,0.9081611339853234,0.0,,,,,0.6098240469208212,0.6583878060668902,0.5536799728479191,0.0,0.1751989945538332,0.2057819506889982,0.1425635084555624,1.0,0.8248010054461667,0.8531530346724868,0.7944108698174839,0.0,618.0,0.2149769585253456,0.2535679019788599,0.1795827726733558,1.0,0.7850230414746544,0.8186969607532012,0.7466482261962738,0.0,,,,,,,,,,,,,,,,0.5,symmetric_confident
Exp2B,olmo3_7b_it,28,nan,movies,math,movies->math,0.1583729642156285,0.1890716219464481,0.1352820154910965,0.0,0.6150600066319764,0.6297524453923149,0.598890270830098,0.0,0.7383253447125165,0.7540756470666607,0.7188665339735216,0.0,0.579952380496888,0.6001356597446537,0.5574988018430072,0.0,0.6457821086030484,0.665506745793717,0.6246886807136528,0.0,,,,,0.2168081687069487,0.2734931770352969,0.1599792790374032,0.0,0.3550581596639089,0.3815278233162366,0.3208681866702713,1.0,0.644941840336091,0.6765662934271015,0.6083617719711429,0.0,1329.0,0.4281336716291423,0.4629678449304873,0.3958573809733604,1.0,0.5718663283708576,0.6028424768391744,0.5434327546061956,0.0,,,,,,,,,,,,,,,,0.5,symmetric_confident
Exp2B,olmo3_7b_it,29,nan,math,movies,math->movies,0.1280729025161616,0.1507446052942065,0.1057050800411134,0.0,0.7571110845110154,0.7758733084656954,0.7323215878745942,0.0,0.9162295075105994,0.9289565196322432,0.901973873778739,0.0,0.7881566049944377,0.8102263325613709,0.7684781772823143,0.0,0.9136128305898404,0.924292980998648,0.9048363549495452,0.0,,,,,0.6101487222454964,0.6720382369903057,0.5421267824895697,0.0,0.1755655634687892,0.2069480642270301,0.1402616560625573,1.0,0.8244344365312107,0.8520926479566184,0.7919157873409942,0.0,618.0,0.2142857142857142,0.2459133537136427,0.174277314859487,1.0,0.7857142857142857,0.8219981333003343,0.7520730291173598,0.0,,,,,,,,,,,,,,,,0.5,symmetric_confident
Exp2B,olmo3_7b_it,29,nan,movies,math,movies->math,0.1538804936922475,0.1751971968757571,0.1274617689690944,0.0,0.6156040359402102,0.6349524689774335,0.5960301307712904,0.0,0.7277018830912885,0.7416470452606879,0.7112499160440248,0.0,0.5738213893990409,0.5958618113851535,0.556934883725582,0.0,0.6253625652399183,0.6415722579859662,0.6094725500779572,0.0,,,,,0.1837261457531301,0.2400994428811539,0.1235018854272374,0.0,0.3690438664937293,0.3972954607704614,0.3394407959153785,1.0,0.6309561335062707,0.662135780512992,0.5864929810009977,0.0,1329.0,0.4472299877531405,0.4787625987551287,0.4121903834072608,1.0,0.5527700122468595,0.5811725531501939,0.5227162753981801,0.0,,,,,,,,,,,,,,,,0.5,symmetric_confident
Exp2B,olmo3_7b_it,30,nan,math,movies,math->movies,0.1256591994468113,0.1415080455143627,0.1065115129246742,0.0,0.7509979918787861,0.7711621764450091,0.7338547874950201,0.0,0.9092399834260388,0.9189897153735952,0.8963643314654751,0.0,0.7835807839792274,0.7994404838953177,0.7606974826445627,0.0,0.9031695608318788,0.914614972576146,0.8907148524152181,0.0,,,,,0.5923648931713448,0.6559195102164834,0.527692563254606,0.0,0.1780372852953498,0.2071653749476329,0.1500577508320381,1.0,0.8219627147046502,0.85493703571792,0.787931384620345,0.0,618.0,0.2295978215333054,0.2613784738835898,0.1915963296836842,1.0,0.7704021784666946,0.810528761825863,0.730639824804236,0.0,,,,,,,,,,,,,,,,0.5,symmetric_confident
Exp2B,olmo3_7b_it,30,nan,movies,math,movies->math,0.0952198527311085,0.117870933400731,0.0691336431706109,0.0,0.6104893633302724,0.6296066284194993,0.5914926724336186,0.0,0.6770948686733593,0.6958887629800232,0.6598328833513022,0.0,0.5818750159422508,0.6012662270246788,0.5650450195806499,0.0,0.6024442953565023,0.6250417970000444,0.5845134933623206,0.0,,,,,0.0891876249877273,0.1646451109212504,0.0301499425450947,0.01,0.4264413313421421,0.4619612175409757,0.3930168377579994,1.0,0.5735586686578579,0.6026100847139183,0.5454934682892923,0.0,1329.0,0.4843710436701305,0.5159807663464083,0.4539298105265963,0.86,0.5156289563298694,0.5409084784910843,0.4867823204564065,0.21,,,,,,,,,,,,,,,,0.5,symmetric_confident
Exp2B,olmo3_7b_it,31,nan,math,movies,math->movies,-0.0273436130655164,0.0039074494969969,-0.0574439151941648,0.94,0.6028766608434779,0.6262797976562595,0.575540609167398,0.0,0.7449987234701522,0.7611330694289417,0.726771412992932,0.0,0.7723423365356686,0.7933576283776473,0.7482031334360433,0.0,0.893133943556454,0.9045326838904336,0.8788601404794805,0.0,,,,,0.532739840804357,0.5858196939698401,0.4780131644813583,0.0,0.2276811897779639,0.2589712705677807,0.1977775595779619,1.0,0.7723188102220361,0.8131805812340771,0.7354181013774302,0.0,618.0,0.2395789694176791,0.2781701929468006,0.2015687076854959,1.0,0.7604210305823209,0.7967654398692905,0.7195737368185775,0.0,,,,,,,,,,,,,,,,0.5,symmetric_confident
Exp2B,olmo3_7b_it,31,nan,movies,math,movies->math,0.0245681549714643,0.0489857274035273,0.0002462524944265,0.02,0.5884778976635038,0.6076449619884347,0.5654005243400451,0.0,0.5845474858433142,0.6024300917519583,0.5679617523621593,0.0,0.5599793308718498,0.5813812569811594,0.5358538842135456,0.0,0.5042811616230177,0.5262912237983389,0.4830776548398277,0.4,,,,,-0.0827916121931179,-0.0112984619722596,-0.1574463237449053,1.0,0.5112030343273787,0.5440852349071592,0.4797096006366825,0.22,0.4887969656726213,0.5177016321882529,0.4551058564787177,0.69,1329.0,0.5715885778657392,0.6054316345701987,0.5490166487894927,0.0,0.4284114221342607,0.4576708491679783,0.3948745632537794,1.0,,,,,,,,,,,,,,,,0.5,symmetric_confident
Exp2B,qwen25_7b,0,nan,math,movies,math->movies,0.0208686581523858,0.0573137370302211,-0.0127117458177884,0.16,0.5158108121312905,0.5370082761732033,0.4904304084134864,0.11,0.5044537865638783,0.530349719141381,0.477438674217388,0.39,0.4835851284114924,0.504786711144064,0.461370308919832,0.89,0.4985658093456258,0.5270116923805469,0.471457822753853,0.59,,,,,-0.0013304548649462,0.0255338249647128,-0.0296883423021562,0.49,0.5296088964755498,0.57225866547494,0.4738241342427221,0.14,0.4703911035244502,0.5124527238173043,0.4199979585878859,0.88,617.0,0.4717215583893965,0.5271617598799482,0.4314302334597125,0.85,0.5282784416106034,0.5937236941319736,0.4820917817608837,0.1,,,,,,,,,,,,,,,,0.6,symmetric_confident
Exp2B,qwen25_7b,0,nan,movies,math,movies->math,0.0137408447953238,0.0415376746456106,-0.0151394883080294,0.15,0.507898069550931,0.5209655628415245,0.4942018691268827,0.16,0.4953523871184626,0.5109810984100196,0.4782515722030695,0.73,0.4816115423231387,0.4955409530827102,0.4687600804060284,1.0,0.5185849731997784,0.5360758584838455,0.4970791527909586,0.06,,,,,0.0466352973069791,0.0827441881972077,0.0099962230790151,0.0,0.5189353781508537,0.5562806275355981,0.4818354869992607,0.19,0.4810646218491463,0.5187055257322783,0.4437787418476692,0.88,2083.0,0.4344293245421671,0.4696261836763515,0.3935914246350079,1.0,0.5655706754578329,0.5917270492137824,0.5313716579749308,0.0,,,,,,,,,,,,,,,,0.6,symmetric_confident
Exp2B,qwen25_7b,1,nan,math,movies,math->movies,-0.0564009619110794,-0.0181201362601112,-0.0868659632158225,1.0,0.4770381898825371,0.4964471575435695,0.4553846788780264,0.98,0.4821322573616151,0.5064167611737652,0.4535459652066104,0.92,0.5385332192726946,0.562696751758179,0.5149182925001066,0.0,0.5360228869403182,0.5598963620681346,0.5091521573642132,0.0,,,,,-0.0085726478562103,0.028059913273685,-0.0591107779692532,0.7,0.4944397027814037,0.5372239772535609,0.4368908773490889,0.59,0.5055602972185963,0.5506105633384781,0.4718456895499693,0.34,617.0,0.5141329450748067,0.5543624207670945,0.4778772179969091,0.3,0.4858670549251933,0.5243316429789299,0.4347794818844339,0.67,,,,,,,,,,,,,,,,0.6,symmetric_confident
Exp2B,qwen25_7b,1,nan,movies,math,movies->math,-0.0162093220565794,0.0056749174560497,-0.0364248305041911,0.86,0.5183937966317484,0.5348233063273135,0.5048364525244762,0.01,0.5001562568089994,0.5188890033404823,0.481731200359522,0.52,0.5163655788655789,0.52952836359854,0.5034244529689328,0.0,0.4946261353520136,0.5074314475896132,0.4756066678550684,0.72,,,,,-0.0696031872818547,-0.0340520072848427,-0.1097798060405586,1.0,0.5277217034336862,0.5648742389859294,0.4881084711024838,0.04,0.4722782965663137,0.5095035677306669,0.4263847920885552,0.9,2083.0,0.5418814838481685,0.5779705949072551,0.5069381868121218,0.01,0.4581185161518316,0.5004643317878239,0.4208840818887795,0.97,,,,,,,,,,,,,,,,0.6,symmetric_confident
Exp2B,qwen25_7b,2,nan,math,movies,math->movies,0.0158880749785064,0.046191993600372,-0.0186037734364797,0.17,0.5055329181312888,0.5311178382241674,0.4814527844380789,0.3,0.5189816588899158,0.5424680949455978,0.493966223883531,0.08,0.5030935839114093,0.5270044659350536,0.4756874148011156,0.38,0.50681686690861,0.5349619156950305,0.4835689065831698,0.28,,,,,0.0307134250426749,0.086673661424233,-0.03983927769264,0.3,0.4787629280048198,0.5308431934183985,0.4276720980169256,0.78,0.5212370719951802,0.5645506855567298,0.4693858954742352,0.15,617.0,0.4905236469525053,0.5370883055538516,0.4341406603025157,0.66,0.5094763530474947,0.5477671331986128,0.4573162357166525,0.37,,,,,,,,,,,,,,,,0.6,symmetric_confident
Exp2B,qwen25_7b,2,nan,movies,math,movies->math,0.0316630250833331,0.0560796750961965,0.0065514732964276,0.0,0.5363582827814756,0.5513272495712024,0.5229718802599752,0.0,0.5289077586797234,0.5512251067933834,0.5095610831533612,0.01,0.4972447335963902,0.5111928134461086,0.4805319752050807,0.63,0.4914122253833272,0.5098575445053537,0.4680002706206223,0.84,,,,,-0.0088202119368158,0.0382667359282822,-0.0559061486910525,0.57,0.4920535796408983,0.5308379328978287,0.4525903363144559,0.64,0.5079464203591018,0.5469912107007404,0.4659271815102637,0.42,2083.0,0.5167666322959176,0.5663729663692884,0.4746534122849225,0.21,0.4832333677040824,0.5215407346537866,0.4451076097780607,0.81,,,,,,,,,,,,,,,,0.6,symmetric_confident
Exp2B,qwen25_7b,3,nan,math,movies,math->movies,0.0048605934234917,0.0367107106198614,-0.0303507223088855,0.39,0.5123401352204862,0.5406086499960577,0.4883925156644952,0.15,0.5162306802215059,0.5407630709825492,0.4906757498029508,0.13,0.5113700867980141,0.5385486982879695,0.486742349920249,0.18,0.5175690703213639,0.5398692635370288,0.4867291003137816,0.13,,,,,0.0149613415001506,0.0730613415630529,-0.0676905756566266,0.36,0.4986569936740637,0.5495828524096611,0.44694793824913,0.56,0.5013430063259363,0.5391131995197886,0.4584900408817683,0.51,617.0,0.4863816648257857,0.5402577755936145,0.4490679793068613,0.65,0.5136183351742143,0.5533339677569716,0.471318096282906,0.27,,,,,,,,,,,,,,,,0.6,symmetric_confident
Exp2B,qwen25_7b,3,nan,movies,math,movies->math,0.0076135232014459,0.0362788144000051,-0.0191198499462259,0.28,0.546732237809045,0.5640519649840744,0.5292521345811968,0.0,0.5183982120734842,0.5362669369864889,0.4965801259321444,0.07,0.5107846888720383,0.5232149323123486,0.4973637617573825,0.09,0.5224565313478551,0.5460396559912226,0.5044028456316211,0.02,,,,,0.0002166325379651,0.0355424177717448,-0.0411486389237337,0.5,0.5097859815753422,0.5456234579244866,0.4718665472493152,0.22,0.4902140184246579,0.5257166558450159,0.4506585703108415,0.68,2083.0,0.4899973858866927,0.5304880683493423,0.4535436281586282,0.68,0.5100026141133073,0.5420274966219158,0.4736844425536641,0.32,,,,,,,,,,,,,,,,0.6,symmetric_confident
Exp2B,qwen25_7b,4,nan,math,movies,math->movies,0.0055915253751612,0.0362138871115837,-0.0230974080528889,0.33,0.5155327671164245,0.5344557818060064,0.4913173414046178,0.18,0.531234737656756,0.5519286279725889,0.5068883618543688,0.01,0.5256432122815947,0.5428498318954883,0.5055593999836508,0.0,0.548760134195914,0.5768407879929034,0.5212001169465249,0.0,,,,,0.0451978110252033,0.1226144631976985,-0.0281254286587834,0.13,0.4878250828396425,0.5365680243495454,0.4457971604244075,0.65,0.5121749171603575,0.547785582744898,0.4692642554677129,0.28,617.0,0.4669771061351541,0.5133056437906017,0.4234648086628009,0.89,0.5330228938648459,0.590618870376935,0.488926925246623,0.08,,,,,,,,,,,,,,,,0.6,symmetric_confident
Exp2B,qwen25_7b,4,nan,movies,math,movies->math,0.0263070769877012,0.0504353854554756,0.0051374367893515,0.01,0.5957926987670964,0.6125402310442247,0.5822371640407715,0.0,0.5503800588920085,0.5695106537416933,0.5331385565586269,0.0,0.5240729819043072,0.5371359720657315,0.5083686601178463,0.0,0.534674444230015,0.5506309977918963,0.5104569784426106,0.0,,,,,-0.006670829884156,0.0356430744595063,-0.0530336881191103,0.61,0.5234229393283665,0.5559547351010311,0.4803731838406099,0.14,0.4765770606716334,0.5208365997265743,0.4352029725200897,0.83,2083.0,0.4832478905557895,0.5252588047136995,0.4437046569348015,0.79,0.5167521094442105,0.5512593631069023,0.4729705611450183,0.22,,,,,,,,,,,,,,,,0.6,symmetric_confident
Exp2B,qwen25_7b,5,nan,math,movies,math->movies,-0.0175367083956731,0.0137212420011384,-0.0480915056370103,0.88,0.524729572352554,0.5496814459151402,0.4933346147863443,0.06,0.5131321897376944,0.533993641221235,0.4882365451242497,0.2,0.5306688981333675,0.5598620749284303,0.5066474995238394,0.0,0.5347746620682401,0.5617328270968016,0.5082369318048785,0.01,,,,,0.0069033035445325,0.0852691759069034,-0.0671993606785872,0.45,0.5110327342102621,0.5604571956337577,0.4549841798123469,0.31,0.4889672657897379,0.5483617066185142,0.4313270227499889,0.59,617.0,0.4820639622452053,0.528598374679213,0.4322503341501523,0.82,0.5179360377547947,0.5757483981807374,0.4673519858387287,0.24,,,,,,,,,,,,,,,,0.6,symmetric_confident
Exp2B,qwen25_7b,5,nan,movies,math,movies->math,-0.0222679643976329,0.0010702127456356,-0.0481690911455876,0.96,0.5873333807257,0.5991351250177329,0.5713911696506135,0.0,0.5359105538712469,0.5556297534664156,0.5163695869081518,0.0,0.5581785182688798,0.5715957077573942,0.5443275779123223,0.0,0.5727993625220222,0.594070585192298,0.5559499919960283,0.0,,,,,-0.0005833345435709,0.0455853208243385,-0.0445389866710224,0.49,0.5414942078026441,0.5813414227892492,0.5024549678452154,0.01,0.4585057921973559,0.4929351292353051,0.4105392445885155,1.0,2083.0,0.4590891267409268,0.4964218058023573,0.4208941469098682,0.98,0.5409108732590732,0.5726610427764713,0.4954068119982852,0.03,,,,,,,,,,,,,,,,0.6,symmetric_confident
Exp2B,qwen25_7b,6,nan,math,movies,math->movies,-0.0019195578033784,0.0270978451013898,-0.0322815283257311,0.55,0.5347009950102912,0.5588353673342371,0.5131864488480555,0.0,0.5489897737604159,0.5750334191022157,0.5253328262906648,0.0,0.5509093315637944,0.576439718808345,0.5242531596637791,0.0,0.5655144301933293,0.5921386798360895,0.5455821275638787,0.0,,,,,0.0429636509689728,0.1429711967038419,-0.046757788254364,0.21,0.4767546942464102,0.5228587109828904,0.4238154131152362,0.78,0.5232453057535897,0.5677180639176941,0.4739255426951615,0.22,617.0,0.4802816547846169,0.5331152459299723,0.4206566975265081,0.77,0.5197183452153831,0.5640239176353421,0.4651796511598606,0.28,,,,,,,,,,,,,,,,0.6,symmetric_confident
Exp2B,qwen25_7b,6,nan,movies,math,movies->math,0.0476661550593446,0.0714886234807149,0.0239938369900322,0.0,0.6491348552719035,0.6659852465955021,0.6330571129444758,0.0,0.6068108047536932,0.6260019189329817,0.5842270057897226,0.0,0.5591446496943485,0.5711894919444204,0.5425585069628323,0.0,0.5535088057871048,0.5708020911220385,0.529924784130067,0.0,,,,,-0.0006946764066592,0.0564544352666856,-0.0655383304903055,0.44,0.4989955027569213,0.5468315506288705,0.4576564660737589,0.49,0.5010044972430786,0.5403501228667477,0.4707525716905452,0.54,2083.0,0.5016991736497378,0.5357891753970057,0.462256538833422,0.5,0.4983008263502621,0.5432645344002597,0.4667724696104823,0.54,,,,,,,,,,,,,,,,0.6,symmetric_confident
Exp2B,qwen25_7b,7,nan,math,movies,math->movies,0.0516204673601387,0.0766982250887122,0.0218547272690562,0.0,0.6011404287223165,0.6251579014204157,0.5773093640140738,0.0,0.6411611778584255,0.659818009248992,0.6190602874450282,0.0,0.5895407104982868,0.6113280022364254,0.5650301235559956,0.0,0.6292678207815823,0.6465135066222129,0.6105595547520384,0.0,,,,,0.1050808314087759,0.1867932959178264,0.022587830560818,0.01,0.4478110252033336,0.4942260266972736,0.408498158653539,0.98,0.5521889747966663,0.6047371433800997,0.4972285977153354,0.03,617.0,0.4471081433878903,0.4927694807300999,0.3984632918496932,0.98,0.5528918566121096,0.6076933883239622,0.4975491681806763,0.04,,,,,,,,,,,,,,,,0.6,symmetric_confident
Exp2B,qwen25_7b,7,nan,movies,math,movies->math,0.0480133585376618,0.0728727328492357,0.0277287038272194,0.0,0.7090257153321913,0.7220055786698765,0.6932313515279024,0.0,0.6622245740289978,0.6788758159478492,0.641906135263443,0.0,0.614211215491336,0.6288648130283094,0.597465398323548,0.0,0.5943918123922233,0.6146109649041421,0.574971674321172,0.0,,,,,0.0478019663941211,0.1287369156883208,-0.0362638620065122,0.1,0.4721911594560708,0.5085570832306728,0.4312055785892542,0.91,0.5278088405439292,0.5661412004420325,0.4901540463857891,0.07,2083.0,0.4800068741498081,0.5242495008053083,0.4221139704706094,0.82,0.519993125850192,0.5627650093539688,0.4741010933599181,0.16,,,,,,,,,,,,,,,,0.6,symmetric_confident
Exp2B,qwen25_7b,8,nan,math,movies,math->movies,0.0539018507229458,0.0751728933622682,0.0287658828796182,0.0,0.6597679523361555,0.6909604824336463,0.6340870862403842,0.0,0.7075359346001547,0.7351863042236129,0.6867877072549685,0.0,0.6536340838772089,0.6798967114812831,0.6375335456375785,0.0,0.6983907385283532,0.7210709841074334,0.6706450827356113,0.0,,,,,0.1104779596345014,0.2206016846968473,0.0098463423170314,0.0,0.4419243899989958,0.4862009272935062,0.3925991168135908,1.0,0.5580756100010041,0.6085484307621167,0.5092016284434318,0.01,617.0,0.4475976503665027,0.4942226685088984,0.4048457605109551,1.0,0.5524023496334973,0.6032485419331464,0.5081046374223988,0.02,,,,,,,,,,,,,,,,0.6,symmetric_confident
Exp2B,qwen25_7b,8,nan,movies,math,movies->math,-0.019450250590025,0.0007855012831783,-0.0369667142345718,0.97,0.7087908013171568,0.7212143231682726,0.6939946043675592,0.0,0.6669404169753413,0.6840336701423053,0.6493397424617994,0.0,0.6863906675653664,0.7000619745812194,0.6697583675535288,0.0,0.6486308541831379,0.666626834926451,0.6271741863760558,0.0,,,,,0.0358085113592904,0.126973998975951,-0.0480042330830014,0.26,0.4809339161837818,0.5215187415322329,0.441503693365642,0.83,0.5190660838162181,0.5552420032553653,0.47976036596591,0.19,2083.0,0.4832575724569276,0.5220038062348739,0.4470788788773333,0.82,0.5167424275430723,0.5686651888635499,0.4707092319064152,0.25,,,,,,,,,,,,,,,,0.6,symmetric_confident
Exp2B,qwen25_7b,9,nan,math,movies,math->movies,0.0498864548835508,0.076414188992812,0.0253009725125949,0.0,0.6458896863065939,0.6685009471717042,0.6293696542403489,0.0,0.6886735567928228,0.7111433964396976,0.6709633749276385,0.0,0.638787101909272,0.661006908261752,0.6175121211678098,0.0,0.675414572203563,0.7008474371921383,0.6508464661411073,0.0,,,,,0.0868310071292298,0.1629118913921516,-0.0105010275195582,0.05,0.4522040365498544,0.5070712307288463,0.3982325229977227,0.95,0.5477959634501456,0.5996215364993245,0.5017457717996511,0.02,617.0,0.4609649563209158,0.5032828187929372,0.4134992111466619,0.97,0.5390350436790843,0.5873721406531948,0.4893393958985781,0.06,,,,,,,,,,,,,,,,0.6,symmetric_confident
Exp2B,qwen25_7b,9,nan,movies,math,movies->math,-0.0047144682142034,0.0107112791121914,-0.0225503600753182,0.75,0.7256017075294183,0.738888267654109,0.7128262219111853,0.0,0.6848343740078315,0.7007455069133517,0.6684741962260339,0.0,0.6895488422220349,0.7024178353911775,0.6792431081723902,0.0,0.6535745457035603,0.6711174637548691,0.6354928351425476,0.0,,,,,0.0278766138518959,0.1013892140277643,-0.0456382106329962,0.27,0.4826306693582352,0.5184619527321525,0.4517028168253768,0.77,0.5173693306417648,0.5512344425586292,0.4660635874726764,0.25,2083.0,0.4894927167898688,0.530008019448488,0.4523275195092613,0.68,0.5105072832101312,0.5625510813799204,0.4667099735950611,0.41,,,,,,,,,,,,,,,,0.6,symmetric_confident
Exp2B,qwen25_7b,10,nan,math,movies,math->movies,0.0440572639884095,0.0674335280801204,0.020666664515411,0.0,0.6454064387408203,0.6680132819213515,0.6209442161441409,0.0,0.6827311047494534,0.7040345443118516,0.6626155736484558,0.0,0.6386738407610438,0.664161978300663,0.6161194233173409,0.0,0.6605542156000872,0.6819521511717229,0.6364096811747383,0.0,,,,,0.0262325534692238,0.1299760480365391,-0.0682800263223065,0.23,0.4728009840345416,0.5288407441720562,0.4210213980556402,0.85,0.5271990159654584,0.5744426083813303,0.4655053276824405,0.22,617.0,0.5009664624962346,0.5467461625724337,0.4640058552404864,0.49,0.4990335375037654,0.558091674157716,0.4441972340734104,0.5,,,,,,,,,,,,,,,,0.6,symmetric_confident
Exp2B,qwen25_7b,10,nan,movies,math,movies->math,-0.0048264929157192,0.0171342529199918,-0.0241694479326636,0.64,0.691231198102433,0.7045722705998466,0.6777942445215986,0.0,0.668186362702558,0.6866686486246639,0.65260964061255,0.0,0.6730128556182773,0.6857050820274453,0.6581990602207413,0.0,0.6494854730970597,0.6638575409076818,0.6341365107661676,0.0,,,,,0.0522520102047237,0.1336929087723803,-0.0167518593547139,0.07,0.4666337482027971,0.5151528297450485,0.4356972208692442,0.92,0.5333662517972029,0.5769787272893444,0.5076717589951109,0.0,2083.0,0.4811142415924791,0.5206525811025366,0.4375588487802132,0.83,0.5188857584075209,0.5573839625184704,0.480346367397144,0.18,,,,,,,,,,,,,,,,0.6,symmetric_confident
Exp2B,qwen25_7b,11,nan,math,movies,math->movies,0.0358845881737213,0.0627551106212116,0.0069084597144223,0.01,0.6493043988853326,0.6660570807217763,0.62570824222331,0.0,0.6835651331064175,0.7003600827639996,0.659570120949236,0.0,0.6476805449326962,0.6706995589407548,0.6235782698512268,0.0,0.6590805776585593,0.682350541189331,0.6400742075704007,0.0,,,,,0.0120494025504568,0.1163808212149442,-0.0683444497696833,0.48,0.4731649764032533,0.5164283723589798,0.427593265869756,0.87,0.5268350235967466,0.5751620419939899,0.4807980029345092,0.19,617.0,0.5147856210462898,0.570481242895036,0.4562112554284767,0.29,0.4852143789537102,0.5370868704558113,0.43405692531158,0.7,,,,,,,,,,,,,,,,0.6,symmetric_confident
Exp2B,qwen25_7b,11,nan,movies,math,movies->math,0.0053031497718865,0.0262642831378216,-0.0158678665607506,0.25,0.6725833257271511,0.6865181604398921,0.6593292222177368,0.0,0.6677142305752866,0.6876367156729333,0.6518874707274501,0.0,0.6624110808034,0.67651107411196,0.6483561908802496,0.0,0.6525117503875293,0.6666982696439517,0.6338351559896366,0.0,,,,,0.0898516732745641,0.1754176060539355,0.0140037718653576,0.0,0.4418033024964782,0.4804372862310399,0.4032192041443481,1.0,0.5581966975035217,0.5968266589077914,0.5304760744627351,0.0,2083.0,0.4683450242289576,0.5082263760801813,0.4338931503036578,0.9,0.5316549757710424,0.5641882791911309,0.4920975651405478,0.07,,,,,,,,,,,,,,,,0.6,symmetric_confident
Exp2B,qwen25_7b,12,nan,math,movies,math->movies,0.0686490480901143,0.100330219231842,0.0417971050753035,0.0,0.6679174250721984,0.6935737978320168,0.6459893291033028,0.0,0.7348315788682761,0.7540560747070103,0.7159599745511981,0.0,0.6661825307781618,0.6920976188211952,0.6430508455297441,0.0,0.710571497268745,0.7306344126888372,0.6895701769380126,0.0,,,,,0.1187619238879404,0.2175696986177635,0.0503805186225658,0.01,0.4208755899186665,0.4652838072433917,0.3758913974039927,1.0,0.5791244100813334,0.6328511302576844,0.5286820342427357,0.0,617.0,0.4603624861933929,0.5048963200947242,0.4077717253346917,0.9,0.5396375138066071,0.5886656720035436,0.5009906168026789,0.03,,,,,,,,,,,,,,,,0.6,symmetric_confident
Exp2B,qwen25_7b,12,nan,movies,math,movies->math,0.023881858921,0.0474469990501106,0.0025253855350955,0.02,0.6846836647288455,0.699464243746812,0.670985931018512,0.0,0.6788963662510195,0.6936118695149723,0.6591724315824238,0.0,0.6550145073300194,0.6677331770971947,0.6417706864572646,0.0,0.6452661657318235,0.6643483332956254,0.6289332348696507,0.0,,,,,0.0985278669319507,0.1745359897005884,0.0308357780800549,0.01,0.4370821654540086,0.4793239106503162,0.4038817696262267,0.99,0.5629178345459914,0.5915759764440439,0.5224768433386254,0.0,2083.0,0.4643899676140406,0.516996777856987,0.4244598011850227,0.91,0.5356100323859593,0.5691624800200186,0.4956116265713143,0.08,,,,,,,,,,,,,,,,0.6,symmetric_confident
Exp2B,qwen25_7b,13,nan,math,movies,math->movies,0.135228468362903,0.1651144308616084,0.1082628905092122,0.0,0.6513324396806658,0.6778076149070561,0.6302079333224017,0.0,0.7316119288596353,0.7504173817026177,0.7081637726934776,0.0,0.5963834604967323,0.6185418706346218,0.576841347754869,0.0,0.6176797105696188,0.641482520248721,0.5931685552238042,0.0,,,,,0.1416306858118285,0.2336058683005225,0.0699638962789988,0.0,0.3859072196003615,0.4339003444627805,0.3497659339686864,1.0,0.6140927803996385,0.6608845780715122,0.5674970787799242,0.0,617.0,0.47246209458781,0.5166787968040533,0.4304555906849577,0.84,0.52753790541219,0.5790796775064017,0.4801870285224964,0.2,,,,,,,,,,,,,,,,0.6,symmetric_confident
Exp2B,qwen25_7b,13,nan,movies,math,movies->math,0.1138857716402782,0.131040941677203,0.0942526655435058,0.0,0.640794530101759,0.6535527592289355,0.6267781532179687,0.0,0.6815888391550927,0.7017857642688148,0.6590345398727315,0.0,0.5677030675148145,0.5805615001650573,0.5471157524806419,0.0,0.603807187813214,0.626573303624776,0.5825167348045766,0.0,,,,,0.1583329702620406,0.2479544646553757,0.0796119174938914,0.0,0.3964472263773714,0.4452603531677273,0.3548985502254613,1.0,0.6035527736226285,0.6405785986771969,0.5706409622710522,0.0,2083.0,0.4452198033605878,0.4751440442723129,0.4119544605263455,0.99,0.5547801966394121,0.5932523157476661,0.5119518885302897,0.01,,,,,,,,,,,,,,,,0.6,symmetric_confident
Exp2B,qwen25_7b,14,nan,math,movies,math->movies,0.1219669668851023,0.1419142211970382,0.096069062663528,0.0,0.6625190878346867,0.6832856279096743,0.6416071632919469,0.0,0.7706628646995619,0.7872294266356229,0.7489987966758169,0.0,0.6486958978144596,0.6731592901927389,0.6300373501159557,0.0,0.7238351779636183,0.7446730062238874,0.6965207539124174,0.0,,,,,0.2849558188573149,0.3643762209702869,0.2094886823405471,0.0,0.3290616527763831,0.3704431710924166,0.2923220095095095,1.0,0.6709383472236168,0.7153998473344451,0.63256526038762,0.0,617.0,0.3859825283663018,0.4213713985185688,0.3351481360313096,1.0,0.6140174716336981,0.6657602081190098,0.5629515999636765,0.0,,,,,,,,,,,,,,,,0.6,symmetric_confident
Exp2B,qwen25_7b,14,nan,movies,math,movies->math,0.0869532582002932,0.1119038655131585,0.0708148335336847,0.0,0.7275430392900273,0.7393429192112034,0.7143935748669886,0.0,0.7508038821412786,0.7672833489970331,0.7345887283615199,0.0,0.6638506239409854,0.6800436725049788,0.651074102500528,0.0,0.6690646380258104,0.6833947482683024,0.6476034399403586,0.0,,,,,0.1641058038156372,0.2279561670978239,0.0958625378480523,0.01,0.3886242502577806,0.4244278455818297,0.3475998497855563,1.0,0.6113757497422194,0.658601205641532,0.5740764218399166,0.0,2083.0,0.4472699459265821,0.4859928904758557,0.4101126582228907,1.0,0.5527300540734179,0.5915429862318344,0.5146958747686644,0.01,,,,,,,,,,,,,,,,0.6,symmetric_confident
Exp2B,qwen25_7b,15,nan,math,movies,math->movies,0.1722248231940213,0.1965159964718904,0.1515019409484902,0.0,0.6989953958232842,0.7247198238109843,0.6765638994012754,0.0,0.8563545822720134,0.8708323829985369,0.8386688861124444,0.0,0.6841297590779921,0.701085372787452,0.666294320865059,0.0,0.8099824177805829,0.8274409633816849,0.7928937247370526,0.0,,,,,0.4931845566823978,0.5617449908693217,0.4102775766201453,0.0,0.223742343608796,0.2631845772731478,0.1851650189169527,1.0,0.7762576563912039,0.8136926454590266,0.7327460441755962,0.0,617.0,0.2830730997088061,0.321289971901674,0.2503876187418208,1.0,0.7169269002911939,0.7497335429269539,0.6728499894885576,0.0,,,,,,,,,,,,,,,,0.6,symmetric_confident
Exp2B,qwen25_7b,15,nan,movies,math,movies->math,0.1327947168390056,0.1527991877090062,0.1137384420100563,0.0,0.7328029337630241,0.7480479816500706,0.7191964047180275,0.0,0.7890447168390057,0.8054268236002073,0.7748830089127334,0.0,0.65625,0.6662722934722257,0.6447574891863909,0.0,0.7067075881045614,0.7225149584008995,0.6911154150669695,0.0,,,,,0.2734544055070653,0.3498011683571678,0.2110486755782417,0.0,0.3364133881328938,0.3760112002864238,0.3015129325216243,1.0,0.6635866118671062,0.7050769856097375,0.6129643652312078,0.0,2083.0,0.3901322063600408,0.4376131538913765,0.3496949302273919,1.0,0.6098677936399591,0.6521681543355138,0.5659558015665915,0.0,,,,,,,,,,,,,,,,0.6,symmetric_confident
Exp2B,qwen25_7b,16,nan,math,movies,math->movies,0.1772064310237321,0.201912277568107,0.1584261469216423,0.0,0.6789033122889678,0.6969895239127574,0.6559153523857809,0.0,0.846673090939146,0.8642036416900201,0.8307435413007075,0.0,0.6694666599154139,0.6941010252167007,0.6494332811652807,0.0,0.8146719488462608,0.8299235164380289,0.7944659448940535,0.0,,,,,0.5365749573250327,0.6243011013707426,0.4612274473443068,0.0,0.2117933527462596,0.2467442672372425,0.1714528469388321,1.0,0.7882066472537403,0.8144677725967281,0.7524352063196162,0.0,617.0,0.2516316899287077,0.2956297165938718,0.2090509574670972,1.0,0.7483683100712923,0.7933478397079655,0.7138630448762193,0.0,,,,,,,,,,,,,,,,0.6,symmetric_confident
Exp2B,qwen25_7b,16,nan,movies,math,movies->math,0.1361588829677364,0.1546238903722106,0.1179943170414176,0.0,0.7636997582404209,0.7773189610197835,0.7524935544013863,0.0,0.8209090286553822,0.8345180818891289,0.8082416910400437,0.0,0.6847501456876457,0.6985407510317625,0.6717110996756113,0.0,0.7293826299701804,0.746852690331265,0.7128285510034464,0.0,,,,,0.3065314105077673,0.3945991703999574,0.2491075072304821,0.0,0.3134878564754975,0.3574433302152188,0.2843181453567122,1.0,0.6865121435245025,0.7294558474759669,0.6501144829195833,0.0,2083.0,0.3799807330167352,0.4187684636105653,0.348722722157201,1.0,0.6200192669832648,0.6591716971639348,0.5799568162223939,0.0,,,,,,,,,,,,,,,,0.6,symmetric_confident
Exp2B,qwen25_7b,17,nan,math,movies,math->movies,0.1762599000635133,0.1997004816790186,0.1536278204853983,0.0,0.6972116437790314,0.7235506964728498,0.677698478440794,0.0,0.8785962776788465,0.8947190468694123,0.8643338616238884,0.0,0.7023363776153332,0.7238042641018547,0.6787502432409555,0.0,0.8583006484382631,0.8741138607861713,0.8431988788657748,0.0,,,,,0.5806305854001406,0.6489568768389846,0.523955469727259,0.0,0.1863264383974294,0.2268444833524579,0.1561078476126002,1.0,0.8136735616025705,0.8485007139778967,0.7744404619806569,0.0,617.0,0.2330429762024299,0.2817961280137452,0.1917729225500278,1.0,0.76695702379757,0.8069169697279635,0.7223944930179689,0.0,,,,,,,,,,,,,,,,0.6,symmetric_confident
Exp2B,qwen25_7b,17,nan,movies,math,movies->math,0.1509810749275068,0.168891213219848,0.1363219251156786,0.0,0.7693224822366389,0.7823677175729997,0.7553660829308839,0.0,0.8464514763467034,0.8578113866379389,0.8298722871709274,0.0,0.6954704014191966,0.7099589705920203,0.6808117239005861,0.0,0.7646351621397844,0.780617094433857,0.7499371657468229,0.0,,,,,0.3830232704493855,0.4458174708579204,0.3195508899954348,0.0,0.2771250562760504,0.3208440269436034,0.2400048070788985,1.0,0.7228749437239497,0.7556404499815813,0.6922544607134793,0.0,2083.0,0.3398516732745641,0.3833109196000309,0.2990269314512723,1.0,0.6601483267254358,0.697740567134027,0.6223978374077824,0.0,,,,,,,,,,,,,,,,0.6,symmetric_confident
Exp2B,qwen25_7b,18,nan,math,movies,math->movies,0.2082411912130285,0.2299531458934017,0.1877803298361837,0.0,0.7189058173590698,0.7375547285715782,0.698155427787371,0.0,0.9065756749242988,0.9204595665122806,0.8959696109074053,0.0,0.6983344837112703,0.715780653122275,0.6789347141976895,0.0,0.8533021136232145,0.86866056838538,0.8371110127672676,0.0,,,,,0.5767898383371824,0.6407544228574471,0.4934630070805871,0.0,0.1740385580881614,0.210823088587886,0.1480100501572915,1.0,0.8259614419118385,0.8551635720601238,0.7779189720170578,0.0,617.0,0.2491716035746561,0.290176089017807,0.2023884318177613,1.0,0.7508283964253439,0.7969399162189573,0.7085866259834779,0.0,,,,,,,,,,,,,,,,0.6,symmetric_confident
Exp2B,qwen25_7b,18,nan,movies,math,movies->math,0.159450217578443,0.1753838119161826,0.1426348766415011,0.0,0.7635642365499293,0.7747670494524572,0.7518367719530199,0.0,0.8507626701860763,0.8658694103307161,0.8399761234885674,0.0,0.6913124526076333,0.7052190358496409,0.6771680793158309,0.0,0.7869204957885366,0.8032576670329092,0.7683124320376927,0.0,,,,,0.4346278035154983,0.4970963302794195,0.3659185696096734,0.0,0.2622584970784863,0.3031077362147643,0.2201956212467359,1.0,0.7377415029215136,0.7749468922520494,0.7007538614902599,0.0,2083.0,0.3031136994060153,0.339048038321283,0.2657143563028093,1.0,0.6968863005939846,0.7265200953490241,0.6445229199752533,0.0,,,,,,,,,,,,,,,,0.6,symmetric_confident
Exp2B,qwen25_7b,19,nan,math,movies,math->movies,0.1950770297089045,0.2196412331530473,0.1758566513223004,0.0,0.7267528162051385,0.7470436841586295,0.7044312155284915,0.0,0.9188841677373788,0.9297128743699572,0.9054949927853853,0.0,0.7238071380284743,0.7464734266235781,0.7042287663638633,0.0,0.8949124270225187,0.9084123502379144,0.8803109819310299,0.0,,,,,0.6234938246811929,0.6807076396791442,0.5640899182661808,0.0,0.1626794858921578,0.1904617997865105,0.1274220352485189,1.0,0.8373205141078421,0.8750192987888306,0.808504145062626,0.0,617.0,0.2138266894266492,0.2524914759879301,0.177741682565167,1.0,0.7861733105733507,0.8235787364467271,0.7479401307185028,0.0,,,,,,,,,,,,,,,,0.6,symmetric_confident
Exp2B,qwen25_7b,19,nan,movies,math,movies->math,0.1074335474833989,0.1267864651434543,0.089776103277205,0.0,0.7668826529895807,0.7799155030565157,0.7543428054300525,0.0,0.8559222575684946,0.8719944933725711,0.8436953825472205,0.0,0.7484887100850957,0.7631627423540733,0.736596293376481,0.0,0.8322558876445064,0.847987647309384,0.8228373986386882,0.0,,,,,0.4621171413218699,0.5379340629575944,0.3924050559173682,0.0,0.2564009468899313,0.3011053321399021,0.2244253110926113,1.0,0.7435990531100687,0.7726573884679642,0.7109973876616416,0.0,2083.0,0.2814819117881987,0.3223768415650063,0.2389017942376506,1.0,0.7185180882118013,0.7507577399550927,0.6761091184730207,0.0,,,,,,,,,,,,,,,,0.6,symmetric_confident
Exp2B,qwen25_7b,20,nan,math,movies,math->movies,0.1933648944322673,0.2139933026760649,0.1729226532619854,0.0,0.7289700697422177,0.7488525173540886,0.7090840274730132,0.0,0.9216154227622118,0.9320185337501388,0.9112536942180054,0.0,0.7282505283299444,0.7484096196740163,0.7031273155512561,0.0,0.901231506736094,0.9130879705216493,0.8865133053281499,0.0,,,,,0.6228034943267395,0.708964013429893,0.55374213194073,0.0,0.1638342203032433,0.19972286897803,0.1290639122015567,1.0,0.8361657796967567,0.8690149605179577,0.8046544187266493,0.0,617.0,0.213362285370017,0.2527610448095866,0.1718278586570149,1.0,0.7866377146299829,0.8220065820548217,0.7474212407788513,0.0,,,,,,,,,,,,,,,,0.6,symmetric_confident
Exp2B,qwen25_7b,20,nan,movies,math,movies->math,0.0994538398517319,0.1172715789438463,0.0827122818049021,0.0,0.7626133906254389,0.7747306635042182,0.7513543507355415,0.0,0.8484418519233283,0.8606621784400657,0.8351444797512091,0.0,0.7489880120715964,0.764256278692686,0.734822059870359,0.0,0.8306329334570107,0.8459511708803076,0.8160395026184664,0.0,,,,,0.4430558984562208,0.5117957096066426,0.3749765697631574,0.0,0.2697426066582434,0.3026761635872629,0.231322130840195,1.0,0.7302573933417565,0.7682256599241667,0.6962246439339533,0.0,2083.0,0.2872014948855357,0.3229960959193693,0.2543342280247746,1.0,0.7127985051144643,0.7457984533482787,0.6752495928441307,0.0,,,,,,,,,,,,,,,,0.6,symmetric_confident
Exp2B,qwen25_7b,21,nan,math,movies,math->movies,0.1911272652315774,0.2122339573570122,0.1681367944143609,0.0,0.7153147727181877,0.7349530495176588,0.6954647182684024,0.0,0.9030442035029193,0.9152355274783598,0.8859532479302705,0.0,0.7119169382713417,0.7318390980563394,0.693492217244082,0.0,0.8832595105530885,0.8991456161862883,0.8667422763084186,0.0,,,,,0.6037503765438297,0.6689722164826456,0.5299320278117147,0.0,0.1784817752786424,0.2065356503003511,0.140154905409466,1.0,0.8215182247213576,0.8576568750822476,0.7898907248373211,0.0,617.0,0.2177678481775278,0.2601663727902377,0.1844906040736715,1.0,0.7822321518224722,0.8206977799303027,0.7491624553186244,0.0,,,,,,,,,,,,,,,,0.6,symmetric_confident
Exp2B,qwen25_7b,21,nan,movies,math,movies->math,0.1038796424205625,0.122858064727847,0.0835276953955776,0.0,0.7534692967674895,0.7665691134581198,0.7408726253795737,0.0,0.8406001257524917,0.8514229419372834,0.828258792188586,0.0,0.7367204833319291,0.7485643726458703,0.7248232802528907,0.0,0.8259465987686216,0.8363407801103514,0.8102237307472339,0.0,,,,,0.4375057486288008,0.5340088610338418,0.3720282661185175,0.0,0.2743705554022588,0.3123981206768674,0.2436426892034189,1.0,0.7256294445977413,0.7603891407342105,0.6806700800334492,0.0,2083.0,0.2881236959689404,0.3195156101668496,0.2531082919712966,1.0,0.7118763040310595,0.7405122779737369,0.6839943670348082,0.0,,,,,,,,,,,,,,,,0.6,symmetric_confident
Exp2B,qwen25_7b,22,nan,math,movies,math->movies,0.1837491831693722,0.2043219762773534,0.1654265594236642,0.0,0.7089170724080741,0.7266894939647078,0.6906516581328068,0.0,0.8938050853188468,0.9066262582713356,0.8800757775560516,0.0,0.7100559021494746,0.7277966991599163,0.6845928766626634,0.0,0.8832613889953339,0.8951998575033703,0.8684457149122538,0.0,,,,,0.6058841249121397,0.6631299256236778,0.5189876614913589,0.0,0.18222211065368,0.2194303289931967,0.1514228329137296,1.0,0.8177778893463199,0.8498910015932158,0.7763889175558617,0.0,617.0,0.2118937644341801,0.2452983985096005,0.1670199182471668,1.0,0.7881062355658198,0.8302266473949796,0.7473780099422872,0.0,,,,,,,,,,,,,,,,0.6,symmetric_confident
Exp2B,qwen25_7b,22,nan,movies,math,movies->math,0.1008319676229646,0.1149774492750926,0.0815001728623562,0.0,0.7524682792943335,0.7656294309113216,0.7398129064084431,0.0,0.8411536857308274,0.8540912991159869,0.8310345891513885,0.0,0.7403217181078627,0.7536684412113384,0.729428628117377,0.0,0.8338319025355936,0.8502856508472988,0.8216126773572286,0.0,,,,,0.4468899313069114,0.5172746376270746,0.3784670905075268,0.0,0.2725140508590267,0.3029320132345345,0.2429588556188754,1.0,0.7274859491409733,0.7570890099442559,0.6921064468560469,0.0,2083.0,0.2805960178340619,0.3179119078315861,0.2424836982836587,1.0,0.7194039821659381,0.7509243052667898,0.685075579411042,0.0,,,,,,,,,,,,,,,,0.6,symmetric_confident
Exp2B,qwen25_7b,23,nan,math,movies,math->movies,0.1826255338162954,0.2035563075580734,0.161762724643162,0.0,0.6893419927033171,0.7084349074532618,0.6679204515851467,0.0,0.8743491197619638,0.8893124776318359,0.8586258833956079,0.0,0.6917235859456684,0.7097776478307124,0.6748265230118502,0.0,0.8709932826905304,0.8886197456538938,0.857418074132616,0.0,,,,,0.608469725876092,0.6850566750543816,0.5367696560943006,0.0,0.1897278843257355,0.2298650989814783,0.15639845515186,1.0,0.8102721156742645,0.8471947545016262,0.7743445016782655,0.0,617.0,0.2018023897981725,0.2500833998986936,0.1663549157440727,1.0,0.7981976102018274,0.8382223935892414,0.7575771347646347,0.0,,,,,,,,,,,,,,,,0.6,symmetric_confident
Exp2B,qwen25_7b,23,nan,movies,math,movies->math,0.0848259024971317,0.1019220714135746,0.0644313744348729,0.0,0.7473880077419234,0.7577832023685246,0.7350825050595576,0.0,0.8228299290930258,0.8364752254144162,0.8039132114417448,0.0,0.738004026595894,0.7504591292662448,0.727239161594394,0.0,0.8176720848144529,0.8335999088113712,0.8039897623591767,0.0,,,,,0.3991315334679117,0.4829438123209351,0.3256552419434233,0.0,0.2985123758901298,0.3396362987803565,0.2640386736799216,1.0,0.7014876241098702,0.7379220476965828,0.665981439267762,0.0,2083.0,0.3023560906419584,0.3410802617759376,0.2646184171375825,1.0,0.6976439093580415,0.7374381998471489,0.6678929348094331,0.0,,,,,,,,,,,,,,,,0.6,symmetric_confident
Exp2B,qwen25_7b,24,nan,math,movies,math->movies,0.1659199664633927,0.1847484736647106,0.1429311751800987,0.0,0.6991295325556957,0.7217719458187928,0.6760189983888072,0.0,0.8705340035615265,0.8841375985352354,0.8570489161017043,0.0,0.7046140370981339,0.7273917753583343,0.6878462687624668,0.0,0.8708871507036645,0.8856284580729539,0.8544188746140806,0.0,,,,,0.5551134652073502,0.6274608433839548,0.4533913070137321,0.0,0.2175042674967366,0.2529994781726033,0.1784768685073551,1.0,0.7824957325032634,0.8184582850286513,0.7469596384147146,0.0,617.0,0.2273822672959132,0.2743330715082496,0.1878357214016062,1.0,0.7726177327040867,0.8077989514233677,0.7322634296444805,0.0,,,,,,,,,,,,,,,,0.6,symmetric_confident
Exp2B,qwen25_7b,24,nan,movies,math,movies->math,0.0900430060630879,0.105610516914638,0.0746539666310114,0.0,0.7473665056496381,0.7591372354226227,0.7352192949721855,0.0,0.8193302746011094,0.8320620713810811,0.8063195382761158,0.0,0.7292872685380215,0.7395991312885585,0.7159571888117193,0.0,0.8050191430154452,0.8170500808298187,0.7891249178523981,0.0,,,,,0.3785211864201655,0.4547446649606456,0.3030663289649333,0.0,0.3053937871240397,0.344548006269129,0.268610694146345,1.0,0.6946062128759604,0.7304216821367914,0.6485299972960994,0.0,2083.0,0.3160850264557948,0.3476811917709212,0.2867241938370634,1.0,0.6839149735442052,0.7183054831192812,0.6412064513004752,0.0,,,,,,,,,,,,,,,,0.6,symmetric_confident
Exp2B,qwen25_7b,25,nan,math,movies,math->movies,0.1593861969940386,0.1824633938848332,0.139504170098541,0.0,0.7132254376544016,0.7358654553318866,0.6864260319177231,0.0,0.8814646589875947,0.8994172554227025,0.8667515437198418,0.0,0.7220784619935561,0.7434620502532611,0.6998246322453616,0.0,0.8838502806392715,0.8997992635897609,0.8694606885164222,0.0,,,,,0.5593935134049604,0.6375209580222363,0.4730275993643533,0.0,0.2158098202630786,0.2608575352818407,0.1801263113543709,1.0,0.7841901797369214,0.8220158807969046,0.7508936243594307,0.0,617.0,0.224796666331961,0.2725249416892988,0.1841344841695242,1.0,0.775203333668039,0.8144946506748537,0.7326618548920406,0.0,,,,,,,,,,,,,,,,0.6,symmetric_confident
Exp2B,qwen25_7b,25,nan,movies,math,movies->math,0.079059742724958,0.0989956382335982,0.0646186281320491,0.0,0.7588832895685306,0.7721365531410666,0.7457854726360463,0.0,0.8273204136136411,0.840634242276588,0.8151743653036782,0.0,0.748260670888683,0.759314519179812,0.7343490866643888,0.0,0.8164115717193852,0.8321632559310924,0.8011458759271348,0.0,,,,,0.380554385659168,0.4402911443045988,0.3030012613590953,0.0,0.304169026630069,0.3447507860572951,0.2687559346146715,1.0,0.6958309733699309,0.7294465427284595,0.6647746560470575,0.0,2083.0,0.3152765877107629,0.3505109714869925,0.2760335108357181,1.0,0.6847234122892372,0.7215171878087404,0.6517694230468736,0.0,,,,,,,,,,,,,,,,0.6,symmetric_confident
Exp2B,qwen25_7b,26,nan,math,movies,math->movies,0.1365030262580872,0.1595267203859177,0.1098890533742667,0.0,0.7020849822824031,0.7208440970120408,0.6844665590450014,0.0,0.8565818737837086,0.8729778059647582,0.8400188422333238,0.0,0.7200788475256215,0.7407425826854259,0.6972294837489302,0.0,0.8761026455980584,0.8970735223426278,0.858428710866153,0.0,,,,,0.5046189376443417,0.5799392672831771,0.4125855313451077,0.0,0.2536524751481072,0.2973971252040774,0.2062408336011792,1.0,0.7463475248518927,0.7868712275337776,0.6984978914471283,0.0,617.0,0.2417285872075509,0.2826448898421466,0.1922696600361008,1.0,0.758271412792449,0.7990940335906813,0.7167775155230993,0.0,,,,,,,,,,,,,,,,0.6,symmetric_confident
Exp2B,qwen25_7b,26,nan,movies,math,movies->math,0.096455173092578,0.1108235405625484,0.0796751546590043,0.0,0.7493334351391581,0.7627199240147045,0.7363203147188297,0.0,0.8226349504771747,0.8327293609442507,0.8076014559113537,0.0,0.7261797773845967,0.7417931902318212,0.715564255347205,0.0,0.8046105096711137,0.8203361955052058,0.7891044656577128,0.0,,,,,0.3846837164945709,0.4502000905102609,0.3039125020217855,0.0,0.3006980650720575,0.3350410716877,0.266363110419718,1.0,0.6993019349279425,0.7340353578886734,0.6589272254799821,0.0,2083.0,0.3146182184333715,0.3546931920944728,0.2894299932083172,1.0,0.6853817815666284,0.7170754781965408,0.6483010002235623,0.0,,,,,,,,,,,,,,,,0.6,symmetric_confident
Exp2B,qwen25_7b,27,nan,math,movies,math->movies,0.1530503616651415,0.1709426909290022,0.1328255223006192,0.0,0.7363893411932129,0.7578742720809144,0.7198346072287977,0.0,0.8879828535791838,0.903506160098959,0.8749246202980987,0.0,0.7349324919140423,0.756883201610497,0.7150824785516665,0.0,0.8814280293638092,0.8941135546851071,0.8678786362570627,0.0,,,,,0.5149738929611407,0.5959216313049596,0.4414569790358066,0.0,0.2390300230946882,0.2734027013446151,0.1941090491676955,1.0,0.7609699769053118,0.7963800195634881,0.7183007591374628,0.0,617.0,0.2459960839441711,0.2886278179057234,0.2099293829469701,1.0,0.754003916055829,0.78834864964094,0.7136355224258205,0.0,,,,,,,,,,,,,,,,0.6,symmetric_confident
Exp2B,qwen25_7b,27,nan,movies,math,movies->math,0.111465899234793,0.1306482342244188,0.0911777384641521,0.0,0.7223225653195533,0.735671502183368,0.7103675624111507,0.0,0.7967665423667615,0.8103691372984023,0.7829982030003964,0.0,0.6853006431319685,0.7004784729100548,0.6720021850658648,0.0,0.7616422528372128,0.7825204882242149,0.7435129076589739,0.0,,,,,0.340691578198295,0.4139335607498642,0.291940010764439,0.0,0.320238562044043,0.3583730307853283,0.2864807193520081,1.0,0.679761437955957,0.7158834831829731,0.6443986599789018,0.0,2083.0,0.339069859757662,0.3752055750957766,0.2990567564274938,1.0,0.660930140242338,0.7044317382625401,0.6269064103851529,0.0,,,,,,,,,,,,,,,,0.6,symmetric_confident
Exp2B,llama31_8b,0,nan,math,movies,math->movies,0.0053062564038965,0.0215631931331728,-0.0201532203769513,0.42,0.5136850980934365,0.5242435259248754,0.5019102947218431,0.0,0.4975737420298617,0.5125186793705374,0.4810465348932023,0.62,0.4922674856259652,0.5038097681653718,0.4807551895135775,0.87,0.5051243194400123,0.5200394266499184,0.4903627180028035,0.27,,,,,-0.0060073042891082,0.0094848041820358,-0.0188514679236838,0.74,0.5042676976666626,0.5324627674154052,0.4685917133376126,0.5,0.4957323023333374,0.5277087545982193,0.4700708989244515,0.57,2656.0,0.5017396066224457,0.528846016841842,0.4740523823036257,0.37,0.4982603933775543,0.5279995148805963,0.473359885400545,0.57,,,,,,,,,,,,,,,,0.6,symmetric_confident
Exp2B,llama31_8b,0,nan,movies,math,movies->math,-0.0118983854303307,0.0122486883151895,-0.0371067906076412,0.87,0.4735697486628134,0.4859438465517833,0.45688417011063,1.0,0.5267635235244216,0.540482964297131,0.5114514531671182,0.0,0.5386619089547523,0.5517777078966865,0.5235596626015938,0.0,0.5199729008373826,0.5323373531109246,0.5061851054136256,0.0,,,,,0.0379292586961079,0.0627912385345728,0.0158307099066231,0.0,0.4364510882729506,0.465887515043397,0.4134591485996545,1.0,0.5635489117270494,0.5889070659636557,0.5396633790714788,0.0,2145.0,0.5256196530309414,0.5491565966564135,0.499852473769699,0.03,0.4743803469690585,0.4987638888274777,0.4511758614061228,0.98,,,,,,,,,,,,,,,,0.6,symmetric_confident
Exp2B,llama31_8b,1,nan,math,movies,math->movies,-0.0206499811835144,-0.0025687175508647,-0.0418390396631563,1.0,0.5106476481220243,0.5230093297110752,0.4975234165522645,0.07,0.4907335680943105,0.5054748627724127,0.4772066674342732,0.89,0.511383549277825,0.5228177648913588,0.4983446064130264,0.08,0.5105844511111122,0.531554047687804,0.4924992597637386,0.13,,,,,-0.0220857986338426,0.0005609212488144,-0.0456556964510091,0.95,0.5149523821287845,0.5460459924470962,0.4896381827694596,0.11,0.4850476178712156,0.5135590305613021,0.4589298407942684,0.82,2656.0,0.5071334165050583,0.5382282586691467,0.481464315148541,0.29,0.4928665834949418,0.5207855058300688,0.4598072888049857,0.65,,,,,,,,,,,,,,,,0.6,symmetric_confident
Exp2B,llama31_8b,1,nan,movies,math,movies->math,-0.0702188302801241,-0.0485847664772796,-0.0968787398654675,1.0,0.512168807296762,0.5283794912293622,0.4980631698644688,0.08,0.472950378451548,0.4901447317370852,0.455627167247013,0.99,0.5431692087316722,0.5572085327651258,0.5288132136104716,0.0,0.5258712565488544,0.5416931591734141,0.512359056024278,0.01,,,,,-0.0689129279865169,-0.0422071079779997,-0.0944899224130136,1.0,0.5480379943942697,0.5796226562969582,0.5229175221247123,0.0,0.4519620056057303,0.4820078485703525,0.4241991030943125,1.0,2145.0,0.5208749335922472,0.5479893988171084,0.4926451369076072,0.06,0.4791250664077527,0.5013711054030302,0.4506134277154873,0.95,,,,,,,,,,,,,,,,0.6,symmetric_confident
Exp2B,llama31_8b,2,nan,math,movies,math->movies,-0.0551560385479124,-0.0386352489067953,-0.0768399922503746,1.0,0.4979245065938881,0.5114863927601032,0.4877838478092822,0.59,0.4764894644898714,0.4925755036624596,0.4601322327415841,0.99,0.5316455030377839,0.5465569175850191,0.5173232774130901,0.0,0.5261719204441552,0.5435743618767566,0.5104079137921681,0.0,,,,,-0.0090088977276002,0.0250893939980896,-0.0418902355666869,0.69,0.5263802594793121,0.5508471474921172,0.4919771294213396,0.07,0.4736197405206879,0.5069713510517097,0.44356026564643,0.95,2656.0,0.4826286382482881,0.509209698363884,0.4494897178493417,0.93,0.5173713617517118,0.5431813134630434,0.4892709424222768,0.19,,,,,,,,,,,,,,,,0.6,symmetric_confident
Exp2B,llama31_8b,2,nan,movies,math,movies->math,-0.1227201084110068,-0.1044374606313665,-0.141665282486744,1.0,0.6138073905330206,0.6262547083888323,0.6034246728271868,0.0,0.48256444626806,0.4956282001016667,0.4686891317091592,0.99,0.6052845546790669,0.6159249687717863,0.5909174175195627,0.0,0.5336645746394585,0.5471432778809667,0.5192620031955953,0.0,,,,,-0.2718860615978977,-0.2373603058383569,-0.31088574714812,1.0,0.6718306963603463,0.6911548063366506,0.6481565570725141,0.0,0.3281693036396537,0.3558718134607969,0.3028214030369116,1.0,2145.0,0.6000553652375514,0.6230238874538254,0.5780417889991571,0.0,0.3999446347624485,0.4177437705221614,0.3801442087343227,1.0,,,,,,,,,,,,,,,,0.6,symmetric_confident
Exp2B,llama31_8b,3,nan,math,movies,math->movies,-0.0555007867366342,-0.0348442311384807,-0.0799670647886148,1.0,0.4862221002121372,0.5000162777298166,0.4702335500066631,0.97,0.4850058378766295,0.5034072698863896,0.4689673843156703,0.93,0.5405066246132637,0.552174694518704,0.5261025690396957,0.0,0.5305286023249653,0.547840657953634,0.5141728315980016,0.0,,,,,0.0221238846959908,0.0567841283470397,-0.0100748235302946,0.14,0.5004271815078787,0.5265932992010028,0.4690763385866764,0.46,0.4995728184921213,0.5305731052593119,0.4739083166583925,0.52,2656.0,0.4774489337961304,0.4992041435576492,0.4454477297573997,0.97,0.5225510662038696,0.5534229398843431,0.5000802380554219,0.03,,,,,,,,,,,,,,,,0.6,symmetric_confident
Exp2B,llama31_8b,3,nan,movies,math,movies->math,-0.068855714645579,-0.0483055213722288,-0.0834787636370162,1.0,0.6685227788791586,0.6824075800903128,0.6555954265278822,0.0,0.5307124282775936,0.5465535530609994,0.5150906154519848,0.0,0.5995681429231726,0.615760661108931,0.5852856339380988,0.0,0.509654967234289,0.5250593097385116,0.4967133358351281,0.13,,,,,-0.3183287433108819,-0.2749085131841647,-0.3652005666361292,1.0,0.6937956330668881,0.7163484695555056,0.6694575023077854,0.0,0.3062043669331118,0.3356804665836315,0.2810855497890139,1.0,2145.0,0.6245331102439938,0.6481661222778446,0.6000000290503591,0.0,0.3754668897560062,0.4060976654882031,0.3440225657007976,1.0,,,,,,,,,,,,,,,,0.6,symmetric_confident
Exp2B,llama31_8b,4,nan,math,movies,math->movies,-0.0557380405789414,-0.0339895260799658,-0.0815778289302709,1.0,0.5253989011745029,0.5366951196445129,0.5141482428807385,0.0,0.4975420296748216,0.5117998035843057,0.4836958928597101,0.6,0.5532800702537631,0.5619647588786542,0.5419913995339984,0.0,0.5430463390509794,0.5552440691997836,0.5311411097022448,0.0,,,,,0.0046434115229895,0.0389460013568587,-0.0277552260589382,0.37,0.5166436091587715,0.5467955398390052,0.4965205775976883,0.05,0.4833563908412284,0.510238391165322,0.4529555331885734,0.87,2656.0,0.4787129793182389,0.5096139188580208,0.4496893769515487,0.91,0.5212870206817611,0.5476300081206733,0.493455793089208,0.09,,,,,,,,,,,,,,,,0.6,symmetric_confident
Exp2B,llama31_8b,4,nan,movies,math,movies->math,-0.0688514635704286,-0.0521851379522708,-0.0842473897571064,1.0,0.622518896046875,0.6346808550036184,0.6089096448463809,0.0,0.5284535930138518,0.5462126591592533,0.5129496624535537,0.0,0.5973050565842803,0.6121409781307497,0.5842240544499409,0.0,0.5434294425673224,0.5568539514111154,0.5290130097007132,0.0,,,,,-0.19966750325169,-0.1616160250832354,-0.2467701750277115,1.0,0.627119196064183,0.6478818201125625,0.6010022941301909,0.0,0.372880803935817,0.3938419810372275,0.3489066120518918,1.0,2145.0,0.572548307187507,0.594110755474763,0.5478394962681989,0.0,0.427451692812493,0.4503758837231906,0.3995283717096528,1.0,,,,,,,,,,,,,,,,0.6,symmetric_confident
Exp2B,llama31_8b,5,nan,math,movies,math->movies,-0.0178165011579888,0.0028434933258368,-0.0369653298452511,0.95,0.5281082681425434,0.5436890257852626,0.515905777520009,0.0,0.4992703238234424,0.5146932602804789,0.4852782978716239,0.55,0.5170868249814313,0.5346437098386438,0.5030707055508477,0.02,0.5257950515176844,0.5393874427066919,0.5129274609529794,0.0,,,,,-0.0189179646808387,0.0260052198671103,-0.0562825274145197,0.8,0.5358889081034788,0.5642940601164282,0.5038014264774304,0.02,0.4641110918965212,0.4987247824113743,0.4380666122074882,0.97,2656.0,0.48302905657736,0.5055441799489182,0.4558492146763835,0.9,0.51697094342264,0.5393153731141854,0.4882551115010253,0.16,,,,,,,,,,,,,,,,0.6,symmetric_confident
Exp2B,llama31_8b,5,nan,movies,math,movies->math,-0.030338484007472,-0.0095714684136807,-0.0470521106005737,1.0,0.550914338633018,0.5626056871387867,0.5384252539940032,0.0,0.4991783175034995,0.514389012710652,0.484601317390203,0.52,0.5295168015109716,0.54376158816884,0.5150343151598737,0.0,0.5403315095711234,0.5547976146189074,0.529351106954753,0.0,,,,,-0.042320821196744,-9.535061019637184e-05,-0.0777429961178133,0.97,0.5645819212144527,0.5907052761782713,0.5411940472349733,0.0,0.4354180787855472,0.4643205728162013,0.4164971886325241,1.0,2145.0,0.4777388999822912,0.5041355359078715,0.4487529998709432,0.95,0.5222611000177088,0.5485647325603563,0.4975382827458768,0.07,,,,,,,,,,,,,,,,0.6,symmetric_confident
Exp2B,llama31_8b,6,nan,math,movies,math->movies,0.0397425611965504,0.0581459178111188,0.019759670888887,0.0,0.5730458710050603,0.5887940004411043,0.5594283345797536,0.0,0.5791598199906276,0.592552456162076,0.5640613927006892,0.0,0.5394172587940772,0.5520364002419393,0.5263215662955382,0.0,0.5621749045592438,0.5726530182408432,0.5469906033440295,0.0,,,,,0.0779529050401241,0.1182932993526127,0.0340227828081154,0.0,0.4638264757834406,0.4924115466240412,0.4257647752969611,0.99,0.5361735242165594,0.5679133395047057,0.5099484522868527,0.0,2656.0,0.4582206191764352,0.4881120703096228,0.4280789029448518,0.99,0.5417793808235648,0.5749171252726303,0.5161017489039595,0.0,,,,,,,,,,,,,,,,0.6,symmetric_confident
Exp2B,llama31_8b,6,nan,movies,math,movies->math,0.0297396533716309,0.046827375015127,0.0096347012696194,0.0,0.6371077671126765,0.6484114895072736,0.626394038816925,0.0,0.6098196863410458,0.6253177260003829,0.5967506177334369,0.0,0.5800800329694148,0.5910602780177004,0.5654130149366059,0.0,0.5902753058550815,0.6040403373680269,0.5710501952492636,0.0,,,,,-0.0242645277772688,0.0310240921962412,-0.0756383723086593,0.81,0.5405387526130561,0.5658144514704354,0.5160253717480696,0.0,0.459461247386944,0.4791425799949609,0.4377353858116152,1.0,2145.0,0.4837257751642129,0.5062584232427534,0.4635589885540589,0.86,0.5162742248357871,0.5403968636248138,0.4886861933980443,0.13,,,,,,,,,,,,,,,,0.6,symmetric_confident
Exp2B,llama31_8b,7,nan,math,movies,math->movies,0.036496204113949,0.0568756349748611,0.0151449909439503,0.0,0.5832897086051843,0.5957103291045801,0.5693402217549789,0.0,0.572687988270984,0.5888100060778697,0.5587257708427208,0.0,0.536191784157035,0.5487249580433888,0.5246519421053144,0.0,0.5521573044942072,0.5676716273463746,0.5349430679146845,0.0,,,,,0.0478268298808832,0.0792432019831107,0.0165022288426223,0.0,0.4910291883345479,0.5166080924612662,0.4651086570159763,0.79,0.508970811665452,0.5341732255662763,0.4762940298011694,0.31,2656.0,0.4611439817845688,0.4884776207740351,0.4324841899649345,0.99,0.5388560182154313,0.5609021521049545,0.5064383061818174,0.02,,,,,,,,,,,,,,,,0.6,symmetric_confident
Exp2B,llama31_8b,7,nan,movies,math,movies->math,0.038694947608037,0.0529853640978515,0.0252120739795705,0.0,0.5898330496067671,0.6016926288176683,0.5711739464845886,0.0,0.595271037802936,0.6111645189749327,0.580564379894739,0.0,0.556576090194899,0.5700723033060214,0.5430040420105557,0.0,0.6014108320128978,0.6164590189912912,0.5860636013825549,0.0,,,,,0.0757028026616024,0.1347461212433838,0.0328476572859274,0.0,0.4922671861228661,0.5194809904461226,0.4671015929138403,0.7,0.507732813877134,0.5354752100262637,0.4807784231352305,0.37,2145.0,0.4320300112155316,0.4617311602661255,0.4023859929637774,1.0,0.5679699887844685,0.5932499472452795,0.530338045809468,0.0,,,,,,,,,,,,,,,,0.6,symmetric_confident
Exp2B,llama31_8b,8,nan,math,movies,math->movies,0.1103874481732921,0.1297385594380542,0.089536106805362,0.0,0.6276851959464153,0.6389733051297618,0.61276004083509,0.0,0.7053822349139129,0.7191032627114755,0.6908062543892836,0.0,0.5949947867406208,0.6086257518497815,0.5826373629598847,0.0,0.6306491793566702,0.643339717921631,0.6147509063111164,0.0,,,,,0.2180653515652342,0.2518785077432369,0.1787930899488775,0.0,0.3692608421754759,0.3982539426813591,0.3405687109380264,1.0,0.6307391578245242,0.6587678272805424,0.6120369491215595,0.0,2656.0,0.4126738062592899,0.4383239964606105,0.3800955036014313,1.0,0.58732619374071,0.6249777290158608,0.5569198896163752,0.0,,,,,,,,,,,,,,,,0.6,symmetric_confident
Exp2B,llama31_8b,8,nan,movies,math,movies->math,-0.0090672468011402,0.0123578702472676,-0.0266607531204938,0.79,0.6551184494119607,0.6686315469618279,0.6411552284672588,0.0,0.6442798206230697,0.661249593032957,0.6299330250559652,0.0,0.6533470674242099,0.6677676584866347,0.6412396325292427,0.0,0.6333131694805906,0.6483503236744825,0.6175951936501304,0.0,,,,,-0.0662337186509607,-0.0246706929691457,-0.1140077273654773,1.0,0.5262140151399499,0.5514082327805919,0.4995906648826705,0.03,0.4737859848600501,0.5004783833174166,0.4534949836996676,0.97,2145.0,0.5400197035110109,0.5652487119133063,0.5150593048406685,0.0,0.459980296488989,0.4843841366690466,0.4329659046026239,1.0,,,,,,,,,,,,,,,,0.6,symmetric_confident
Exp2B,llama31_8b,9,nan,math,movies,math->movies,0.1421679654881579,0.1602089421014221,0.1275602711517159,0.0,0.6460096690765885,0.6577403988324246,0.6349649372650898,0.0,0.7384385981059957,0.7510595992297774,0.7265609439128423,0.0,0.5962706326178377,0.6077011809074503,0.5835023836650864,0.0,0.6557773369844786,0.6681864653796137,0.6399130188282696,0.0,,,,,0.2849197722247613,0.3227897662642591,0.234420720706986,0.0,0.332260747474997,0.3607073825994327,0.3056844657153212,1.0,0.667739252525003,0.6964550704129362,0.6452187841292724,0.0,2656.0,0.3828194803002417,0.4142734031132749,0.3602469287198579,1.0,0.6171805196997583,0.6422441438717924,0.5904015443253785,0.0,,,,,,,,,,,,,,,,0.6,symmetric_confident
Exp2B,llama31_8b,9,nan,movies,math,movies->math,0.0078585502741227,0.0265200590726825,-0.0106446300835624,0.19,0.6911363124345828,0.7025475964292118,0.6765519625566077,0.0,0.6694334902903463,0.683908263814294,0.6545543878118032,0.0,0.6615749400162235,0.674490882742948,0.6501159149100764,0.0,0.6609989748758834,0.6721144830401539,0.6508513891765968,0.0,,,,,-0.0513634707490388,-0.0080754531646807,-0.0972089337596263,0.99,0.5414567571033396,0.5592072584817032,0.510062792551672,0.0,0.4585432428966604,0.4856906260952682,0.4365170567283613,1.0,2145.0,0.5099067136456992,0.5374499500541483,0.4820662025591722,0.27,0.4900932863543009,0.5214499081192667,0.462948084461357,0.75,,,,,,,,,,,,,,,,0.6,symmetric_confident
Exp2B,llama31_8b,10,nan,math,movies,math->movies,0.1697657676955022,0.1844722999912806,0.1553366480757333,0.0,0.684055984260699,0.6976073280318628,0.6708012147718868,0.0,0.7830658243366804,0.7935534320750133,0.7729195831328695,0.0,0.6133000566411781,0.6249091959250261,0.6014419979804705,0.0,0.6750515573978442,0.6883668229923969,0.6638700174926905,0.0,,,,,0.3206408957841817,0.3666594560100267,0.276301477776126,0.0,0.3094502843073071,0.3317583790712483,0.2871035476815497,1.0,0.6905497156926929,0.7166474414111961,0.6744654345942812,0.0,2656.0,0.3699088199085111,0.3956254780803425,0.3457451384001819,1.0,0.6300911800914889,0.6572980333375152,0.6067084213529707,0.0,,,,,,,,,,,,,,,,0.6,symmetric_confident
Exp2B,llama31_8b,10,nan,movies,math,movies->math,0.0524358585439637,0.0702210971376627,0.0353113791458003,0.0,0.7022925707953372,0.7168935226623901,0.688893134269252,0.0,0.7088018185728214,0.7249273609332807,0.695274365847722,0.0,0.6563659600288577,0.6699224184323112,0.6444091687724108,0.0,0.6908581225584037,0.7062086552030415,0.6782467183849646,0.0,,,,,0.04286633162556,0.0890035609046507,-0.0105671458297483,0.05,0.4991583262600171,0.5201084393720757,0.4751897125435421,0.62,0.5008416737399829,0.5251469069211704,0.4773820321224769,0.54,2145.0,0.4579753421144228,0.4842765100775138,0.4322922234491163,1.0,0.5420246578855772,0.5622885229415457,0.5171165006784322,0.0,,,,,,,,,,,,,,,,0.6,symmetric_confident
Exp2B,llama31_8b,11,nan,math,movies,math->movies,0.1731615842582825,0.1896864002985226,0.159874392130296,0.0,0.7129661124781584,0.7247073677394085,0.7014805676183724,0.0,0.8237632882359894,0.8353832647082166,0.8113299712779636,0.0,0.6506017039777069,0.6623013378466603,0.6375322909953264,0.0,0.7218332380989313,0.7362096228780299,0.7067492832447586,0.0,,,,,0.3704826842233119,0.4242686955146061,0.3293120931056731,0.0,0.2817256897694661,0.3086982764535416,0.259361215116186,1.0,0.7182743102305339,0.7469551484966466,0.6906936947279787,0.0,2656.0,0.3477916260072219,0.3730205820615906,0.3201571569920389,1.0,0.6522083739927781,0.6715537160365271,0.6258513809430221,0.0,,,,,,,,,,,,,,,,0.6,symmetric_confident
Exp2B,llama31_8b,11,nan,movies,math,movies->math,0.0555657015559603,0.0730043398882974,0.0373180541500335,0.0,0.7505921224274397,0.762994217900433,0.7398298847218509,0.0,0.7734891293305557,0.7848450033133925,0.7629387873743326,0.0,0.7179234277745954,0.7301790326111451,0.7050019053672592,0.0,0.7438842836730843,0.7608158833995252,0.7312326767916495,0.0,,,,,0.0509665508474748,0.0915059723487677,0.0032573721984688,0.01,0.4843247171182394,0.5137070496340597,0.4598423789142664,0.82,0.5156752828817606,0.5382518237823917,0.4948703685828099,0.12,2145.0,0.4647087320342857,0.4881364730336722,0.4469984426045871,1.0,0.5352912679657142,0.5582104120775224,0.5133774768866068,0.0,,,,,,,,,,,,,,,,0.6,symmetric_confident
Exp2B,llama31_8b,12,nan,math,movies,math->movies,0.1385841685666657,0.1503378801548849,0.1247936880659741,0.0,0.7199253628909443,0.7289248443718476,0.7084380858653018,0.0,0.8099518275894452,0.8199898010070293,0.7988170794445427,0.0,0.6713676590227794,0.68245144282373,0.6611963394833891,0.0,0.7369544832509708,0.7534092725122632,0.7234754859961363,0.0,,,,,0.3652854807696267,0.4123896247310084,0.3091361773285473,0.0,0.2994099748426119,0.3276844251700516,0.2723718830034146,1.0,0.7005900251573881,0.7233476963628437,0.670328295776894,0.0,2656.0,0.3353045443877614,0.3624991892330577,0.3117259555595239,1.0,0.6646954556122386,0.690767591274866,0.6374902077255328,0.0,,,,,,,,,,,,,,,,0.6,symmetric_confident
Exp2B,llama31_8b,12,nan,movies,math,movies->math,0.0499658573113672,0.0662428466065399,0.0347117332369324,0.0,0.7510695237310704,0.7634732738076331,0.7376221174375857,0.0,0.77643758155146,0.7862425567950766,0.7644169597032517,0.0,0.7264717242400928,0.7384315887679145,0.7140140321074062,0.0,0.7695988690651316,0.7813518965104148,0.7599194214975519,0.0,,,,,0.0691485355691118,0.1083585559636302,0.0252197367675218,0.0,0.4821874561098185,0.5025457425049118,0.4569454345761354,0.94,0.5178125438901814,0.5452501338815471,0.4917581220887364,0.08,2145.0,0.4486640083210695,0.4694814232127042,0.4244706215904226,1.0,0.5513359916789304,0.577492134074937,0.5315670359415208,0.0,,,,,,,,,,,,,,,,0.6,symmetric_confident
Exp2B,llama31_8b,13,nan,math,movies,math->movies,0.1416276969424129,0.1543417213290928,0.1279994436071293,0.0,0.7294444455576752,0.7409596527326657,0.719194324694029,0.0,0.8325046266165125,0.84513011424226,0.8220855906922891,0.0,0.6908769296740995,0.7034123885556933,0.6797871148348693,0.0,0.7858973930692094,0.7956349225442079,0.7746175705201445,0.0,,,,,0.4516837127528606,0.5018309824657471,0.4114145978299537,0.0,0.2685885717109083,0.2992511226314222,0.2409993515389607,1.0,0.7314114282890918,0.7545985786188455,0.7056400315108988,0.0,2656.0,0.2797277155362311,0.3080361425169257,0.2559000913971976,1.0,0.7202722844637688,0.7469042206404835,0.6957170483457669,0.0,,,,,,,,,,,,,,,,0.6,symmetric_confident
Exp2B,llama31_8b,13,nan,movies,math,movies->math,0.0171061842645525,0.0338844868589001,-0.0003501787547697,0.03,0.7734499947654407,0.7853171640579845,0.762010138968869,0.0,0.7684141712524589,0.7792481952227704,0.7550277024531611,0.0,0.7513079869879064,0.7624329936336638,0.7407927931432929,0.0,0.7660123199601033,0.7764257102700177,0.7526669468338111,0.0,,,,,-0.0173901804051839,0.05339373787886,-0.0636619962090317,0.76,0.5280561305805411,0.5509422911524803,0.5013318869563863,0.01,0.4719438694194589,0.4927398896836137,0.4537107724808737,1.0,2145.0,0.4893340498246428,0.5113755891991574,0.4662308016166949,0.82,0.5106659501753572,0.5358462985808795,0.4852340096267081,0.18,,,,,,,,,,,,,,,,0.6,symmetric_confident
Exp2B,llama31_8b,14,nan,math,movies,math->movies,0.1417801532924487,0.1564000912336281,0.1277076066372047,0.0,0.7285846000785495,0.7405189508201903,0.7180180695157626,0.0,0.8461749877238729,0.8563182387882345,0.8349889354940299,0.0,0.7043948344314241,0.7144409230392019,0.6954390497788868,0.0,0.8287767604386794,0.8398759024889824,0.8181186325722637,0.0,,,,,0.5209607157709237,0.5732140911078186,0.4675390985702874,0.0,0.2456036332044583,0.2684092682168139,0.2225043749185026,1.0,0.7543963667955417,0.7825880875423967,0.7291012553782596,0.0,2656.0,0.233435651024618,0.256918222893598,0.2047462160998057,1.0,0.766564348975382,0.7898293709995892,0.7483638515045351,0.0,,,,,,,,,,,,,,,,0.6,symmetric_confident
Exp2B,llama31_8b,14,nan,movies,math,movies->math,-0.0113297283339482,0.0054170535386363,-0.0284231921801736,0.93,0.7806556445760351,0.7929306046896499,0.7705241332851025,0.0,0.7543398240269567,0.7661690121090556,0.7447447973518876,0.0,0.765669552360905,0.7763969556898436,0.7559656469807184,0.0,0.7605711801592966,0.771914204726637,0.7505980998296254,0.0,,,,,-0.0779204653936733,-0.0334367686740185,-0.1166209866809697,1.0,0.5573712096693759,0.5798908850922031,0.5328442699379154,0.0,0.4426287903306241,0.4675655795354277,0.4173386563732524,1.0,2145.0,0.5205492557242974,0.5457727401668785,0.4972743846036851,0.07,0.4794507442757026,0.5045461710592214,0.4562748107447714,0.93,,,,,,,,,,,,,,,,0.6,symmetric_confident
Exp2B,llama31_8b,15,nan,math,movies,math->movies,0.1676634231035386,0.1796489392458149,0.1530739777872907,0.0,0.7365439212928082,0.7477906155409169,0.7263441448733311,0.0,0.8648536232446072,0.8745502958677918,0.8534188598852375,0.0,0.6971902001410686,0.7067656490564677,0.6870998466901078,0.0,0.8087969839272674,0.8191608638848653,0.7986851913912085,0.0,,,,,0.5259021249963973,0.5792405284053569,0.476360021333146,0.0,0.2211132658901227,0.2491311969353905,0.1946787441059378,1.0,0.7788867341098773,0.8055526438641111,0.7576053965286675,0.0,2656.0,0.25298460911348,0.2816290066346184,0.2226703239025333,1.0,0.74701539088652,0.7746268141332736,0.725814627947603,0.0,,,,,,,,,,,,,,,,0.6,symmetric_confident
Exp2B,llama31_8b,15,nan,movies,math,movies->math,0.0194347043056271,0.0358310168308285,0.0025804023141546,0.01,0.7845371118384366,0.7983082726689614,0.7713867607126411,0.0,0.7818520047971059,0.7946941957026674,0.7710506485927211,0.0,0.7624173004914788,0.7732565200515892,0.7478495033745486,0.0,0.7874887361684106,0.7980972496657989,0.772302683272454,0.0,,,,,0.0035198653322016,0.0521414504504293,-0.0353436420706097,0.43,0.5245958032335741,0.5498276058294586,0.5008254685360293,0.02,0.4754041967664258,0.5022263384440272,0.4452392198810017,0.96,2145.0,0.4718843314342242,0.4998675269864657,0.4469147757624196,0.98,0.5281156685657757,0.551467893977491,0.5043246700140779,0.01,,,,,,,,,,,,,,,,0.6,symmetric_confident
Exp2B,llama31_8b,16,nan,math,movies,math->movies,0.1656537910120615,0.1777332669929904,0.1500106850347465,0.0,0.7384562289933366,0.7479581028830823,0.7276232806120786,0.0,0.8752256074171636,0.885269771328281,0.8669867696834621,0.0,0.709571816405102,0.7222488112501306,0.6970564465443071,0.0,0.8238112947845032,0.8367996143403187,0.8114486582843862,0.0,,,,,0.5243287588884634,0.5634607046923623,0.4715408391001026,0.0,0.2139592623244438,0.2351876270470873,0.1884911449472996,1.0,0.7860407376755562,0.8095481149418603,0.756911147182873,0.0,2656.0,0.2617119787870927,0.2859372078519879,0.2336578026503358,1.0,0.7382880212129073,0.7674118574976059,0.7119845243729075,0.0,,,,,,,,,,,,,,,,0.6,symmetric_confident
Exp2B,llama31_8b,16,nan,movies,math,movies->math,0.0303014390529557,0.0462612323674314,0.0154530639641838,0.0,0.7743609386502529,0.7854743316148858,0.76306754766417,0.0,0.7954023117406397,0.8075360949846898,0.7829927337979946,0.0,0.7651008726876839,0.7761826985592339,0.7530814441347592,0.0,0.7853734446677054,0.7962844096211067,0.7724365328026441,0.0,,,,,0.0393968445885568,0.0953427785061477,-0.0103102214044935,0.08,0.4805977410168884,0.5082604328417026,0.4472347556250862,0.87,0.5194022589831115,0.5405667625599413,0.4941115769598325,0.07,2145.0,0.4800054143945547,0.5090189684243214,0.4562806405560202,0.89,0.5199945856054453,0.5437685254013035,0.4918422788883979,0.08,,,,,,,,,,,,,,,,0.6,symmetric_confident
Exp2B,llama31_8b,17,nan,math,movies,math->movies,0.1642597371554701,0.1750575218548553,0.1502704104078651,0.0,0.7332605029977076,0.7431593548770246,0.7208600967099977,0.0,0.8729639850434489,0.8808370694819309,0.8635166920593997,0.0,0.7087042478879787,0.7187908482242993,0.6942341383274763,0.0,0.817778355050359,0.8281214329900394,0.8079433692278082,0.0,,,,,0.5147063667543675,0.5641288168926761,0.4587050334361826,0.0,0.2120168731548846,0.2353562877027464,0.189162054143453,1.0,0.7879831268451153,0.8117833664591318,0.762418295035627,0.0,2656.0,0.2732767600907477,0.3015166066022043,0.2495103722134222,1.0,0.7267232399092522,0.7635709664493463,0.7029356058690492,0.0,,,,,,,,,,,,,,,,0.6,symmetric_confident
Exp2B,llama31_8b,17,nan,movies,math,movies->math,0.0340690202397585,0.0457869717223307,0.0172498712541052,0.0,0.7702668841837732,0.78079341393536,0.7587069105485091,0.0,0.8051567569136507,0.8163853896008959,0.7926697130100097,0.0,0.7710877366738922,0.7828408666939787,0.7594480135199706,0.0,0.7888719280909076,0.8012268097242436,0.7757715124254295,0.0,,,,,0.0512535544686056,0.097157217937387,-0.0099740349233033,0.05,0.4593289407530894,0.4906602599247639,0.4320361104458067,1.0,0.5406710592469106,0.5718483979920861,0.5165266163121796,0.01,2145.0,0.489417504778305,0.5170767904402447,0.4636916690217534,0.81,0.5105824952216951,0.5452347535526942,0.4857006948327461,0.27,,,,,,,,,,,,,,,,0.6,symmetric_confident
Exp2B,llama31_8b,18,nan,math,movies,math->movies,0.1738224736411741,0.1876485789838121,0.1634265137373026,0.0,0.7354773906184041,0.7474297955047684,0.7244511948939434,0.0,0.8824846414086033,0.8912353766379587,0.8745486511057372,0.0,0.7086621677674292,0.7204830999855023,0.696677241722514,0.0,0.8240314708038422,0.8343746845635257,0.8115978100439496,0.0,,,,,0.5278985552000857,0.5845339803040662,0.475294323242911,0.0,0.2040548274598449,0.2295483670296197,0.1772477586993942,1.0,0.7959451725401551,0.815388286697341,0.7757754804481487,0.0,2656.0,0.2680466173400694,0.2915417689046624,0.2405907410791476,1.0,0.7319533826599306,0.759869431664243,0.7052561541454011,0.0,,,,,,,,,,,,,,,,0.6,symmetric_confident
Exp2B,llama31_8b,18,nan,movies,math,movies->math,0.0553576015040661,0.0745691771135973,0.0382430493005491,0.0,0.7482264814574342,0.7583352803812067,0.736847250535698,0.0,0.7941187296904706,0.8031180633491536,0.7807042799191789,0.0,0.7387611281864045,0.7515720830371106,0.7260834792008922,0.0,0.7715689676327285,0.7828229028559441,0.760704371483424,0.0,,,,,0.105114058495816,0.1490172609714789,0.064436480901608,0.0,0.4376830665828046,0.4598139931785271,0.4100699798693431,1.0,0.5623169334171954,0.5898772903390981,0.5411634086141917,0.0,2145.0,0.4572028749213793,0.4809889093814363,0.4332665136224304,1.0,0.5427971250786207,0.5667115144646239,0.5175907221230334,0.0,,,,,,,,,,,,,,,,0.6,symmetric_confident
Exp2B,llama31_8b,19,nan,math,movies,math->movies,0.1861773888679977,0.2029889132290432,0.1741827798030545,0.0,0.7380004027668681,0.7492129210216041,0.7246722086865621,0.0,0.8918389685156468,0.8993196201786906,0.8829446833064041,0.0,0.7056615796476491,0.716894029271233,0.6975305779247403,0.0,0.820600696246799,0.8300959626717901,0.8092340428511066,0.0,,,,,0.5389517480473174,0.5812948939754228,0.4828793807861244,0.0,0.1926784177608689,0.2177749353224532,0.1721336874622971,1.0,0.8073215822391311,0.8295120228999047,0.7885706672156519,0.0,2656.0,0.2683698341918137,0.2962057504107886,0.2415754365791307,1.0,0.7316301658081862,0.7615640669611144,0.7108324821447736,0.0,,,,,,,,,,,,,,,,0.6,symmetric_confident
Exp2B,llama31_8b,19,nan,movies,math,movies->math,0.0772309329729608,0.0926660769364225,0.0634341699588051,0.0,0.7285332622414502,0.7404602458721146,0.7185259580152582,0.0,0.793135494493751,0.8053844236196351,0.7837468087678776,0.0,0.7159045615207902,0.7291188118164081,0.7039365078690706,0.0,0.7689764722800898,0.7800405624413279,0.7569234574379785,0.0,,,,,0.1757306888290455,0.2330268798793179,0.1105942888798518,0.0,0.4036695753771248,0.4309182265881818,0.3821084573233813,1.0,0.5963304246228752,0.6170643410648132,0.5714709845581784,0.0,2145.0,0.4205997357938296,0.4439841442603686,0.3939056190510221,1.0,0.5794002642061704,0.6042292220869764,0.5563317881681238,0.0,,,,,,,,,,,,,,,,0.6,symmetric_confident
Exp2B,llama31_8b,20,nan,math,movies,math->movies,0.1714615664429292,0.186450897201902,0.1599508220457761,0.0,0.7372593668344528,0.7476851349017862,0.7257542571260447,0.0,0.882638939828522,0.8886412275533077,0.8740966013728368,0.0,0.7111773733855928,0.7231294429076477,0.7003349808392884,0.0,0.826473964565327,0.8375089839604699,0.815634799194296,0.0,,,,,0.5274631388679587,0.5713137953818813,0.4750901625024167,0.0,0.2073786083970502,0.2334190658528722,0.1838613688378202,1.0,0.7926213916029498,0.814602224535742,0.771751741048869,0.0,2656.0,0.265158252734991,0.2951898408205944,0.2355158378036914,1.0,0.734841747265009,0.7654242292055623,0.709833938525625,0.0,,,,,,,,,,,,,,,,0.6,symmetric_confident
Exp2B,llama31_8b,20,nan,movies,math,movies->math,0.0520391048557198,0.0753379004490437,0.0348357475752973,0.0,0.7432192278538378,0.7570885477040358,0.7281870522564625,0.0,0.7788495917314571,0.7910560045228523,0.7679265318889914,0.0,0.7268104868757372,0.7394857965418851,0.7132532661655581,0.0,0.7503498219555991,0.7628730481460965,0.7388550819980081,0.0,,,,,0.0790298056313774,0.1288783599884911,0.0237620566590247,0.0,0.4540315866822177,0.4751709244834727,0.4279698197986121,1.0,0.5459684133177822,0.5779364090398703,0.5169917989531405,0.0,2145.0,0.4669386076864047,0.4954284098714117,0.4412271088149822,0.98,0.5330613923135952,0.5600839707696084,0.5071922853115092,0.0,,,,,,,,,,,,,,,,0.6,symmetric_confident
Exp2B,llama31_8b,21,nan,math,movies,math->movies,0.1739221907000911,0.1858487944951961,0.1644046611047982,0.0,0.7404118691989549,0.7497769029697717,0.7282715410824705,0.0,0.8905961128478606,0.8977329976974502,0.8817766798768512,0.0,0.7166739221477694,0.7277594389944709,0.7066056902756227,0.0,0.8408463776431051,0.8508907174265421,0.8300948237446665,0.0,,,,,0.5475046423821699,0.5879515347558854,0.4841235175067414,0.0,0.2000218222842579,0.2245744981552543,0.1753381370537787,1.0,0.7999781777157421,0.8166771764135404,0.7759626285070735,0.0,2656.0,0.2524735353335721,0.2779274863698333,0.2257169232853423,1.0,0.7475264646664278,0.7727873293096129,0.7142288135288978,0.0,,,,,,,,,,,,,,,,0.6,symmetric_confident
Exp2B,llama31_8b,21,nan,movies,math,movies->math,0.0567348880447524,0.0717380965300772,0.0422803483111872,0.0,0.7444789049634305,0.7566549574865832,0.7327028643111194,0.0,0.780401790602897,0.7935604968959984,0.7683087513400207,0.0,0.7236669025581446,0.7371157635084865,0.7106788041317517,0.0,0.7525314760599876,0.764720994954582,0.7404508720348404,0.0,,,,,0.0928242988257277,0.132342154420113,0.0364809250496174,0.0,0.450939682423369,0.4769579360295345,0.4275405464282947,1.0,0.549060317576631,0.5779078661479071,0.5251238349385801,0.0,2145.0,0.4562360187509032,0.4774765474000285,0.4318148591792601,1.0,0.5437639812490968,0.5700393079391107,0.5235225938787206,0.0,,,,,,,,,,,,,,,,0.6,symmetric_confident
Exp2B,llama31_8b,22,nan,math,movies,math->movies,0.1727360339877532,0.1870366858487962,0.1572211521047163,0.0,0.7403368931111503,0.7528601865779923,0.7271664469747371,0.0,0.8899969070233463,0.897470057232718,0.8818239885619357,0.0,0.717260873035593,0.7310294637962869,0.7070663798234984,0.0,0.844086527657145,0.8534744217071979,0.8346111084887124,0.0,,,,,0.5534687138439748,0.6002210802097396,0.5076084771641973,0.0,0.2000146168130406,0.222526659577214,0.1735395733271212,1.0,0.7999853831869593,0.8229350939092978,0.7767529582448693,0.0,2656.0,0.2465166693429845,0.268269481018059,0.215943105849661,1.0,0.7534833306570154,0.7849212552309218,0.7238121885612423,0.0,,,,,,,,,,,,,,,,0.6,symmetric_confident
Exp2B,llama31_8b,22,nan,movies,math,movies->math,0.0525378813129259,0.0687740290011121,0.0349975018163373,0.0,0.7548594158801574,0.7655593539344473,0.743665133337636,0.0,0.7818797108543096,0.7922079558281041,0.7720225396077512,0.0,0.7293418295413837,0.7437038146245687,0.7176306361418677,0.0,0.7513539686288272,0.7639952306213414,0.738932945062579,0.0,,,,,0.0637249813244097,0.1093160737845333,0.010653016396533,0.01,0.4682016271680477,0.4977832152674616,0.4451485529582914,0.98,0.5317983728319523,0.5581136005671683,0.5047960435920992,0.01,2145.0,0.4680733915075425,0.4973888941931531,0.4394662234112566,0.98,0.5319266084924575,0.5535834221974812,0.5033481165281454,0.03,,,,,,,,,,,,,,,,0.6,symmetric_confident
Exp2B,llama31_8b,23,nan,math,movies,math->movies,0.1706431169994332,0.1820701306056066,0.156865280540821,0.0,0.7355142107238849,0.748096191831547,0.7257954087675925,0.0,0.8881014075847076,0.8977583827320484,0.8806971027006187,0.0,0.7174582905852743,0.7291926361369057,0.7074899464704661,0.0,0.845852607982029,0.8574724157029542,0.8347943923991636,0.0,,,,,0.5569479270888661,0.5988600774996032,0.5123818211586924,0.0,0.1993445079898382,0.2223734467593792,0.1746271811318974,1.0,0.8006554920101617,0.8247859476677922,0.7777588199977359,0.0,2656.0,0.2437075649212956,0.2688388239656932,0.2208951203582567,1.0,0.7562924350787044,0.7777497450671371,0.729263241382505,0.0,,,,,,,,,,,,,,,,0.6,symmetric_confident
Exp2B,llama31_8b,23,nan,movies,math,movies->math,0.0371022831363405,0.0521908273537733,0.0214455977106204,0.0,0.755077225773783,0.766609356035914,0.743951576300767,0.0,0.7752541371080417,0.787539613212543,0.762161597770071,0.0,0.7381518539717011,0.7506973023150726,0.7234072820589653,0.0,0.7489091069810029,0.7614372730897738,0.7394271312659189,0.0,,,,,0.0298035958907594,0.0854320333144458,-0.0223832786247392,0.15,0.4807870412776343,0.5066375149734096,0.4532998731649643,0.91,0.5192129587223657,0.5438449928794271,0.498998833728686,0.05,2145.0,0.4894093628316062,0.5129430265056127,0.4582140374150093,0.74,0.5105906371683938,0.5419740248002982,0.488783792019189,0.18,,,,,,,,,,,,,,,,0.6,symmetric_confident
Exp2B,llama31_8b,24,nan,math,movies,math->movies,0.1696708067207468,0.1837875204090563,0.1566572423463572,0.0,0.7384721342769968,0.751063600334613,0.7261405432929837,0.0,0.8904781405510264,0.8982615208781468,0.8824873808610052,0.0,0.7208073338302795,0.7313433753987996,0.709952396655002,0.0,0.855646644704352,0.8652200911448171,0.8440003912444713,0.0,,,,,0.5648389474247646,0.6240636062981374,0.5116403151333362,0.0,0.1997212511991963,0.2215275812969894,0.1783766792504082,1.0,0.8002787488008037,0.8214277574207105,0.7698428190520981,0.0,2656.0,0.2354398013760391,0.2600992239009269,0.2083955154639446,1.0,0.7645601986239609,0.7985092204380269,0.7370777096774096,0.0,,,,,,,,,,,,,,,,0.6,symmetric_confident
Exp2B,llama31_8b,24,nan,movies,math,movies->math,0.0398837495928375,0.0572632434229651,0.0214544389144072,0.0,0.7636660574320178,0.7744371985232832,0.7508641618212548,0.0,0.7787204287314452,0.7912248090167857,0.7659199393014939,0.0,0.7388366791386076,0.7488917904035495,0.7296708304118539,0.0,0.7521639090344175,0.7630822808592743,0.7380718289347556,0.0,,,,,0.0178593600836992,0.060981725636839,-0.0319746012789871,0.25,0.4936492815749781,0.5179834768346947,0.4618398713422045,0.73,0.5063507184250219,0.5298136178606311,0.4868471840305203,0.35,2145.0,0.4884913583413226,0.5158062696864636,0.4679410311104562,0.74,0.5115086416586774,0.5374091288098796,0.485185030608255,0.18,,,,,,,,,,,,,,,,0.6,symmetric_confident
Exp2B,llama31_8b,25,nan,math,movies,math->movies,0.1736453196525373,0.1839866906826143,0.1624735728161775,0.0,0.7323829988965658,0.7439739412335983,0.7194709449219262,0.0,0.8842292297506976,0.8926479086577133,0.8740545845234843,0.0,0.7105839100981602,0.7200237967821677,0.7012795797351937,0.0,0.8403327893369863,0.849671278383844,0.8292393398633873,0.0,,,,,0.5448314125605773,0.5869083616665214,0.495160558553797,0.0,0.2049102198286333,0.2261876038692849,0.1799479050694101,1.0,0.7950897801713667,0.817179765583773,0.7729689980252418,0.0,2656.0,0.2502583676107893,0.278051226831066,0.2285519325864668,1.0,0.7497416323892108,0.7759719957676621,0.7229994029668573,0.0,,,,,,,,,,,,,,,,0.6,symmetric_confident
Exp2B,llama31_8b,25,nan,movies,math,movies->math,0.0074881181875795,0.0235397494367073,-0.0087631728488492,0.2,0.7873964156681637,0.7995874498410721,0.7716290025113379,0.0,0.7828217827660409,0.793157459296157,0.7725801609921541,0.0,0.7753336645784613,0.7879048779550017,0.7616153891213064,0.0,0.7520293367565706,0.7662531655385753,0.7386226531303631,0.0,,,,,-0.0874037978110376,-0.0399523326246601,-0.1326153774876068,1.0,0.5312905189066179,0.5551853759178761,0.5130633795055899,0.0,0.468709481093382,0.4891458327994861,0.4433738884870656,0.99,2145.0,0.5561132789044196,0.5850420079300531,0.5316103834811278,0.0,0.4438867210955803,0.4687768255644869,0.4167485628617984,1.0,,,,,,,,,,,,,,,,0.6,symmetric_confident
Exp2B,llama31_8b,26,nan,math,movies,math->movies,0.1766943142752698,0.1930797897897833,0.1650182136847506,0.0,0.7343635615545332,0.7446824427106183,0.7246251998462465,0.0,0.8939537679417174,0.9032917674217352,0.8846916870643835,0.0,0.7172594536664476,0.7319205893915436,0.7044209717473822,0.0,0.8509012382652605,0.8631019530894922,0.8422403312209354,0.0,,,,,0.5666320804048239,0.6222881085942963,0.5183689690658464,0.0,0.1903510505577034,0.2099825929564839,0.1674891910305336,1.0,0.8096489494422965,0.8326282067881945,0.7906611310763852,0.0,2656.0,0.2430168690374725,0.2735903882083283,0.222057102677193,1.0,0.7569831309625275,0.7867090635368177,0.7352488478522452,0.0,,,,,,,,,,,,,,,,0.6,symmetric_confident
Exp2B,llama31_8b,26,nan,movies,math,movies->math,0.0085364689934736,0.0247191961228831,-0.004981773964587,0.16,0.7863695636846455,0.7959825502571074,0.772020909077853,0.0,0.7872758612955616,0.7983707676727685,0.7748293551639671,0.0,0.778739392302088,0.791250166250251,0.768911347184206,0.0,0.7515090565823654,0.76289533356597,0.7371480272326065,0.0,,,,,-0.0820947396917866,-0.0307984961539747,-0.1334425753535509,1.0,0.5210102934561139,0.5455488710266595,0.4968153171639926,0.04,0.4789897065438861,0.5042034686796925,0.4565581956859978,0.94,2145.0,0.5610844462356728,0.5833675810604169,0.5323562263151916,0.0,0.4389155537643273,0.4617914827708151,0.4179314925264877,1.0,,,,,,,,,,,,,,,,0.6,symmetric_confident
Exp2B,llama31_8b,27,nan,math,movies,math->movies,0.1769865243920714,0.189287695953098,0.1619127455537076,0.0,0.7401599729217764,0.7510825486225368,0.7289395890840473,0.0,0.8981263663177645,0.9083041818598672,0.8878516767358865,0.0,0.7211398419256931,0.7317177146994717,0.7086021467606698,0.0,0.8549386941190927,0.8666833525385912,0.8456291503649657,0.0,,,,,0.566132844184773,0.6133686466261972,0.5199323049204897,0.0,0.1909449872566094,0.2218424993037805,0.1717045399720014,1.0,0.8090550127433905,0.8325184302403766,0.786852757245518,0.0,2656.0,0.2429221685586175,0.2762895579500916,0.2244709025877015,1.0,0.7570778314413824,0.7801190985019074,0.7319932706675422,0.0,,,,,,,,,,,,,,,,0.6,symmetric_confident
Exp2B,llama31_8b,27,nan,movies,math,movies->math,0.0077569676993998,0.022297727999878,-0.0065795221145209,0.2,0.7914742679272974,0.8000695276671652,0.7794363091763052,0.0,0.7930399745632009,0.8016026381396657,0.7802894556603682,0.0,0.785283006863801,0.7993536985315294,0.7760008598184424,0.0,0.7561291735547003,0.7679044040301689,0.741402502328202,0.0,,,,,-0.0889986016206544,-0.0335112285465444,-0.1369471553156146,1.0,0.5225827069123092,0.5435035481388839,0.49420837143216,0.07,0.4774172930876908,0.501803987865996,0.4536318712740678,0.94,2145.0,0.5664158947083453,0.5957645613135057,0.5308680540345163,0.0,0.4335841052916547,0.4525370274304587,0.415074653153224,1.0,,,,,,,,,,,,,,,,0.6,symmetric_confident
Exp2B,llama31_8b,28,nan,math,movies,math->movies,0.1753508489366144,0.1904065424367821,0.1614830813058728,0.0,0.7381865488556879,0.7482924577247119,0.7240264433356741,0.0,0.8979121473153944,0.9068401739354992,0.8911188088208551,0.0,0.7225612983787799,0.7341054444904112,0.7116392206834807,0.0,0.8582571029835077,0.8690723347450008,0.8503705828123873,0.0,,,,,0.5673155708174298,0.6145000353593983,0.5236151487499979,0.0,0.1905929485199962,0.2182925423383806,0.1754633961004304,1.0,0.8094070514800038,0.8327308091989971,0.7888718366625798,0.0,2656.0,0.2420914806625739,0.2682670579603081,0.2105716714338271,1.0,0.7579085193374261,0.7799685301724972,0.731005111956127,0.0,,,,,,,,,,,,,,,,0.6,symmetric_confident
Exp2B,llama31_8b,28,nan,movies,math,movies->math,0.0119943234206975,0.0275353621665977,-0.0032626684041539,0.09,0.7826100580929254,0.7933571247258489,0.7699250065196048,0.0,0.7893051320853294,0.7988092175144774,0.7785137796091743,0.0,0.7773108086646319,0.7888057409586504,0.7641653750416555,0.0,0.7506851971813705,0.7621315512745327,0.7367218275064366,0.0,,,,,-0.0715371791818564,-0.0105654549268042,-0.1241912132758903,0.99,0.5116979419194232,0.5370969660270352,0.4809374054753612,0.22,0.4883020580805767,0.5105339248701195,0.4642006151009745,0.85,2145.0,0.5598392372624332,0.5845154464519886,0.5361825164067445,0.0,0.4401607627375667,0.4623245185005378,0.4170847508872542,1.0,,,,,,,,,,,,,,,,0.6,symmetric_confident
Exp2B,llama31_8b,29,nan,math,movies,math->movies,0.169585726327695,0.1815787112080391,0.1569728937678404,0.0,0.7427500293892906,0.7534859097864749,0.7302156732864075,0.0,0.9022218738859794,0.9098108932868372,0.8950578517084484,0.0,0.7326361475582843,0.7461041737635856,0.7233201972234654,0.0,0.8651074388891822,0.8759408948507266,0.8553153648386567,0.0,,,,,0.567162197215806,0.6281173219665922,0.5113975157695758,0.0,0.1904591326259619,0.2131434745881121,0.1674178614361179,1.0,0.8095408673740381,0.835667191925865,0.7877278194830815,0.0,2656.0,0.2423786701582321,0.2639635719644939,0.2178101914259663,1.0,0.7576213298417679,0.7852555905519014,0.7303447693020816,0.0,,,,,,,,,,,,,,,,0.6,symmetric_confident
Exp2B,llama31_8b,29,nan,movies,math,movies->math,0.0085502838346291,0.0237017283743156,-0.0052648434336143,0.12,0.7826998527438943,0.7955308853660747,0.7703439485990479,0.0,0.7895094972406086,0.8014357521816581,0.7773600842566709,0.0,0.7809592134059794,0.7930485651051663,0.7679653225095446,0.0,0.7512203198862205,0.7624678557150687,0.7409225648610873,0.0,,,,,-0.0780797422259675,-0.028804632993219,-0.1262193358868644,1.0,0.5128474830189524,0.5373178652772513,0.4866584937763609,0.24,0.4871525169810475,0.5098318357939119,0.4632298304779023,0.87,2145.0,0.5652322592070151,0.58864008493757,0.5355006661409444,0.0,0.4347677407929849,0.4597913138646892,0.4121301235948019,1.0,,,,,,,,,,,,,,,,0.6,symmetric_confident
Exp2B,llama31_8b,30,nan,math,movies,math->movies,0.167563124355719,0.1775529800879641,0.1566809277168392,0.0,0.747751260065832,0.7592517414061417,0.7377756934477234,0.0,0.9071354784512504,0.9141132172093313,0.8987797090235154,0.0,0.7395723540955312,0.7501954711715139,0.7276865383826946,0.0,0.8756116454775963,0.8856239621452929,0.8682461463555193,0.0,,,,,0.5798314743217592,0.6334969440487073,0.5169092196311366,0.0,0.1856160266149519,0.2137372164902591,0.1612028435392987,1.0,0.814383973385048,0.8374404514701574,0.789788094102136,0.0,2656.0,0.2345524990632887,0.262974112398968,0.2093258930259804,1.0,0.7654475009367112,0.7867425947315263,0.7414849626246596,0.0,,,,,,,,,,,,,,,,0.6,symmetric_confident
Exp2B,llama31_8b,30,nan,movies,math,movies->math,0.01304578612985,0.0290977000737924,-0.002467514851361,0.05,0.7844457741201014,0.7946790226781338,0.772835206641237,0.0,0.7988304085851836,0.810728338056847,0.7882528446018529,0.0,0.7857846224553335,0.7984684758633975,0.7764193550301507,0.0,0.7643803012571954,0.7735219237887788,0.7517133772997956,0.0,,,,,-0.0444560467184901,0.0078051172178377,-0.0971380055505228,0.94,0.4960531913377829,0.5219528836389333,0.4724341338189282,0.72,0.5039468086622171,0.5272866180042304,0.4786093295111245,0.42,2145.0,0.5484028553807072,0.5688728572591576,0.5252212000740668,0.0,0.4515971446192927,0.4808401695456272,0.4233190745628539,1.0,,,,,,,,,,,,,,,,0.6,symmetric_confident
Exp2B,llama31_8b,31,nan,math,movies,math->movies,0.1642246866013543,0.1778346109224288,0.1514269651752144,0.0,0.7379490967468727,0.7471384978025623,0.7257089799845199,0.0,0.8988461141327074,0.9079652660300764,0.8905519743787599,0.0,0.7346214275313531,0.7450041100184622,0.7218792535985993,0.0,0.8762797658121423,0.8857401961939636,0.8656775857892515,0.0,,,,,0.5802545384175138,0.6212125810833261,0.5248071379822286,0.0,0.1923243203181936,0.2156041387941908,0.1710318791136748,1.0,0.8076756796818064,0.8320271623951743,0.7827859453356674,0.0,2656.0,0.2274211412642925,0.2489967431541235,0.2054841703800993,1.0,0.7725788587357074,0.79750874407132,0.7465979070561123,0.0,,,,,,,,,,,,,,,,0.6,symmetric_confident
Exp2B,llama31_8b,31,nan,movies,math,movies->math,-0.0168007199969645,-0.0003440582933472,-0.0318988100344267,0.97,0.8126263386406146,0.824427914149325,0.8020120670865755,0.0,0.7812238689002147,0.7936185402104926,0.7688811838972017,0.0,0.7980245888971792,0.8109930431834409,0.7881115923935522,0.0,0.7405369961620514,0.7533510383823426,0.7231915205613021,0.0,,,,,-0.1787096235774492,-0.1304051042662847,-0.2252730374590923,1.0,0.5756529332380725,0.5992272686997319,0.5554448721061581,0.0,0.4243470667619274,0.4504677231142041,0.3997269963755415,1.0,2145.0,0.6030566903393767,0.6261138833885427,0.5773509163786106,0.0,0.3969433096606233,0.4195777011788454,0.3715113863860005,1.0,,,,,,,,,,,,,,,,0.6,symmetric_confident
Exp2B,qwen25_14b,0,nan,math,movies,math->movies,0.0158947622645591,0.0417601562730841,-0.0134147787351496,0.13,0.5277669152538802,0.5450473664705286,0.5120557192753552,0.0,0.5154306362434818,0.5375077418845795,0.4976646215722746,0.07,0.4995358739789227,0.5205844119406413,0.4838484730144513,0.51,0.5097671937884345,0.5318203942352167,0.4864349767269288,0.26,,,,,0.0099428962078256,0.0594536395867052,-0.051218160241657,0.37,0.5242590581895685,0.579725926993865,0.4767851615965104,0.12,0.4757409418104315,0.5194161796058793,0.4289664624333711,0.84,1390.0,0.4657980456026058,0.5107326023055275,0.4292887959903548,0.92,0.5342019543973942,0.5831926979620907,0.4919440195128658,0.07,,,,,,,,,,,,,,,,0.6,symmetric_confident
Exp2B,qwen25_14b,0,nan,movies,math,movies->math,0.0138352214754841,0.0336854145835044,-0.0119128986190942,0.09,0.5283980691881401,0.5451497456049513,0.5098441145932615,0.0,0.5178575418518385,0.5360818720882338,0.5011892599637473,0.01,0.5040223203763544,0.5183536453926235,0.488030401265827,0.3,0.5114806868984478,0.5299338834030182,0.4913828683503539,0.08,,,,,0.0232831916285153,0.066252684663952,-0.0423049489786083,0.23,0.5104869950193691,0.5432123631567295,0.4824935327508008,0.25,0.4895130049806309,0.5170512884703936,0.4581598522688073,0.79,1676.0,0.4662298133521155,0.4979003083201381,0.4284400337330546,0.98,0.5337701866478844,0.5669808905261167,0.4931223983188834,0.04,,,,,,,,,,,,,,,,0.6,symmetric_confident
Exp2B,qwen25_14b,1,nan,math,movies,math->movies,0.0174560655108749,0.0395144292695848,-0.0113269167724469,0.17,0.5241338947612352,0.5410899157586752,0.5082123265774634,0.01,0.5179906333535909,0.5408884462591589,0.4949122385274677,0.08,0.5005345678427159,0.519469610717919,0.4810946874331523,0.51,0.5092242767835514,0.5286658718598594,0.4894683157685371,0.25,,,,,0.0200918888486749,0.0693307080275572,-0.0410462539108393,0.26,0.5227158483130253,0.5629750296718632,0.48566698046287,0.16,0.4772841516869747,0.5161974927140793,0.4425239932588399,0.86,1390.0,0.4571922628382998,0.4968400341674608,0.4155761973610359,0.98,0.5428077371617003,0.5822495722095554,0.4960711631119656,0.05,,,,,,,,,,,,,,,,0.6,symmetric_confident
Exp2B,qwen25_14b,1,nan,movies,math,movies->math,0.0212274506348395,0.0410308270527681,0.0061710347813262,0.0,0.5323326546456291,0.5450936192515641,0.5130564520199405,0.0,0.5270371113757851,0.5439926480028563,0.5082838154773621,0.0,0.5058096607409456,0.5200766413140968,0.4937449037719752,0.2,0.513770348391348,0.5341901349562771,0.4985750860142207,0.03,,,,,0.027345675906827,0.070510374060083,-0.0202507928440031,0.22,0.5069628213513105,0.5371286759997439,0.4700168234812035,0.32,0.4930371786486894,0.5299346121536975,0.4580468166657729,0.59,1676.0,0.4656915027418624,0.4947835206142866,0.4312543576091336,0.98,0.5343084972581376,0.5642883909326484,0.4976164490503606,0.06,,,,,,,,,,,,,,,,0.6,symmetric_confident
Exp2B,qwen25_14b,2,nan,math,movies,math->movies,0.0231327903310128,0.0498494793811826,-0.0048250112448525,0.06,0.5265924460033812,0.5440174345584302,0.508630013689659,0.0,0.5236790436161035,0.5497655967082307,0.494904297089868,0.05,0.5005462532850906,0.5156055761013771,0.4815843107008742,0.47,0.5042896818145115,0.5336293412368834,0.4789071133808087,0.42,,,,,0.0280240881489524,0.0936905110582252,-0.0302080438990751,0.18,0.5024681304540154,0.5470495722095469,0.4645207336392663,0.44,0.4975318695459846,0.535058499432831,0.4547309523360691,0.53,1390.0,0.4695077813970322,0.5205510732426172,0.4263932007764142,0.81,0.5304922186029678,0.5739972845362231,0.4944052398546087,0.05,,,,,,,,,,,,,,,,0.6,symmetric_confident
Exp2B,qwen25_14b,2,nan,movies,math,movies->math,0.0490480925011244,0.068855903126294,0.0298894421229457,0.0,0.5376070940693034,0.5508023660103027,0.5202513928537442,0.0,0.5542082849693153,0.5675083850410586,0.5363424530091111,0.0,0.5051601924681909,0.5201597068295101,0.4924092308393457,0.26,0.5068093381530089,0.5211601644217063,0.4892455109792341,0.33,,,,,0.0506037128339286,0.0946298527185847,0.0012932794929228,0.02,0.4737183679629723,0.5116003575798493,0.4316994990140589,0.91,0.5262816320370277,0.5635918187126602,0.4890969985454893,0.12,1676.0,0.475677919203099,0.5093021006347802,0.4411424249579243,0.85,0.5243220807969009,0.5504696566648567,0.4918023294928996,0.06,,,,,,,,,,,,,,,,0.6,symmetric_confident
Exp2B,qwen25_14b,3,nan,math,movies,math->movies,0.029000137189825,0.0607152579921847,-0.0064991380701735,0.07,0.528376697845402,0.5479843089785355,0.5144260535406254,0.0,0.5192831158123781,0.5433841648068131,0.4998054147312812,0.03,0.490282978622553,0.506187903459327,0.4725132830448031,0.84,0.4909053433232895,0.5132776920183344,0.4665429193676325,0.82,,,,,-0.0065448184340692,0.0523917671941828,-0.0663608127873467,0.52,0.5120289942494068,0.5633336001056851,0.4672781652296434,0.28,0.4879710057505931,0.5456163887181846,0.4418180012062621,0.7,1390.0,0.4945158241846624,0.5311234716431096,0.437029774684967,0.68,0.5054841758153376,0.5603213952802679,0.4632576026365477,0.41,,,,,,,,,,,,,,,,0.6,symmetric_confident
Exp2B,qwen25_14b,3,nan,movies,math,movies->math,0.0248137416515182,0.0466585466855826,0.0084604350756836,0.0,0.5118337165063327,0.5252069680542304,0.4954240782032725,0.09,0.5352706712389205,0.5530490072999509,0.5202609021955331,0.0,0.5104569295874022,0.5263570767923353,0.4954190614010643,0.1,0.5146030300333452,0.5325039287002947,0.4943432913712552,0.1,,,,,0.0650135835387634,0.1178261809891812,0.0024808766426365,0.01,0.4597260653016048,0.4907794694588346,0.4236218325946077,1.0,0.5402739346983951,0.5854475615302189,0.5119472474738194,0.0,1676.0,0.4752603511596317,0.510315610172806,0.4341143346432086,0.92,0.5247396488403683,0.5636257217202273,0.493151170918478,0.08,,,,,,,,,,,,,,,,0.6,symmetric_confident
Exp2B,qwen25_14b,4,nan,math,movies,math->movies,0.0336307506611496,0.0645524386284381,0.0083654651933666,0.0,0.5132731812843322,0.5295659238805973,0.494781783978946,0.12,0.5114047100971938,0.5356412376672985,0.4853889478357364,0.21,0.4777739594360441,0.4976104817891949,0.4612036590808832,0.98,0.4873349468557562,0.5070180948253961,0.4652612035138432,0.89,,,,,0.00903305585716,0.0631431862694222,-0.0695232009884796,0.38,0.4986578598142116,0.5409180240428034,0.4497855297195501,0.52,0.5013421401857884,0.5415931933251508,0.4400427278605551,0.49,1390.0,0.4923090843286283,0.5508413116128711,0.4584911958160542,0.6,0.5076909156713717,0.5589964999886412,0.4632126131264641,0.37,,,,,,,,,,,,,,,,0.6,symmetric_confident
Exp2B,qwen25_14b,4,nan,movies,math,movies->math,0.0104113171327772,0.0346020741924012,-0.0100849097970653,0.09,0.497807086774662,0.5127158548335768,0.4846714177877595,0.69,0.5090011986071162,0.5255870014706554,0.4921404989468215,0.22,0.4985898814743389,0.5141072891675369,0.4831674875954625,0.54,0.4996677794335682,0.5117988784415785,0.4830467852903925,0.54,,,,,0.0515470141369421,0.1159080085819231,0.010502496196952,0.01,0.4713840116717814,0.5023628408992513,0.4357706609245504,0.93,0.5286159883282185,0.5639420460516917,0.4916695959600745,0.07,1676.0,0.4770689741912763,0.5086967344370662,0.4359249686525234,0.91,0.5229310258087236,0.5576684493896567,0.4897039682308924,0.13,,,,,,,,,,,,,,,,0.6,symmetric_confident
Exp2B,qwen25_14b,5,nan,math,movies,math->movies,0.0310818376172957,0.0562386943461574,0.0049412461765788,0.01,0.502580343176755,0.522208655936954,0.4808094432439282,0.39,0.5103653587077088,0.5386452980012049,0.4892621543416965,0.22,0.479283521090413,0.4954160514487845,0.4635366618104916,1.0,0.4818699187855658,0.5034157018771388,0.4532558922159321,0.9,,,,,0.0215094301684963,0.108573016545921,-0.0471114559285141,0.32,0.4726193348614629,0.5161605803653844,0.4323688605122476,0.85,0.527380665138537,0.5734328531261973,0.4836849890904311,0.11,1390.0,0.5058712349700406,0.5563607944958889,0.4670533400399206,0.36,0.4941287650299594,0.5361835317408199,0.4495956956961791,0.62,,,,,,,,,,,,,,,,0.6,symmetric_confident
Exp2B,qwen25_14b,5,nan,movies,math,movies->math,0.015538157225696,0.0414821965886652,-0.0044138998341922,0.07,0.4870395219374077,0.5024842240210046,0.4715582327626167,0.95,0.506176803070555,0.523304579973219,0.488924182979902,0.35,0.4906386458448589,0.5055635214844878,0.4753817182566415,0.9,0.4871533175665056,0.5053812673741855,0.472355088332037,0.89,,,,,0.0563138300548373,0.1173552987260529,0.0033162778605912,0.02,0.459621673290738,0.4976557890778504,0.4263003645544,0.98,0.540378326709262,0.5835329041469683,0.5059978215225915,0.02,1676.0,0.4840644966544247,0.5231675785115176,0.4451701871300184,0.86,0.5159355033455753,0.5548975923999184,0.478433308493772,0.19,,,,,,,,,,,,,,,,0.6,symmetric_confident
Exp2B,qwen25_14b,6,nan,math,movies,math->movies,0.0301569935710976,0.0551677883211291,0.003118972130856,0.01,0.5142122958503842,0.5320718667764797,0.4977884338168468,0.05,0.5228896359162442,0.5463623387612261,0.5001195452237245,0.03,0.4927326423451464,0.5150346710919608,0.4729034373475701,0.77,0.5033903095158158,0.530612235928681,0.4817250219797981,0.51,,,,,0.0181012989102022,0.0842929011958524,-0.0477369049891208,0.29,0.4804258656050187,0.5217294467931238,0.4443959575601914,0.81,0.5195741343949813,0.5631913864976129,0.4898127029427526,0.11,1390.0,0.5014728354847791,0.5468512009879622,0.470069124415285,0.32,0.498527164515221,0.5319297009205831,0.4581693236105857,0.41,,,,,,,,,,,,,,,,0.6,symmetric_confident
Exp2B,qwen25_14b,6,nan,movies,math,movies->math,0.022978124010671,0.0428140078366378,0.0040824354598003,0.02,0.5078412796394608,0.5229703113836175,0.4944404518280882,0.12,0.5284438178950338,0.542958409979771,0.505473123736608,0.0,0.5054656938843628,0.5182099358375186,0.4901683531653741,0.28,0.5098617152011028,0.5268943830550459,0.4953979129221917,0.08,,,,,0.0326658952558233,0.0822161205075633,-0.0318217165276205,0.2,0.4771570156462242,0.5147250920323555,0.4464940630850113,0.87,0.5228429843537757,0.5657547108779946,0.4835039405386606,0.09,1676.0,0.4901770890979524,0.5326576225672448,0.4602470280173504,0.64,0.5098229109020476,0.5441939327137075,0.4780402327118029,0.35,,,,,,,,,,,,,,,,0.6,symmetric_confident
Exp2B,qwen25_14b,7,nan,math,movies,math->movies,0.0122514627285976,0.0426045707331452,-0.0137198127866765,0.17,0.5429408736365887,0.5599391442382086,0.5234448876661274,0.0,0.5298721223273821,0.5534487952608929,0.5051632638917227,0.0,0.5176206595987844,0.5399232442875181,0.498354263319814,0.04,0.5077092089773612,0.5283852382584776,0.4782689887138435,0.33,,,,,0.0373537217999758,0.1244709228348945,-0.0587183645017943,0.22,0.4721769815418024,0.5144722913499746,0.4212127200347528,0.86,0.5278230184581976,0.5765907155639615,0.475828312699477,0.17,1390.0,0.4904692966582217,0.5419521701635416,0.4485323663917515,0.68,0.5095307033417783,0.5615338827926645,0.4665254320126115,0.28,,,,,,,,,,,,,,,,0.6,symmetric_confident
Exp2B,qwen25_14b,7,nan,movies,math,movies->math,0.033561313011923,0.0584214811192636,0.0070136886320486,0.0,0.5149179245580842,0.527108813813938,0.5009684877010183,0.02,0.5444362286101648,0.5586779413626872,0.5236168008897634,0.0,0.5108749155982418,0.5272415216142844,0.5007819301604656,0.02,0.5268243728141515,0.5435584099753161,0.5056055825906803,0.0,,,,,0.0514313025104392,0.0839268621358984,0.0035939099993063,0.02,0.4708482165316697,0.5065713665558127,0.4325576947576385,0.95,0.5291517834683303,0.5671170459596273,0.4899619956258755,0.07,1676.0,0.477720480957891,0.5222732045201082,0.4407579026047185,0.85,0.522279519042109,0.5544981986170083,0.4849266077870531,0.11,,,,,,,,,,,,,,,,0.6,symmetric_confident
Exp2B,qwen25_14b,8,nan,math,movies,math->movies,0.0270067909217809,0.0587534634820866,-0.0031052369070934,0.06,0.5563978949087022,0.5773660444353432,0.5349509868695007,0.0,0.5365496827494762,0.5577972247601417,0.5146526317908869,0.0,0.5095428918276953,0.5262824962819321,0.4929218406027466,0.14,0.5086128311156254,0.5321353738955217,0.4890312504849757,0.23,,,,,0.0250633369525877,0.1112259645296543,-0.0371066126998153,0.22,0.4911227731531749,0.5267818208340095,0.4521141705938905,0.66,0.5088772268468251,0.5567422732280151,0.4611373325920962,0.31,1390.0,0.4838138898942373,0.527710413447244,0.4343227243319278,0.73,0.5161861101057627,0.551202954351667,0.4732015595603398,0.28,,,,,,,,,,,,,,,,0.6,symmetric_confident
Exp2B,qwen25_14b,8,nan,movies,math,movies->math,0.035686335360247,0.0539286806168737,0.0117560592645587,0.0,0.5136277998166532,0.5293420369579719,0.4988918660691661,0.04,0.5488711696171085,0.5667509339137434,0.5328831713016812,0.0,0.5131848342568615,0.5285208644008426,0.4946110203765279,0.07,0.5416291589110663,0.5600130722322374,0.5219209203277297,0.0,,,,,0.0870478442420887,0.1406253347716244,0.0516602181333052,0.0,0.4621723600140866,0.4921142299813947,0.4242637138854503,1.0,0.5378276399859133,0.576847063306675,0.4920965255270857,0.07,1676.0,0.4507797957438245,0.4861941680436719,0.4162918653707156,0.99,0.5492202042561755,0.5836297067049657,0.5163911863401868,0.0,,,,,,,,,,,,,,,,0.6,symmetric_confident
Exp2B,qwen25_14b,9,nan,math,movies,math->movies,0.0279090362136305,0.0569131009075043,-0.0004212605042977,0.03,0.5654286022762584,0.5870473897511186,0.5457274261072765,0.0,0.5388031601807032,0.5617218862871681,0.5140715516634993,0.0,0.5108941239670727,0.5261180884018968,0.4920755837214814,0.12,0.5082632818111116,0.5303567761585826,0.4873141079586716,0.29,,,,,0.0074797924960791,0.075143805499202,-0.0592292078640086,0.35,0.5046195761450919,0.557963500509072,0.4528852307970717,0.5,0.4953804238549081,0.5317078469987396,0.4424243220007239,0.67,1390.0,0.487900631358829,0.5283171141046256,0.4443407164003141,0.69,0.512099368641171,0.564415050109465,0.4794436883241255,0.31,,,,,,,,,,,,,,,,0.6,symmetric_confident
Exp2B,qwen25_14b,9,nan,movies,math,movies->math,0.0332808827176845,0.0571375825392091,0.0156654319473692,0.0,0.5208948563277489,0.5340565612874426,0.5077986267108556,0.0,0.5558612456046339,0.5696980322585941,0.5402540960158516,0.0,0.5225803628869493,0.5403095597232168,0.504606836846126,0.0,0.5652373639732405,0.5797098204825435,0.5483753739654543,0.0,,,,,0.1106580469889823,0.1630150022063821,0.0637288149926942,0.0,0.4556321376465261,0.4839892773366434,0.4179548329323138,1.0,0.5443678623534739,0.579216637756113,0.510323574351195,0.0,1676.0,0.4337098153644916,0.463428217560229,0.397162794271206,1.0,0.5662901846355084,0.5982329595858155,0.5370735170433211,0.0,,,,,,,,,,,,,,,,0.6,symmetric_confident
Exp2B,qwen25_14b,10,nan,math,movies,math->movies,0.0577209953863837,0.0908644640328181,0.0259256136407278,0.0,0.5728641644678285,0.5917314900206958,0.5563900884388743,0.0,0.5574764240149934,0.5805923806589707,0.5355629708021009,0.0,0.4997554286286096,0.5170748811257401,0.483209706192436,0.49,0.5009068095179406,0.5225399586915855,0.4749265462266435,0.49,,,,,-0.0132957333011621,0.0607498842442831,-0.0757326518002224,0.71,0.5133761611774641,0.5565050327206773,0.4663157193985043,0.34,0.4866238388225359,0.5268159955806482,0.4374751855197937,0.72,1390.0,0.4999195721236981,0.5488032542703556,0.4440038348127052,0.47,0.5000804278763019,0.5359218223323711,0.4505138417011834,0.57,,,,,,,,,,,,,,,,0.6,symmetric_confident
Exp2B,qwen25_14b,10,nan,movies,math,movies->math,0.0412144375622011,0.0614265582343554,0.0198403398099022,0.0,0.5238169271844616,0.5373420978734696,0.5079159024979685,0.0,0.5734492428703706,0.5943592479543611,0.5559367455533781,0.0,0.5322348053081695,0.546363621268834,0.5177854519534386,0.0,0.5863506484407693,0.6049569294423665,0.5677444621551806,0.0,,,,,0.160391407153997,0.2137011846655671,0.1101340874659491,0.0,0.4270664587211349,0.4651062563670923,0.3903364232381267,1.0,0.572933541278865,0.6090978568147634,0.5350750654114464,0.0,1676.0,0.4125421341248679,0.442988999744497,0.3839024335590806,1.0,0.587457865875132,0.6261881511009125,0.5514030678533584,0.0,,,,,,,,,,,,,,,,0.6,symmetric_confident
Exp2B,qwen25_14b,11,nan,math,movies,math->movies,0.082483725992511,0.1117574995618722,0.0543163344207899,0.0,0.5722482922795763,0.5949166847800698,0.5521122381733133,0.0,0.5496259078719778,0.574550936046339,0.5277771983656276,0.0,0.4671421818794668,0.4900998687947986,0.4489089757991379,0.99,0.4841810346659413,0.5071006770768081,0.4614453029507701,0.9,,,,,-0.0090179756303535,0.0331764097237618,-0.054117627683432,0.66,0.5238368118389833,0.5640492541876775,0.4752196886217639,0.15,0.4761631881610166,0.5161023069857146,0.4310015702698884,0.91,1390.0,0.4851811637913701,0.5327098354137445,0.4460823799208386,0.73,0.5148188362086299,0.5602269301131547,0.4757962467517127,0.3,,,,,,,,,,,,,,,,0.6,symmetric_confident
Exp2B,qwen25_14b,11,nan,movies,math,movies->math,0.0459669369405041,0.0644689246511587,0.0228810490761427,0.0,0.5110978159292285,0.5307537657392408,0.4925098713308005,0.12,0.5607457116185361,0.577032051391335,0.5436747821025041,0.0,0.514778774678032,0.5267831166880707,0.4983516444972597,0.04,0.5723771238352398,0.5879910998899829,0.5568438066414922,0.0,,,,,0.1783921114856367,0.2273702799714256,0.1062606171846085,0.0,0.4222946118629572,0.4503574041564068,0.389542820517063,1.0,0.5777053881370429,0.6085997087939774,0.5443718138378517,0.0,1676.0,0.3993132766514061,0.4340993449429701,0.3595672264482017,1.0,0.6006867233485939,0.6354110334251866,0.5663018698879436,0.0,,,,,,,,,,,,,,,,0.6,symmetric_confident
Exp2B,qwen25_14b,12,nan,math,movies,math->movies,0.0579654507798576,0.0845081762805259,0.031132722211805,0.0,0.5970260384572846,0.6148616089778319,0.5780688286476422,0.0,0.5591800784520384,0.5838015489008044,0.5391621736204868,0.0,0.5012146276721808,0.5176688371692802,0.4818764345210514,0.46,0.5092447291364751,0.5319309329705838,0.4888628196738717,0.22,,,,,-0.0066855672175976,0.0555273025336856,-0.0677426859124538,0.64,0.5253749949732577,0.5578978864196378,0.468421731033678,0.14,0.4746250050267422,0.5196452963964845,0.4286380363810582,0.85,1390.0,0.4813105722443399,0.5260570010781438,0.4418306684350089,0.82,0.5186894277556601,0.5580963166624501,0.4847845218768948,0.22,,,,,,,,,,,,,,,,0.6,symmetric_confident
Exp2B,qwen25_14b,12,nan,movies,math,movies->math,0.083832153808142,0.1029504900506622,0.0657611678840734,0.0,0.5368472866846131,0.5533282076957068,0.523180018407551,0.0,0.6145010632194247,0.6323878111809507,0.5957923480802657,0.0,0.5306689094112826,0.5447679393231691,0.5178391057238491,0.0,0.6082760697047791,0.6273079993160051,0.5928946587265526,0.0,,,,,0.2085903305327766,0.2625081878570494,0.1586140096398745,0.0,0.4001609900890476,0.4344877248072144,0.3640163157132783,1.0,0.5998390099109524,0.6299627056123505,0.5587888898230625,0.0,1676.0,0.3912486793781757,0.426173475684023,0.3618694123336122,1.0,0.6087513206218242,0.6334977137798202,0.580341701591698,0.0,,,,,,,,,,,,,,,,0.6,symmetric_confident
Exp2B,qwen25_14b,13,nan,math,movies,math->movies,-0.0014745229807722,0.0303228551945723,-0.0257448691076938,0.48,0.602927680607564,0.6214880171386671,0.5849155109099483,0.0,0.566618360156904,0.5911363871878583,0.5488108815563588,0.0,0.5680928831376763,0.5851103960235984,0.5533414960676885,0.0,0.5520275984581582,0.5762737486751189,0.531369630021844,0.0,,,,,-0.0257721076124984,0.0479592325779937,-0.1222927382455855,0.7,0.5130544496722564,0.563060378296367,0.472207037368027,0.32,0.4869455503277436,0.5209154036910321,0.4450761530985733,0.69,1390.0,0.512717657940242,0.5641485887824762,0.4631464683849564,0.25,0.4872823420597579,0.5395746414449683,0.4471446943354825,0.73,,,,,,,,,,,,,,,,0.6,symmetric_confident
Exp2B,qwen25_14b,13,nan,movies,math,movies->math,0.0893855626710075,0.1091805251209447,0.0688341296573784,0.0,0.5741870382806225,0.5917495823737032,0.562487685938455,0.0,0.6617985166053477,0.6777948313842458,0.6475902335385068,0.0,0.5724129539343402,0.5865905949475924,0.5561243386019226,0.0,0.6649864706985058,0.6814944777292651,0.6485302448764871,0.0,,,,,0.2100392413342053,0.2761574487377812,0.1585015065383105,0.0,0.4007999195049554,0.4444891053339739,0.3650314654413387,1.0,0.5992000804950445,0.6252302247867808,0.5671547757351318,0.0,1676.0,0.3891608391608391,0.4226640247607645,0.3490023479729772,1.0,0.6108391608391608,0.6416557327953136,0.5844320924035231,0.0,,,,,,,,,,,,,,,,0.6,symmetric_confident
Exp2B,qwen25_14b,14,nan,math,movies,math->movies,0.0610606432830815,0.0888355290677236,0.0409444330352414,0.0,0.6349591239934061,0.6511725024060645,0.617610150957375,0.0,0.5979194910392133,0.6180602394021945,0.5771201609682821,0.0,0.5368588477561317,0.5637158534740745,0.5185913333548406,0.0,0.5509290149296864,0.5690020661387756,0.5308975668934662,0.0,,,,,0.0160654682913097,0.1027766320437706,-0.0650705162785167,0.3,0.5039409659387943,0.5430006770073599,0.4617959625904421,0.44,0.4960590340612056,0.5404934172307851,0.4471456459083033,0.7,1390.0,0.4799935657698958,0.5213375816486565,0.4423627516010516,0.83,0.5200064342301042,0.5522816530452307,0.4699159534678364,0.23,,,,,,,,,,,,,,,,0.6,symmetric_confident
Exp2B,qwen25_14b,14,nan,movies,math,movies->math,0.1080915546406358,0.1269220260417929,0.0886299837548088,0.0,0.5669361495144006,0.5798989450998792,0.5530189313755236,0.0,0.6650611706206816,0.6780395166254507,0.6487152683138421,0.0,0.5569696159800458,0.5676908805212397,0.5432625049454005,0.0,0.6555847896188883,0.6691555705653182,0.6403510634357559,0.0,,,,,0.2661266790763193,0.326596638219449,0.2006466962040649,0.0,0.3694345223122202,0.4059990804122701,0.3370542220911169,1.0,0.6305654776877798,0.6652453435774781,0.5995174987032368,0.0,1676.0,0.3644387986114605,0.3908460940253456,0.3246231879213679,1.0,0.6355612013885396,0.6775272662084499,0.6036489244301003,0.0,,,,,,,,,,,,,,,,0.6,symmetric_confident
Exp2B,qwen25_14b,15,nan,math,movies,math->movies,0.0316415144103603,0.0548184409478067,0.003876814531902,0.0,0.6436381160038552,0.6616622126962075,0.6266193865902662,0.0,0.6243218849738422,0.6453262581113922,0.6028652238986272,0.0,0.5926803705634819,0.6126359782516352,0.5760738954226761,0.0,0.6021475501799807,0.6279754826486748,0.5794670102653018,0.0,,,,,0.0255107170145171,0.1183314827827252,-0.0756151482239588,0.23,0.4956820283910403,0.5400222710833471,0.4576466289548107,0.54,0.5043179716089596,0.5452735245556616,0.452681320784727,0.43,1390.0,0.4788072545944424,0.523297428773038,0.4335837578015898,0.78,0.5211927454055576,0.5604086049404852,0.4709304661786062,0.25,,,,,,,,,,,,,,,,0.6,symmetric_confident
Exp2B,qwen25_14b,15,nan,movies,math,movies->math,0.1051109569057756,0.1222145114697038,0.0894635676217346,0.0,0.6116579708208219,0.6242990954268371,0.5991118392307937,0.0,0.7115177054910596,0.7230166606453456,0.6968318655349269,0.0,0.606406748585284,0.6201594998011909,0.5916758603965903,0.0,0.7032176825792965,0.7165504607009945,0.6846254212776174,0.0,,,,,0.2226933138803641,0.2911823312868867,0.1767052017098472,0.0,0.3890250037732052,0.4200769655331483,0.358008319467563,1.0,0.6109749962267947,0.6501869398250345,0.5830387215696743,0.0,1676.0,0.3882816823464305,0.4135587401810849,0.354392337705135,1.0,0.6117183176535694,0.6410563239377722,0.5748603656088276,0.0,,,,,,,,,,,,,,,,0.6,symmetric_confident
Exp2B,qwen25_14b,16,nan,math,movies,math->movies,0.0555633393991717,0.0865778140229065,0.0344308244962567,0.0,0.6345060250799218,0.6514767033596427,0.6199918440237223,0.0,0.6297853193541944,0.6514521610223077,0.6056046035703517,0.0,0.5742219799550226,0.589408814837367,0.5521769973157682,0.0,0.5970498676174975,0.6226964412977452,0.5754336578702732,0.0,,,,,0.0821319419310732,0.1659234461119661,-0.0080361367905521,0.05,0.4619425342823823,0.511439740422909,0.4121119604346149,0.9,0.5380574657176177,0.5864887006441634,0.4987381736016127,0.03,1390.0,0.4559255237865444,0.495583329462161,0.41227832035567,0.99,0.5440744762134556,0.5841552696100905,0.5001853885196347,0.03,,,,,,,,,,,,,,,,0.6,symmetric_confident
Exp2B,qwen25_14b,16,nan,movies,math,movies->math,0.1329798020172587,0.1535887188713164,0.1134761828037123,0.0,0.617867304345001,0.6326221220495906,0.602874207552858,0.0,0.7314421345431754,0.7499379988472825,0.718284760987387,0.0,0.5984623325259166,0.6176881388087971,0.5840379091320412,0.0,0.699694004881531,0.7166648845035729,0.6843827484458935,0.0,,,,,0.2473436635307138,0.3052978918952517,0.191749538989324,0.0,0.3722744881018262,0.4094513037744119,0.3372348679805287,1.0,0.6277255118981737,0.6584404174532584,0.5907164677817481,0.0,1676.0,0.3803818483674598,0.4127755431013669,0.3533617130060009,1.0,0.6196181516325401,0.658733703680739,0.5854602599268548,0.0,,,,,,,,,,,,,,,,0.6,symmetric_confident
Exp2B,qwen25_14b,17,nan,math,movies,math->movies,0.0796152848858302,0.1114018176776813,0.0481772085990188,0.0,0.6366701360909661,0.6517556103835738,0.617062961351256,0.0,0.6250953557753195,0.6516513221843336,0.6049044659621996,0.0,0.5454800708894892,0.5627976987144585,0.5276449125702616,0.0,0.57057496079523,0.6003547296477363,0.5475034410683799,0.0,,,,,0.0881992198495998,0.1753188461498723,0.0153997706361149,0.01,0.4568052036835967,0.497956833236177,0.4055836823457482,0.98,0.5431947963164032,0.5906081791139065,0.5017018684399801,0.02,1390.0,0.4549955764668034,0.4971877305201209,0.4090654970170144,0.98,0.5450044235331966,0.583771617542546,0.5010663648932877,0.03,,,,,,,,,,,,,,,,0.6,symmetric_confident
Exp2B,qwen25_14b,17,nan,movies,math,movies->math,0.1391653938298116,0.1563778274542747,0.1235596647295853,0.0,0.5976042926818503,0.6143660884910829,0.5815183007928951,0.0,0.7162405583653498,0.7336488732291884,0.7003142336200645,0.0,0.5770751645355382,0.5914168852260554,0.5582821854075588,0.0,0.6832214885829359,0.6986452971104178,0.669392037509715,0.0,,,,,0.3062056648387584,0.3630455472972688,0.2400963929960912,0.0,0.3437641495195452,0.3788916929557695,0.311978266680923,1.0,0.6562358504804549,0.6855437661957863,0.6193200271690351,0.0,1676.0,0.3500301856416964,0.3826677062809182,0.317733340665326,1.0,0.6499698143583036,0.6845675922508773,0.6186435745449309,0.0,,,,,,,,,,,,,,,,0.6,symmetric_confident
Exp2B,qwen25_14b,18,nan,math,movies,math->movies,0.127757193879323,0.1538985452450731,0.0989380880633413,0.0,0.6453221363753667,0.662828765590255,0.6273490148136881,0.0,0.6280689153984437,0.6450116041224966,0.5979369628766845,0.0,0.5003117215191206,0.5186712890152925,0.4781111791784757,0.55,0.529061996659626,0.5490149529946993,0.5094334782365343,0.0,,,,,0.0857260626533155,0.1583357736952524,0.0099630441247372,0.02,0.4539148268789962,0.4960999048174814,0.403976799554486,0.98,0.5460851731210037,0.5907774115262489,0.50684699490016,0.01,1390.0,0.4603591104676881,0.4987635986035051,0.4226843329878733,0.97,0.5396408895323119,0.5810797799801004,0.5010388158809462,0.02,,,,,,,,,,,,,,,,0.6,symmetric_confident
Exp2B,qwen25_14b,18,nan,movies,math,movies->math,0.1614747966259736,0.1828846917101266,0.1433775096625049,0.0,0.5793326721159885,0.5968857471370026,0.5631853289748794,0.0,0.7134716433793525,0.7277591160448377,0.6963022671882853,0.0,0.5519968467533789,0.5682722950692738,0.5354073870346486,0.0,0.6630752320052716,0.6775354399028272,0.6465244107032024,0.0,,,,,0.3433390350656538,0.4063803092561071,0.2927985730823465,0.0,0.3203828545555164,0.3509113506527188,0.2846690680903418,1.0,0.6796171454444836,0.7045068521613225,0.6498859108489217,0.0,1676.0,0.3362781103788298,0.3708543175342655,0.3076448648586526,1.0,0.6637218896211702,0.6943237713664938,0.6260170242649596,0.0,,,,,,,,,,,,,,,,0.6,symmetric_confident
Exp2B,qwen25_14b,19,nan,math,movies,math->movies,0.0959979522031884,0.1201953861195562,0.0722211979475732,0.0,0.653688583948218,0.6712728496913517,0.6362429587106334,0.0,0.6442071499300901,0.6666911626133064,0.6252186127338187,0.0,0.5482091977269017,0.5678404350948171,0.5315302026700912,0.0,0.5747536155510129,0.5973217970594398,0.555529987909487,0.0,,,,,0.1236528330719426,0.207941327615407,0.0412110072735897,0.0,0.4361855068966904,0.4773518082644912,0.400125092241105,1.0,0.5638144931033096,0.6130327655500527,0.5191642762927395,0.02,1390.0,0.4401616600313668,0.4775095461914595,0.3951788275515979,1.0,0.5598383399686331,0.6020962130601228,0.5170688610976663,0.0,,,,,,,,,,,,,,,,0.6,symmetric_confident
Exp2B,qwen25_14b,19,nan,movies,math,movies->math,0.1818802768603561,0.2052226755049111,0.1627580548566012,0.0,0.6067362334334252,0.6171014342435255,0.5924360592513442,0.0,0.758302295152742,0.773426598924666,0.7472984770740684,0.0,0.5764220182923858,0.5936147961309777,0.5569941672954996,0.0,0.7040308608195595,0.7155125160009083,0.6909239814962165,0.0,,,,,0.3765407254615888,0.4572555409446333,0.3046507186380848,0.0,0.3027192232228203,0.3352376979338752,0.2679319676330297,1.0,0.6972807767771797,0.7266284922373227,0.6628740712483276,0.0,1676.0,0.3207400513155908,0.3592076118444615,0.2894962699913155,1.0,0.6792599486844091,0.7172062515105021,0.6563537671561656,0.0,,,,,,,,,,,,,,,,0.6,symmetric_confident
Exp2B,qwen25_14b,20,nan,math,movies,math->movies,0.0957375069920191,0.1208709568452672,0.073716531093859,0.0,0.6699089654663907,0.6871265597664159,0.6500850335292587,0.0,0.686782573957833,0.7043896866276418,0.665775742758177,0.0,0.5910450669658139,0.6086303896188588,0.5724502907443599,0.0,0.6365553137869046,0.6570467879002101,0.6106843461467979,0.0,,,,,0.1575933968713556,0.2307608348656689,0.1032298208788315,0.0,0.4254081714722322,0.4801131809412636,0.3791905839991236,0.99,0.5745918285277677,0.6254141925886273,0.536494949353632,0.0,1390.0,0.4169984316564121,0.4536757795400719,0.380109696754858,1.0,0.5830015683435879,0.6207829943822559,0.5266571624860479,0.0,,,,,,,,,,,,,,,,0.6,symmetric_confident
Exp2B,qwen25_14b,20,nan,movies,math,movies->math,0.1979303527947556,0.2166337881346312,0.1824829733784906,0.0,0.63562370255763,0.6496327772410089,0.6215206727440964,0.0,0.8051225779331317,0.8153249734215967,0.7888145859461819,0.0,0.607192225138376,0.6215015878626541,0.5943979342848716,0.0,0.7532119073001422,0.7652398427393703,0.7378304903150323,0.0,,,,,0.4331740202243799,0.4879974173617,0.3745297528240177,0.0,0.2719298686924586,0.3004581977931622,0.2402489165251365,1.0,0.7280701313075414,0.7581439199420091,0.7007746039637679,0.0,1676.0,0.2948961110831614,0.322790217421034,0.2630311949571028,1.0,0.7051038889168385,0.7279564191383531,0.6769397304201656,0.0,,,,,,,,,,,,,,,,0.6,symmetric_confident
Exp2B,qwen25_14b,21,nan,math,movies,math->movies,0.123623951638194,0.1502152963558129,0.0991178610878677,0.0,0.6777813327855988,0.6950344667733328,0.658418495574033,0.0,0.6830809636936206,0.7009565912539854,0.665041838966362,0.0,0.5594570120554265,0.5795635017284705,0.5383322332901771,0.0,0.6118456840754262,0.630090790725052,0.5901611409183616,0.0,,,,,0.1819982305867213,0.2443305427809597,0.1135143771587291,0.0,0.414595648851892,0.4523499970083472,0.3746618781006532,1.0,0.585404351148108,0.6274234524845583,0.5367757399293623,0.0,1390.0,0.4034061205613866,0.4413206565735098,0.362261979838715,1.0,0.5965938794386134,0.6318306352347197,0.5447691947073584,0.0,,,,,,,,,,,,,,,,0.6,symmetric_confident
Exp2B,qwen25_14b,21,nan,movies,math,movies->math,0.218848913607901,0.2335379993258909,0.1998499465349431,0.0,0.6423461129523099,0.6568321560663527,0.6266439411715824,0.0,0.8231880298345241,0.8353690208157147,0.8106238677940201,0.0,0.6043391162266231,0.6210600228115198,0.5882066781900298,0.0,0.7589004625903926,0.7725560567641077,0.7471863027421157,0.0,,,,,0.4910424108265834,0.548791655059,0.4352189828273466,0.0,0.2451023796347537,0.2775666719279961,0.218613134854496,1.0,0.7548976203652462,0.7820798637517837,0.7292936438170449,0.0,1676.0,0.2638552095386627,0.2902756708352206,0.2313801591176807,1.0,0.7361447904613372,0.7612366972545533,0.7089416861414892,0.0,,,,,,,,,,,,,,,,0.6,symmetric_confident
Exp2B,qwen25_14b,22,nan,math,movies,math->movies,0.0603306917210499,0.0898450556216705,0.0322447958808072,0.0,0.6855506707114756,0.7048991131163653,0.6703390198327956,0.0,0.6779142212381483,0.6975073187912615,0.65612315802284,0.0,0.6175835295170983,0.6333335354673357,0.5964466719649223,0.0,0.6810606962087181,0.7035991690770752,0.6620124716381518,0.0,,,,,0.2038193187758877,0.2817232531634818,0.1336262239518705,0.0,0.4407196284232115,0.4875455390907096,0.3951948678861788,0.99,0.5592803715767886,0.6015165363673943,0.5136415451722848,0.0,1390.0,0.3554610528009008,0.3998262367738407,0.3245501621379808,1.0,0.6445389471990992,0.6890538161635417,0.6021033630286594,0.0,,,,,,,,,,,,,,,,0.6,symmetric_confident
Exp2B,qwen25_14b,22,nan,movies,math,movies->math,0.221864096582514,0.2374107408335408,0.2037756379572703,0.0,0.6562784946925355,0.6668518837138517,0.6393424990619084,0.0,0.8379569334593164,0.8509967344945524,0.8276628170523315,0.0,0.6160928368768024,0.6322434147363523,0.6006125888054731,0.0,0.7837239378693575,0.7976729119893536,0.7703022758190416,0.0,,,,,0.5022035518438397,0.5578560835967878,0.4515418560865427,0.0,0.2474895607989133,0.2717297217426718,0.220110124907221,1.0,0.7525104392010867,0.7774952703011812,0.7266423768859073,0.0,1676.0,0.250306887357247,0.2717844311354953,0.2206333322295413,1.0,0.749693112642753,0.7769003015744904,0.7189125265687302,0.0,,,,,,,,,,,,,,,,0.6,symmetric_confident
Exp2B,qwen25_14b,23,nan,math,movies,math->movies,0.181749710452146,0.2072338871584606,0.1619760426522506,0.0,0.6848650150363664,0.6998321268328399,0.6664613099749525,0.0,0.7115097342575317,0.7305610324178241,0.6898487269197281,0.0,0.5297600238053857,0.5465474814839314,0.5101107992961958,0.0,0.6130930119887974,0.6424936318341825,0.5949236309724829,0.0,,,,,0.2335776330076004,0.3101268562916784,0.1695953016742665,0.0,0.3871446093215908,0.4318177543956841,0.34414932955422,1.0,0.6128553906784091,0.6527024692739669,0.573622033410686,0.0,1390.0,0.3792777576708087,0.4301932232002902,0.3317509633615085,1.0,0.6207222423291913,0.6580630920851209,0.5804946598631295,0.0,,,,,,,,,,,,,,,,0.6,symmetric_confident
Exp2B,qwen25_14b,23,nan,movies,math,movies->math,0.2454427922048146,0.2608379254421434,0.2283703960982212,0.0,0.6571529321546256,0.671847966989283,0.6418861679880403,0.0,0.8463702843898938,0.8577567144511953,0.8370708677847977,0.0,0.6009274921850791,0.6158015178783938,0.5858992786148912,0.0,0.7721852141492446,0.7815824037354883,0.7587771046509787,0.0,,,,,0.5257760225386126,0.5730484787341481,0.4639199361676426,0.0,0.2374855360466871,0.2658037009198351,0.2114557743378849,1.0,0.7625144639533129,0.7877704334476436,0.7318620979160604,0.0,1676.0,0.2367384414147004,0.2585328149426051,0.216408632252775,1.0,0.7632615585852995,0.7849906424853288,0.72700017975283,0.0,,,,,,,,,,,,,,,,0.6,symmetric_confident
Exp2B,qwen25_14b,24,nan,math,movies,math->movies,0.1587820353136882,0.1835954720270115,0.1325448905574645,0.0,0.6825773016700637,0.697497978787415,0.6665061503895022,0.0,0.7166626647344063,0.7362687025617725,0.6977484181354673,0.0,0.557880629420718,0.5755905976667692,0.5360170467906329,0.0,0.6511800742021989,0.672800772335537,0.6287778062627976,0.0,,,,,0.2590682430530422,0.3191404788351489,0.1925101608783824,0.0,0.3845457835685849,0.4288993864877822,0.3481439047263953,1.0,0.6154542164314152,0.6599661215062999,0.5703819379970333,0.0,1390.0,0.3563859733783729,0.4078657993374246,0.3144172718593193,1.0,0.643614026621627,0.6745119845568472,0.608735269936969,0.0,,,,,,,,,,,,,,,,0.6,symmetric_confident
Exp2B,qwen25_14b,24,nan,movies,math,movies->math,0.2383332854143394,0.2586553357854375,0.2225222201936314,0.0,0.6689750017546984,0.6827130759873169,0.6524447715590417,0.0,0.8586632974382377,0.8694726288886626,0.8478867681160602,0.0,0.6203300120238983,0.6340984023195929,0.6035408184337732,0.0,0.7943584043566434,0.8071962563535995,0.7823354376700039,0.0,,,,,0.5336972380137848,0.5741962568862848,0.4793092545117247,0.0,0.2343512602505408,0.2564792425886005,0.2145063658871994,1.0,0.7656487397494591,0.7884742366662004,0.7401432695150237,0.0,1676.0,0.2319515017356744,0.2543659403867959,0.2089162059095566,1.0,0.7680484982643256,0.7990957150440275,0.7432440379060361,0.0,,,,,,,,,,,,,,,,0.6,symmetric_confident
Exp2B,qwen25_14b,25,nan,math,movies,math->movies,0.1324701578503974,0.15809022024434,0.1134367753689485,0.0,0.688439114566052,0.7095433980333203,0.6711535994043941,0.0,0.7321193312452455,0.7514443020062327,0.7138364886277002,0.0,0.5996491733948481,0.6158302654287097,0.5833201592116904,0.0,0.6903412833665529,0.7157397622782513,0.6746247722340629,0.0,,,,,0.2644166968271203,0.3373037057538819,0.1914079025119352,0.0,0.378061286041742,0.4306507547559967,0.3419581764611021,1.0,0.621938713958258,0.6646258243067519,0.5709175118160952,0.0,1390.0,0.3575220171311376,0.3996636326936164,0.3209350737092976,1.0,0.6424779828688624,0.6865093628854373,0.6059956028317034,0.0,,,,,,,,,,,,,,,,0.6,symmetric_confident
Exp2B,qwen25_14b,25,nan,movies,math,movies->math,0.2302027446948725,0.2431756794855376,0.2096571009921453,0.0,0.6776533261572044,0.6897881537653571,0.6627904327066064,0.0,0.8722868022563353,0.8833450213963111,0.8612182260448463,0.0,0.6420840575614627,0.6571475746200865,0.628553358776125,0.0,0.8183549732727655,0.8298358855595381,0.8081108500936605,0.0,,,,,0.5622402777079036,0.6105626681319524,0.5143891303324081,0.0,0.2158147607787895,0.2424400915331301,0.1879403871727897,1.0,0.7841852392212104,0.8082932537465377,0.7578007664613938,0.0,1676.0,0.2219449615133068,0.2481081175305614,0.2020179268123833,1.0,0.7780550384866932,0.8024456747835587,0.7489769954762783,0.0,,,,,,,,,,,,,,,,0.6,symmetric_confident
Exp2B,qwen25_14b,26,nan,math,movies,math->movies,0.1575387660349594,0.1783003788892851,0.131716056785252,0.0,0.6799153249803817,0.700098870596322,0.6634751154304882,0.0,0.7682344678988369,0.783078437643716,0.7525844276561056,0.0,0.6106957018638774,0.6291969066660791,0.5935305680426437,0.0,0.7488100449208043,0.7665223897560266,0.7287153583371309,0.0,,,,,0.388531990187799,0.4691672831048038,0.3197894216531332,0.0,0.3207564241766196,0.3522231310947541,0.2878951329296037,1.0,0.6792435758233804,0.7153859624883974,0.6331344392749162,0.0,1390.0,0.2907115856355813,0.3289414148484923,0.2528319687108359,1.0,0.7092884143644187,0.7477667541421866,0.6631791835382626,0.0,,,,,,,,,,,,,,,,0.6,symmetric_confident
Exp2B,qwen25_14b,26,nan,movies,math,movies->math,0.2415927266965687,0.2568937808371698,0.2248767574043739,0.0,0.7012729455546977,0.7109565835938603,0.689769296951543,0.0,0.895225074936614,0.9037139174033216,0.8861232251035452,0.0,0.6536323482400452,0.6730443874148535,0.638258573370558,0.0,0.8372160882235431,0.8465213196117142,0.82281501498826,0.0,,,,,0.5792901343261055,0.6263111749541108,0.5320209942466442,0.0,0.2113347084570106,0.2369951868786885,0.1890319227253178,1.0,0.7886652915429894,0.8104532221668995,0.767525142841958,0.0,1676.0,0.2093751572168838,0.2322401997150808,0.187247030577884,1.0,0.7906248427831162,0.8203741757159853,0.7726136176444747,0.0,,,,,,,,,,,,,,,,0.6,symmetric_confident
Exp2B,qwen25_14b,27,nan,math,movies,math->movies,0.1887302146279804,0.2073445510775536,0.1668570277585486,0.0,0.6975057011792093,0.7146391079351314,0.6775662154777657,0.0,0.8295931203597064,0.8433870877200244,0.8156788139192651,0.0,0.640862905731726,0.6591805699038098,0.623939193576432,0.0,0.776563622223261,0.7995097787521271,0.756310966196609,0.0,,,,,0.492087907668798,0.561886359641843,0.4305304426896925,0.0,0.2386848031527727,0.2691561006199898,0.2096556067059541,1.0,0.7613151968472273,0.7916504221625327,0.7217903528427391,0.0,1390.0,0.2692272891784292,0.3171146018885473,0.2295694772701461,1.0,0.7307727108215708,0.7717353962094816,0.7004869472166505,0.0,,,,,,,,,,,,,,,,0.6,symmetric_confident
Exp2B,qwen25_14b,27,nan,movies,math,movies->math,0.2381475864125385,0.2508694737045309,0.2261126557022507,0.0,0.7172897403935244,0.730457724322777,0.7010229330361523,0.0,0.9169351066911816,0.9244514476655094,0.9085132593192567,0.0,0.6787875202786431,0.693080639006115,0.6652770295194744,0.0,0.8685510487338884,0.8782777382984359,0.8577705064982114,0.0,,,,,0.6169945162750918,0.6581787777829372,0.5836472753013412,0.0,0.184318559138703,0.2021267506747181,0.1622926525609246,1.0,0.815681440861297,0.8337190309383373,0.7952262270612536,0.0,1676.0,0.1986869245862051,0.222299074023689,0.1772519163104462,1.0,0.8013130754137948,0.8290535066860036,0.777443481711827,0.0,,,,,,,,,,,,,,,,0.6,symmetric_confident
Exp2B,qwen25_14b,28,nan,math,movies,math->movies,0.2383559001280479,0.2587959516864511,0.2147214279635409,0.0,0.6941346979296688,0.7120317368139667,0.675589622258755,0.0,0.8362871489101287,0.850482973672861,0.8230659055830334,0.0,0.5979312487820807,0.6121762535719996,0.5817503796388934,0.0,0.7532612206389209,0.7719138203797401,0.7306858269836657,0.0,,,,,0.5180510314875135,0.5786215674959674,0.4598569824077375,0.0,0.2142146217879117,0.2455549903101612,0.1813070035114548,1.0,0.7857853782120883,0.8082444590973464,0.7591297533995008,0.0,1390.0,0.2677343467245747,0.3066627343237473,0.2278684177133054,1.0,0.7322656532754253,0.7678344189439688,0.6870693118216652,0.0,,,,,,,,,,,,,,,,0.6,symmetric_confident
Exp2B,qwen25_14b,28,nan,movies,math,movies->math,0.2675847452726633,0.2836749457333669,0.253149192013419,0.0,0.7087025990071318,0.7227024057463266,0.6967190033114503,0.0,0.9205067854796228,0.9276601042102566,0.912533794556926,0.0,0.6529220402069594,0.6672583176277564,0.6394248968235935,0.0,0.8529352619609818,0.8643333240567617,0.8415681639483301,0.0,,,,,0.6693137797454344,0.7173267307056174,0.6272775527871923,0.0,0.1643356643356643,0.1858963710928265,0.1438331314626272,1.0,0.8356643356643356,0.8538779791411371,0.8100816689849499,0.0,1676.0,0.1663505559189012,0.1890625514083625,0.1437609479399167,1.0,0.8336494440810988,0.8565637998308473,0.8123775905600866,0.0,,,,,,,,,,,,,,,,0.6,symmetric_confident
Exp2B,qwen25_14b,29,nan,math,movies,math->movies,0.1729456135368946,0.1998781547573284,0.1501526103412714,0.0,0.6798596956913305,0.698570906553465,0.6590801424697488,0.0,0.8104470618734143,0.8246097598941404,0.7925813256577466,0.0,0.6375014483365197,0.6553597947774701,0.6202046394794895,0.0,0.7980215934348478,0.8114926042291998,0.775635105168785,0.0,,,,,0.5320153215104355,0.5897897321950314,0.4623178658911498,0.0,0.2287871476253669,0.2613434477990922,0.1958671402301416,1.0,0.771212852374633,0.8115676692208019,0.7360047513849253,0.0,1390.0,0.2391975308641975,0.2691462956182672,0.2038351444964415,1.0,0.7608024691358025,0.7961948089808984,0.7243755283767261,0.0,,,,,,,,,,,,,,,,0.6,symmetric_confident
Exp2B,qwen25_14b,29,nan,movies,math,movies->math,0.2393447256910982,0.2562469231582748,0.2235071831515263,0.0,0.7256582724143945,0.7395804129348871,0.7109770728014042,0.0,0.9252839827839876,0.9316028493961868,0.9154082743812813,0.0,0.6859392570928893,0.6964985700828304,0.6730797837998073,0.0,0.8882778874975621,0.8973340426178975,0.8782811088449072,0.0,,,,,0.6371107309956231,0.6789293898094781,0.5918535999966946,0.0,0.191590783317402,0.2093646221751971,0.167555587878167,1.0,0.808409216682598,0.8310511063347465,0.7889200532351865,0.0,1676.0,0.1712984856869749,0.1924138441731244,0.1515519628379371,1.0,0.8287015143130251,0.853960488479711,0.8086639864544941,0.0,,,,,,,,,,,,,,,,0.6,symmetric_confident
Exp2B,qwen25_14b,30,nan,math,movies,math->movies,0.1777189412465066,0.2000090704685019,0.1600309135774903,0.0,0.6950244373870956,0.71231645225314,0.6778085618121829,0.0,0.8427134375677319,0.8546376675932319,0.8297059902764046,0.0,0.6649944963212252,0.6796547820675226,0.6483754162505279,0.0,0.823203486568382,0.8407005585382014,0.8072198314202715,0.0,,,,,0.5887622149837133,0.6511362941005127,0.5119492215147549,0.0,0.1990941810431495,0.2398832810615984,0.1727820435768794,1.0,0.8009058189568504,0.8272032895413068,0.7629254229596137,0.0,1390.0,0.212143603973137,0.2406657192222105,0.1796335850229219,1.0,0.7878563960268629,0.8172488424655193,0.7488211638263884,0.0,,,,,,,,,,,,,,,,0.6,symmetric_confident
Exp2B,qwen25_14b,30,nan,movies,math,movies->math,0.2130122370699629,0.2288845147321341,0.1984350716900654,0.0,0.731806383056326,0.7422912502585932,0.71863840080011,0.0,0.918506266651266,0.9252030930546584,0.910715576979302,0.0,0.7054940295813029,0.7184379989976983,0.6907664678694012,0.0,0.8978803778736748,0.9095584795597752,0.8870977085383803,0.0,,,,,0.5897947376364643,0.6310337621779203,0.5369403694706392,0.0,0.2175982291090204,0.2400404253424593,0.1865255593691273,1.0,0.7824017708909795,0.8010439493411512,0.7591442852871119,0.0,1676.0,0.1926070332545152,0.2161320184553057,0.1718541074363159,1.0,0.8073929667454848,0.8296044150782658,0.7849729923737533,0.0,,,,,,,,,,,,,,,,0.6,symmetric_confident
Exp2B,qwen25_14b,31,nan,math,movies,math->movies,0.1566249613067279,0.1721359982948334,0.1331792699032526,0.0,0.6995297514654533,0.7141708565680168,0.684842168929134,0.0,0.8381815148978126,0.8506499746591378,0.8238517242052785,0.0,0.6815565535910846,0.6982392014187846,0.6639421100192017,0.0,0.825036229882322,0.8399272838605907,0.8101710295542347,0.0,,,,,0.5789902280130292,0.6422428278441308,0.52682844949835,0.0,0.2079764346322435,0.240319995192203,0.1740157948887233,1.0,0.7920235653677564,0.8205723077301337,0.760809170713468,0.0,1390.0,0.2130333373547271,0.2507739488682398,0.1845648336592485,1.0,0.7869666626452728,0.8198972620403011,0.7499554994645148,0.0,,,,,,,,,,,,,,,,0.6,symmetric_confident
Exp2B,qwen25_14b,31,nan,movies,math,movies->math,0.1976032932016318,0.2111268467067682,0.1816740738012311,0.0,0.7265191473606425,0.7403734408851518,0.7140285907112061,0.0,0.9088587101624084,0.9168497158885868,0.9013655974305588,0.0,0.7112554169607765,0.7249063048941018,0.6961167247246065,0.0,0.8967239018922086,0.9063545638003632,0.8880402056755604,0.0,,,,,0.5560094581677315,0.6058555548075734,0.5066681445631166,0.0,0.2303893947778839,0.2536700512301448,0.2086119747819101,1.0,0.769610605222116,0.7967390564686953,0.7452339902990707,0.0,1676.0,0.2136011470543844,0.2331793938053041,0.188393154427434,1.0,0.7863988529456155,0.8091642722719011,0.7651499199151593,0.0,,,,,,,,,,,,,,,,0.6,symmetric_confident
Exp2B,qwen25_14b,32,nan,math,movies,math->movies,0.1485306043933232,0.1669794966788581,0.1287189883862297,0.0,0.6959441310770884,0.7158863558511861,0.6804238988308973,0.0,0.8298257990760849,0.8438681241854161,0.8123974291855843,0.0,0.6812951946827617,0.6968688427697732,0.6615334672183028,0.0,0.815479403152531,0.829674163555665,0.8007778740382522,0.0,,,,,0.5618289299071058,0.6210872396114707,0.4890298028216374,0.0,0.2158835002211766,0.248418842604536,0.1906511299977002,1.0,0.7841164997788234,0.8175477580676123,0.7480864173206673,0.0,1390.0,0.2222875698717175,0.2581847806553728,0.1941510165077035,1.0,0.7777124301282825,0.803391660453968,0.7412640227320093,0.0,,,,,,,,,,,,,,,,0.6,symmetric_confident
Exp2B,qwen25_14b,32,nan,movies,math,movies->math,0.1983205557547053,0.2139393564601577,0.1827810805970625,0.0,0.7219388482251801,0.7340528692701846,0.7076155704958718,0.0,0.9066552044732852,0.914822909113154,0.8994451778268442,0.0,0.7083346487185798,0.7211422297448544,0.6949206796633021,0.0,0.8960498984118929,0.9037247916216165,0.8899870324310705,0.0,,,,,0.5632691049957237,0.6076267232056625,0.5121244122344237,0.0,0.2268048498264325,0.2551041952847563,0.2027011533728688,1.0,0.7731951501735674,0.7961149901292,0.7480831458359741,0.0,1676.0,0.2099260451778437,0.241604879376767,0.1871084315747839,1.0,0.7900739548221563,0.8135447916385204,0.7706057848921024,0.0,,,,,,,,,,,,,,,,0.6,symmetric_confident
Exp2B,qwen25_14b,33,nan,math,movies,math->movies,0.1599426779495081,0.180618388845135,0.1373146976704,0.0,0.6848521775081239,0.7037096537289584,0.6698914198772018,0.0,0.8241804184392039,0.8388186089128077,0.8059430021786417,0.0,0.6642377404896957,0.6843224985088165,0.6471914542378238,0.0,0.7921483151511031,0.8079473134737842,0.7748389854346517,0.0,,,,,0.548714159327623,0.6193360830647457,0.488154903637799,0.0,0.2152451039530301,0.2448772416645172,0.1838292673342273,1.0,0.7847548960469699,0.817257592265116,0.754243974711486,0.0,1390.0,0.2360407367193469,0.2737202234830361,0.1944178631084111,1.0,0.7639592632806531,0.7924875426129089,0.7285643531670697,0.0,,,,,,,,,,,,,,,,0.6,symmetric_confident
Exp2B,qwen25_14b,33,nan,movies,math,movies->math,0.1923719639495099,0.2061317391799527,0.1808116123106805,0.0,0.7231036920999341,0.7390428835880414,0.7101433452384207,0.0,0.9065542791031465,0.9148967910958864,0.8988201715657052,0.0,0.7141823151536365,0.7277104846838233,0.6997590606733872,0.0,0.8972746362994284,0.903852295088377,0.8886241444948986,0.0,,,,,0.554344216934145,0.6052775081658726,0.5021411678592496,0.0,0.2265558182824369,0.26018728528466,0.1984222607034334,1.0,0.773444181717563,0.8000985136991908,0.7498708102504906,0.0,1676.0,0.219099964783418,0.2473712366976383,0.1953674907963985,1.0,0.780900035216582,0.8116065626211032,0.7539495858907957,0.0,,,,,,,,,,,,,,,,0.6,symmetric_confident
Exp2B,qwen25_14b,34,nan,math,movies,math->movies,0.1636884626404037,0.184676653997194,0.1437413744860041,0.0,0.6776141157510547,0.6984269583325109,0.6596086692102572,0.0,0.8242484158723008,0.8363030902897964,0.806755189160826,0.0,0.6605599532318971,0.6763322238765636,0.6437246028121452,0.0,0.802568921773203,0.8168351808282996,0.785290079129682,0.0,,,,,0.5528411147303656,0.6302072633012148,0.4708830535064556,0.0,0.2179846784895645,0.2492594000163469,0.1869105133384868,1.0,0.7820153215104355,0.8183836762821244,0.7458318735762872,0.0,1390.0,0.2291742067800699,0.2674219683630871,0.2068803278917138,1.0,0.77082579321993,0.8035617567185532,0.7327556691032207,0.0,,,,,,,,,,,,,,,,0.6,symmetric_confident
Exp2B,qwen25_14b,34,nan,movies,math,movies->math,0.1828845186413173,0.1987632451829502,0.1625700278553083,0.0,0.7261397034145971,0.7388724967922865,0.71173742558266,0.0,0.8997292246167014,0.906412693079448,0.8913104168111537,0.0,0.716844705975384,0.7309564748905936,0.7028920043237769,0.0,0.893305220663002,0.9023616926815105,0.882771881798103,0.0,,,,,0.5162499371132465,0.5564933396168258,0.4638371885186825,0.0,0.2470619308748805,0.2721580204394051,0.213034247484271,1.0,0.7529380691251195,0.7829604256650129,0.7240686268217514,0.0,1676.0,0.236688132011873,0.2661343055895523,0.2100157944944788,1.0,0.763311867988127,0.7925007397428637,0.7391857081743523,0.0,,,,,,,,,,,,,,,,0.6,symmetric_confident
Exp2B,qwen25_14b,35,nan,math,movies,math->movies,0.1574022514784165,0.1745504783846766,0.1397725408649848,0.0,0.6913970127400947,0.705450364065661,0.6730897804917454,0.0,0.839200413934374,0.8570307072082188,0.820964935056914,0.0,0.6817981624559574,0.6942966405332258,0.6640104042683529,0.0,0.8179666217600285,0.8335822151859426,0.8032346312030579,0.0,,,,,0.5684994168978968,0.6279339260378753,0.5059378888721876,0.0,0.2091124783850082,0.2440677798392083,0.1808244368927663,1.0,0.7908875216149918,0.8206163124605939,0.7581694757180404,0.0,1390.0,0.2223881047170949,0.2615151679961773,0.1893472591963783,1.0,0.7776118952829051,0.8118418132529527,0.7404776111757034,0.0,,,,,,,,,,,,,,,,0.6,symmetric_confident
Exp2B,qwen25_14b,35,nan,movies,math,movies->math,0.1838655752254637,0.1987641914232096,0.1712089945496238,0.0,0.7237595201965017,0.7412542572900543,0.7088069228759047,0.0,0.9011853523772374,0.9090661510037182,0.8942000450977189,0.0,0.7173197771517736,0.7333456873085139,0.7040641111114806,0.0,0.8972259724718006,0.9058028960058871,0.8861245557348101,0.0,,,,,0.5349675504351763,0.586305868943348,0.4805359078684979,0.0,0.2365950596166423,0.2565623839625038,0.2102364501665643,1.0,0.7634049403833576,0.7859570615653737,0.7373643459586388,0.0,1676.0,0.2284373899481813,0.2565292493544299,0.2054599249582194,1.0,0.7715626100518187,0.7935457219283716,0.7452719077166329,0.0,,,,,,,,,,,,,,,,0.6,symmetric_confident
Exp2B,qwen25_14b,36,nan,math,movies,math->movies,0.1623838768467723,0.1856834571260742,0.1437780671949977,0.0,0.684293580445877,0.7011209554416192,0.6668077218753107,0.0,0.8337813372545186,0.8477882114613113,0.8169455738398941,0.0,0.6713974604077463,0.6865295040258679,0.6549606747291176,0.0,0.8214004921314221,0.8386636783554279,0.8015048568603856,0.0,,,,,0.5697912896609966,0.6207891487266959,0.5025885661077,0.0,0.2146067076848835,0.2409198515769944,0.1810777976530115,1.0,0.7853932923151165,0.8201734443625588,0.754962160849734,0.0,1390.0,0.2156020026541199,0.2540290482788596,0.1836436649487507,1.0,0.7843979973458801,0.8148980531672187,0.7503882034416993,0.0,,,,,,,,,,,,,,,,0.6,symmetric_confident
Exp2B,qwen25_14b,36,nan,movies,math,movies->math,0.1818179843525402,0.195344355030568,0.1670528685275018,0.0,0.7266464970856682,0.7371567837558853,0.7133177137010234,0.0,0.8990094922866887,0.907275437831748,0.8884024341682946,0.0,0.7171915079341484,0.7304672309255997,0.7033393413748809,0.0,0.895347491919343,0.903280238962819,0.8869780134104445,0.0,,,,,0.515900286763596,0.5834656026222779,0.4468762423048164,0.0,0.2483699753483926,0.2767963815285709,0.2273222973693581,1.0,0.7516300246516073,0.7752809544494657,0.7211868733090796,0.0,1676.0,0.2357297378880112,0.2588639390022111,0.209478487116406,1.0,0.7642702621119888,0.7904512088993151,0.7317045990507789,0.0,,,,,,,,,,,,,,,,0.6,symmetric_confident
Exp2B,qwen25_14b,37,nan,math,movies,math->movies,0.1579758243132947,0.1776269065251502,0.1381228193604483,0.0,0.6769235225650829,0.6936181602352237,0.6620604903020783,0.0,0.8215035507409595,0.8383656013209722,0.8060918673096285,0.0,0.6635277264276648,0.6769997022966774,0.6457031290648425,0.0,0.8106043059374508,0.8266501374930971,0.7963237448635084,0.0,,,,,0.5408070937386898,0.601547040954849,0.4634821095792767,0.0,0.229249607914103,0.2599421037528105,0.1987003116432224,1.0,0.770750392085897,0.8048923828092295,0.7416748276527365,0.0,1390.0,0.2299432983472071,0.2669070067499528,0.2025356092643587,1.0,0.7700567016527928,0.8063659505157259,0.7239136288385896,0.0,,,,,,,,,,,,,,,,0.6,symmetric_confident
Exp2B,qwen25_14b,37,nan,movies,math,movies->math,0.1740962588033827,0.1916484078570488,0.1605215706478919,0.0,0.7241611852137008,0.7389644338207236,0.7067865603532097,0.0,0.8907264165055585,0.902431500664245,0.8800211672936945,0.0,0.7166301577021758,0.7293446268724151,0.699774212010081,0.0,0.8886202384716907,0.8993600330557324,0.8784011747591771,0.0,,,,,0.4838783518639633,0.53933306107748,0.4325439687112292,0.0,0.263802384665694,0.2935287677712392,0.2392441869395292,1.0,0.7361976153343059,0.7606915815778833,0.7110675346685223,0.0,1676.0,0.2523192634703426,0.2857926231134812,0.2286075998077804,1.0,0.7476807365296574,0.7806672835108565,0.7258757850850237,0.0,,,,,,,,,,,,,,,,0.6,symmetric_confident
Exp2B,qwen25_14b,38,nan,math,movies,math->movies,0.1628017083196389,0.1836528306145351,0.1430471271228078,0.0,0.6754600443454309,0.6928380666880254,0.6568928139314778,0.0,0.8244120346956902,0.8393766842040875,0.8115542758399902,0.0,0.6616103263760513,0.6778318381253403,0.6443844623253978,0.0,0.8135552882878672,0.8281100369745799,0.7986726213560473,0.0,,,,,0.5557817589576548,0.6182321102067055,0.4936773106770183,0.0,0.2215637189850002,0.250999732102017,0.1848600028918921,1.0,0.7784362810149998,0.804097654290087,0.7530050079503338,0.0,1390.0,0.222654522057345,0.2528867801878748,0.1882409519232439,1.0,0.777345477942655,0.8130966141861561,0.7409739865262415,0.0,,,,,,,,,,,,,,,,0.6,symmetric_confident
Exp2B,qwen25_14b,38,nan,movies,math,movies->math,0.1748505088857767,0.1903024665985723,0.1604203585339743,0.0,0.7197652443444309,0.7310349257972205,0.7055613540408243,0.0,0.8857117700189164,0.8963778986678528,0.8771924252092835,0.0,0.7108612611331397,0.727819970532329,0.69685456121362,0.0,0.8824800752869177,0.8935122115739014,0.874402039986825,0.0,,,,,0.4706067313980983,0.5229159841659842,0.4110910473426779,0.0,0.2712355989334407,0.3038346905345123,0.2341379894066403,1.0,0.7287644010665594,0.7588148368035843,0.7028452667979762,0.0,1676.0,0.258157669668461,0.2903255242081278,0.2280305968409038,1.0,0.741842330331539,0.7660802536734791,0.7208364432468953,0.0,,,,,,,,,,,,,,,,0.6,symmetric_confident
Exp2B,qwen25_14b,39,nan,math,movies,math->movies,0.1585310528190153,0.1801273457480833,0.138871755100638,0.0,0.6779650081896846,0.6952701960521153,0.6621695885560022,0.0,0.8232194234667641,0.8376724245626079,0.807562550515078,0.0,0.6646883706477488,0.6802498131478663,0.6480664964835964,0.0,0.8137544995176432,0.8343348541743587,0.797928767526412,0.0,,,,,0.5425011058832991,0.6093572437271466,0.4805450137562302,0.0,0.226922226243616,0.2640936036336626,0.1880783466354404,1.0,0.773077773756384,0.8031536048486423,0.7356669192125908,0.0,1390.0,0.2305766678730848,0.2650063653047165,0.2009325191023956,1.0,0.7694233321269152,0.7991678658942319,0.7344170445789358,0.0,,,,,,,,,,,,,,,,0.6,symmetric_confident
Exp2B,qwen25_14b,39,nan,movies,math,movies->math,0.1686059724767313,0.179645895640855,0.1567433590234773,0.0,0.7215659939760974,0.7350935279452215,0.7059668236650118,0.0,0.8820257217678792,0.8908277486819255,0.872080746617601,0.0,0.7134197492911478,0.7248129853683131,0.6999586071691939,0.0,0.8802258228826028,0.8915433806571678,0.8707593084038276,0.0,,,,,0.4503936710771243,0.500553357213555,0.4043942290983905,0.0,0.2818395633143835,0.3131879049512733,0.2483131980261401,1.0,0.7181604366856166,0.7424419071709512,0.6892490676208696,0.0,1676.0,0.2677667656084922,0.2957962930922089,0.2328621630704807,1.0,0.7322332343915078,0.7564193205018922,0.6976404743974153,0.0,,,,,,,,,,,,,,,,0.6,symmetric_confident
Exp2B,qwen25_14b,40,nan,math,movies,math->movies,0.1419799647887963,0.159045530456302,0.1249899942689641,0.0,0.6851665323663713,0.7008077212072716,0.6691957573891518,0.0,0.8181493648614765,0.8357257388718795,0.7994045583008227,0.0,0.6761694000726801,0.691707509757844,0.6587580987499188,0.0,0.8107928925683056,0.8263314623754325,0.7974720377619186,0.0,,,,,0.5199209796115334,0.609535852357027,0.4484628957526498,0.0,0.2380212731732818,0.2749783489495473,0.1994611498155186,1.0,0.7619787268267182,0.8043464362068944,0.7318674106396894,0.0,1390.0,0.2420577472151847,0.2806132168716239,0.2102081861037912,1.0,0.7579422527848152,0.7920397206447534,0.7308146525295641,0.0,,,,,,,,,,,,,,,,0.6,symmetric_confident
Exp2B,qwen25_14b,40,nan,movies,math,movies->math,0.1678347495049649,0.1826373064964982,0.1556526795816126,0.0,0.719300210962252,0.7315416269456507,0.7036515574255895,0.0,0.8797367230119312,0.8917606719025923,0.8677097016609737,0.0,0.7119019735069663,0.7298183611672956,0.6981090714162502,0.0,0.8767847032737311,0.8849257890125444,0.8667561076480352,0.0,,,,,0.4413417517734064,0.5055053728519806,0.3933011775362319,0.0,0.2837953413492982,0.3171473183988783,0.2539835755855074,1.0,0.7162046586507018,0.7423353067124133,0.6894336900131782,0.0,1676.0,0.2748629068772953,0.3046098419954663,0.2464574472272322,1.0,0.7251370931227046,0.7541463598174007,0.6928450984588921,0.0,,,,,,,,,,,,,,,,0.6,symmetric_confident
Exp2B,qwen25_14b,41,nan,math,movies,math->movies,0.1270989673396051,0.1502255535440111,0.1075363298848828,0.0,0.691837109541641,0.7052002674236927,0.6738182720248994,0.0,0.8105910251887991,0.8264813049792274,0.7933604817255164,0.0,0.683492057849194,0.697187761474501,0.6652485697343669,0.0,0.8022156538590668,0.8181285784792591,0.7870598150464294,0.0,,,,,0.4944806369887802,0.5667398263384898,0.4262817734340367,0.0,0.2506685567217597,0.2838258064957589,0.2167480747330983,1.0,0.7493314432782402,0.7777470517075044,0.7174381336976466,0.0,1390.0,0.2548508062894599,0.2912116156132442,0.2201469600491838,1.0,0.7451491937105401,0.7757539505474367,0.7088032163162407,0.0,,,,,,,,,,,,,,,,0.6,symmetric_confident
Exp2B,qwen25_14b,41,nan,movies,math,movies->math,0.1694663131038815,0.1902183821202313,0.1501092400092165,0.0,0.7172103575324374,0.7301296089419153,0.7040522966103944,0.0,0.878998907430796,0.8896324499998933,0.8687051587927941,0.0,0.7095325943269145,0.722634273017464,0.6945923579077169,0.0,0.8732072492061358,0.881615864337586,0.8624918250955596,0.0,,,,,0.4393117673693213,0.4902749769232038,0.3870326686391214,0.0,0.2815465110429139,0.310995509262399,0.2532825840122613,1.0,0.718453488957086,0.743935956555474,0.6897641132450171,0.0,1676.0,0.2791417215877647,0.305268022762086,0.2513824799519532,1.0,0.7208582784122353,0.7488637971890174,0.6939947203323947,0.0,,,,,,,,,,,,,,,,0.6,symmetric_confident
Exp2B,qwen25_14b,42,nan,math,movies,math->movies,0.1282830130581542,0.1506324486328263,0.1097616721972135,0.0,0.6976791723941793,0.7128499715389067,0.6797323295691851,0.0,0.818168489139535,0.8330769208125907,0.8004763448783788,0.0,0.6898854760813807,0.7055515726359315,0.6716728853024155,0.0,0.8100226091465047,0.8241802151025603,0.7920065637965414,0.0,,,,,0.5000552941649576,0.5736254608088813,0.4402537625863464,0.0,0.2478385008243857,0.2822781521530347,0.2106310266467739,1.0,0.7521614991756143,0.7892361912920192,0.7220026615350462,0.0,1390.0,0.2521062050106566,0.2924170212646279,0.21884504558411,1.0,0.7478937949893433,0.7829383404107382,0.71660337692759,0.0,,,,,,,,,,,,,,,,0.6,symmetric_confident
Exp2B,qwen25_14b,42,nan,movies,math,movies->math,0.1672607210291981,0.184323331310365,0.1509636472196921,0.0,0.7086213005364627,0.7231117725115372,0.694183206259873,0.0,0.8695425032142742,0.8785444205638695,0.8597377625969342,0.0,0.7022817821850761,0.7125871547669914,0.6908514349814256,0.0,0.8636564523122893,0.8753205365434881,0.8497788129636225,0.0,,,,,0.4215701564622427,0.478935400588581,0.3643851509928205,0.0,0.2896865724203853,0.3261610805798707,0.2638283798436374,1.0,0.7103134275796146,0.736842588321975,0.6846271456553265,0.0,1676.0,0.2887432711173718,0.3202294776401075,0.2552969823474941,1.0,0.7112567288826281,0.736012817147442,0.6765745042793994,0.0,,,,,,,,,,,,,,,,0.6,symmetric_confident
Exp2B,qwen25_14b,43,nan,math,movies,math->movies,0.1244176778339577,0.1415161433689655,0.107620308422681,0.0,0.6988676312587888,0.7149691467916826,0.6789686923496588,0.0,0.8174032524022218,0.8348135532767126,0.8031551509391466,0.0,0.692985574568264,0.7071592921214861,0.678896207065063,0.0,0.8076416365282211,0.8272713917193686,0.7937137240283344,0.0,,,,,0.4811296095226605,0.5618502782996023,0.396417306636643,0.0,0.2553484537740781,0.2894346704714716,0.2169765452719202,1.0,0.7446515462259219,0.7816048869741531,0.7039444760485397,0.0,1390.0,0.2635219367032613,0.2951777082365027,0.230035498775892,1.0,0.7364780632967386,0.7803081257556365,0.7000107640299024,0.0,,,,,,,,,,,,,,,,0.6,symmetric_confident
Exp2B,qwen25_14b,43,nan,movies,math,movies->math,0.1614676689999356,0.1773967408513017,0.1448226887125932,0.0,0.7023507441300358,0.7150775179694813,0.6884070580405609,0.0,0.857453991854016,0.8661315966094583,0.8455161411827806,0.0,0.6959863228540805,0.7096814410968904,0.6817049581756736,0.0,0.8504645786034428,0.8606523907876534,0.8424402718847446,0.0,,,,,0.3807767771796548,0.4590096875226754,0.3188927468044977,0.0,0.3084067012124566,0.3401601928046994,0.2796599332819346,1.0,0.6915932987875434,0.7271847196529245,0.6573111060786518,0.0,1676.0,0.3108165216078885,0.3404171150054216,0.2830923469024042,1.0,0.6891834783921115,0.7220793780973889,0.6564344316685546,0.0,,,,,,,,,,,,,,,,0.6,symmetric_confident
Exp2B,qwen25_14b,44,nan,math,movies,math->movies,0.1213080883012798,0.1411012819448015,0.1029324824556054,0.0,0.6996225766696686,0.7159537907827772,0.6839239962439463,0.0,0.8179347479632644,0.8322033553073138,0.7994222031905157,0.0,0.6966266596619846,0.7127196823659346,0.6795572510527427,0.0,0.809588594280566,0.8249943145541015,0.7977333990380773,0.0,,,,,0.4732225439337274,0.5549035736657183,0.3985050245317039,0.0,0.2588621466200185,0.2819994941129441,0.2290531418629139,1.0,0.7411378533799815,0.7795030832678473,0.7048102352726922,0.0,1390.0,0.2679153094462541,0.3068366430201449,0.2283524862896108,1.0,0.7320846905537459,0.7672340409744977,0.6925664634663732,0.0,,,,,,,,,,,,,,,,0.6,symmetric_confident
Exp2B,qwen25_14b,44,nan,movies,math,movies->math,0.1527557390096584,0.1675316751281855,0.1363451140335619,0.0,0.6995030755494964,0.7106999253512084,0.6873334125523879,0.0,0.8467790984126503,0.8597155654547605,0.8339397917189503,0.0,0.6940233594029919,0.7072844796158978,0.6822778748487699,0.0,0.839305792510315,0.853257434572378,0.8271274165549874,0.0,,,,,0.3462318257282286,0.4096960786322353,0.2886867057356965,0.0,0.3245786587513206,0.3546359218882257,0.2965371786131419,1.0,0.6754213412486794,0.7038040074473362,0.6453785778460154,0.0,1676.0,0.3291895155204508,0.3595577184550158,0.3003711720675987,1.0,0.6708104844795493,0.7051479090679507,0.6389423234568443,0.0,,,,,,,,,,,,,,,,0.6,symmetric_confident
Exp2B,qwen25_14b,45,nan,math,movies,math->movies,0.1418043345934153,0.1640666904177927,0.1193560584835459,0.0,0.694594873942056,0.709541881572623,0.6797186680391089,0.0,0.8398070785327854,0.8507744551069492,0.823536499273014,0.0,0.69800274393937,0.7139114002699896,0.6805098904153909,0.0,0.8304345885942805,0.8430463509983452,0.8138807555110003,0.0,,,,,0.5257369204166165,0.5938339104658893,0.467091650529332,0.0,0.2299131378935939,0.2636089442157224,0.2046296416812625,1.0,0.7700868621064061,0.8044032621520478,0.7351565028688472,0.0,1390.0,0.2443499416897896,0.2833259820758833,0.2073753745381301,1.0,0.7556500583102104,0.7811663798710734,0.7272413058856819,0.0,,,,,,,,,,,,,,,,0.6,symmetric_confident
Exp2B,qwen25_14b,45,nan,movies,math,movies->math,0.1426827273692561,0.1567001296912168,0.1249846550977761,0.0,0.6851783003424496,0.7002670448280371,0.6687917868803126,0.0,0.8241556257846332,0.8349207591194363,0.812684143314074,0.0,0.6814728984153771,0.6927800501764566,0.6692765787299965,0.0,0.8151796111816979,0.8256598783847048,0.8023673122939936,0.0,,,,,0.2828394626955778,0.3575856828900781,0.2130374016876471,0.0,0.3522840468883634,0.3851510059148488,0.321886145356395,1.0,0.6477159531116365,0.6726477920200445,0.616203171079529,0.0,1676.0,0.3648764904160587,0.4017846008560394,0.3313851252456964,1.0,0.6351235095839413,0.667442512305951,0.5980119420179657,0.0,,,,,,,,,,,,,,,,0.6,symmetric_confident
Exp2B,qwen25_14b,46,nan,math,movies,math->movies,0.1202498845710767,0.1467545173705646,0.1045795865167626,0.0,0.6952606149900197,0.7160050192259112,0.6812041752252245,0.0,0.8214116479602895,0.836088012284565,0.803244647982091,0.0,0.7011617633892128,0.7196686808751128,0.6837862544967653,0.0,0.783439331415239,0.7987625282345189,0.7635931940608814,0.0,,,,,0.425533840028954,0.4956345403359183,0.364271780523835,0.0,0.2634766960228415,0.3017718991554674,0.2350994628316697,1.0,0.7365233039771585,0.7653067114413632,0.6953620185085175,0.0,1390.0,0.3109894639482044,0.3485737017745046,0.2632187091158825,1.0,0.6890105360517955,0.7346667245171048,0.6428003067463557,0.0,,,,,,,,,,,,,,,,0.6,symmetric_confident
Exp2B,qwen25_14b,46,nan,movies,math,movies->math,0.1275106790267682,0.141728909481427,0.1059184431219957,0.0,0.6806511019046063,0.6948372170597515,0.6621224879581666,0.0,0.7934093650411939,0.8104150524937602,0.7798702198967212,0.0,0.6658986860144256,0.6821306703900444,0.6527058402137864,0.0,0.7647668207372286,0.775566132988387,0.7480442782243019,0.0,,,,,0.1629068772953664,0.2251265458047165,0.0949354401702117,0.0,0.4054434773859234,0.440970865948849,0.3732646071588826,1.0,0.5945565226140765,0.6365537845199102,0.5602332667242754,0.0,1676.0,0.4316496453187101,0.4694130636042936,0.3954192961518737,1.0,0.5683503546812899,0.5993534101160968,0.5275176614393828,0.0,,,,,,,,,,,,,,,,0.6,symmetric_confident
Exp2B,qwen25_14b,47,nan,math,movies,math->movies,0.0878523232596948,0.1088223578564545,0.0620059441932343,0.0,0.6809031563202772,0.7003534934785085,0.6630095436417742,0.0,0.7813207863903138,0.8011879210946626,0.7668979670596088,0.0,0.6934684631306189,0.7080193663925644,0.678970892435356,0.0,0.7316428179836211,0.7493436091000731,0.712013536750274,0.0,,,,,0.3475188000160856,0.4120860757786574,0.2802274695951939,0.0,0.2933858125226203,0.3417497519041055,0.252619770564441,1.0,0.7066141874773797,0.7390061119796769,0.6649413212135419,0.0,1390.0,0.3590953874612941,0.3992704332490803,0.3109543020502712,1.0,0.6409046125387059,0.6778006731422832,0.5935799788974191,0.0,,,,,,,,,,,,,,,,0.6,symmetric_confident
Exp2B,qwen25_14b,47,nan,movies,math,movies->math,0.1458901668357641,0.1671633300651099,0.1293144502017505,0.0,0.680198405048137,0.691269665375274,0.665859223509882,0.0,0.7787067351116144,0.7937055471689011,0.765870024884399,0.0,0.6328165682758502,0.6468188468432562,0.6187391791324086,0.0,0.698094725939335,0.7107982767759315,0.6817024114231323,0.0,,,,,0.078953061327162,0.1460074953169585,0.0167816633604044,0.0,0.4312144689842531,0.4704456448170998,0.3959976997777923,1.0,0.5687855310157468,0.5994512047347542,0.5271160648857162,0.0,1676.0,0.4898324696885848,0.5218070327383909,0.4568564491498532,0.71,0.5101675303114152,0.5549288457631356,0.4706499782929128,0.33,,,,,,,,,,,,,,,,0.6,symmetric_confident
Exp2B,olmo3_7b_it,0,nan,math,movies,math->movies,-0.0665267379195436,-0.0301462423885934,-0.0998156502396171,1.0,0.4603519173172288,0.487328070832995,0.4367307085002093,1.0,0.4313982142088994,0.4522595182989495,0.4086234932043517,1.0,0.497924952128443,0.5259082066619127,0.475972368088164,0.53,0.4937312955895999,0.5219014709881922,0.4658152677442993,0.66,,,,,-0.0673613550325878,0.0081779712913971,-0.1442947273833905,0.96,0.55846309955899,0.6164670992644626,0.4921983588591007,0.04,0.44153690044101,0.4861938007099575,0.4015474978991501,0.99,453.0,0.5088982554735979,0.5518389208084541,0.4690657656986966,0.33,0.491101744526402,0.53916451998495,0.4377445986968942,0.64,,,,,,,,,,,,,,,,0.6,symmetric_confident
Exp2B,olmo3_7b_it,0,nan,movies,math,movies->math,-0.0310974528804435,0.0061407525732809,-0.0611349498442368,0.93,0.4891820920114306,0.5172142094864499,0.4644873506171952,0.82,0.456839455528622,0.4807765387935482,0.4385398039665646,1.0,0.4879369084090655,0.5158177646953372,0.4655863581434863,0.87,0.4660316054447138,0.4868740562605735,0.4407927000960533,1.0,,,,,-0.0458538122243226,0.0130356087049398,-0.1163917769376181,0.92,0.5310964083175803,0.5675459253524463,0.4982203509758843,0.03,0.4689035916824197,0.505697234402529,0.4326530107472585,0.91,851.0,0.5147574039067423,0.555888056048333,0.4741162279758273,0.28,0.4852425960932577,0.5397582395755026,0.4429830602133685,0.72,,,,,,,,,,,,,,,,0.6,symmetric_confident
Exp2B,olmo3_7b_it,1,nan,math,movies,math->movies,-0.0140079622916495,0.017441001629113,-0.0526327499920687,0.79,0.5261679432415182,0.5539840346791822,0.5000316517650616,0.03,0.5057906089264974,0.5339173637871,0.4826939698827754,0.29,0.519798571218147,0.5425500223449263,0.4895481911474915,0.06,0.5337856190353287,0.5582334047719172,0.505335626518617,0.01,,,,,-0.0081567341841314,0.0739991109803252,-0.0760812267696162,0.59,0.5408812395113765,0.6025561165967508,0.4801926115217416,0.1,0.4591187604886235,0.5227018714955014,0.4124473273507608,0.94,453.0,0.4672754946727549,0.5161742986373932,0.4091887793930357,0.86,0.532724505327245,0.5891019863947177,0.480220675158332,0.13,,,,,,,,,,,,,,,,0.6,symmetric_confident
Exp2B,olmo3_7b_it,1,nan,movies,math,movies->math,-0.0046313210281774,0.0238668867934402,-0.0311175891057777,0.61,0.5023153034866857,0.5266680755709028,0.4792343306960849,0.43,0.4916082416557896,0.516827038404026,0.465799751852983,0.7,0.4962395626839671,0.5177524657534969,0.4682762726221093,0.61,0.5068608987506993,0.5288327407385021,0.4827018401281255,0.25,,,,,0.018456206679269,0.0722701495208617,-0.0489071366265145,0.44,0.5049149338374291,0.5366640281737349,0.463115554707244,0.43,0.4950850661625708,0.5398107859324675,0.4545567621721946,0.5,851.0,0.4766288594833018,0.5219001861632864,0.4365771726682784,0.87,0.5233711405166982,0.5651442793582261,0.4895114204887251,0.11,,,,,,,,,,,,,,,,0.6,symmetric_confident
Exp2B,olmo3_7b_it,2,nan,math,movies,math->movies,-0.031319629857379,0.001777403490985,-0.0653619431061461,0.94,0.5168084401237296,0.5429967149409448,0.4937783077338104,0.1,0.4864965679135249,0.5120904475881863,0.4591065062700425,0.85,0.5178161977709039,0.5452671746207258,0.4938063501353733,0.09,0.5267506099097272,0.5508381096323421,0.4985373010413959,0.04,,,,,-0.0386761893611208,0.0347938179359295,-0.1119665106414938,0.86,0.5600046832923545,0.6183468326400816,0.5112938522306023,0.01,0.4399953167076454,0.4946999525782644,0.3909567844758762,0.98,453.0,0.4786715060687663,0.523494986490235,0.4272498983014957,0.82,0.5213284939312337,0.5690062774946225,0.4731939145894421,0.19,,,,,,,,,,,,,,,,0.6,symmetric_confident
Exp2B,olmo3_7b_it,2,nan,movies,math,movies->math,-0.006133157356895,0.0259919003955125,-0.0412549680461286,0.62,0.5051231882192415,0.52912701070117,0.4813792710939657,0.44,0.4885866119709118,0.510215638953281,0.4631168020500155,0.83,0.4947197693278068,0.5201923847727007,0.4715388753282569,0.59,0.508610852134999,0.5313977096108934,0.4830970175307167,0.21,,,,,0.0116950220541902,0.0867717341146706,-0.0646431594041393,0.38,0.5146313799621928,0.5515887351358145,0.4723851797873956,0.33,0.4853686200378072,0.5305310455593203,0.438524486633232,0.73,851.0,0.4736735979836169,0.5134493607648503,0.440491902394636,0.92,0.5263264020163831,0.5670789666931266,0.4882076899059343,0.12,,,,,,,,,,,,,,,,0.6,symmetric_confident
Exp2B,olmo3_7b_it,3,nan,math,movies,math->movies,0.0080423602278424,0.0431247919800382,-0.0222974889336239,0.28,0.5073716060293613,0.5303655733630913,0.4854737403708564,0.29,0.48352659943833,0.5080565226456589,0.454812695531252,0.94,0.4754842392104875,0.5002770881570857,0.4497038455183101,0.95,0.4784654241100234,0.5045034740774186,0.4574251560444398,0.9,,,,,-0.0464231354642313,0.0416524539761353,-0.1297842344956476,0.85,0.5514967021816337,0.6013441020513008,0.4979073355205647,0.04,0.4485032978183663,0.5004943276952966,0.3883824295462832,0.97,453.0,0.4949264332825976,0.5501636161845826,0.42935846677086,0.59,0.5050735667174023,0.546945023680251,0.45438207179087,0.41,,,,,,,,,,,,,,,,0.6,symmetric_confident
Exp2B,olmo3_7b_it,3,nan,movies,math,movies->math,0.0056815929667362,0.0355664656388032,-0.0213755836363957,0.33,0.4950089677247724,0.5171856516413487,0.4726941441707374,0.65,0.4871583069177699,0.5183111504000327,0.4596428679546024,0.78,0.4814767139510336,0.5017586022712871,0.4523000469857887,0.96,0.4989045310460563,0.5237929036043544,0.4742036323202208,0.54,,,,,0.0260113421550094,0.0919487904817132,-0.036638181583128,0.24,0.5033774417139256,0.5473697637560048,0.46111552555809,0.51,0.4966225582860744,0.5257854672787026,0.4576873243648502,0.58,851.0,0.4706112161310649,0.5080514744809751,0.4232362639568377,0.93,0.5293887838689351,0.5694030825552673,0.495858050364783,0.07,,,,,,,,,,,,,,,,0.6,symmetric_confident
Exp2B,olmo3_7b_it,4,nan,math,movies,math->movies,-0.0004348187978078,0.0376312908622524,-0.0286049929479458,0.41,0.5712273530711445,0.5965012306680744,0.540613492512536,0.0,0.5645041756540015,0.595173723727927,0.5364304431195768,0.0,0.5649389944518093,0.587941456312853,0.538622791009282,0.0,0.5712651094764916,0.5930038827629486,0.5488333449182576,0.0,,,,,0.0034344143933184,0.0953058346576142,-0.0799768509264844,0.39,0.5117862857588885,0.5673068878014632,0.4607669507574147,0.34,0.4882137142411115,0.5369651164237493,0.4425907594370071,0.7,453.0,0.484779299847793,0.5238400612520331,0.442496477858995,0.71,0.515220700152207,0.5536690221239576,0.4667291699400105,0.35,,,,,,,,,,,,,,,,0.6,symmetric_confident
Exp2B,olmo3_7b_it,4,nan,movies,math,movies->math,0.0050655104980937,0.0363793392299937,-0.0302473243453664,0.4,0.5098966780801346,0.5328066749231564,0.488801071520695,0.19,0.5100419541301511,0.5362026470770315,0.4875738304258681,0.22,0.5049764436320573,0.5329471261163965,0.4806726431164168,0.35,0.514510535148238,0.5313606484095614,0.4894900884480441,0.16,,,,,0.0130119722747321,0.0936423299082595,-0.0799422676432486,0.41,0.4986263390044108,0.5320997615809009,0.4540313599308334,0.55,0.5013736609955891,0.5377310340262147,0.4595690184460939,0.52,851.0,0.4883616887208569,0.5295059525834406,0.4540539755683616,0.71,0.511638311279143,0.5555086780661488,0.4775519797693352,0.34,,,,,,,,,,,,,,,,0.6,symmetric_confident
Exp2B,olmo3_7b_it,5,nan,math,movies,math->movies,0.0730464850652546,0.1015944387711138,0.0379615418403477,0.0,0.5830896793833161,0.609238425157822,0.5595548123351659,0.0,0.5835849787069299,0.6063908404547124,0.5611793861152278,0.0,0.5105384936416753,0.539950778171563,0.4846734603987387,0.19,0.5143305741447437,0.536039318725167,0.488334442972588,0.13,,,,,0.0114935799867306,0.0866706815408376,-0.070609865302164,0.43,0.4967021816336884,0.5448515166872766,0.4254696260631745,0.61,0.5032978183663115,0.5477285353535353,0.4537697567646167,0.43,453.0,0.4918042383795808,0.5467085915998808,0.4384091633746517,0.53,0.5081957616204191,0.561761764590145,0.4599558147180398,0.35,,,,,,,,,,,,,,,,0.6,symmetric_confident
Exp2B,olmo3_7b_it,5,nan,movies,math,movies->math,0.0175779672697515,0.046759078997147,-0.0138747134307215,0.17,0.4986110753546327,0.5233945798499944,0.4742783838206549,0.56,0.5135875442849152,0.5409286156589365,0.4904348976201833,0.13,0.4960095770151636,0.5247443066135578,0.4677579544255531,0.63,0.5167993660264777,0.5330750703634758,0.4899531693723987,0.07,,,,,0.0453780718336483,0.1169574476965316,-0.0283377951521944,0.13,0.4801921865154379,0.5197361847471976,0.4490888208611464,0.82,0.5198078134845621,0.5654902496051339,0.4849133735164565,0.22,851.0,0.4744297416509136,0.5225896209668337,0.4353892854895025,0.85,0.5255702583490863,0.5715081265968415,0.4876482094913716,0.14,,,,,,,,,,,,,,,,0.6,symmetric_confident
Exp2B,olmo3_7b_it,6,nan,math,movies,math->movies,0.1065103670132466,0.1449655291011548,0.0750005961641448,0.0,0.6363265331172976,0.6570908581681778,0.6150961738973829,0.0,0.6332036699051797,0.6568276639230807,0.6093048936526607,0.0,0.5266933028919331,0.5529259640373109,0.5000436610155897,0.03,0.52601072949505,0.5495386339334616,0.5033121730430465,0.01,,,,,-0.0010537407797681,0.0794322920804587,-0.0965451403768917,0.43,0.5040783670920658,0.5435604095432234,0.4563816120300482,0.47,0.4959216329079343,0.5498966781035558,0.4471950529958907,0.54,453.0,0.4969753736877024,0.5445979273858614,0.4330840949714983,0.54,0.5030246263122975,0.563492025787584,0.4524283716702818,0.48,,,,,,,,,,,,,,,,0.6,symmetric_confident
Exp2B,olmo3_7b_it,6,nan,movies,math,movies->math,0.0299960031284479,0.0622475247013787,-0.0076476838436855,0.07,0.5058170069253147,0.5306396830993334,0.4836783153710611,0.33,0.5372860339362298,0.5640352032905053,0.5141463694813875,0.0,0.5072900308077818,0.530647877194344,0.4822411736471151,0.29,0.5506321088942756,0.575045783368174,0.5296473216966111,0.0,,,,,0.0909640831758034,0.1558732893134145,0.0338812475525261,0.0,0.461291745431632,0.5010431911743848,0.4250237312442227,0.96,0.538708254568368,0.5862591521717975,0.5077250219914209,0.02,851.0,0.4477441713925645,0.4871832980633893,0.4113807477440502,1.0,0.5522558286074354,0.5918065162149938,0.5175008330382801,0.01,,,,,,,,,,,,,,,,0.6,symmetric_confident
Exp2B,olmo3_7b_it,7,nan,math,movies,math->movies,0.0981766774057528,0.127738897855751,0.0688586181406329,0.0,0.6692658467128197,0.6898525462782752,0.647118134603099,0.0,0.6638411100664294,0.6852684437617917,0.6359141495957022,0.0,0.5656644326606766,0.5902526351716427,0.5411649405453809,0.0,0.560357404027555,0.586577151968159,0.5361491772385403,0.0,,,,,-0.018850251726964,0.0646739991215858,-0.1117608562119431,0.68,0.5096007493267767,0.5568422369684799,0.468105807437254,0.31,0.4903992506732232,0.5501806292137718,0.4292485712520738,0.62,453.0,0.5092495024001873,0.5628133953221858,0.4615157813788645,0.37,0.4907504975998126,0.5386170986204902,0.4362211655525658,0.64,,,,,,,,,,,,,,,,0.6,symmetric_confident
Exp2B,olmo3_7b_it,7,nan,movies,math,movies->math,0.0264318455645539,0.0574475046798711,0.0028794369512353,0.02,0.5108415072642861,0.5340082026856742,0.4900178128884012,0.12,0.5468040275964945,0.5656664929422902,0.5166745067316535,0.0,0.5203721820319406,0.5443490823526332,0.4973673125078767,0.09,0.5671275405556592,0.5949944358786233,0.5429181428526532,0.0,,,,,0.0933144297416508,0.1692177478886813,0.011595652454869,0.02,0.4601764335223692,0.5021230485614795,0.4220957127849576,0.95,0.5398235664776307,0.5724422927653595,0.5092585608166161,0.0,851.0,0.4465091367359798,0.483490968395122,0.4092979718883361,1.0,0.5534908632640202,0.588441766765393,0.5152028733220927,0.02,,,,,,,,,,,,,,,,0.6,symmetric_confident
Exp2B,olmo3_7b_it,8,nan,math,movies,math->movies,0.0611725797070903,0.0928810889017397,0.0299635228032627,0.0,0.6198427603476212,0.6416771653810934,0.5931723089370186,0.0,0.6169828364950316,0.6354416125155055,0.5959434444124022,0.0,0.5558102567879413,0.5835498999472706,0.526749497456668,0.0,0.5625033030375656,0.5958413277505412,0.5409135245615605,0.0,,,,,0.0105569215158256,0.0766673595430845,-0.0709593578021423,0.43,0.5052101627444093,0.5614316513927591,0.4639862330045021,0.45,0.4947898372555906,0.5464957030632506,0.4435648291629119,0.56,453.0,0.484232915739765,0.5381014837443611,0.432627920151041,0.74,0.515767084260235,0.5657580944145081,0.471854553868045,0.2,,,,,,,,,,,,,,,,0.6,symmetric_confident
Exp2B,olmo3_7b_it,8,nan,movies,math,movies->math,0.0200659578054375,0.048501076998108,-0.0129400284633609,0.1,0.5030490264226073,0.5257923795838433,0.4822967041234868,0.35,0.5259430356143949,0.5496155814872088,0.4990504137170174,0.03,0.5058770778089574,0.5320388536787881,0.4831090999331289,0.31,0.5403747902293492,0.562976321673454,0.5088526865733397,0.01,,,,,0.060453686200378,0.1457349897384116,0.0008641822157594,0.02,0.4782797731568998,0.5171557119755309,0.4443709325979737,0.83,0.5217202268431002,0.5648885298732765,0.4871853917080296,0.14,851.0,0.4612665406427221,0.4952012722295778,0.4256929940066183,0.98,0.5387334593572779,0.5702874082910061,0.4926195599506852,0.05,,,,,,,,,,,,,,,,0.6,symmetric_confident
Exp2B,olmo3_7b_it,9,nan,math,movies,math->movies,0.0696046392036151,0.0904981803346881,0.028927835414547,0.0,0.6982379584622183,0.7243223380974412,0.6741545224870091,0.0,0.7343067308224103,0.7606453967609077,0.7147289275344146,0.0,0.6647020916187951,0.6895258436430365,0.638475086694172,0.0,0.6942966527170941,0.7152749740062238,0.6719540841906361,0.0,,,,,0.1472895445498185,0.2381396518745707,0.0639221577355451,0.0,0.4205011122819342,0.4633951830209826,0.3697058098871403,1.0,0.5794988877180658,0.632839175996899,0.5319264907605142,0.01,453.0,0.4322093431682473,0.4835818313591407,0.3841750933441258,1.0,0.5677906568317527,0.6140957211283006,0.5132688606487733,0.0,,,,,,,,,,,,,,,,0.6,symmetric_confident
Exp2B,olmo3_7b_it,9,nan,movies,math,movies->math,0.0503143604581398,0.0865047535305783,0.0212054578306601,0.0,0.5361776896738151,0.5609977879774996,0.5143589483667863,0.0,0.5757775498787991,0.6077071835569914,0.5518140172732338,0.0,0.5254631894206593,0.548026634079381,0.5053300332372005,0.01,0.55723335819504,0.5844808456846391,0.5362644615993152,0.0,,,,,0.0599936988027725,0.1272467882038756,0.0033542745620421,0.02,0.4678575929426591,0.5010471680713184,0.4293954711573207,0.95,0.532142407057341,0.5803237378402831,0.4977766224406719,0.04,851.0,0.4721487082545684,0.5197551645002603,0.43846372288418,0.9,0.5278512917454317,0.5701525645321468,0.4842266766940888,0.09,,,,,,,,,,,,,,,,0.6,symmetric_confident
Exp2B,olmo3_7b_it,10,nan,math,movies,math->movies,0.0691225758248696,0.0923742972665311,0.0436932053504425,0.0,0.7052124760642215,0.7318072295000934,0.6820023679040421,0.0,0.7471305053186587,0.7717296007654946,0.7245978319929464,0.0,0.678007929493789,0.6990062866706562,0.6576311296577483,0.0,0.7120648440044491,0.734366208220355,0.689738429781773,0.0,,,,,0.170257190805136,0.2450690537519586,0.0892845536593935,0.0,0.4068219958630917,0.4533764972240601,0.3651050185279836,1.0,0.5931780041369082,0.6425534858869248,0.5443537860133241,0.0,453.0,0.4229208133317722,0.4667079738377364,0.3679422062267896,1.0,0.5770791866682278,0.6333492842685111,0.5330425045472925,0.0,,,,,,,,,,,,,,,,0.6,symmetric_confident
Exp2B,olmo3_7b_it,10,nan,movies,math,movies->math,0.0564026361593882,0.0829341293949411,0.0261310478147848,0.0,0.5428065116837869,0.5645437270728292,0.523282375414396,0.0,0.5849706321088943,0.6085712814255188,0.5664569258864708,0.0,0.5285679959495061,0.5477723385793549,0.5010109062899578,0.02,0.555283889614022,0.5776014561920596,0.5275728797287673,0.0,,,,,0.0580907372400756,0.1229985014183467,-0.0175586556579422,0.06,0.4648771266540643,0.5093366510494359,0.4213491387339966,0.93,0.5351228733459358,0.5658485684721156,0.4967556916680365,0.03,851.0,0.4770321361058601,0.520920271557224,0.4434222246539887,0.85,0.5229678638941399,0.5618176922614114,0.4862614136577388,0.11,,,,,,,,,,,,,,,,0.6,symmetric_confident
Exp2B,olmo3_7b_it,11,nan,math,movies,math->movies,0.1017065273977396,0.1326180604161054,0.0770385964880727,0.0,0.6915789021456278,0.7140717323481971,0.6698933196325343,0.0,0.7765929858845074,0.7977059585200224,0.7573519278398916,0.0,0.6748864584867678,0.6977366226258523,0.6456873513866691,0.0,0.731621284466813,0.7533147859862741,0.7107328294670525,0.0,,,,,0.3046091402255785,0.3770740881418166,0.233714904028996,0.0,0.3217616984740272,0.3614121179129846,0.2756988031655686,1.0,0.6782383015259728,0.723777231015082,0.6290318799509781,0.0,453.0,0.3736291613003942,0.4295544367771416,0.3282533602416513,1.0,0.6263708386996059,0.6729022752995355,0.570660713723577,0.0,,,,,,,,,,,,,,,,0.6,symmetric_confident
Exp2B,olmo3_7b_it,11,nan,movies,math,movies->math,0.0812488747870299,0.1056219663069507,0.0590759171101649,0.0,0.551629208179938,0.5762553327606249,0.5252952655626372,0.0,0.5996601715457767,0.6241961548280368,0.5746324354155539,0.0,0.5184112967587468,0.5508719111740236,0.4952888310336075,0.07,0.5385572440798061,0.565295059561392,0.517814390852829,0.0,,,,,0.0601575299306868,0.1401637877651392,-0.0179916276243478,0.06,0.4563453056080655,0.4932871639797628,0.4183902489864295,1.0,0.5436546943919345,0.5794872639329135,0.4998941060253933,0.03,851.0,0.4834971644612476,0.5167211129058094,0.4428721429851395,0.79,0.5165028355387523,0.5574010155289574,0.4850173930587368,0.15,,,,,,,,,,,,,,,,0.6,symmetric_confident
Exp2B,olmo3_7b_it,12,nan,math,movies,math->movies,0.125569310867771,0.151598731827957,0.099559796797128,0.0,0.7268528747483675,0.7513922258811259,0.7022981054988198,0.0,0.8321798818895219,0.8462969343455592,0.8156012286260177,0.0,0.7066105710217508,0.729545420833638,0.6887153186702627,0.0,0.7835136945473763,0.8037284883956982,0.7641949395879863,0.0,,,,,0.4040315341685205,0.4904691968303236,0.3268874694567628,0.0,0.2664598212543418,0.3141622698386939,0.225178177237118,1.0,0.7335401787456582,0.7776613813337722,0.6938176600613015,0.0,453.0,0.3295086445771377,0.3754496962173254,0.2759357458684794,1.0,0.6704913554228623,0.7105793208672321,0.634498837381883,0.0,,,,,,,,,,,,,,,,0.6,symmetric_confident
Exp2B,olmo3_7b_it,12,nan,movies,math,movies->math,0.1020154466002335,0.1412677629622111,0.0734219293658489,0.0,0.5591792600983446,0.5806129704419509,0.5321189012132933,0.0,0.6227055752377401,0.6463018723144663,0.6017695763670871,0.0,0.5206901286375065,0.5414274496152679,0.4978646653156185,0.06,0.5497501398471005,0.5646434402169965,0.5260592141730366,0.0,,,,,0.0875929426591051,0.1557372893495838,0.0348034370862448,0.0,0.4382923755513547,0.4837811733750987,0.3950258035997024,1.0,0.5617076244486452,0.6086544125478719,0.5208719106812649,0.0,851.0,0.47411468178954,0.5139875101120795,0.4330381275876928,0.89,0.52588531821046,0.5710115434251847,0.4928464010097754,0.07,,,,,,,,,,,,,,,,0.6,symmetric_confident
Exp2B,olmo3_7b_it,13,nan,math,movies,math->movies,0.1794691454655911,0.1999799020157563,0.1486756881682339,0.0,0.7882340305395984,0.8111459410970816,0.7679328596299916,0.0,0.9124864037756024,0.9234158500072324,0.8975911294357387,0.0,0.7330172583100113,0.7528204458493348,0.7070935663749227,0.0,0.832729876051595,0.8497770270602344,0.815873050239926,0.0,,,,,0.5177184560746204,0.5874765176980367,0.4319260421060387,0.0,0.2069039534792959,0.2504290094764985,0.1733876109989949,1.0,0.7930960465207041,0.8300264076730378,0.7556164208561469,0.0,453.0,0.2753775904460836,0.3208596376886426,0.2367592204833584,1.0,0.7246224095539164,0.7650043482594455,0.6850349888471828,0.0,,,,,,,,,,,,,,,,0.6,symmetric_confident
Exp2B,olmo3_7b_it,13,nan,movies,math,movies->math,0.198875775892845,0.2297455193526624,0.1664020014385212,0.0,0.5837491096636889,0.6091434479338397,0.5578855060889589,0.0,0.731664180495991,0.7531048421720333,0.7069918049819568,0.0,0.532788404603146,0.5539463692574462,0.5030396956039528,0.01,0.6094070482938654,0.6307132877325835,0.5850502060765412,0.0,,,,,0.2685444234404537,0.348982018539559,0.1988549519843404,0.0,0.3209892879647133,0.3579949550861186,0.2829827235816545,1.0,0.6790107120352867,0.7129842528434418,0.6461810123164989,0.0,851.0,0.410466288594833,0.4435191181060283,0.3786858915679518,1.0,0.589533711405167,0.6197286891601006,0.5531270193207858,0.0,,,,,,,,,,,,,,,,0.6,symmetric_confident
Exp2B,olmo3_7b_it,14,nan,math,movies,math->movies,0.1636240849962396,0.186574921018416,0.1403496592655476,0.0,0.7505867334413512,0.7720340720064338,0.7257718910513172,0.0,0.8934971639965833,0.9041589475221962,0.8779280617384684,0.0,0.7298730790003437,0.7493779006316942,0.7073965264414368,0.0,0.8293420349169478,0.8491374646544293,0.8082628071579058,0.0,,,,,0.5305975100495648,0.6118717182372243,0.4533092529255042,0.0,0.1963275182453264,0.2330457753061616,0.1616646570018063,1.0,0.8036724817546735,0.8379329421494981,0.7666238995091683,0.0,453.0,0.2730749717051087,0.3235812094148192,0.2256736908072539,1.0,0.7269250282948914,0.7689648776293768,0.68155798305391,0.0,,,,,,,,,,,,,,,,0.6,symmetric_confident
Exp2B,olmo3_7b_it,14,nan,movies,math,movies->math,0.186007047812703,0.2140789759268153,0.1578477473111554,0.0,0.5798792575238781,0.6013935772740803,0.559478118946512,0.0,0.7084761327615141,0.7259947547109102,0.6846192298674921,0.0,0.5224690849488111,0.5412685052327205,0.4969206803350302,0.05,0.5598415066194294,0.5895678507256922,0.5382354854233108,0.0,,,,,0.1937681159420289,0.2632932908309012,0.1124045329569636,0.0,0.3444297416509136,0.387029889173771,0.3052685853525896,1.0,0.6555702583490863,0.6895310595297817,0.6180784613612889,0.0,851.0,0.4618021424070573,0.4984844837258443,0.4245798327859452,0.97,0.5381978575929427,0.5783876098197286,0.4938585524741034,0.06,,,,,,,,,,,,,,,,0.6,symmetric_confident
Exp2B,olmo3_7b_it,15,nan,math,movies,math->movies,0.1398943165994537,0.1670532527113358,0.1207495799925423,0.0,0.7472989394608927,0.770845509327499,0.7261091598327564,0.0,0.8885042002347461,0.9014280892263224,0.874893442550605,0.0,0.7486098836352924,0.7697576680252217,0.7283095835925651,0.0,0.8379176422149709,0.8592194337967967,0.8200903996137112,0.0,,,,,0.5097373453537837,0.587653194544496,0.4291704218942669,0.0,0.2026304492057916,0.245029800078548,0.1648481791952793,1.0,0.7973695507942083,0.8381470983399026,0.7543811952298971,0.0,453.0,0.2876322054404246,0.3323825566843157,0.2412750039068604,1.0,0.7123677945595753,0.7621135198369812,0.6709417581537902,0.0,,,,,,,,,,,,,,,,0.6,symmetric_confident
Exp2B,olmo3_7b_it,15,nan,movies,math,movies->math,0.1585307942893671,0.1873865161177833,0.1242880890661182,0.0,0.5763144796574243,0.602377604841793,0.5505755082813514,0.0,0.6861565355211635,0.7092596748067016,0.6671367518557837,0.0,0.5276257412317964,0.5525376001108222,0.5016109398583565,0.0,0.5460982658959538,0.5690599169938343,0.5199681066596676,0.0,,,,,0.1407971014492753,0.2158811180510828,0.0632331950620676,0.0,0.3716036546943919,0.4140837942435665,0.3323763240133434,1.0,0.6283963453056081,0.6618678688657358,0.594973043717609,0.0,851.0,0.4875992438563327,0.526779050659591,0.4481159739303199,0.71,0.5124007561436673,0.5391548258085218,0.4721364464327237,0.25,,,,,,,,,,,,,,,,0.6,symmetric_confident
Exp2B,olmo3_7b_it,16,nan,math,movies,math->movies,0.1616782548028098,0.1851199794272404,0.1422669071908519,0.0,0.7614505081749889,0.7791293705559548,0.7358767367584881,0.0,0.9116334519354264,0.9238358136997444,0.9012903298689872,0.0,0.7499551971326165,0.7723736717346147,0.7237352779460418,0.0,0.8518026903625046,0.8692878423499301,0.8317873478247622,0.0,,,,,0.5704250087811732,0.6361487761877318,0.4863076289037675,0.0,0.1692815048979432,0.210044574726425,0.1388121432438354,1.0,0.8307184951020568,0.8594771030202397,0.79866167200927,0.0,453.0,0.2602934863208835,0.3033629760932751,0.2165273155576685,1.0,0.7397065136791164,0.7816073978625824,0.6917519747268663,0.0,,,,,,,,,,,,,,,,0.6,symmetric_confident
Exp2B,olmo3_7b_it,16,nan,movies,math,movies->math,0.1797971521341509,0.2080209591017143,0.147052044586704,0.0,0.5827858301367042,0.6054213928606367,0.5615439895115357,0.0,0.7122701845981727,0.7316368808659606,0.692032696857115,0.0,0.5324730324640218,0.5569274721985221,0.5078908974517293,0.01,0.5622459444340854,0.5871576152963978,0.5366037097713673,0.0,,,,,0.1845683679899181,0.2725805007804024,0.1108601960727439,0.0,0.3437177063642092,0.3841309085661967,0.3056686181762207,1.0,0.6562822936357908,0.684695713643082,0.6223605632220777,0.0,851.0,0.4717139256458727,0.5050350838736687,0.4326559208495727,0.94,0.5282860743541273,0.570800702015967,0.4914053808060167,0.08,,,,,,,,,,,,,,,,0.6,symmetric_confident
Exp2B,olmo3_7b_it,17,nan,math,movies,math->movies,0.1600563369853579,0.1763406938553878,0.1393097538868847,0.0,0.7848621544655571,0.804576838175718,0.7632998888142255,0.0,0.944151319064211,0.9547182238484598,0.935871831656456,0.0,0.7840949820788531,0.8027112200427142,0.7638005898235926,0.0,0.8959878079506418,0.907724325122256,0.8828387841826266,0.0,,,,,0.6602466533973383,0.7349013539450643,0.5945758397815095,0.0,0.1249268235569605,0.156972988806034,0.0960823146381817,1.0,0.8750731764430395,0.9047077129097252,0.8473280958452102,0.0,453.0,0.2148265230457011,0.2581594202896895,0.1781095718181736,1.0,0.7851734769542988,0.819986223288133,0.7403481937458296,0.0,,,,,,,,,,,,,,,,0.6,symmetric_confident
Exp2B,olmo3_7b_it,17,nan,movies,math,movies->math,0.1920148739178622,0.215537399393274,0.1597004091476155,0.0,0.6050734152013661,0.6266509810485117,0.5803676122809699,0.0,0.7483656535521164,0.7721835071017509,0.7278251146160232,0.0,0.5563507796342542,0.5792299035517385,0.5322674470565132,0.0,0.600633041208279,0.6224912655388606,0.5753141907734349,0.0,,,,,0.2248960302457466,0.2963404514420626,0.1643409619631055,0.0,0.3227536231884058,0.3698270293699505,0.2981970795210449,1.0,0.6772463768115942,0.712811024654421,0.6416339074963869,0.0,851.0,0.4523503465658475,0.4807978105403697,0.4227235080727257,1.0,0.5476496534341525,0.5962792414863309,0.5148556144425354,0.0,,,,,,,,,,,,,,,,0.6,symmetric_confident
Exp2B,olmo3_7b_it,18,nan,math,movies,math->movies,0.1598027251793425,0.1755987432327919,0.1380107521944167,0.0,0.7873220160062847,0.80608977618059,0.7641071650520902,0.0,0.9619170522770988,0.9702507836438368,0.9553518463796769,0.0,0.8021143270977562,0.8200239921563072,0.7825066460664449,0.0,0.921017151214596,0.9323403295766508,0.9123910933737566,0.0,,,,,0.7351207899153105,0.7914040624575003,0.6701327037905985,0.0,0.0799477032353744,0.104524621008131,0.062391312720326,1.0,0.9200522967646256,0.942644537280892,0.8974664141216901,0.0,453.0,0.184931506849315,0.2306001503138813,0.1532198958074976,1.0,0.815068493150685,0.853465039456039,0.780590194036216,0.0,,,,,,,,,,,,,,,,0.6,symmetric_confident
Exp2B,olmo3_7b_it,18,nan,movies,math,movies->math,0.2229843155468457,0.2488606800373049,0.1939709285090252,0.0,0.6173664924611041,0.6369860797102402,0.5956822612632169,0.0,0.787618870035428,0.8053690741401078,0.7691219838956264,0.0,0.5646345544885822,0.5881532540164208,0.5369494329781987,0.0,0.6215401827335446,0.6418006078107823,0.5971903024213319,0.0,,,,,0.2775456836798992,0.3496393730635984,0.2305995989417008,0.0,0.28645872715816,0.3187175964035533,0.251835543098513,1.0,0.71354127284184,0.7558184349665502,0.6787195662528955,0.0,851.0,0.4359955891619407,0.477654756629427,0.392726651029036,1.0,0.5640044108380592,0.5977533543342846,0.5228656585057883,0.0,,,,,,,,,,,,,,,,0.6,symmetric_confident
Exp2B,olmo3_7b_it,19,nan,math,movies,math->movies,0.1498303052527951,0.1681325398857138,0.1304018864914738,0.0,0.7868887170422743,0.8049786520481798,0.7653483645593412,0.0,0.9635295491276908,0.969832545567992,0.9555849021350368,0.0,0.8136992438748957,0.8322776647139718,0.7912125472308945,0.0,0.9295061113876444,0.9389370384819076,0.9201627618886064,0.0,,,,,0.7327401163017602,0.7824135225210886,0.6732097842214322,0.0,0.0812356086328689,0.1033460798244255,0.0624325443070586,1.0,0.9187643913671312,0.9381318771025078,0.8916495482069252,0.0,453.0,0.1860242750653709,0.2243725831877583,0.1488846222558345,1.0,0.813975724934629,0.847990253411306,0.7643120404834399,0.0,,,,,,,,,,,,,,,,0.6,symmetric_confident
Exp2B,olmo3_7b_it,19,nan,movies,math,movies->math,0.2289226319261518,0.25643455337927,0.199096238637787,0.0,0.6199186468604382,0.6411658424526087,0.6023882681056826,0.0,0.7982118217415626,0.8161331093988909,0.7803478611981601,0.0,0.5692891898154108,0.5908328066160835,0.5446284629011386,0.0,0.6313332090247995,0.6506968243709953,0.6130017181659091,0.0,,,,,0.289640831758034,0.3735159675664625,0.2315566637278266,0.0,0.2780403276622558,0.3130560016160786,0.2400886801659333,1.0,0.7219596723377442,0.7503976507116314,0.6800212420535927,0.0,851.0,0.4323188405797101,0.4629252818229821,0.3976477677374503,1.0,0.5676811594202898,0.6046811946666131,0.5340548946069529,0.0,,,,,,,,,,,,,,,,0.6,symmetric_confident
Exp2B,olmo3_7b_it,20,nan,math,movies,math->movies,0.1486481160345946,0.1714179947733229,0.130125701840414,0.0,0.7940080767908873,0.8137916970511067,0.7719274761749402,0.0,0.9653595855686448,0.969957523397765,0.9599454601163828,0.0,0.8167114695340502,0.8342898241036051,0.7995909065496863,0.0,0.9328613830355992,0.9434402222031189,0.9212316980277504,0.0,,,,,0.7347305155524334,0.7832806243143796,0.682109722757871,0.0,0.0827967060843773,0.1017673853624401,0.0620184870966945,1.0,0.9172032939156228,0.9439309513931946,0.8891531303928002,0.0,453.0,0.1824727783631893,0.2133150691900691,0.1469234853766645,1.0,0.8175272216368107,0.8568887563750577,0.7847448160815165,0.0,,,,,,,,,,,,,,,,0.6,symmetric_confident
Exp2B,olmo3_7b_it,20,nan,movies,math,movies->math,0.2408227171315662,0.2658306936443417,0.2124904217042052,0.0,0.6200495155712312,0.6434737715820021,0.5922239594184914,0.0,0.8108782397911617,0.8283481477175247,0.7930200452944792,0.0,0.5700555226595955,0.5968600488819455,0.5439959942683955,0.0,0.6512082789483498,0.6740762266261181,0.6215583204109931,0.0,,,,,0.3316131064902332,0.3955587689228698,0.2460692214279186,0.0,0.262224322621298,0.2931622218855856,0.2274635049147218,1.0,0.737775677378702,0.7722078501352313,0.7003837754596595,0.0,851.0,0.4061625708884688,0.4452806436343202,0.3521231760711019,1.0,0.5938374291115311,0.6433703541815031,0.552782758362515,0.0,,,,,,,,,,,,,,,,0.6,symmetric_confident
Exp2B,olmo3_7b_it,21,nan,math,movies,math->movies,0.144079377650792,0.1621348506602926,0.1285005208023091,0.0,0.7850389109834536,0.8081840969307121,0.7649920895790792,0.0,0.9653018208186616,0.9726302978873452,0.958393750157386,0.0,0.8212224431678696,0.839239983335677,0.801365694472232,0.0,0.9437555690749652,0.954543088363011,0.9355850281941503,0.0,,,,,0.7680014049877064,0.8146554162115774,0.7103126188431537,0.0,0.0735276899660461,0.1018984493468383,0.0543451308649477,1.0,0.926472310033954,0.948654384039931,0.9005300134426651,0.0,453.0,0.1584709050462475,0.2038431427333971,0.1319540208557248,1.0,0.8415290949537525,0.8776202740720335,0.8006583193009249,0.0,,,,,,,,,,,,,,,,0.6,symmetric_confident
Exp2B,olmo3_7b_it,21,nan,movies,math,movies->math,0.2382178826506608,0.2626874623074819,0.2111135908785667,0.0,0.6143432107029152,0.6368096768615686,0.5923973011313233,0.0,0.7992438933432781,0.8146884401559293,0.779774758962866,0.0,0.5610260106926173,0.5907495325082293,0.5367211872171855,0.0,0.6245935110945366,0.6517635066640066,0.6000349018092438,0.0,,,,,0.2999054820415879,0.3666609773880331,0.2225604961710904,0.0,0.2719533711405167,0.3010572271865883,0.2432737677826186,1.0,0.7280466288594833,0.7613815005347635,0.7028115842524348,0.0,851.0,0.4281411468178954,0.4692020298351179,0.3831221081360647,1.0,0.5718588531821046,0.6155108104856601,0.5384935746321885,0.0,,,,,,,,,,,,,,,,0.6,symmetric_confident
Exp2B,olmo3_7b_it,22,nan,math,movies,math->movies,0.1478249567385546,0.1682311473040096,0.127788425408966,0.0,0.7965673638729317,0.8162143669901215,0.7760471442445427,0.0,0.9695997640248512,0.97595413363493,0.9621974192608672,0.0,0.8217748072862965,0.8373343954308471,0.8019311166429489,0.0,0.9450669518033048,0.9534186163965296,0.9367249708837908,0.0,,,,,0.7687624399953167,0.8244876003790191,0.7151911824750034,0.0,0.0749326776724037,0.0972139767539666,0.0538109855899143,1.0,0.9250673223275964,0.9443234014450144,0.8975792269024753,0.0,453.0,0.1563048823322796,0.1856775259427603,0.1217111223935078,1.0,0.8436951176677204,0.8779327672893746,0.8097754257612776,0.0,,,,,,,,,,,,,,,,0.6,symmetric_confident
Exp2B,olmo3_7b_it,22,nan,movies,math,movies->math,0.2274674122896892,0.2575251393926944,0.1978546605998849,0.0,0.6163487200611006,0.6379292714743012,0.5933828582328474,0.0,0.798160544471378,0.8174990111772802,0.7776428759590194,0.0,0.5706931321816887,0.5895713385497171,0.5481288589849443,0.0,0.653419727764311,0.6732087359745204,0.6352922287259276,0.0,,,,,0.3261562696912413,0.3918821869271339,0.250861063735997,0.0,0.2736672967863894,0.3067478618043498,0.2367790017866685,1.0,0.7263327032136105,0.7591581890907537,0.6850562675122935,0.0,851.0,0.4001764335223692,0.4414392560783515,0.3643007855546042,1.0,0.5998235664776308,0.6422205050022861,0.5624289246005608,0.0,,,,,,,,,,,,,,,,0.6,symmetric_confident
Exp2B,olmo3_7b_it,23,nan,math,movies,math->movies,0.1453595301112588,0.1631381878211294,0.1231165385146044,0.0,0.7835769872833506,0.8002239587684524,0.766756030442565,0.0,0.9661854985896796,0.9731415055318112,0.956898189159478,0.0,0.8208259684784209,0.8423988137498786,0.8029403827013377,0.0,0.9498724873870054,0.9581890575711156,0.939731460148843,0.0,,,,,0.7814463567888226,0.8345082489688698,0.7249151141836593,0.0,0.0748351090816844,0.0993372998635326,0.0536465939962621,1.0,0.9251648909183156,0.947398255982425,0.9007315089567416,0.0,453.0,0.143718534129493,0.1700459358828804,0.116935252434336,1.0,0.856281465870507,0.8831125672756855,0.8252962700475103,0.0,,,,,,,,,,,,,,,,0.6,symmetric_confident
Exp2B,olmo3_7b_it,23,nan,movies,math,movies->math,0.2453780951200368,0.2673445123277201,0.2130926659997261,0.0,0.6231127015592685,0.6411919603632369,0.6048690295897231,0.0,0.8132985269438747,0.8280219102139792,0.7964906127706091,0.0,0.5679204318238379,0.5887844912186739,0.5446388101757484,0.0,0.6413509229908633,0.670985681289662,0.6190608857999057,0.0,,,,,0.3241965973534972,0.3710748359136958,0.270470001668173,0.0,0.2621361058601134,0.2873930147639215,0.2283136272814631,1.0,0.7378638941398866,0.7695338702662072,0.7054171985759042,0.0,851.0,0.4136672967863894,0.4577838689350976,0.3729567785769025,1.0,0.5863327032136106,0.6211626741827398,0.5510249654808124,0.0,,,,,,,,,,,,,,,,0.6,symmetric_confident
Exp2B,olmo3_7b_it,24,nan,math,movies,math->movies,0.1440210871112942,0.1630667601530864,0.1222510713936247,0.0,0.7790340992782442,0.7955080669418604,0.756262232931288,0.0,0.9628978239895778,0.9704918321771192,0.9562504275580692,0.0,0.8188767368782836,0.8376696765854736,0.8022318728613733,0.0,0.9490269097702316,0.9575494351323228,0.9399105351052056,0.0,,,,,0.78097802755337,0.8347461886289677,0.7344845042179741,0.0,0.0769621043593646,0.0999667960817071,0.0549588807162782,1.0,0.9230378956406352,0.9443867628301468,0.9015309856487422,0.0,453.0,0.1420598680872653,0.17425936680611,0.1015233384253934,1.0,0.8579401319127347,0.889205859718309,0.8288355304803697,0.0,,,,,,,,,,,,,,,,0.6,symmetric_confident
Exp2B,olmo3_7b_it,24,nan,movies,math,movies->math,0.2414856152059595,0.2640998308905265,0.2195147131753522,0.0,0.6211389439538656,0.6471159608929878,0.5965268186765715,0.0,0.8029806078687302,0.8213348714039219,0.7812904047371211,0.0,0.5614949926627706,0.5846517697963403,0.5418460052197297,0.0,0.6260973335819504,0.649445352580275,0.6045523444747285,0.0,,,,,0.2998046628859483,0.3698685367683194,0.2407758495857355,0.0,0.2740327662255828,0.3113662508548576,0.2403996974978154,1.0,0.7259672337744172,0.7638666868834132,0.6903903449251633,0.0,851.0,0.4261625708884688,0.4642873992588677,0.3884852012346846,1.0,0.5738374291115312,0.6049595021247134,0.5398129814370956,0.0,,,,,,,,,,,,,,,,0.6,symmetric_confident
Exp2B,olmo3_7b_it,25,nan,math,movies,math->movies,0.1461633956136682,0.1696359407909088,0.1272501439697076,0.0,0.7841109392644965,0.8050018717365374,0.7641245638344955,0.0,0.9660822594620504,0.9731845053566004,0.958486000204519,0.0,0.8199188638483822,0.8372863971478919,0.8056537229624058,0.0,0.9507045455942088,0.9600786833764746,0.9442698819445698,0.0,,,,,0.7848417437458534,0.8403260053694889,0.7298519014646067,0.0,0.0735081762479022,0.0961753685138642,0.049062974253187,1.0,0.9264918237520976,0.9455642730278208,0.9057093790422596,0.0,453.0,0.1416500800062443,0.174332467231453,0.1113799107202389,1.0,0.8583499199937557,0.8859306740924606,0.8282334541320551,0.0,,,,,,,,,,,,,,,,0.6,symmetric_confident
Exp2B,olmo3_7b_it,25,nan,movies,math,movies->math,0.227515131438913,0.2584739334909982,0.2020050471716758,0.0,0.6184872435187807,0.6437258964584885,0.598131633048142,0.0,0.7912623531605445,0.8118572473068629,0.7705037825515786,0.0,0.5637472217216315,0.584445146082679,0.5425815624673619,0.0,0.6272049226179377,0.649149124631913,0.6044135275960554,0.0,,,,,0.2855198487712665,0.3786067268559416,0.1998146339098274,0.0,0.2863957151858853,0.3255565041609615,0.2505240856875841,1.0,0.7136042848141146,0.7507246644405906,0.6779257679104542,0.0,851.0,0.4280844360428481,0.4657404866256992,0.3915980148527425,1.0,0.5719155639571518,0.6223039152284285,0.5281866585337568,0.0,,,,,,,,,,,,,,,,0.6,symmetric_confident
Exp2B,olmo3_7b_it,26,nan,math,movies,math->movies,0.1482325661835531,0.1641823367343721,0.1304667003599639,0.0,0.7825311778857956,0.8039821826680208,0.7577653977591949,0.0,0.9658038825286211,0.9735332941079068,0.9583808652283388,0.0,0.817571316345068,0.8337841189421907,0.7925011397752721,0.0,0.9526986585058594,0.9610322817332876,0.9441998692380008,0.0,,,,,0.7933009405612146,0.8374301921133176,0.7395508986439915,0.0,0.072864223549155,0.0945215076044342,0.0511747994551919,1.0,0.927135776450845,0.9497071150097466,0.9051275813366956,0.0,453.0,0.1338348358896304,0.169140598676047,0.1048002544575149,1.0,0.8661651641103696,0.8927347236375406,0.8403488022198774,0.0,,,,,,,,,,,,,,,,0.6,symmetric_confident
Exp2B,olmo3_7b_it,26,nan,movies,math,movies->math,0.2318474825066494,0.2578556506745312,0.2030597647542568,0.0,0.6207313201005759,0.6432538294032399,0.6020711308797713,0.0,0.7990835353347008,0.8136818032136561,0.7821052655670462,0.0,0.5672360528280513,0.5899688686581226,0.5445297141416191,0.0,0.6356941077754988,0.6630046474924794,0.6141735870528835,0.0,,,,,0.3004284814114682,0.3608639211508238,0.2216572650345606,0.0,0.2782545683679899,0.3145168018502757,0.2401617197860278,1.0,0.7217454316320101,0.759583343071084,0.6854147761102185,0.0,851.0,0.4213169502205419,0.4512525017847315,0.3884988519795372,1.0,0.5786830497794581,0.6160395176676696,0.5482932098008205,0.0,,,,,,,,,,,,,,,,0.6,symmetric_confident
Exp2B,olmo3_7b_it,27,nan,math,movies,math->movies,0.1439834797531879,0.1660050351162528,0.1267524639558416,0.0,0.7938669170717337,0.8118102789520824,0.7704173641493579,0.0,0.966146169398202,0.9728469218054416,0.9588763480392276,0.0,0.822162689645014,0.8417496884378611,0.8054391331329814,0.0,0.9537267481518352,0.9617385858600134,0.944683868592994,0.0,,,,,0.7855052101627444,0.8401647150038832,0.7328063803548686,0.0,0.0808258205518479,0.1111460144370095,0.0601826082415172,1.0,0.919174179448152,0.9466473045245432,0.8914227520393568,0.0,453.0,0.1336689692854076,0.1677117191014905,0.1032703479653534,1.0,0.8663310307145924,0.9002098511406096,0.831023070713207,0.0,,,,,,,,,,,,,,,,0.6,symmetric_confident
Exp2B,olmo3_7b_it,27,nan,movies,math,movies->math,0.2271306145380367,0.2512638776981818,0.2003702343571068,0.0,0.6263359335444396,0.6511009448056406,0.6048940188538902,0.0,0.8072934924482565,0.8282946454371621,0.7907353011607828,0.0,0.5801628779102198,0.6073484304605731,0.5550545227416683,0.0,0.6656526198023495,0.6909650196422147,0.6377247387389211,0.0,,,,,0.3255828607435413,0.4128738373073025,0.2561913846955347,0.0,0.2732640201638311,0.3071545343314025,0.2358346599994369,1.0,0.7267359798361689,0.7537939250068274,0.6912616875311557,0.0,851.0,0.4011531190926276,0.446409851887573,0.3668973302561868,1.0,0.5988468809073724,0.6386851996846006,0.5570471042251831,0.0,,,,,,,,,,,,,,,,0.6,symmetric_confident
Exp2B,olmo3_7b_it,28,nan,math,movies,math->movies,0.1421651477466363,0.1594336101928972,0.1275392440446166,0.0,0.7969208769087249,0.817168845349002,0.7794474335764922,0.0,0.9657995808983032,0.9745272639037614,0.9613836806067264,0.0,0.823634433151667,0.8431424872943305,0.8099578273694382,0.0,0.9523539135618112,0.960145491455456,0.943511168845546,0.0,,,,,0.7783631893220935,0.8261021733951455,0.7246993107780865,0.0,0.0838699605822893,0.111267263427521,0.0656422464468132,1.0,0.9161300394177108,0.9413735544388708,0.8863887436579121,0.0,453.0,0.1377668500956172,0.1734588252709718,0.1079760957557594,1.0,0.8622331499043828,0.8908802885552739,0.829392200762348,0.0,,,,,,,,,,,,,,,,0.6,symmetric_confident
Exp2B,olmo3_7b_it,28,nan,movies,math,movies->math,0.2214249016977937,0.2460634867281919,0.1960541401051626,0.0,0.6309639660513692,0.6491909452389207,0.6112002988187981,0.0,0.8092914413574492,0.8262836036519362,0.7917359431449742,0.0,0.5878665396596555,0.6121433434212625,0.5642771907895553,0.0,0.6740611597986201,0.6986486611558621,0.6536489245639351,0.0,,,,,0.3235979836168872,0.4026248002515323,0.2452604829829665,0.0,0.2751039697542533,0.310304456417176,0.2489466252856973,1.0,0.7248960302457467,0.7565466270914715,0.6983246760408576,0.0,851.0,0.4012980466288595,0.4347800558607114,0.3659386874154072,1.0,0.5987019533711405,0.641618960909923,0.5510461878814161,0.0,,,,,,,,,,,,,,,,0.6,symmetric_confident
Exp2B,olmo3_7b_it,29,nan,math,movies,math->movies,0.1382119109922219,0.1561035471586022,0.1190346782299955,0.0,0.7793336033780135,0.799647688116775,0.7590697708503779,0.0,0.9555358909598166,0.9635269455885718,0.947591611351427,0.0,0.8173239799675946,0.83290014578708,0.8007184139579963,0.0,0.9487122762384086,0.9571215371684988,0.93824954935422,0.0,,,,,0.7743238496663154,0.8310934035179751,0.7235967477055576,0.0,0.0884556843460953,0.1202274820007578,0.0656468766753554,1.0,0.9115443156539048,0.9284326488518064,0.881333431205357,0.0,453.0,0.1372204659875892,0.1720756791088528,0.1083184277822928,1.0,0.8627795340124107,0.8947605986611364,0.8334853422373092,0.0,,,,,,,,,,,,,,,,0.6,symmetric_confident
Exp2B,olmo3_7b_it,29,nan,movies,math,movies->math,0.2191354957809752,0.2455153647370636,0.1976506767862088,0.0,0.6293154493731175,0.6541576018122827,0.6043812370364303,0.0,0.7982188140965877,0.8182676240436957,0.7797867236860935,0.0,0.5790833183156124,0.5982770757121962,0.5554179899761782,0.0,0.64418608987507,0.6723458992605261,0.6222700780469036,0.0,,,,,0.2806994328922495,0.339067303885237,0.2027094101401893,0.0,0.2884562066792691,0.3243331019859433,0.2532895529566549,1.0,0.7115437933207309,0.74950345445889,0.673856453606467,0.0,851.0,0.4308443604284814,0.4637429853170743,0.3860394881678334,1.0,0.5691556395715186,0.6070041823424268,0.5323436730364222,0.0,,,,,,,,,,,,,,,,0.6,symmetric_confident
Exp2B,olmo3_7b_it,30,nan,math,movies,math->movies,0.1361811315428639,0.1547271096002721,0.1177446746040987,0.0,0.7728635783375067,0.7974313557123067,0.7513194574415183,0.0,0.9498012032274518,0.9587880275267344,0.9397796480061236,0.0,0.8136200716845878,0.8287974426309631,0.7920494802536397,0.0,0.942123407628634,0.9527764427047718,0.9320250476206108,0.0,,,,,0.7616204191546657,0.8182250187033656,0.7130690410076513,0.0,0.0882995746009444,0.1099295079057525,0.0655539917513597,1.0,0.9117004253990556,0.934085836792194,0.8849280148447846,0.0,453.0,0.1500800062443898,0.1921778124390719,0.1165372801368668,1.0,0.8499199937556102,0.8807348290261847,0.8224036099957117,0.0,,,,,,,,,,,,,,,,0.6,symmetric_confident
Exp2B,olmo3_7b_it,30,nan,movies,math,movies->math,0.1603651362282141,0.1908355309245565,0.1281823575512174,0.0,0.6184700804091685,0.6426758816407875,0.5994625755766443,0.0,0.7417508856983032,0.760875265668303,0.7216472863549924,0.0,0.581385749470089,0.6035587483200838,0.5611106421404951,0.0,0.6182374603766548,0.6383366995722465,0.5968517396969751,0.0,,,,,0.1802709514807813,0.2611425005893358,0.1178001687235854,0.0,0.3512728418399496,0.3970106130778508,0.3136653453032411,1.0,0.6487271581600504,0.6841393913559196,0.6203080254451078,0.0,851.0,0.468456206679269,0.5113142262419261,0.4300198259856836,0.9,0.531543793320731,0.5785269124021335,0.4940465868184162,0.03,,,,,,,,,,,,,,,,0.6,symmetric_confident
Exp2B,olmo3_7b_it,31,nan,math,movies,math->movies,-0.0229850718995063,0.00858340522544,-0.0554995179389368,0.95,0.6172000049099032,0.6433103440663857,0.59472838097419,0.0,0.7777986714107504,0.7968451617201269,0.7585752029286686,0.0,0.8007837433102568,0.8201302095937566,0.78249064139118,0.0,0.9335336664024236,0.9443136342161292,0.9227751197071904,0.0,,,,,0.686824337509269,0.7440768956603514,0.6356221830295904,0.0,0.1527143581938102,0.1945087522463429,0.1215323223955512,1.0,0.8472856418061897,0.8828606594399278,0.8160021527463243,0.0,453.0,0.1604613042969207,0.199727203469292,0.1224994646670671,1.0,0.8395386957030793,0.867272283600812,0.8014340185676393,0.0,,,,,,,,,,,,,,,,0.6,symmetric_confident
Exp2B,olmo3_7b_it,31,nan,movies,math,movies->math,0.0774178117709863,0.1045366323578086,0.025696347991581,0.0,0.5884037449905174,0.6101942088740433,0.5625524017657862,0.0,0.6214446205482006,0.6466628357370094,0.5984988196939022,0.0,0.5440268087772142,0.5677561053811693,0.5183351665617821,0.0,0.4812129405183666,0.5068453287581288,0.4572383977121034,0.94,,,,,-0.0626717076244486,0.0212928997248604,-0.1332392107500863,0.92,0.4712224322621298,0.5013357050879997,0.439233941553627,0.96,0.5287775677378702,0.5603731973421407,0.4977013546210744,0.05,851.0,0.5914492753623188,0.6294481029922153,0.5466325596661399,0.0,0.4085507246376811,0.4513770042964454,0.3764788107522458,1.0,,,,,,,,,,,,,,,,0.6,symmetric_confident
Exp2B,qwen25_7b,0,nan,math,movies,math->movies,0.016708616563751,0.0652314922918672,-0.0364113450580102,0.31,0.5110546176762661,0.5306859547068502,0.4859467032573185,0.15,0.4975060346372366,0.5194734839974026,0.4695483585822258,0.57,0.4807974180734856,0.5076258562715124,0.4600501623307074,0.91,0.5028165154054538,0.5276736904823616,0.4745903922227598,0.43,,,,,0.003094003094003,0.0418284448207872,-0.0372205046433658,0.45,0.5393423726757061,0.5828996631814111,0.4734498032597926,0.09,0.460657627324294,0.5077092394560184,0.4117641987730318,0.95,569.0,0.4575636242302909,0.5123624192327555,0.4204560835314309,0.93,0.5424363757697092,0.5881288607199815,0.49909028738114,0.04,,,,,,,,,,,,,,,,0.7,symmetric_confident
Exp2B,qwen25_7b,0,nan,movies,math,movies->math,0.0096791944893197,0.0343558147909877,-0.0130768166919419,0.22,0.5110569918858683,0.5252691152344338,0.4949632323108191,0.11,0.490380714723192,0.5102557434093651,0.4675444324522775,0.8,0.4807015202338722,0.4963098378385276,0.4691628881393646,0.98,0.5162655265248931,0.5367104139610305,0.4912018378259091,0.06,,,,,0.0282033649391292,0.0629254224808855,-0.003627199363825,0.03,0.5357561205876696,0.5759914202135908,0.4970769927302192,0.04,0.4642438794123303,0.5069606477415659,0.4240339088028069,0.96,1963.0,0.4360405144732011,0.4669172735338516,0.3927690865246952,1.0,0.5639594855267989,0.5929370146972562,0.5304690662556383,0.0,,,,,,,,,,,,,,,,0.7,symmetric_confident
Exp2B,qwen25_7b,1,nan,math,movies,math->movies,-0.0506946663701829,-0.0067577701043965,-0.0882772887874875,1.0,0.4774667328699106,0.5035671604743478,0.4534085232458839,0.93,0.4812119870558349,0.5068667216300133,0.4539025401121839,0.92,0.5319066534260178,0.5531516940313641,0.5032860593430265,0.02,0.5358747325259041,0.5645261492915642,0.5124417165894719,0.0,,,,,-0.0033821700488367,0.0538984006126908,-0.0532254775186051,0.53,0.5041556708223375,0.5533675977266301,0.446967834760434,0.38,0.4958443291776625,0.5429885679863212,0.4531973324158638,0.63,569.0,0.4992264992264992,0.5460826415488079,0.4510939232942509,0.52,0.5007735007735008,0.5398519309172899,0.4624452107923671,0.43,,,,,,,,,,,,,,,,0.7,symmetric_confident
Exp2B,qwen25_7b,1,nan,movies,math,movies->math,-0.0124482444708793,0.0113168166506521,-0.0425270944426233,0.79,0.5167364016736402,0.532868208895012,0.5003551414669356,0.03,0.4983363467190325,0.5172443444976039,0.4784302609716697,0.57,0.5107845911899118,0.5246162783054634,0.4942964328350812,0.12,0.4961987277686307,0.5144293371073028,0.4752578390744373,0.67,,,,,-0.0608183317501296,-0.0063720193454167,-0.1063794722051844,0.98,0.534182629827557,0.5643068094989242,0.4866683148436934,0.07,0.4658173701724429,0.5047394848332724,0.4296749511820927,0.92,1963.0,0.5266357019225726,0.5634857912216624,0.4908866262625199,0.06,0.4733642980774274,0.5088352354377554,0.4286934455657269,0.91,,,,,,,,,,,,,,,,0.7,symmetric_confident
Exp2B,qwen25_7b,2,nan,math,movies,math->movies,0.0201301243046871,0.049357344894343,-0.0120302098948225,0.13,0.5067423038728898,0.5368860393073622,0.4817527678704383,0.36,0.5180506804119365,0.5392100208503552,0.494160511958143,0.09,0.4979205561072493,0.5226705423610666,0.4731818177076733,0.66,0.5067577396198969,0.5344825234567062,0.4824570395525844,0.26,,,,,0.0370673704007037,0.1251607410267209,-0.0369042181170073,0.28,0.4844086510753177,0.5431824989467918,0.443261304589664,0.65,0.5155913489246823,0.5778391133884941,0.457930660856259,0.29,569.0,0.4785239785239785,0.5458370291485242,0.4255625178840772,0.75,0.5214760214760215,0.5667751736284309,0.4712096447433946,0.19,,,,,,,,,,,,,,,,0.7,symmetric_confident
Exp2B,qwen25_7b,2,nan,movies,math,movies->math,0.0330764880329482,0.0620651072537115,0.0065791500046052,0.0,0.5324116627377073,0.5510484690176898,0.5169083502903737,0.0,0.5251972898622459,0.5446854363626288,0.5033341123763024,0.02,0.4921208018292977,0.5057379155172669,0.4754600004628216,0.85,0.4885256832992828,0.5031047443663736,0.4636659608038977,0.94,,,,,-0.0046315991911091,0.0392749346296719,-0.0469625124152891,0.55,0.4974722162325969,0.5383724673850265,0.454470719523992,0.57,0.5025277837674031,0.5465189575719397,0.4509177970997126,0.49,1963.0,0.5071593829585123,0.5538992169735233,0.4610442415742802,0.4,0.4928406170414877,0.5252929241914049,0.4579618914799359,0.63,,,,,,,,,,,,,,,,0.7,symmetric_confident
Exp2B,qwen25_7b,3,nan,math,movies,math->movies,0.0081256909294972,0.0347470623692163,-0.0253258253886907,0.31,0.5131360476663357,0.5339761233246397,0.491786995270116,0.15,0.5179826919225459,0.5388446801952393,0.493032559029923,0.08,0.5098570009930486,0.5349916652328754,0.4800484739854934,0.25,0.5198431521361034,0.5488403440480897,0.4971769044423986,0.09,,,,,0.0236903570236903,0.1149750147352012,-0.0345612074696678,0.2,0.4966784966784967,0.5381707357566611,0.4461021263946259,0.58,0.5033215033215033,0.5463506061706617,0.451365067335101,0.44,569.0,0.4796311462978129,0.5225271022480048,0.4327412305285503,0.77,0.520368853702187,0.5661864464278821,0.4738738120183061,0.21,,,,,,,,,,,,,,,,0.7,symmetric_confident
Exp2B,qwen25_7b,3,nan,movies,math,movies->math,0.0090329574053961,0.036505856648333,-0.0243867957523031,0.19,0.5471087576662946,0.5639436453397288,0.5335182417407918,0.0,0.5172350484907858,0.5361594104516944,0.4986693353934759,0.06,0.5082020910853897,0.5232324680332756,0.4921733542277862,0.17,0.5198993612405651,0.5445555060233784,0.4988509637685042,0.04,,,,,-0.0003817172029162,0.0320112152999488,-0.043933824026191,0.59,0.5151783580915306,0.5550087042332035,0.4763782467360328,0.33,0.4848216419084694,0.5309937965691909,0.4461326592850875,0.76,1963.0,0.4852033591113857,0.5306919749227992,0.4347348341997955,0.76,0.5147966408886143,0.5522067132752488,0.4755547297888674,0.23,,,,,,,,,,,,,,,,0.7,symmetric_confident
Exp2B,qwen25_7b,4,nan,math,movies,math->movies,0.0029897270875263,0.0360375632093501,-0.0285841435715335,0.54,0.5164518371400199,0.538789237994258,0.4924340806247431,0.09,0.5269877409902075,0.5507688897372606,0.5017677135811056,0.02,0.5239980139026812,0.5501004499034862,0.4959655262781973,0.07,0.5449367021893348,0.5684134459854252,0.5198318286640271,0.0,,,,,0.0237661904328571,0.0988822487543533,-0.0680602143260204,0.41,0.5029423362756696,0.5554364495798318,0.452745839362798,0.43,0.4970576637243304,0.5445708692965873,0.4522214312656885,0.58,569.0,0.4732914732914733,0.5223971723164575,0.4083804636193442,0.86,0.5267085267085267,0.5817222270444005,0.4738724983424205,0.17,,,,,,,,,,,,,,,,0.7,symmetric_confident
Exp2B,qwen25_7b,4,nan,movies,math,movies->math,-0.0033352847842327,0.0288329512649319,-0.0300792122321965,0.6,0.5750409244256912,0.5896311536577696,0.5604572420099361,0.0,0.5293302058747068,0.5560624638597261,0.5106599703721195,0.0,0.5326654906589395,0.5488351977017482,0.5177867598458705,0.0,0.5429323008999032,0.5607373272359196,0.5160032052708223,0.0,,,,,-0.0094671694066774,0.0293875446020408,-0.0505983056892159,0.66,0.5307850553344251,0.5715773543195346,0.4879577444618034,0.09,0.4692149446655749,0.5114570663591179,0.4363912937149393,0.95,1963.0,0.4786821140722523,0.5182988947780566,0.4302102639850987,0.85,0.5213178859277476,0.5602715053916248,0.4859935455431173,0.09,,,,,,,,,,,,,,,,0.7,symmetric_confident
Exp2B,qwen25_7b,5,nan,math,movies,math->movies,-0.0127160359516503,0.0160902927224339,-0.0426649287714573,0.82,0.523604766633565,0.5469477342422864,0.4974525022904058,0.04,0.5128271616650328,0.5378594724468596,0.4900727897386407,0.17,0.5255431976166832,0.5490231470360717,0.4977213737874724,0.04,0.5311851078856107,0.5551914618190293,0.5063139128556906,0.01,,,,,0.0124821791488458,0.1284171176808006,-0.0886045032572683,0.45,0.5092213425546759,0.5654160567717126,0.4569781607223552,0.25,0.4907786574453241,0.5470914443604327,0.4265654221784008,0.66,569.0,0.4782964782964783,0.5392525222153514,0.4247547588375534,0.73,0.5217035217035217,0.5771944915786827,0.4715339187434296,0.19,,,,,,,,,,,,,,,,0.7,symmetric_confident
Exp2B,qwen25_7b,5,nan,movies,math,movies->math,-0.0273668412803164,-0.004267456060508,-0.0529436079495222,1.0,0.5755686002720791,0.5908910272571527,0.5616067273124761,0.0,0.5247059929411868,0.545020101318449,0.5021545978569398,0.02,0.5520728342215032,0.5670195298239677,0.5367587255024701,0.0,0.5653900780053198,0.5840944503218674,0.5411379430033054,0.0,,,,,-0.0012500509927561,0.039637648594657,-0.0524833730148044,0.56,0.5440810522573765,0.5884286818288474,0.5112954157132814,0.02,0.4559189477426235,0.4802854559432007,0.4143989473803398,1.0,1963.0,0.4571689987353796,0.5026212051201683,0.4313646425357222,0.96,0.5428310012646204,0.5826319686123768,0.5021765713376767,0.02,,,,,,,,,,,,,,,,0.7,symmetric_confident
Exp2B,qwen25_7b,6,nan,math,movies,math->movies,-0.0016522528431329,0.030685405841282,-0.0396035537771728,0.59,0.5320407149950348,0.553072958228308,0.5059108744685697,0.01,0.5497201404041362,0.575728152388592,0.5230269278864895,0.0,0.5513723932472692,0.5749857452758956,0.5258916286778332,0.0,0.5646154170487725,0.588340784178156,0.5397741556013126,0.0,,,,,0.0453028786362119,0.1375834253873803,-0.0674883908334679,0.19,0.4707434707434707,0.5218752630296586,0.4192965151959257,0.8,0.5292565292565292,0.5832749301797826,0.4694730370031574,0.15,569.0,0.4839536506203173,0.5480633094266907,0.4277840583366951,0.67,0.5160463493796827,0.5724197813818561,0.4476506534137647,0.38,,,,,,,,,,,,,,,,0.7,symmetric_confident
Exp2B,qwen25_7b,6,nan,movies,math,movies->math,0.0427080977977608,0.0631981093124774,0.0142498043456065,0.0,0.6416223117717623,0.6550871495182599,0.6266468013258155,0.0,0.5994849093267103,0.6189461532698123,0.5787527216768169,0.0,0.5567768115289494,0.5715334057166702,0.5392537284360819,0.0,0.5463616855964081,0.5682568175475863,0.5271214253344711,0.0,,,,,-0.007412889803197,0.069133234202552,-0.0558837619369948,0.55,0.4986741883410162,0.5432767912373957,0.4637463810501411,0.54,0.5013258116589837,0.5344931950973432,0.4617622489823788,0.4,1963.0,0.5087387014621808,0.5446435409050051,0.4701583719756093,0.32,0.4912612985378191,0.5378928420188914,0.449839763584298,0.72,,,,,,,,,,,,,,,,0.7,symmetric_confident
Exp2B,qwen25_7b,7,nan,math,movies,math->movies,0.0578821197260011,0.0849915017180817,0.0310143577502353,0.0,0.6025769612711023,0.62803679776354,0.5817583939406398,0.0,0.6461720899345413,0.6699259239181844,0.6178400127816266,0.0,0.5882899702085402,0.6112491376028746,0.5605783639079583,0.0,0.6288165786505603,0.6499230359946073,0.6030793475009893,0.0,,,,,0.1092607759274426,0.2048650796317713,0.0223684712687495,0.02,0.4453544453544453,0.4920527155841621,0.3928171459713153,0.99,0.5546455546455547,0.6098049150331796,0.5043316455154296,0.01,569.0,0.445384778718112,0.5119691015106793,0.3953830490183385,0.95,0.5546152212818879,0.6107327077797937,0.4924177399873833,0.04,,,,,,,,,,,,,,,,0.7,symmetric_confident
Exp2B,qwen25_7b,7,nan,movies,math,movies->math,0.0469194443375429,0.0666525099943975,0.0232447904034996,0.0,0.7055528576344556,0.7166148786993927,0.6912173569703631,0.0,0.6577803366669066,0.6773951883823973,0.6384572431384842,0.0,0.6108608923293637,0.6239327460513825,0.5962130341705717,0.0,0.589882955301527,0.6080229121800551,0.567310989441632,0.0,,,,,0.0504274649898305,0.1220507403380631,-0.0313170713508228,0.15,0.472801920824276,0.5134185250518158,0.4279966166499597,0.88,0.5271980791757239,0.5719842202918449,0.4853343196044475,0.14,1963.0,0.4767706141858933,0.5199750430051767,0.4319536707242553,0.8,0.5232293858141066,0.5600361331689733,0.4838794223491897,0.15,,,,,,,,,,,,,,,,0.7,symmetric_confident
Exp2B,qwen25_7b,8,nan,math,movies,math->movies,0.0559832633580976,0.0785079493634847,0.0342338608812293,0.0,0.6642691161866932,0.686098241572494,0.6385620272057528,0.0,0.7137737300909676,0.7355121505482145,0.685747554677596,0.0,0.6577904667328699,0.6778222935764021,0.6335487983870345,0.0,0.702909274894855,0.7279677582799015,0.6816321522426835,0.0,,,,,0.1052871052871053,0.2071000647417229,0.0209639275991472,0.02,0.442730609397276,0.4818511052739898,0.4005909866196703,0.99,0.557269390602724,0.594709115873344,0.5001636076272467,0.03,569.0,0.4519822853156186,0.503398674005874,0.4064382521783417,0.96,0.5480177146843813,0.6024357013759781,0.4924941487746581,0.05,,,,,,,,,,,,,,,,0.7,symmetric_confident
Exp2B,qwen25_7b,8,nan,movies,math,movies->math,-0.0229163863170177,-0.0016537816549523,-0.0434248125987426,0.98,0.706507948504369,0.7194992525473629,0.6907185078418187,0.0,0.6633535090643915,0.6795917619984069,0.6463680500661587,0.0,0.6862698953814093,0.7025216434302431,0.6759604978975606,0.0,0.6447816041982753,0.6647512548357642,0.6201749321596617,0.0,,,,,0.0304310199133997,0.1290194780325775,-0.0385102729040634,0.23,0.4827688192408781,0.5249331178752463,0.4381125807838367,0.83,0.5172311807591219,0.5558065326248207,0.4631241002387927,0.34,1963.0,0.4868001608457221,0.529019271776404,0.4378580075803009,0.77,0.5131998391542778,0.5567355286003774,0.4696349809133102,0.32,,,,,,,,,,,,,,,,0.7,symmetric_confident
Exp2B,qwen25_7b,9,nan,math,movies,math->movies,0.0525588106896958,0.0827586075331135,0.0291798690669019,0.0,0.6491449851042701,0.6716416466727375,0.6241291285818296,0.0,0.6943701314444128,0.7167893381941721,0.6717935594798138,0.0,0.641811320754717,0.6631410373321884,0.6198475169377473,0.0,0.6792366315656326,0.6943594412865424,0.6506595523357546,0.0,,,,,0.083780750447417,0.1747663724446591,-0.0569324872623719,0.05,0.452042952042952,0.5002867040775422,0.4089546215821393,0.96,0.5479570479570479,0.5990419635102662,0.4874853944835658,0.06,569.0,0.4641762975096308,0.5151555195170053,0.4131764826334082,0.94,0.5358237024903691,0.5773792752420283,0.4826178493519212,0.09,,,,,,,,,,,,,,,,0.7,symmetric_confident
Exp2B,qwen25_7b,9,nan,movies,math,movies->math,-0.0054022360341173,0.0097747251926388,-0.0259335264391613,0.75,0.7232027021377183,0.7367964480361866,0.7102557488081686,0.0,0.6834811140763545,0.7020962052692911,0.6623548464653707,0.0,0.6888833501104719,0.7002981017286577,0.6745455392915488,0.0,0.6517007392219443,0.669667617753893,0.6327400722448897,0.0,,,,,0.0363767752763807,0.1324118371943595,-0.0685764811599425,0.28,0.4770008100563543,0.5186620027833894,0.4399262445360163,0.86,0.5229991899436457,0.5558325630659032,0.4772606475906586,0.12,1963.0,0.4866224146672649,0.5244456872047113,0.4480588640212248,0.73,0.513377585332735,0.5546109552587049,0.4580547782017559,0.31,,,,,,,,,,,,,,,,0.7,symmetric_confident
Exp2B,qwen25_7b,10,nan,math,movies,math->movies,0.0484786933443779,0.0792664745199446,0.0194163494832247,0.0,0.6480863952333664,0.6677760763967998,0.6255598592706754,0.0,0.6867954758667215,0.7113374062397226,0.6573119846161368,0.0,0.6383167825223436,0.6641285007526757,0.6130000397295602,0.0,0.6601713942383708,0.6820322698901277,0.6308682633356109,0.0,,,,,0.0147875147875147,0.1253028253061311,-0.1009879580780419,0.38,0.4776594776594776,0.539986669672339,0.4283552948835177,0.8,0.5223405223405223,0.577387779417005,0.4689660843104453,0.23,569.0,0.5075530075530076,0.5589155064505729,0.4491130856272331,0.43,0.4924469924469924,0.5507876933179766,0.444587985989028,0.55,,,,,,,,,,,,,,,,0.7,symmetric_confident
Exp2B,qwen25_7b,10,nan,movies,math,movies->math,-0.0123731834542171,0.0121104323723121,-0.033809593975466,0.81,0.6845455217904477,0.6988114167511269,0.6681392615512227,0.0,0.6611603713587848,0.6803968189046129,0.6430636150885678,0.0,0.6735335548130019,0.6898152423756073,0.6565595919747291,0.0,0.6459740824350703,0.6657952784682672,0.62845126576962,0.0,,,,,0.0592885490666869,0.1519563747147511,-0.0144677030831213,0.08,0.4619360929641652,0.5041386267576041,0.4237057200110412,0.96,0.5380639070358348,0.5794940077696661,0.4890205173606491,0.05,1963.0,0.4787753579691479,0.5177504684535182,0.437526448032914,0.83,0.5212246420308521,0.5633310828760758,0.486304516572759,0.14,,,,,,,,,,,,,,,,0.7,symmetric_confident
Exp2B,qwen25_7b,11,nan,math,movies,math->movies,0.0421431426849272,0.0711179173129084,0.0114339159721525,0.0,0.6513584905660378,0.6726217261930296,0.6274964970860054,0.0,0.686788624313527,0.706034628508278,0.6654796312309987,0.0,0.6446454816285998,0.6678523094099786,0.6203574416257575,0.0,0.6565242597687337,0.6790915518223987,0.6286975440086668,0.0,,,,,0.0026541693208359,0.0972867790401616,-0.0969449547400386,0.55,0.4772954772954773,0.5342148565285934,0.4308961540981257,0.78,0.5227045227045227,0.5793716595515259,0.4690434255557393,0.27,569.0,0.5200503533836868,0.5855153341993764,0.4622740391481664,0.22,0.4799496466163133,0.5356940436421395,0.4314764119682138,0.76,,,,,,,,,,,,,,,,0.7,symmetric_confident
Exp2B,qwen25_7b,11,nan,movies,math,movies->math,0.0022472323879775,0.0276121233626654,-0.0182891951615885,0.4,0.6673452027568109,0.6828510850940498,0.6548314348485409,0.0,0.6618731558006083,0.684588859231188,0.6461086935101196,0.0,0.6596259234126308,0.6734019692165947,0.647861413964453,0.0,0.6467199137549919,0.6652960408084903,0.6291740897833988,0.0,,,,,0.0959581684567552,0.1687127324733237,0.0122292610634618,0.01,0.4382506862168037,0.4748654385345549,0.3957321781894731,1.0,0.5617493137831963,0.6026465196363733,0.5195738540946531,0.01,1963.0,0.465791145326441,0.5044573508804244,0.4175308439300654,0.96,0.5342088546735589,0.5782517899995104,0.4844622150003427,0.08,,,,,,,,,,,,,,,,0.7,symmetric_confident
Exp2B,qwen25_7b,12,nan,math,movies,math->movies,0.0760395505607204,0.1066893211119532,0.0513405544864605,0.0,0.6706415094339623,0.6944228358658376,0.6489111076389722,0.0,0.7432143271247721,0.7608696650470654,0.7204508962348671,0.0,0.6671747765640517,0.6887345266423909,0.6414482998441345,0.0,0.7155245654534147,0.7388863933262668,0.6965735547360731,0.0,,,,,0.128992628992629,0.2196743868245887,0.0326911771828239,0.0,0.4140200806867473,0.4765394638946258,0.3602093466728667,1.0,0.5859799193132527,0.6323417514994887,0.5383127918271984,0.01,569.0,0.4569872903206236,0.5000325344586964,0.4045675638347089,0.97,0.5430127096793763,0.5977729985066379,0.4910786052898798,0.09,,,,,,,,,,,,,,,,0.7,symmetric_confident
Exp2B,qwen25_7b,12,nan,movies,math,movies->math,0.0262204143863474,0.0486634315730691,-0.0016610582539514,0.03,0.6829954589163791,0.695833634771194,0.6702437934250218,0.0,0.6773574541272613,0.695100166862265,0.6544816255545214,0.0,0.6511370397409139,0.6637536169549085,0.6346443054334223,0.0,0.6392696786815324,0.6603688953951996,0.6207922921949103,0.0,,,,,0.0994606423338947,0.1913475694133835,0.0229408225576559,0.01,0.4354038334897111,0.4772659176029962,0.3973360249331397,1.0,0.5645961665102889,0.6122087529493742,0.5270781123186176,0.0,1963.0,0.4651355241763941,0.5030856190865114,0.4270393526997678,0.96,0.5348644758236059,0.5813994963889157,0.4915457815300574,0.11,,,,,,,,,,,,,,,,0.7,symmetric_confident
Exp2B,qwen25_7b,13,nan,math,movies,math->movies,0.1515882868764949,0.180915739798729,0.1271122350165495,0.0,0.6569245283018867,0.6808766388309889,0.6362622728692381,0.0,0.7428812362310133,0.7648062987294879,0.7186556631593248,0.0,0.5912929493545184,0.6129687449411528,0.5677669968258849,0.0,0.6114958521751046,0.6356660872297296,0.5867864872968532,0.0,,,,,0.1447356447356447,0.229137614722631,0.0491761549805113,0.0,0.3787878787878788,0.4236037272943374,0.326107596053723,1.0,0.6212121212121212,0.662164444646249,0.5709752727132534,0.0,569.0,0.4764764764764764,0.5223480360079583,0.420337217492874,0.92,0.5235235235235235,0.5762376978109557,0.4708540400406617,0.24,,,,,,,,,,,,,,,,0.7,symmetric_confident
Exp2B,qwen25_7b,13,nan,movies,math,movies->math,0.1187253790521841,0.1384020811174247,0.0940488749182494,0.0,0.6372043230344215,0.6528278834519489,0.6205344392872784,0.0,0.6818484514232923,0.7031396893864017,0.6619044754684765,0.0,0.5631230723711081,0.5796761733212632,0.5470592413101605,0.0,0.5999343468688451,0.6260745915991307,0.58229011777878,0.0,,,,,0.1653214291958297,0.2608268372679587,0.089940041671219,0.0,0.3917059553711398,0.4323697132516022,0.3530238324147925,1.0,0.6082940446288602,0.6575469707021515,0.5690876438822287,0.0,1963.0,0.4429726154330304,0.4894268611954127,0.3954373023641447,1.0,0.5570273845669695,0.5925249349855937,0.5166863145972612,0.0,,,,,,,,,,,,,,,,0.7,symmetric_confident
Exp2B,qwen25_7b,14,nan,math,movies,math->movies,0.1311076692772492,0.1616888987655046,0.1121828409435571,0.0,0.6691181727904667,0.6952893307559261,0.6462965250845849,0.0,0.78405801684428,0.8026762752652556,0.7638384254666352,0.0,0.6529503475670307,0.6719388688305048,0.6300700227441572,0.0,0.733917296482518,0.7538130228112934,0.7124662065293295,0.0,,,,,0.3112961446294779,0.4109975843280672,0.2129183839629063,0.0,0.3144659811326478,0.3726980677002858,0.2701677304064742,1.0,0.6855340188673522,0.7398594674556213,0.6332555562120514,0.0,569.0,0.3742378742378742,0.422366011002464,0.3302609674055713,1.0,0.6257621257621258,0.6757654056373114,0.5812226834814052,0.0,,,,,,,,,,,,,,,,0.7,symmetric_confident
Exp2B,qwen25_7b,14,nan,movies,math,movies->math,0.0908932517158757,0.1090384117880375,0.0751974450005228,0.0,0.7269553674514937,0.7404359158296049,0.7143015418050266,0.0,0.751542848582142,0.7725711334150922,0.736416551698905,0.0,0.6606495968662663,0.6759785909183341,0.6483321597245246,0.0,0.6648594185805705,0.6851040158183763,0.6441637394229317,0.0,,,,,0.1665437984066949,0.2432575774741046,0.0989669813389649,0.0,0.387418193049833,0.4291351642200492,0.3433978313703496,1.0,0.612581806950167,0.6484787047483317,0.5589868987666557,0.0,1963.0,0.446038008543472,0.4808397682586788,0.4039901689966638,1.0,0.5539619914565279,0.5939215055692442,0.5132164450107736,0.0,,,,,,,,,,,,,,,,0.7,symmetric_confident
Exp2B,qwen25_7b,15,nan,math,movies,math->movies,0.1847066717191572,0.210461050202315,0.1606994464586765,0.0,0.7088311817279047,0.7337305714859873,0.6879861525978556,0.0,0.8745775753934373,0.8910480266130005,0.8599701890648157,0.0,0.6898709036742801,0.7119277313734516,0.6636638504171719,0.0,0.8237949172016149,0.8449497994215622,0.8083388222297146,0.0,,,,,0.5361725361725362,0.6086435389938051,0.457699873300219,0.0,0.2007462007462007,0.2351349578066733,0.1704861423258316,1.0,0.7992537992537992,0.826597428704487,0.7631559621388851,0.0,569.0,0.263081263081263,0.3118292776825023,0.2153474690286099,1.0,0.7369187369187369,0.7729818997818835,0.693004285292924,0.0,,,,,,,,,,,,,,,,0.7,symmetric_confident
Exp2B,qwen25_7b,15,nan,movies,math,movies->math,0.1424891070531531,0.1619065089752196,0.1223038746815394,0.0,0.7330010066283097,0.7466422564029987,0.7190376849122017,0.0,0.7938269900462803,0.8096894999056533,0.7800381752630798,0.0,0.6513378829931272,0.6660208606194482,0.6383379197603387,0.0,0.705731797412356,0.7298143538256232,0.6862293046133187,0.0,,,,,0.2823643738380936,0.3579090395265002,0.1840059194936207,0.0,0.3327976665714802,0.3775212661996351,0.2900233897697437,1.0,0.6672023334285198,0.7030582534844987,0.6180860784737325,0.0,1963.0,0.3848379595904261,0.4272857194658919,0.3454839358852978,1.0,0.6151620404095738,0.6569721532274627,0.5702942678580795,0.0,,,,,,,,,,,,,,,,0.7,symmetric_confident
Exp2B,qwen25_7b,16,nan,math,movies,math->movies,0.1874953580949543,0.2102203749089848,0.1636002076509113,0.0,0.6900466732869911,0.7150481528195117,0.6706035772942321,0.0,0.8651487841128292,0.8831325568227415,0.845638680782623,0.0,0.6776534260178749,0.7031759122064801,0.6555945395657999,0.0,0.8301036165660015,0.8507355785983307,0.8131268235114244,0.0,,,,,0.5793065793065793,0.6539112935283165,0.5068704746975929,0.0,0.191009191009191,0.2392983710872829,0.1493841064093621,1.0,0.808990808990809,0.8424371377065925,0.7656472893531081,0.0,569.0,0.2296842296842297,0.2797824703545042,0.1770415841044536,1.0,0.7703157703157704,0.8169555429585844,0.7318175259021216,0.0,,,,,,,,,,,,,,,,0.7,symmetric_confident
Exp2B,qwen25_7b,16,nan,movies,math,movies->math,0.1472353626359063,0.1667614901970576,0.1274436361448335,0.0,0.7646218390102238,0.7817076040689445,0.753301522553953,0.0,0.8265649899904678,0.8414786870202667,0.8061906828863652,0.0,0.6793296273545615,0.6924462984120887,0.6663175064844584,0.0,0.7260568024428252,0.7413285885590708,0.7056645630580076,0.0,,,,,0.316691240318661,0.4009968970313926,0.2221299605776621,0.0,0.3073785061162168,0.3568113786425841,0.2687165082512345,1.0,0.6926214938837831,0.7386870182493467,0.655330250669289,0.0,1963.0,0.3759302535651221,0.4157869138428389,0.3201956514995847,1.0,0.6240697464348779,0.6662233831881205,0.5734718447190126,0.0,,,,,,,,,,,,,,,,0.7,symmetric_confident
Exp2B,qwen25_7b,17,nan,math,movies,math->movies,0.1863732616480093,0.2114924991751346,0.1661457163532804,0.0,0.7057616683217478,0.7257596634647018,0.6769868373216652,0.0,0.8976483361266588,0.9122300118843008,0.8836001630721211,0.0,0.7112750744786495,0.729715125955358,0.6853702608690967,0.0,0.8786052345866405,0.8939054476213554,0.8650758660761865,0.0,,,,,0.6325719659052992,0.7095550269226295,0.5818439019468552,0.0,0.1614341614341614,0.1977984665936472,0.1245865803132426,1.0,0.8385658385658386,0.8728973285289136,0.8044703090023086,0.0,569.0,0.2059938726605393,0.2507613430707989,0.1708624345110847,1.0,0.7940061273394606,0.8444342092402832,0.748220640551116,0.0,,,,,,,,,,,,,,,,0.7,symmetric_confident
Exp2B,qwen25_7b,17,nan,movies,math,movies->math,0.1658969415432455,0.187903062912342,0.1484699063202345,0.0,0.7702493093500654,0.7818604128581498,0.7589518990514603,0.0,0.8543187863423862,0.8644241796628558,0.837255188324437,0.0,0.6884218447991407,0.7042272640203686,0.6764012746547778,0.0,0.7611261494805766,0.779277190760178,0.744613196977426,0.0,,,,,0.3955493522463037,0.4702813419495416,0.3236804545490235,0.0,0.2687289108530068,0.312742273961734,0.2248598736721112,1.0,0.7312710891469931,0.7707065244884135,0.6871686661857825,0.0,1963.0,0.3357217369006894,0.3752807681586227,0.2968266062583125,1.0,0.6642782630993106,0.7037963174314942,0.6153747987441638,0.0,,,,,,,,,,,,,,,,0.7,symmetric_confident
Exp2B,qwen25_7b,18,nan,math,movies,math->movies,0.2217151847386731,0.2424344291804134,0.2020193759373137,0.0,0.7267964250248262,0.7464178989159795,0.7024537421202206,0.0,0.9243130000316224,0.9358338084830762,0.911898977157914,0.0,0.7025978152929494,0.7273621478359348,0.6838809628991347,0.0,0.8659056172195343,0.880631627333538,0.8512467453411808,0.0,,,,,0.6225164558497892,0.6973692717650744,0.5365442069022801,0.0,0.1466466466466466,0.1851144817086754,0.1164780546291544,1.0,0.8533533533533534,0.8869722024289155,0.8213049898615886,0.0,569.0,0.2308368975035641,0.2810811068710457,0.2002512147014961,1.0,0.7691631024964358,0.8239239960581424,0.7271896930815337,0.0,,,,,,,,,,,,,,,,0.7,symmetric_confident
Exp2B,qwen25_7b,18,nan,movies,math,movies->math,0.1737108217357276,0.1912758264613982,0.1555492407987748,0.0,0.7641278514435307,0.7778974037360973,0.7536222579277031,0.0,0.8589203805237857,0.8704865534846487,0.8451671804836222,0.0,0.6852095587880581,0.6994591060686707,0.6721346847963315,0.0,0.7895608583963305,0.8079023407035589,0.7745832159661993,0.0,,,,,0.4518774075865565,0.5437506329419857,0.3719465449563218,0.0,0.2525977166900747,0.2856011771039787,0.2213827890824345,1.0,0.7474022833099252,0.7812054833128061,0.7147185807325961,0.0,1963.0,0.2955248757233686,0.3291441225734261,0.2538137041526441,1.0,0.7044751242766313,0.7415337328089159,0.6531348331390925,0.0,,,,,,,,,,,,,,,,0.7,symmetric_confident
Exp2B,qwen25_7b,19,nan,math,movies,math->movies,0.2041453658205503,0.2278152420334405,0.1824600821087133,0.0,0.7350645481628599,0.7542663763398155,0.7117925725926952,0.0,0.9355922377172732,0.9465131682331108,0.924602862927832,0.0,0.731446871896723,0.7482267566392892,0.7133248031939234,0.0,0.9111037325153633,0.9206463876180542,0.8992475880578455,0.0,,,,,0.6767221767221767,0.7465338037014748,0.5894135082761265,0.0,0.134088634088634,0.1598088804437483,0.104876897960834,1.0,0.8659113659113659,0.895328624777381,0.8309581523484407,0.0,569.0,0.1891891891891892,0.2290288023444512,0.1548968107292272,1.0,0.8108108108108109,0.8439343156758272,0.773470255395461,0.0,,,,,,,,,,,,,,,,0.7,symmetric_confident
Exp2B,qwen25_7b,19,nan,movies,math,movies->math,0.1150487065940374,0.1307439680246714,0.1006276869456474,0.0,0.767505523591444,0.7780712348324474,0.754104206177345,0.0,0.8639808122482011,0.877425158327113,0.8517436711426819,0.0,0.7489321056541637,0.7615400816506285,0.7362441569225587,0.0,0.8396677099688478,0.8555809602579132,0.8245373247231511,0.0,,,,,0.4786325782520265,0.5589155269517712,0.3915435993806303,0.0,0.2486261094566794,0.28626159405781,0.2141178794984261,1.0,0.7513738905433205,0.7924455357070306,0.7210775489475839,0.0,1963.0,0.2727413122912939,0.3242372383450775,0.2426645610850973,1.0,0.727258687708706,0.7668020686735068,0.684654472240381,0.0,,,,,,,,,,,,,,,,0.7,symmetric_confident
Exp2B,qwen25_7b,20,nan,math,movies,math->movies,0.2030702035754462,0.2233855281791039,0.1752888528378635,0.0,0.7363862959285005,0.7627005191287923,0.7107046846437771,0.0,0.9370553078455556,0.9463168352175498,0.9268646242540448,0.0,0.7339851042701092,0.7586581614747706,0.712605604901131,0.0,0.9154845102193552,0.92866193321616,0.9010373496161728,0.0,,,,,0.6756756756756757,0.736021438890142,0.6118689774718191,0.0,0.135696302362969,0.1636361097772575,0.0970394539453945,1.0,0.864303697637031,0.8918101362283666,0.8344082662431134,0.0,569.0,0.1886280219613553,0.2230914492681948,0.1551749119311883,1.0,0.8113719780386447,0.8527544315403424,0.7754331096468015,0.0,,,,,,,,,,,,,,,,0.7,symmetric_confident
Exp2B,qwen25_7b,20,nan,movies,math,movies->math,0.108980350637145,0.1250270334791809,0.094233043971086,0.0,0.7631197759045987,0.7758142070812789,0.7540977757587427,0.0,0.8577301054121974,0.8687935707593092,0.8462838512850335,0.0,0.7487497547750523,0.7611755142123474,0.736720355111053,0.0,0.8387661911343304,0.8514760622357243,0.8294280636086094,0.0,,,,,0.4627053551135535,0.5272148584734709,0.3745867043718511,0.0,0.2598474296737046,0.2987258977826219,0.2249388896409364,1.0,0.7401525703262953,0.7727333997333719,0.6913165770057011,0.0,1963.0,0.2774472152127418,0.322698397164983,0.2345218357216821,1.0,0.7225527847872583,0.7539472829524324,0.6823767055144969,0.0,,,,,,,,,,,,,,,,0.7,symmetric_confident
Exp2B,qwen25_7b,21,nan,math,movies,math->movies,0.2028173022218911,0.226203678332662,0.1828878758047461,0.0,0.7235481628599801,0.7435342143207374,0.7039666588547403,0.0,0.9211460013281472,0.9336822607286004,0.9060135713920484,0.0,0.7183286991062562,0.7359795231689201,0.6938849717019664,0.0,0.899862968936112,0.9094856823348656,0.8855420884667144,0.0,,,,,0.6597506597506598,0.7433213015317249,0.5993387633561045,0.0,0.1486334819668153,0.17811787027297,0.1158582323947163,1.0,0.8513665180331847,0.885787097264232,0.826156565901439,0.0,569.0,0.1916158582825249,0.2244687607537954,0.1641327104997814,1.0,0.8083841417174751,0.8509389328688518,0.7688591504613568,0.0,,,,,,,,,,,,,,,,0.7,symmetric_confident
Exp2B,qwen25_7b,21,nan,movies,math,movies->math,0.1132164978970325,0.1329785704321671,0.0933708678040912,0.0,0.7537277408108985,0.7673889023024145,0.7412701531549725,0.0,0.849245429616759,0.863754302528115,0.8360282173095103,0.0,0.7360289317197264,0.7488661495057896,0.7222403237239278,0.0,0.8343575907210241,0.8467854422471941,0.8222829537838671,0.0,,,,,0.4554964363348155,0.5274785360481159,0.3750656707879686,0.0,0.2654012692825465,0.3058071377939114,0.2344141113652889,1.0,0.7345987307174535,0.7745258868525252,0.7087294095141692,0.0,1963.0,0.279102294382638,0.3125211956974512,0.2420391393076322,1.0,0.720897705617362,0.7488747423514428,0.6910377959040914,0.0,,,,,,,,,,,,,,,,0.7,symmetric_confident
Exp2B,qwen25_7b,22,nan,math,movies,math->movies,0.1964840270150185,0.2153754417715268,0.1760751237188738,0.0,0.7177308838133069,0.7381232711614458,0.700141790367391,0.0,0.912800809537362,0.9257917471599,0.8984543652175879,0.0,0.7163167825223435,0.7330936685505949,0.6931498609774851,0.0,0.8989142923399636,0.9117739146450144,0.8845102028014094,0.0,,,,,0.6591894925228259,0.7186891017353733,0.5931189104748791,0.0,0.1524251524251524,0.1915962795242874,0.1194445876510113,1.0,0.8475748475748476,0.8801712120020435,0.8138799286918724,0.0,569.0,0.1883853550520217,0.2315744486634598,0.151615440102916,1.0,0.8116146449479783,0.8612958622018796,0.7743562636838496,0.0,,,,,,,,,,,,,,,,0.7,symmetric_confident
Exp2B,qwen25_7b,22,nan,movies,math,movies->math,0.1086011088845761,0.1252679304567016,0.0897307991759851,0.0,0.7525025808920721,0.765745209139066,0.7379742660283937,0.0,0.8489064420849789,0.8610270154026773,0.8371004290839874,0.0,0.7403053332004027,0.7553113378102916,0.7246892807454925,0.0,0.8416091039008535,0.8546387454558201,0.8285998891156768,0.0,,,,,0.4605986258180695,0.5389524990633763,0.3811497372597459,0.0,0.2648418059011731,0.3090973568388586,0.222701893683827,1.0,0.7351581940988269,0.7700848941558063,0.6965368516577055,0.0,1963.0,0.2745595682807574,0.3100278025217406,0.2304046754353808,1.0,0.7254404317192427,0.7666224582331397,0.6885756984189411,0.0,,,,,,,,,,,,,,,,0.7,symmetric_confident
Exp2B,qwen25_7b,23,nan,math,movies,math->movies,0.1938124886328645,0.2145482452287886,0.171325748334321,0.0,0.6982750744786494,0.7197305314481596,0.675052353289875,0.0,0.8944808103806301,0.9101062763123844,0.8794128994898605,0.0,0.7006683217477656,0.7232566615611259,0.6768392188346564,0.0,0.8906144262087721,0.905331867861836,0.8745079865693174,0.0,,,,,0.669684836351503,0.7463232314336231,0.6094773490975391,0.0,0.1583401583401583,0.1872593366098178,0.1276703320302109,1.0,0.8416598416598416,0.8773040463247432,0.803291590420674,0.0,569.0,0.1719750053083386,0.2277541257915608,0.1329433566169177,1.0,0.8280249946916614,0.8581820351720102,0.7902194982924838,0.0,,,,,,,,,,,,,,,,0.7,symmetric_confident
Exp2B,qwen25_7b,23,nan,movies,math,movies->math,0.0918172231971511,0.1105344835020901,0.0779118510634142,0.0,0.7473561534577522,0.7604270227135828,0.7351095510729737,0.0,0.8299372403066163,0.8477354692401928,0.8168228512284383,0.0,0.7381200171094652,0.7496117332892143,0.722201419900101,0.0,0.8249453992136312,0.8413096838305972,0.8086291387770945,0.0,,,,,0.4139358831653972,0.488479844143179,0.3341130765648362,0.0,0.2905946046750158,0.3329572714629475,0.2571391567001822,1.0,0.7094053953249841,0.747481127706073,0.664725307159151,0.0,1963.0,0.2954695121595869,0.3319422446179949,0.2547533168804481,1.0,0.7045304878404131,0.7471677188259052,0.6628301810236071,0.0,,,,,,,,,,,,,,,,0.7,symmetric_confident
Exp2B,qwen25_7b,24,nan,math,movies,math->movies,0.1786991297349841,0.1996353702541168,0.1596173877863201,0.0,0.7065928500496524,0.729712789599576,0.6852773615978892,0.0,0.8901221684638818,0.9037000370896704,0.8754538832920985,0.0,0.7114230387288977,0.7320962458110224,0.6868800320978813,0.0,0.8896552087615555,0.9031058973827256,0.8760599159567016,0.0,,,,,0.6208177874844542,0.7233695234198729,0.528173776486575,0.0,0.1843358510025176,0.2174949981674968,0.147614798968031,1.0,0.8156641489974823,0.8469887885034308,0.7722271303063565,0.0,569.0,0.1948463615130281,0.2304295345152321,0.1521465379106321,1.0,0.8051536384869719,0.8427143873939392,0.7640253352614719,0.0,,,,,,,,,,,,,,,,0.7,symmetric_confident
Exp2B,qwen25_7b,24,nan,movies,math,movies->math,0.096502633787294,0.1179547137197632,0.0773081788346092,0.0,0.7478275481686119,0.762229931626178,0.7361787177107909,0.0,0.826468639981435,0.8401781225514855,0.8138127028197026,0.0,0.729966006194141,0.7432046613539764,0.7141677584408673,0.0,0.811839007359907,0.8274600940529426,0.7945179216931909,0.0,,,,,0.3899518045607921,0.4722040378146036,0.3148152480128273,0.0,0.2992021819071873,0.3349020159794558,0.2648185905234262,1.0,0.7007978180928126,0.7314821274412102,0.6565727398571748,0.0,1963.0,0.3108460135320205,0.3549966848346532,0.2701442829181287,1.0,0.6891539864679794,0.7373350643240034,0.6538954538834492,0.0,,,,,,,,,,,,,,,,0.7,symmetric_confident
Exp2B,qwen25_7b,25,nan,math,movies,math->movies,0.17205916560863,0.1919744421309149,0.146725520517482,0.0,0.7207060575968223,0.7459705973712166,0.6948310367694535,0.0,0.9009360275748663,0.914236093028789,0.8897428104450426,0.0,0.7288768619662364,0.7467092838899523,0.7113332679492106,0.0,0.9016549136177257,0.9144461970927392,0.8886163842534964,0.0,,,,,0.6225922892589559,0.7016987317639256,0.5367213738287193,0.0,0.1832590165923499,0.2295260507964788,0.1417602441890808,1.0,0.8167409834076501,0.8551133481270147,0.773738157263813,0.0,569.0,0.1941486941486941,0.2321364300892238,0.1580324795686241,1.0,0.8058513058513058,0.8374944439133692,0.7648375118728625,0.0,,,,,,,,,,,,,,,,0.7,symmetric_confident
Exp2B,qwen25_7b,25,nan,movies,math,movies->math,0.0847914736879187,0.099877688924701,0.0663622939226656,0.0,0.7592659653501169,0.7715069405663435,0.7456058909446822,0.0,0.8346980470029419,0.8482471114527753,0.8161014917459483,0.0,0.7499065733150232,0.7637408907657306,0.7373614856699209,0.0,0.8239416553695302,0.8422584114591648,0.8121788131458393,0.0,,,,,0.3941827463824282,0.4615466704061134,0.3203193951037164,0.0,0.2969526728945819,0.3380825940408835,0.2664563274338554,1.0,0.7030473271054181,0.7404737681915387,0.6674229743146246,0.0,1963.0,0.3088645807229899,0.3510603782841829,0.2626257219717566,1.0,0.6911354192770102,0.7257124100862887,0.6501702952496237,0.0,,,,,,,,,,,,,,,,0.7,symmetric_confident
Exp2B,qwen25_7b,26,nan,math,movies,math->movies,0.1486839218828517,0.1719940446116135,0.1231911895029262,0.0,0.7083505461767626,0.7308542452220281,0.6872126301310912,0.0,0.8752479735213821,0.8890271961299339,0.8563625667545792,0.0,0.7265640516385303,0.7464727620282915,0.7095163073155363,0.0,0.8929745227629678,0.907214563787074,0.8792056205652782,0.0,,,,,0.5642612309278976,0.6479072989577692,0.479597877254125,0.0,0.2224193890860557,0.2574558154398665,0.172939978208469,1.0,0.7775806109139443,0.8131959243190728,0.7355058409213072,0.0,569.0,0.2133193799860466,0.2522034411543312,0.1812595737156236,1.0,0.7866806200139533,0.8265364983374127,0.7481032889163118,0.0,,,,,,,,,,,,,,,,0.7,symmetric_confident
Exp2B,qwen25_7b,26,nan,movies,math,movies->math,0.1026573879451895,0.1195015465781458,0.0813889382383506,0.0,0.7492655311813571,0.7619933701171809,0.734131375872826,0.0,0.8298582215492083,0.8472014426538996,0.8183341134673184,0.0,0.7272008336040188,0.7422744251063654,0.7169058164137241,0.0,0.8121829886421552,0.8249145874249388,0.790705851320905,0.0,,,,,0.3954852470671881,0.4773878629766147,0.2982079358722753,0.0,0.2942048918079409,0.3400885919073477,0.2535775109008011,1.0,0.7057951081920592,0.7402826443160163,0.6608346970046669,0.0,1963.0,0.3103098611248711,0.3577003991175731,0.2706522724402725,1.0,0.689690138875129,0.7238088339410902,0.64815935614328,0.0,,,,,,,,,,,,,,,,0.7,symmetric_confident
Exp2B,qwen25_7b,27,nan,math,movies,math->movies,0.1607333434638553,0.1830488396278026,0.139123318645183,0.0,0.743446871896723,0.7616027607172646,0.7251848470710083,0.0,0.9028207317458812,0.9168353107625336,0.8898852392841821,0.0,0.7420873882820258,0.7609613898089638,0.7249584287941445,0.0,0.8933518852312136,0.9048236440434052,0.8768817124857344,0.0,,,,,0.5531440531440532,0.6505884553159597,0.4651472654650621,0.0,0.2173082173082173,0.2570922344535578,0.1750254242803283,1.0,0.7826917826917827,0.8315001446151501,0.7405569541472002,0.0,569.0,0.2295477295477295,0.2705299816512179,0.1876296371022835,1.0,0.7704522704522705,0.8015885499159766,0.7266721142205349,0.0,,,,,,,,,,,,,,,,0.7,symmetric_confident
Exp2B,qwen25_7b,27,nan,movies,math,movies->math,0.1188453379183298,0.137141885065005,0.0969718115272671,0.0,0.7226443128716565,0.7378419632378133,0.7105488373697822,0.0,0.8050768817259577,0.8169737912428371,0.7911738185444378,0.0,0.6862315438076279,0.7027348684371733,0.6736380408341184,0.0,0.7695325408936757,0.7845939035998856,0.7511239765391278,0.0,,,,,0.3546589895858223,0.4377934184964353,0.2545495204624063,0.0,0.3119474570640994,0.3673241129681219,0.2727726592811046,1.0,0.6880525429359007,0.7361506352498347,0.6437757769890502,0.0,1963.0,0.3333935533500783,0.3775150257785574,0.2841126112385905,1.0,0.6666064466499216,0.7205022607777861,0.6272686826059533,0.0,,,,,,,,,,,,,,,,0.7,symmetric_confident
Exp2B,llama31_8b,0,nan,math,movies,math->movies,0.0092010349767456,0.029202972637653,-0.0141066297795628,0.19,0.5134962802061603,0.5296300531923691,0.4999067257951296,0.03,0.4991183033001929,0.5125698084934038,0.4840573854686257,0.58,0.4899172683234472,0.5042826026408885,0.4763197938406507,0.94,0.5022442399673186,0.5192151901559913,0.48686218411709,0.35,,,,,-0.0074604341276783,0.0120144806997806,-0.0217278769063912,0.82,0.5018179480801853,0.5378532668164314,0.4673050916295813,0.38,0.4981820519198147,0.5291525929056176,0.4711168711169277,0.54,2357.0,0.5056424860474931,0.5377168934650854,0.4812545113993946,0.34,0.494357513952507,0.5254404143659203,0.4638100605817921,0.67,,,,,,,,,,,,,,,,0.7,symmetric_confident
Exp2B,llama31_8b,0,nan,movies,math,movies->math,-0.0085005576518102,0.0187169879545773,-0.0377099543700524,0.72,0.4562448970115352,0.4693769760206889,0.4400681983603968,1.0,0.5384883405670291,0.5542336905902565,0.5228480629129467,0.0,0.5469888982188393,0.5653953346748177,0.5316784490906454,0.0,0.5153478335883986,0.5317266454975037,0.4977521205802162,0.04,,,,,0.0680422257109101,0.0925689553978583,0.0402572594221739,0.0,0.3874682376551702,0.4119999998216765,0.3559245774048565,1.0,0.6125317623448299,0.6429505314493991,0.5835113527891317,0.0,1547.0,0.5444895366339197,0.5715630255094682,0.5082493387220549,0.01,0.4555104633660802,0.4903752329653079,0.4254850332699422,0.98,,,,,,,,,,,,,,,,0.7,symmetric_confident
Exp2B,llama31_8b,1,nan,math,movies,math->movies,-0.0159596765160964,0.0071924217408326,-0.0345844099400259,0.93,0.5092662915589704,0.5221611936281988,0.4959191927698935,0.07,0.4918949723469826,0.5076521891760123,0.4691950116439948,0.82,0.5078546488630791,0.5194161204240062,0.4944684570908239,0.12,0.5104263708756268,0.5330337405004758,0.4972348881519488,0.09,,,,,-0.0202244977237221,0.001756172540416,-0.0436525882692011,0.94,0.5158661733101187,0.5539164100772712,0.4805631402114214,0.18,0.4841338266898812,0.5156777535851572,0.4543005792814196,0.81,2357.0,0.5043583244136034,0.5388023635052172,0.4789419968228692,0.34,0.4956416755863965,0.5344131703136974,0.4634274510462622,0.61,,,,,,,,,,,,,,,,0.7,symmetric_confident
Exp2B,llama31_8b,1,nan,movies,math,movies->math,-0.0657426515985147,-0.0400077221675621,-0.0930495579327827,1.0,0.5079819446110507,0.5232402823922212,0.490474308654064,0.19,0.4694372057693299,0.4837460206728242,0.4526414027299486,1.0,0.5351798573678447,0.5513466142253713,0.5175595898530958,0.0,0.5239729234961046,0.5427426176433334,0.5079462916080979,0.0,,,,,-0.0674696942722579,-0.03775634152298,-0.096235089327914,1.0,0.5526344538495153,0.576223756513289,0.5250617420122917,0.0,0.4473655461504847,0.4840386248988798,0.4151134544514329,1.0,1547.0,0.5148352404227426,0.543125518071104,0.4890167635912927,0.12,0.4851647595772573,0.5190199361539566,0.4522193222081969,0.77,,,,,,,,,,,,,,,,0.7,symmetric_confident
Exp2B,llama31_8b,2,nan,math,movies,math->movies,-0.0614952953695616,-0.0394558195486706,-0.082928766756152,1.0,0.4917664960518064,0.506283179073248,0.4759748271863663,0.82,0.4693421255154201,0.4916957426782186,0.4539941201164285,1.0,0.5308374208849818,0.5422594225899474,0.5157614042002571,0.0,0.5307551576725406,0.5465367069594554,0.5135391323559041,0.0,,,,,-0.0029358254546267,0.0299847969633653,-0.0352906382786505,0.66,0.5318776706789149,0.5636102746081606,0.4934676588154774,0.05,0.4681223293210851,0.508362037789483,0.4402075126646524,0.95,2357.0,0.4710581547757119,0.5077417669340427,0.4390093610443146,0.93,0.5289418452242881,0.5663031606774129,0.5022681513613019,0.02,,,,,,,,,,,,,,,,0.7,symmetric_confident
Exp2B,llama31_8b,2,nan,movies,math,movies->math,-0.1074964026498496,-0.0856455902947538,-0.1327160798760685,1.0,0.6278287485440763,0.6417482482548772,0.6118090936305239,0.0,0.4783343155026653,0.4956157589035776,0.4630770267701536,1.0,0.585830718152515,0.6014276772876119,0.5693165606763756,0.0,0.530007102988857,0.547235902554618,0.5173627059417533,0.01,,,,,-0.299251865279104,-0.2555679902385899,-0.350974335460886,1.0,0.7144625892177966,0.7400607876059391,0.6808779145730839,0.0,0.2855374107822033,0.3200126028954355,0.2649046377369816,1.0,1547.0,0.5847892760613074,0.6127785416174812,0.5476331029554298,0.0,0.4152107239386926,0.440787853343119,0.3882065418703837,1.0,,,,,,,,,,,,,,,,0.7,symmetric_confident
Exp2B,llama31_8b,3,nan,math,movies,math->movies,-0.0610427062813478,-0.0389207365376769,-0.0832916219591513,1.0,0.4817341466681893,0.4949702211811578,0.4673287767669396,0.99,0.4788029697917257,0.4974362950018307,0.4592957804873048,0.98,0.5398456760730737,0.5515653002256429,0.5257945184548365,0.0,0.5319365155230696,0.5487565411027361,0.5182988613611049,0.0,,,,,0.0225531760293554,0.0497196154882589,-0.0084767423901155,0.08,0.5108965097073677,0.5481931155284011,0.4865778575934755,0.21,0.4891034902926323,0.5213990933947976,0.4540102928436432,0.72,2357.0,0.4665503142632768,0.5014908028798972,0.4373015208026004,0.96,0.5334496857367231,0.5633345394736007,0.5031280696422377,0.02,,,,,,,,,,,,,,,,0.7,symmetric_confident
Exp2B,llama31_8b,3,nan,movies,math,movies->math,-0.0271433810543101,-0.0128868977469343,-0.049889798947852,1.0,0.6720303993003827,0.6875030168141996,0.6558280663055738,0.0,0.5278309443838213,0.5449321587634196,0.5101217698040562,0.0,0.5549743254381314,0.5706329863035124,0.5400094039115263,0.0,0.5029863922866471,0.5219042110307006,0.4834075189060368,0.43,,,,,-0.2990111188437697,-0.2468810964835678,-0.3352418126136917,1.0,0.719580979817761,0.7521136290348541,0.6946615041261831,0.0,0.2804190201822389,0.3079645036911657,0.2500639984627927,1.0,1547.0,0.5794301390260087,0.6134901244970417,0.5459557391260679,0.0,0.4205698609739913,0.4452163596327975,0.3895929873945276,1.0,,,,,,,,,,,,,,,,0.7,symmetric_confident
Exp2B,llama31_8b,4,nan,math,movies,math->movies,-0.0622136061546581,-0.0396007355629217,-0.0838046685928738,1.0,0.5167969131263063,0.5340036396949454,0.5023483995041597,0.01,0.4917062646611912,0.5079041040661821,0.475177834250848,0.78,0.5539198708158494,0.5680971714986622,0.5402900867418486,0.0,0.5401171275117145,0.5565920328179772,0.5201721901155867,0.0,,,,,0.0010480100385388,0.0411778644242334,-0.0371430838595953,0.46,0.5187565849964089,0.5501624476101475,0.4896631441016786,0.09,0.4812434150035912,0.5135034672976626,0.4533888626586616,0.91,2357.0,0.4801954049650523,0.5132451522659355,0.4530423796936773,0.88,0.5198045950349477,0.5455308153195216,0.4864116088772793,0.09,,,,,,,,,,,,,,,,0.7,symmetric_confident
Exp2B,llama31_8b,4,nan,movies,math,movies->math,-0.0712384463046769,-0.0481610607536958,-0.0900141200669669,1.0,0.6164033750343424,0.6340254574113402,0.5966312578369694,0.0,0.524894407460603,0.5454421088014049,0.5076410633336258,0.0,0.5961328537652799,0.6124289310366553,0.5744857055761544,0.0,0.5469169219186585,0.5628779970970228,0.5285481711726864,0.0,,,,,-0.2039648307896482,-0.1625139398788808,-0.262889762646828,1.0,0.6325299011118843,0.6627728689072028,0.6000700410584806,0.0,0.3674700988881156,0.3992040466639568,0.3380886471812235,1.0,1547.0,0.5714349296777639,0.60441903616591,0.534880733670368,0.0,0.428565070322236,0.4570526424128875,0.3993492282440709,1.0,,,,,,,,,,,,,,,,0.7,symmetric_confident
Exp2B,llama31_8b,5,nan,math,movies,math->movies,-0.0260949480127137,-0.003758383915729,-0.0478158892403033,0.98,0.5197263964884925,0.5353276302453454,0.5071950215541656,0.0,0.4936917096496822,0.5104180025127548,0.4789828381891003,0.72,0.519786657662396,0.5323202355684651,0.5066534489433078,0.0,0.5307567489217117,0.5467484479923804,0.513868910040622,0.0,,,,,-0.0149977223248495,0.0201342257775041,-0.0492945956821118,0.75,0.5345466029103938,0.5694819082664708,0.4959251146616998,0.04,0.4654533970896062,0.4947941281060874,0.4333305419438935,0.98,2357.0,0.4804511194144558,0.5061123476712461,0.4480603456534737,0.91,0.5195488805855442,0.5389187621353784,0.4857023239228802,0.08,,,,,,,,,,,,,,,,0.7,symmetric_confident
Exp2B,llama31_8b,5,nan,movies,math,movies->math,-0.0425360721037152,-0.0195950411382328,-0.0591579827412979,1.0,0.5558639383655732,0.57121417477256,0.5401644851175303,0.0,0.4982230204059683,0.5174012326041734,0.4801443698635383,0.58,0.5407590925096836,0.5552331696017411,0.5231325433158537,0.0,0.5436123515822636,0.5616038983825713,0.5283769911324122,0.0,,,,,-0.0670650784145532,-0.0058539868501345,-0.1142763935566775,0.99,0.5773220904073673,0.608621537651544,0.5490219967418389,0.0,0.4226779095926327,0.4535116914032787,0.3929353891536447,1.0,1547.0,0.4897429880071859,0.5150245209126312,0.4544398339602749,0.79,0.510257011992814,0.5446274587012354,0.4783128887221089,0.24,,,,,,,,,,,,,,,,0.7,symmetric_confident
Exp2B,llama31_8b,6,nan,math,movies,math->movies,0.0343878688594223,0.0552563122098859,0.0157915417762551,0.0,0.5726782851527137,0.5870480838655598,0.5592554674558603,0.0,0.5766711588112964,0.595330597482475,0.5597847077410574,0.0,0.542283289951874,0.5592092599919529,0.530573813455654,0.0,0.5586950339138597,0.5721069335546699,0.5395927396368271,0.0,,,,,0.0636924607555174,0.1219659901053285,0.0183969192817799,0.0,0.4697320727402808,0.4979030323436118,0.4429081656877909,0.98,0.5302679272597193,0.56206214836568,0.4963647050263779,0.04,2357.0,0.4665754665042018,0.4929966990945758,0.4384834072719873,0.98,0.5334245334957982,0.5620245716473552,0.4964297293599205,0.05,,,,,,,,,,,,,,,,0.7,symmetric_confident
Exp2B,llama31_8b,6,nan,movies,math,movies->math,0.0263425060902434,0.0460516919172232,0.0016597798562013,0.0,0.632506955542571,0.6467456900386258,0.6160747147616578,0.0,0.6219644805743337,0.6350589611897908,0.6059651047604446,0.0,0.5956219744840903,0.6106540551422435,0.5796531683031508,0.0,0.613128205587834,0.6265675689651414,0.5933591407091194,0.0,,,,,-0.0024003835758331,0.0465653757678904,-0.0574682517968604,0.65,0.5228527036431612,0.5607910642255474,0.4875260532853079,0.11,0.4771472963568388,0.5085563002692322,0.4415243026083248,0.95,1547.0,0.4795476799326719,0.5062393164215087,0.4551598323342773,0.91,0.5204523200673281,0.5484650366614434,0.4900998336806616,0.09,,,,,,,,,,,,,,,,0.7,symmetric_confident
Exp2B,llama31_8b,7,nan,math,movies,math->movies,0.0291733204791176,0.0517293797189702,0.009416686583015,0.0,0.58518998668722,0.5951906588665569,0.5707257261456818,0.0,0.5708088522059342,0.5845187136691052,0.5543221215198498,0.0,0.5416355317268166,0.5564944804643938,0.5308302957587637,0.0,0.5571477610834844,0.5760357443816516,0.5386489787644937,0.0,,,,,0.0376668781318033,0.07921834357789,-0.0077718530362419,0.08,0.5019548880585544,0.5296776882469835,0.4754987973775181,0.46,0.4980451119414456,0.5290455857725574,0.4740642906647045,0.59,2357.0,0.4603782338096422,0.4918546249639496,0.4251566325170552,1.0,0.5396217661903577,0.5732047416246215,0.5137156216695017,0.0,,,,,,,,,,,,,,,,0.7,symmetric_confident
Exp2B,llama31_8b,7,nan,movies,math,movies->math,0.0326575250709759,0.0560152370824215,0.0110596668202336,0.0,0.5972372275342747,0.6064524126372035,0.5846459751804711,0.0,0.6057986829221292,0.625225536567784,0.585395793126282,0.0,0.5731411578511533,0.5875645245450647,0.5580433116267949,0.0,0.6287183698528539,0.6452928422156015,0.6128231418523868,0.0,,,,,0.0943503487788693,0.1491491779422948,0.0287048134934466,0.0,0.4898178419408613,0.5190273679840379,0.4620225310846641,0.77,0.5101821580591387,0.5453837810202611,0.4803089135301033,0.33,1547.0,0.4158318092802693,0.4443711503024907,0.3877332130349404,1.0,0.5841681907197307,0.6138038005899398,0.5548793693659554,0.0,,,,,,,,,,,,,,,,0.7,symmetric_confident
Exp2B,llama31_8b,8,nan,math,movies,math->movies,0.1116665691089585,0.1289577785493141,0.0881528284706328,0.0,0.6300255843259304,0.6432432528165097,0.6139830331983729,0.0,0.7146525695491615,0.728051295515013,0.7023372553417043,0.0,0.6029860004402029,0.6146684015434991,0.5879310054391125,0.0,0.6346366773097126,0.6492420220880166,0.6225633098934008,0.0,,,,,0.2200024593302237,0.2626429782451697,0.1713198330593938,0.0,0.3656409210191688,0.3945593660880473,0.3373920319774579,1.0,0.6343590789808312,0.6623600175978851,0.6005475917733853,0.0,2357.0,0.4143566196506074,0.4451965956505503,0.3909822012735625,1.0,0.5856433803493926,0.6086891657985923,0.5620702432779763,0.0,,,,,,,,,,,,,,,,0.7,symmetric_confident
Exp2B,llama31_8b,8,nan,movies,math,movies->math,0.0106123112192019,0.0330512981379827,-0.0113326201103697,0.22,0.6560136905199534,0.6702202084749885,0.6438922380033527,0.0,0.6683632428169065,0.6862721472915607,0.6530288720745107,0.0,0.6577509315977046,0.6721086569840288,0.6417665400621583,0.0,0.6591952336031871,0.6738479509409088,0.6424213051610841,0.0,,,,,-0.0224753993558515,0.0309402570223458,-0.0805410730889805,0.77,0.5006109699451341,0.5265078845657913,0.4683768148805909,0.58,0.4993890300548659,0.5334882067774087,0.4724376457727418,0.51,1547.0,0.5218644294107174,0.5524477797820416,0.4937379548191197,0.08,0.4781355705892825,0.507495386403111,0.4451466373185722,0.92,,,,,,,,,,,,,,,,0.7,symmetric_confident
Exp2B,llama31_8b,9,nan,math,movies,math->movies,0.1492121645933001,0.1688326612359918,0.1289644788522622,0.0,0.6502939856187202,0.6623286297635226,0.6376809081047027,0.0,0.7499121919775582,0.7681526872141046,0.733756745611641,0.0,0.6007000273842581,0.6144058077519453,0.5848376840264923,0.0,0.6605046024712389,0.675624238112495,0.6438279145020787,0.0,,,,,0.2998552348800098,0.3601002271689644,0.2507812048841281,0.0,0.3236506521417133,0.3476867078604719,0.2908964322292887,1.0,0.6763493478582867,0.6981502894492145,0.6483472173494432,0.0,2357.0,0.3764941129782768,0.4071495003432875,0.3459055701509496,1.0,0.6235058870217232,0.6534449882741371,0.5950305345483008,0.0,,,,,,,,,,,,,,,,0.7,symmetric_confident
Exp2B,llama31_8b,9,nan,movies,math,movies->math,0.0389527973274141,0.0570984456884187,0.0193640822871527,0.0,0.6928026096344422,0.7104973418823578,0.6768580796467899,0.0,0.7009446751110823,0.7163492297138446,0.6858273995657534,0.0,0.6619918777836681,0.6762238685256122,0.6452713095117263,0.0,0.6913064569977885,0.7068364907561996,0.6755709901637509,0.0,,,,,0.0183645022415718,0.0730529869813284,-0.037349829491982,0.27,0.5068906080567109,0.5339718439323581,0.4734028425262538,0.32,0.493109391943289,0.5225614233860992,0.4748032419212036,0.62,1547.0,0.4747448897017172,0.5043176430499223,0.446277847094557,0.95,0.5252551102982828,0.5572371301389866,0.4953741826295662,0.07,,,,,,,,,,,,,,,,0.7,symmetric_confident
Exp2B,llama31_8b,10,nan,math,movies,math->movies,0.1815283110625287,0.1987786175249274,0.1685950885575883,0.0,0.6912917367902567,0.7054458459462694,0.6791070163138586,0.0,0.7993081827240103,0.8084538772091725,0.7857799792161184,0.0,0.6177798716614815,0.6328999954223434,0.6047223396859505,0.0,0.6793667638389493,0.6943009694046031,0.6642889667351329,0.0,,,,,0.3412628101760377,0.381870760161241,0.3013312383339248,0.0,0.2972282230500725,0.3249116645617019,0.2668740333573647,1.0,0.7027717769499274,0.7348957148308307,0.6750339638893069,0.0,2357.0,0.3615089667738897,0.3945280728069446,0.3274532059728463,1.0,0.6384910332261102,0.6703422240542665,0.6068377612060337,0.0,,,,,,,,,,,,,,,,0.7,symmetric_confident
Exp2B,llama31_8b,10,nan,movies,math,movies->math,0.0877658342911126,0.10730398828886,0.0697398561151502,0.0,0.7066866078234859,0.7201380874042568,0.6922265003142422,0.0,0.7470547243838661,0.764047359476115,0.7340553143772888,0.0,0.6592888900927535,0.6730962655783058,0.6412425313134859,0.0,0.7278346415231318,0.7429701990526985,0.7130777603908507,0.0,,,,,0.1268774175797497,0.182782895917629,0.0736438606766503,0.0,0.4574971272274103,0.4899400997012633,0.4264788962490871,0.98,0.5425028727725897,0.5716795102559497,0.5128873648700877,0.01,1547.0,0.4156254551928399,0.4458104807500282,0.3896934625146356,1.0,0.5843745448071601,0.6171619205019999,0.5516527857238894,0.0,,,,,,,,,,,,,,,,0.7,symmetric_confident
Exp2B,llama31_8b,11,nan,math,movies,math->movies,0.1850766662873463,0.2008295375779285,0.1715749733445584,0.0,0.7211238827479569,0.7335712389991328,0.7103601276726399,0.0,0.8416584114588457,0.8529619260341562,0.8277822476335743,0.0,0.6565817451714994,0.6695994169356881,0.6425219489551568,0.0,0.7276138003543567,0.7393518794994888,0.7096252167311221,0.0,,,,,0.4008386875001746,0.4537904352517515,0.3526838547855606,0.0,0.2610243669320694,0.2862437370116046,0.23866330454026,1.0,0.7389756330679306,0.7636471873781724,0.7112350636502331,0.0,2357.0,0.3381369455677559,0.3674758625621254,0.307695853307122,1.0,0.661863054432244,0.6827833233450075,0.6319860736291948,0.0,,,,,,,,,,,,,,,,0.7,symmetric_confident
Exp2B,llama31_8b,11,nan,movies,math,movies->math,0.0995925880526649,0.1171840974514978,0.084620372922299,0.0,0.7506115847028367,0.7676273843951411,0.7361981687371604,0.0,0.8177207248185601,0.8309976755557779,0.8069584057987003,0.0,0.7181281367658952,0.7317855323482148,0.70403793905382,0.0,0.78337822183284,0.7965375691197771,0.7674979144309967,0.0,,,,,0.1699690064252997,0.2285509523982024,0.1066770483121388,0.0,0.420464660850988,0.4443853042154729,0.3935126475433388,1.0,0.5795353391490119,0.6058238350120877,0.5511297493639358,0.0,1547.0,0.4095663327237121,0.4410286058607293,0.380985058304115,1.0,0.5904336672762879,0.6175354991924212,0.565294902221873,0.0,,,,,,,,,,,,,,,,0.7,symmetric_confident
Exp2B,llama31_8b,12,nan,math,movies,math->movies,0.1505761662397877,0.163439309216765,0.136945113791205,0.0,0.7286006644140184,0.7415972154953608,0.7179341474627408,0.0,0.828208522499106,0.83808189012311,0.8174763060267184,0.0,0.6776323562593183,0.6894618928921273,0.6649621700154272,0.0,0.7446782841357665,0.756981392305162,0.7330731402460613,0.0,,,,,0.3970490832008183,0.4569167791641393,0.3458910797830223,0.0,0.2796230517493384,0.3117561204917231,0.2554309040424508,1.0,0.7203769482506617,0.7558154743430034,0.6949625809082978,0.0,2357.0,0.3233278650498433,0.3574372539470608,0.2930433208020936,1.0,0.6766721349501567,0.71309894375528,0.6557961685771746,0.0,,,,,,,,,,,,,,,,0.7,symmetric_confident
Exp2B,llama31_8b,12,nan,movies,math,movies->math,0.0964177959880087,0.1163783822980381,0.0799838448039065,0.0,0.7497206174277455,0.7627351655368575,0.736085821055949,0.0,0.8225312632340782,0.834712735422608,0.8127364867298817,0.0,0.7261134672460695,0.7390776685384853,0.7122021282047514,0.0,0.8126129588093867,0.8277781763848521,0.8013239971740256,0.0,,,,,0.1965522682764982,0.2494543697179387,0.1409233190209763,0.0,0.4165095408419246,0.4418331119921208,0.3846884141686112,1.0,0.5834904591580753,0.6165349113176701,0.5582775771407839,0.0,1547.0,0.386938190881577,0.4164635174639224,0.3573753383950284,1.0,0.613061809118423,0.6430861907336602,0.5844650351090527,0.0,,,,,,,,,,,,,,,,0.7,symmetric_confident
Exp2B,llama31_8b,13,nan,math,movies,math->movies,0.1510629408109651,0.1645799685984531,0.1383040515630124,0.0,0.7384101462430023,0.7507538629074099,0.7263409298420578,0.0,0.8492046936642823,0.859338265104436,0.8376279407376623,0.0,0.6981417528533171,0.7104110232148254,0.6867306114420544,0.0,0.7981281268046212,0.8122995443932707,0.7885076033785872,0.0,,,,,0.4900900170755768,0.5387637626161638,0.4352332379052663,0.0,0.2477439837237054,0.2790103086200123,0.2213473753194152,1.0,0.7522560162762946,0.782202131264795,0.7275346508665999,0.0,2357.0,0.2621659992007177,0.2929180020221701,0.2381631792356061,1.0,0.7378340007992823,0.7596760249270225,0.7054903412087303,0.0,,,,,,,,,,,,,,,,0.7,symmetric_confident
Exp2B,llama31_8b,13,nan,movies,math,movies->math,0.0653224740454929,0.0810705883012578,0.0435632185979659,0.0,0.7709335711825777,0.784623025907266,0.7569418583632305,0.0,0.8144506611157294,0.8245842747493847,0.802826885007391,0.0,0.7491281870702364,0.7631975514682351,0.7380444774999777,0.0,0.8094223275844684,0.8222677822182451,0.7952962487637778,0.0,,,,,0.1118985385275219,0.1605658863846079,0.0539632453773891,0.0,0.4627652256947254,0.4918934521303051,0.4290266841440647,0.99,0.5372347743052746,0.5626549059290243,0.5085752143061003,0.0,1547.0,0.4253362357777526,0.4538671652411749,0.3997374206452599,1.0,0.5746637642222474,0.6022511417512175,0.5418984846293433,0.0,,,,,,,,,,,,,,,,0.7,symmetric_confident
Exp2B,llama31_8b,14,nan,math,movies,math->movies,0.1514171098782987,0.1653125535309235,0.138384824239126,0.0,0.7374066001198901,0.7488734425523819,0.7266456612161383,0.0,0.8637435033636114,0.8728515666230083,0.8552051328008571,0.0,0.7123263934853127,0.7221478294642137,0.7035210964736538,0.0,0.8448411991190845,0.8589910163052656,0.8358417861497817,0.0,,,,,0.5686167105899318,0.6111812562471243,0.4974420351938038,0.0,0.2212894156575494,0.2510415894154015,0.1932241474327632,1.0,0.7787105843424506,0.800277750097796,0.7485542359122929,0.0,2357.0,0.2100938737525187,0.2388737490177608,0.1865011039901357,1.0,0.7899061262474812,0.8178576220824264,0.7623052856235574,0.0,,,,,,,,,,,,,,,,0.7,symmetric_confident
Exp2B,llama31_8b,14,nan,movies,math,movies->math,0.0382646912302188,0.055920197056568,0.0209958833273925,0.0,0.7782576897924752,0.7891016338068142,0.7651728056542131,0.0,0.7995700114947423,0.8128928463265176,0.7870294134121412,0.0,0.7613053202645235,0.7779280434177297,0.7455286613852332,0.0,0.8052054601145889,0.8150228773473678,0.7937946055479613,0.0,,,,,0.0480703869746062,0.0974647764562764,-0.0063313082083971,0.04,0.4978332820819913,0.5353377819854644,0.4740508627402652,0.57,0.5021667179180086,0.5289088490716812,0.4786233654374879,0.38,1547.0,0.4540963309434023,0.4814160130551106,0.4322732670948093,1.0,0.5459036690565977,0.5741079141462065,0.520314627997417,0.0,,,,,,,,,,,,,,,,0.7,symmetric_confident
Exp2B,llama31_8b,15,nan,math,movies,math->movies,0.1783576905263454,0.1914646544965942,0.1625536746942977,0.0,0.7447149468654508,0.7544502777932736,0.7317904869815955,0.0,0.8832995216994309,0.8921804696802217,0.8722773930106203,0.0,0.7049418311730855,0.7162899060695611,0.6954327331033856,0.0,0.825117448654729,0.8367014793500096,0.8156164164446743,0.0,,,,,0.5771621844441773,0.6242742709359463,0.5246446812204602,0.0,0.1924984838788109,0.2244583137551966,0.1667990137552081,1.0,0.807501516121189,0.8335188448292513,0.7815797029696202,0.0,2357.0,0.2303393316770116,0.2595967712218802,0.2054924762010645,1.0,0.7696606683229883,0.795710453565446,0.7381682080590919,0.0,,,,,,,,,,,,,,,,0.7,symmetric_confident
Exp2B,llama31_8b,15,nan,movies,math,movies->math,0.0670446103980685,0.0821071503396608,0.0514912725936201,0.0,0.7834860521539933,0.7958654853768067,0.7675781052988959,0.0,0.829400324003845,0.840725910102249,0.8190830097093703,0.0,0.7623557136057765,0.7772326780021557,0.7460708180309462,0.0,0.833670183803841,0.8447057380985457,0.8214064081892659,0.0,,,,,0.1402580639940441,0.1939476043115993,0.1049937211947023,0.0,0.4563925259358765,0.4840272031204937,0.428210757461533,1.0,0.5436074740641236,0.5684432998966559,0.5164406180048401,0.0,1547.0,0.4033494100700794,0.4363423689224724,0.380568782365549,1.0,0.5966505899299205,0.6285367577470574,0.5724051803347961,0.0,,,,,,,,,,,,,,,,0.7,symmetric_confident
Exp2B,llama31_8b,16,nan,math,movies,math->movies,0.1785210461499909,0.1951862934293456,0.1631740931057876,0.0,0.7453727815490955,0.7544696884736256,0.7356441035134638,0.0,0.8950364309264773,0.9028710798962628,0.886584498599526,0.0,0.7165153847764864,0.7255578418765253,0.7030020555367784,0.0,0.8428761510517868,0.8553275391678863,0.8299400940842059,0.0,,,,,0.5841007095726635,0.6433985741804119,0.5392051951379697,0.0,0.1811045187398168,0.206243159369577,0.1589472075735517,1.0,0.8188954812601832,0.8380389982335928,0.7922317497825476,0.0,2357.0,0.2347947716875197,0.2639673766014156,0.2131331151670326,1.0,0.7652052283124803,0.7934032993559612,0.733223313676011,0.0,,,,,,,,,,,,,,,,0.7,symmetric_confident
Exp2B,llama31_8b,16,nan,movies,math,movies->math,0.0722418837801035,0.0877244303582183,0.0531323412907485,0.0,0.7761743161511762,0.7909211895609322,0.7635769876699453,0.0,0.8397617249731677,0.8509314637907702,0.8279588450071329,0.0,0.7675198411930642,0.781100830817825,0.7562283662229553,0.0,0.8271931318355065,0.8404037598467989,0.8160191504809469,0.0,,,,,0.1614740964927897,0.2202337839707203,0.1040956613384222,0.0,0.4158459708352889,0.4394997767829176,0.390793725890255,1.0,0.584154029164711,0.6101978737894335,0.5551370829988621,0.0,1547.0,0.4226799326719213,0.4520880208785362,0.394599112481324,1.0,0.5773200673280787,0.6047711920429268,0.5470905468748807,0.0,,,,,,,,,,,,,,,,0.7,symmetric_confident
Exp2B,llama31_8b,17,nan,math,movies,math->movies,0.1786133655108307,0.1890264638999207,0.1651347547323575,0.0,0.7398611562795502,0.7505498236455965,0.7291897808834512,0.0,0.8940530389387352,0.9040044728120412,0.8874261402680316,0.0,0.7154396734279045,0.72787889170861,0.7059122304471969,0.0,0.8371125018950331,0.8464479727912481,0.8259563788933857,0.0,,,,,0.5789528842633607,0.6206605741067277,0.5190634137254968,0.0,0.1752664041517965,0.2018162614591407,0.1515688705866999,1.0,0.8247335958482034,0.848378955303439,0.8039400247037441,0.0,2357.0,0.2457807115848427,0.2776892740619088,0.2208290333667984,1.0,0.7542192884151573,0.784080290703507,0.7255579235023297,0.0,,,,,,,,,,,,,,,,0.7,symmetric_confident
Exp2B,llama31_8b,17,nan,movies,math,movies->math,0.0769745685714008,0.0895425691043795,0.0591179922759668,0.0,0.7724235470751896,0.7847131159717495,0.7573668039821785,0.0,0.8497585655995752,0.8621753881507589,0.8363143449123516,0.0,0.7727839970281744,0.784563071721363,0.7580100084726067,0.0,0.8277274244831287,0.8392334448324331,0.8161917328262303,0.0,,,,,0.1713406541829186,0.2185868030407809,0.1108431920731159,0.0,0.3919534044378267,0.4233668309990461,0.3641023198024267,1.0,0.6080465955621732,0.6423851291626399,0.5796716400111148,0.0,1547.0,0.4367059413792545,0.4651691347255655,0.4096500844515484,1.0,0.5632940586207454,0.5937051728555602,0.5331642598365454,0.0,,,,,,,,,,,,,,,,0.7,symmetric_confident
Exp2B,llama31_8b,18,nan,math,movies,math->movies,0.1882122644233118,0.1990483995721099,0.1725976072978194,0.0,0.7414110045201808,0.7530635647644393,0.7323102277844505,0.0,0.9034146471303702,0.9118672323803546,0.8951121768103655,0.0,0.7152023827070584,0.7275116757772403,0.7058796921492544,0.0,0.8438440645248646,0.8536165984511842,0.8309943555464091,0.0,,,,,0.5943181087750579,0.648495145613304,0.5464601059507784,0.0,0.1659363201153649,0.1915685161706508,0.1465404470360382,1.0,0.834063679884635,0.8543110132515245,0.8073219117855516,0.0,2357.0,0.2397455711095771,0.2692276964219131,0.2105593023645925,1.0,0.7602544288904228,0.7868427147661062,0.7265420802017512,0.0,,,,,,,,,,,,,,,,0.7,symmetric_confident
Exp2B,llama31_8b,18,nan,movies,math,movies->math,0.0931202434709173,0.1150769052574137,0.0728214393436632,0.0,0.7521870779755985,0.7653684658934259,0.7373205197704339,0.0,0.8374101203026725,0.8465531061996208,0.8237859573826243,0.0,0.7442898768317552,0.7551176712857873,0.7300384724622967,0.0,0.8100568911315711,0.8217552476513629,0.7992300368438212,0.0,,,,,0.2118730477284865,0.2651384089457845,0.1496089235692129,0.0,0.3768349329146908,0.4132423445211247,0.3493431333535115,1.0,0.6231650670853092,0.6503044054063117,0.5876329804273014,0.0,1547.0,0.4112920193568226,0.4383220220307632,0.3791610056908608,1.0,0.5887079806431774,0.6205359580035131,0.5609750632656809,0.0,,,,,,,,,,,,,,,,0.7,symmetric_confident
Exp2B,llama31_8b,19,nan,math,movies,math->movies,0.1993963571735586,0.211662273451671,0.185315035249816,0.0,0.7441419717693194,0.7567751225446108,0.7334143412271319,0.0,0.911633593758137,0.9209154671171904,0.9029580278220554,0.0,0.7122372365845784,0.722004578836843,0.7008895135695115,0.0,0.8389114814124737,0.850945713971736,0.8267459288868102,0.0,,,,,0.5994296030696913,0.6490192556360745,0.5480901034109666,0.0,0.1574711936974073,0.1780640354362727,0.1352303216226693,1.0,0.8425288063025926,0.8706362112911653,0.8216106868501207,0.0,2357.0,0.2430992032329013,0.2695511046889788,0.2080374762492774,1.0,0.7569007967670986,0.7880511989582314,0.7287445377506355,0.0,,,,,,,,,,,,,,,,0.7,symmetric_confident
Exp2B,llama31_8b,19,nan,movies,math,movies->math,0.113210703258061,0.1268404987757503,0.0952166374324396,0.0,0.733963653178654,0.7456097133258376,0.7196509537876927,0.0,0.8360699633198967,0.8459733431470039,0.8202523899317888,0.0,0.7228592600618357,0.7399207599145565,0.7099430357175541,0.0,0.8076880331442937,0.8199557487726351,0.7975637718132614,0.0,,,,,0.2830126078301261,0.3509621556513794,0.2281815606656693,0.0,0.3435087477948436,0.3788315027625556,0.3156719991075263,1.0,0.6564912522051565,0.6782913051140868,0.6262515268288541,0.0,1547.0,0.3734786443750303,0.4013550387212303,0.34286311306277,1.0,0.6265213556249697,0.6615170006559447,0.594554329777654,0.0,,,,,,,,,,,,,,,,0.7,symmetric_confident
Exp2B,llama31_8b,20,nan,math,movies,math->movies,0.1846433244834322,0.1977555816009358,0.1730552414108142,0.0,0.7434434360960875,0.7559273010058593,0.7290869105225506,0.0,0.902510238965121,0.9112546440197968,0.8955672878514714,0.0,0.7178669144816887,0.7302352933340688,0.7043633151471855,0.0,0.8461137644789208,0.8555620947216523,0.8333429039740978,0.0,,,,,0.58935333588582,0.6386420159585486,0.5417083321368967,0.0,0.1733841781225808,0.204973507266241,0.152010552696191,1.0,0.8266158218774191,0.8511740465631473,0.8002120785073383,0.0,2357.0,0.2372624859915991,0.2675977548121132,0.2084977055852843,1.0,0.7627375140084008,0.7954571000879437,0.7281441237342242,0.0,,,,,,,,,,,,,,,,0.7,symmetric_confident
Exp2B,llama31_8b,20,nan,movies,math,movies->math,0.0899152269930168,0.1064415671593798,0.0724177504475951,0.0,0.7463709287342267,0.7606072055008738,0.7329178322597374,0.0,0.8204221012747288,0.8337881178293842,0.8063227327693113,0.0,0.730506874281712,0.7455599953478067,0.7164017396597914,0.0,0.7864913251667633,0.7972907582084436,0.7735903698549419,0.0,,,,,0.1774260766827973,0.2395189941076996,0.1028370361568201,0.0,0.3986801430721672,0.4284434924453876,0.368305980944423,1.0,0.6013198569278327,0.6278228170064252,0.5721034777986009,0.0,1547.0,0.4238937802450354,0.4542129302965653,0.3973292032117604,1.0,0.5761062197549647,0.6033086770922611,0.5508409193491003,0.0,,,,,,,,,,,,,,,,0.7,symmetric_confident
Exp2B,llama31_8b,21,nan,math,movies,math->movies,0.1867750620694515,0.1992136566015454,0.1764531126259878,0.0,0.746439107960758,0.7575554856013453,0.7342825515420043,0.0,0.9100374261805044,0.918193503198128,0.9014259932523956,0.0,0.7232623641110528,0.7336446596794084,0.7089310003875835,0.0,0.86063434714229,0.8709278870794845,0.8490775029533639,0.0,,,,,0.6118436313128631,0.6559836429303625,0.5660462428711038,0.0,0.1659013864474136,0.1874939916516895,0.1468108635372827,1.0,0.8340986135525863,0.8606358597523471,0.8119907196215855,0.0,2357.0,0.2222549822397232,0.2506839863284616,0.1903438626910824,1.0,0.7777450177602768,0.8046074725203586,0.7520007979474996,0.0,,,,,,,,,,,,,,,,0.7,symmetric_confident
Exp2B,llama31_8b,21,nan,movies,math,movies->math,0.0944401583004598,0.1123396244208283,0.0757265365425302,0.0,0.7488809218850971,0.7599547724149104,0.7352900118777935,0.0,0.8224221416071577,0.8320300256079292,0.8083387816549495,0.0,0.7279819833066978,0.7437598548664817,0.7159045325800165,0.0,0.7890262183194373,0.80351442125761,0.7737029793821738,0.0,,,,,0.1915835855438846,0.247202883435772,0.1491643040341968,0.0,0.3963799019211161,0.4343044907128502,0.3665264351751922,1.0,0.603620098078884,0.6340444097452965,0.5663214160784569,0.0,1547.0,0.4120365125349993,0.444525860708282,0.3828286690732803,1.0,0.5879634874650007,0.6207648917492532,0.5545922026082168,0.0,,,,,,,,,,,,,,,,0.7,symmetric_confident
Exp2B,llama31_8b,22,nan,math,movies,math->movies,0.1855269399777567,0.2015374292092434,0.169594400121384,0.0,0.7465324633859035,0.7550513252198894,0.7351543222297234,0.0,0.9092821614602924,0.9177685068126202,0.9008738172269304,0.0,0.7237552214825356,0.734869188588586,0.711754382594462,0.0,0.8632399453304649,0.873675835869917,0.8531602392267704,0.0,,,,,0.6161963663395944,0.670257988559115,0.5576320704753284,0.0,0.166749575905271,0.1888964902155198,0.1426510067018104,1.0,0.8332504240947289,0.8553725015682754,0.8062092138886511,0.0,2357.0,0.2170540577551345,0.2462766042642184,0.1910972355946452,1.0,0.7829459422448655,0.8083084892344281,0.7549038391229083,0.0,,,,,,,,,,,,,,,,0.7,symmetric_confident
Exp2B,llama31_8b,22,nan,movies,math,movies->math,0.092159492617046,0.1114497898659017,0.0704791583538809,0.0,0.7570876882059537,0.7705486879940449,0.7437995544897087,0.0,0.824038127589398,0.8364286728832346,0.8112475334136333,0.0,0.731878634972352,0.7458734082478446,0.7185747131530716,0.0,0.7885798727735939,0.799268481478685,0.7766720552657584,0.0,,,,,0.1692386748021428,0.2253850110118677,0.1192800091921632,0.0,0.4098960946477414,0.4394077116193054,0.3786354364551982,1.0,0.5901039053522585,0.6199337177631046,0.567380969424986,0.0,1547.0,0.4208652305501157,0.4452282054696811,0.3853286649717501,1.0,0.5791347694498843,0.6170376277842363,0.5558721887738969,0.0,,,,,,,,,,,,,,,,0.7,symmetric_confident
Exp2B,llama31_8b,23,nan,math,movies,math->movies,0.1847500165313593,0.2007226575969127,0.172057597627496,0.0,0.7411142923303135,0.7530367109951401,0.7294362854697836,0.0,0.9080392511986446,0.9176083187133772,0.9004809483704698,0.0,0.7232892346672852,0.7364489085708261,0.7110136214903978,0.0,0.8657123125653136,0.8763348926634227,0.8543643056002517,0.0,,,,,0.6228980411993706,0.6653361750336755,0.5738049048175542,0.0,0.1645767017587005,0.1909537350064137,0.1382112631866336,1.0,0.8354232982412995,0.856238880978475,0.8117420545914821,0.0,2357.0,0.2125252570419288,0.2410836728874754,0.1859588529469882,1.0,0.7874747429580712,0.8098250186761253,0.7589225871297094,0.0,,,,,,,,,,,,,,,,0.7,symmetric_confident
Exp2B,llama31_8b,23,nan,movies,math,movies->math,0.0778775235254465,0.0940949260631585,0.0579796936121893,0.0,0.7558754503205934,0.7703840317562162,0.7453734701005945,0.0,0.8166016119527394,0.8309108143288069,0.8034585364136767,0.0,0.7387240884272929,0.7509678222160834,0.7200274544385031,0.0,0.7857099963924883,0.7967566432922154,0.7716290243561595,0.0,,,,,0.1360854629614643,0.1900864647726379,0.0732007756060662,0.0,0.4228751598232638,0.458180877540712,0.3879280917175892,1.0,0.5771248401767362,0.6101953039280228,0.5494876687182579,0.0,1547.0,0.4410393772152718,0.4720154586292219,0.4147950632941789,1.0,0.5589606227847281,0.5898341349811536,0.5206498126040974,0.0,,,,,,,,,,,,,,,,0.7,symmetric_confident
Exp2B,llama31_8b,24,nan,math,movies,math->movies,0.1829766347137096,0.196460148603645,0.1735854624799802,0.0,0.7440937134357918,0.753135020393479,0.7308813009320451,0.0,0.9098670178601806,0.9183827511168066,0.9009808108495798,0.0,0.726890383146471,0.7379598203478253,0.7149844812709794,0.0,0.8766469428920924,0.8868804614261769,0.8670149167384538,0.0,,,,,0.6318354708080297,0.6949419107583727,0.5808771094894235,0.0,0.1661221672288658,0.1897219253291319,0.1418231376230856,1.0,0.8338778327711341,0.8579459542108057,0.8093136956863307,0.0,2357.0,0.2020423619631044,0.2281438686594298,0.1720191605021204,1.0,0.7979576380368956,0.8224277796367084,0.7704804934467527,0.0,,,,,,,,,,,,,,,,0.7,symmetric_confident
Exp2B,llama31_8b,24,nan,movies,math,movies->math,0.0829360595632913,0.0999773749664965,0.0668873717590597,0.0,0.7632743482685632,0.7780817161805862,0.7501651200809997,0.0,0.8198182351873553,0.8360662574388199,0.8038147782990192,0.0,0.736882175624064,0.747814487450654,0.7232049917511296,0.0,0.7882446654761132,0.8006144738094171,0.7765023857615423,0.0,,,,,0.1304258986518199,0.1949173174998151,0.0732050047705288,0.0,0.4339545535468626,0.4631932675567776,0.4061213580444304,1.0,0.5660454464531374,0.5967252957628776,0.5380942977558041,0.0,1547.0,0.4356195478013174,0.4634067270550465,0.4057354006859608,1.0,0.5643804521986826,0.5946109308862723,0.533275219872748,0.0,,,,,,,,,,,,,,,,0.7,symmetric_confident
Exp2B,llama31_8b,25,nan,math,movies,math->movies,0.1868331606569496,0.1999177678487779,0.1735405263871098,0.0,0.7375617479454891,0.7498801391551576,0.7277891820866635,0.0,0.9034921843627076,0.91278644693471,0.8947268698132487,0.0,0.716659023705758,0.7276299499096143,0.7056381485703838,0.0,0.8624143763286931,0.8730381735622593,0.851875753423581,0.0,,,,,0.6118296578456827,0.6676720207041669,0.5595667645916421,0.0,0.1715438724949066,0.202898024838733,0.1462395550821319,1.0,0.8284561275050933,0.8590789225763397,0.8029821261842816,0.0,2357.0,0.2166264696594107,0.2501237689834661,0.1919117159677174,1.0,0.7833735303405893,0.809428751072703,0.7561439576627942,0.0,,,,,,,,,,,,,,,,0.7,symmetric_confident
Exp2B,llama31_8b,25,nan,movies,math,movies->math,0.0516391777955852,0.0716381226474348,0.0328948461937846,0.0,0.785922523575323,0.7992636211272791,0.7711543925294948,0.0,0.8234629423403116,0.8342759822047814,0.8094109539168823,0.0,0.7718237645447263,0.7853329963100858,0.7591595797639675,0.0,0.787427037515881,0.8005984835426156,0.7720410585467249,0.0,,,,,0.0224035800411089,0.0732833599966339,-0.0248183105812833,0.19,0.4711994432485798,0.5097548047530971,0.4392881957314881,0.94,0.5288005567514202,0.555712303871149,0.4983780467053106,0.05,1547.0,0.5063969767103113,0.5415065985656506,0.4763730111139204,0.3,0.4936030232896887,0.5282829082406019,0.4709350874894467,0.6,,,,,,,,,,,,,,,,0.7,symmetric_confident
Exp2B,llama31_8b,26,nan,math,movies,math->movies,0.18969509770742,0.2049507219273406,0.1768525192514114,0.0,0.739462592826905,0.7505609841112767,0.7302781495920795,0.0,0.913018414514044,0.9204286997558424,0.90388608721473,0.0,0.7233233168066241,0.7331932295178948,0.7137251829258148,0.0,0.8716685028717708,0.8846541849146664,0.8609947949446974,0.0,,,,,0.632898851660467,0.6868356970513296,0.5732067121579355,0.0,0.1568186327800771,0.180573493645466,0.1337109060879242,1.0,0.8431813672199228,0.8680393040758917,0.8197269420162309,0.0,2357.0,0.2102825155594557,0.2344812880548834,0.1822919698185883,1.0,0.7897174844405443,0.8188111178721256,0.7637813477225432,0.0,,,,,,,,,,,,,,,,0.7,symmetric_confident
Exp2B,llama31_8b,26,nan,movies,math,movies->math,0.0530974871469763,0.0718695670857014,0.0377128138558531,0.0,0.7847906758968684,0.7942785827189817,0.7719124731642848,0.0,0.8284121794972339,0.8412758645573595,0.8139297181885033,0.0,0.7753146923502575,0.7919318102538099,0.7632300884131301,0.0,0.7856349332610337,0.8000853334195982,0.7732245491550623,0.0,,,,,0.0290493955039086,0.0830991214892269,-0.0428889903208791,0.17,0.4581465356790263,0.4833061626331542,0.4365219677376015,1.0,0.5418534643209737,0.5748323270383566,0.5153917320403253,0.01,1547.0,0.5128040688170651,0.5368550049551398,0.4790661096039504,0.2,0.4871959311829349,0.5215137336172024,0.45637603171004,0.74,,,,,,,,,,,,,,,,0.7,symmetric_confident
Exp2B,llama31_8b,27,nan,math,movies,math->movies,0.1902174656913934,0.2061406172775346,0.177032448879742,0.0,0.7455338073088703,0.7579635392131854,0.7354996096091364,0.0,0.9169082954423152,0.9253085292497276,0.9092859193885988,0.0,0.7266908297509218,0.7402004852187866,0.7169035084717849,0.0,0.8754429459056291,0.8815811818543646,0.8643014345019939,0.0,,,,,0.6316202794134498,0.6866891715925256,0.5751860477647983,0.0,0.1585625214842058,0.1801834394025415,0.1362583115556059,1.0,0.8414374785157942,0.8610564027135407,0.8128475003929022,0.0,2357.0,0.2098171991023444,0.2404174056831527,0.1794974148030421,1.0,0.7901828008976556,0.8196027304240046,0.7652567396888444,0.0,,,,,,,,,,,,,,,,0.7,symmetric_confident
Exp2B,llama31_8b,27,nan,movies,math,movies->math,0.0531785019914321,0.069482806771998,0.0350523886469835,0.0,0.7894600796356418,0.8038209091843646,0.7773748613224989,0.0,0.8342696805447567,0.8476017959480064,0.821201403910763,0.0,0.7810911785533245,0.7952011413756341,0.7678558775422614,0.0,0.7901741240580697,0.801400174818012,0.7754573117216914,0.0,,,,,0.0253188372958713,0.0861245060148501,-0.0296358417158498,0.23,0.4586482593425801,0.4866515644750621,0.4328309368900203,0.99,0.5413517406574199,0.5743682739848018,0.5153381177570242,0.0,1547.0,0.5160329033615485,0.5464686971639596,0.4813135439201315,0.16,0.4839670966384514,0.5084016887165738,0.4509765482680097,0.9,,,,,,,,,,,,,,,,0.7,symmetric_confident
Exp2B,llama31_8b,28,nan,math,movies,math->movies,0.1888016317823231,0.2017525400538239,0.1759401993703374,0.0,0.7432784587839255,0.7536628050179526,0.7333006834774708,0.0,0.9166606392076851,0.9246848145883764,0.91013030290837,0.0,0.7278590074253621,0.7407836065426925,0.7189443490209417,0.0,0.8785330071368972,0.8879759161228372,0.8703584378132387,0.0,,,,,0.6340600467831681,0.6892340839962976,0.5856069966100208,0.0,0.1573929422811964,0.1833498858346376,0.1329633740994612,1.0,0.8426070577188035,0.867669036967474,0.8191191331978638,0.0,2357.0,0.2085470109356354,0.2378393807043378,0.1839730530176288,1.0,0.7914529890643646,0.8149383203351365,0.765124154914458,0.0,,,,,,,,,,,,,,,,0.7,symmetric_confident
Exp2B,llama31_8b,28,nan,movies,math,movies->math,0.0563664977236721,0.073932344613678,0.039932979565442,0.0,0.7799174428368553,0.7946213732952585,0.7619919655197287,0.0,0.8296033305623461,0.8411715306838913,0.8164996511519507,0.0,0.773236832838674,0.7893904087277013,0.759740094923497,0.0,0.7839341371437022,0.7993319621101594,0.7687783087662984,0.0,,,,,0.0413112790716494,0.0917127442693053,-0.0194578049222085,0.09,0.4478753621311926,0.4782317720277003,0.4190436064667289,1.0,0.5521246378688074,0.5810923860121583,0.5269743115325632,0.0,1547.0,0.510813358797158,0.5432809453277077,0.4812664405984027,0.28,0.489186641202842,0.5168679854937411,0.4602268504039776,0.69,,,,,,,,,,,,,,,,0.7,symmetric_confident
Exp2B,llama31_8b,29,nan,math,movies,math->movies,0.1832636903140939,0.196288406987788,0.1700097344866032,0.0,0.7478198791536249,0.7606569972112209,0.7369502343670453,0.0,0.920915928809248,0.9293772526014722,0.9134930610044673,0.0,0.737652238495154,0.7498808681775907,0.7271414829179744,0.0,0.88449194596465,0.8949543196199362,0.8736505158782762,0.0,,,,,0.6330777120403777,0.6846247088466907,0.5765008117647954,0.0,0.1572126845545678,0.1799739002221446,0.1342770986794966,1.0,0.8427873154454322,0.8580269184861293,0.8229171147552885,0.0,2357.0,0.2097096034050544,0.241967792531351,0.1838208634398233,1.0,0.7902903965949455,0.8178397301532951,0.7642124507747962,0.0,,,,,,,,,,,,,,,,0.7,symmetric_confident
Exp2B,llama31_8b,29,nan,movies,math,movies->math,0.0545214448763795,0.0722750221334632,0.0366881271939303,0.0,0.7793591613879355,0.7943118733504997,0.7656355633201327,0.0,0.8310364762005059,0.8419283470874035,0.8201993255322226,0.0,0.7765150313241264,0.7865809191963822,0.7618597850034418,0.0,0.7855990822131748,0.7992033908642433,0.7700955080822088,0.0,,,,,0.0394682538398044,0.0899540013264737,-0.0296049623607676,0.11,0.4464389758363409,0.4738542487959173,0.4140597766811232,1.0,0.553561024163659,0.5782734614152824,0.5255574306240449,0.0,1547.0,0.5140927703238546,0.5499251741002066,0.4809090260544689,0.2,0.4859072296761454,0.5149383873933179,0.4581217164465347,0.86,,,,,,,,,,,,,,,,0.7,symmetric_confident
Exp2B,llama31_8b,30,nan,math,movies,math->movies,0.1809844396820166,0.1960841656443875,0.1683912890487095,0.0,0.7533140188038572,0.7643597065167869,0.7443372125392754,0.0,0.9253296200328434,0.9343029658973404,0.9167010055426404,0.0,0.7443451803508268,0.7592604023987061,0.7338110298539591,0.0,0.8947608555018453,0.905689367429774,0.8840862319295064,0.0,,,,,0.6444744718728079,0.6849954162665552,0.5824801533346907,0.0,0.1532302464081202,0.1703764662626553,0.1323478491114466,1.0,0.8467697535918798,0.8687044908024825,0.8256266242747988,0.0,2357.0,0.2022952817190718,0.2360157976389405,0.1751386005931943,1.0,0.7977047182809281,0.8220938210323849,0.7670852849117138,0.0,,,,,,,,,,,,,,,,0.7,symmetric_confident
Exp2B,llama31_8b,30,nan,movies,math,movies->math,0.0584976761162258,0.0743854062296531,0.0414121733900897,0.0,0.7820829479891807,0.7949607340386519,0.7715502135558592,0.0,0.84029601762079,0.8514202433519589,0.8289705187538817,0.0,0.7817983415045642,0.7958094856173714,0.7702949781098859,0.0,0.7997658478436716,0.8123321085647625,0.7866295381362332,0.0,,,,,0.0768254244420346,0.1324210682100755,0.01908613983554,0.0,0.428970697719585,0.456557225701637,0.3987677042468312,1.0,0.5710293022804149,0.6023629305362983,0.5404196034094629,0.0,1547.0,0.4942038778383802,0.5226641755124187,0.4597175660010451,0.64,0.5057961221616197,0.5362374819800465,0.4805921340985938,0.39,,,,,,,,,,,,,,,,0.7,symmetric_confident
Exp2B,llama31_8b,31,nan,math,movies,math->movies,0.1770856341450513,0.1914824149871065,0.1654706608011344,0.0,0.7432054538535736,0.7541970564398336,0.7312905862864043,0.0,0.9161047146109076,0.9243496556610084,0.9087634568841926,0.0,0.7390190804658564,0.7511998687997181,0.7278196047918248,0.0,0.894899728156778,0.9067235020392184,0.8861949587684517,0.0,,,,,0.6373703611582328,0.6798931709153188,0.5656986816307766,0.0,0.1649903163872439,0.1897096700824599,0.1401584774624591,1.0,0.8350096836127561,0.8624874740718544,0.8088866502739988,0.0,2357.0,0.1976393224545233,0.2227898426934301,0.1698675390704682,1.0,0.8023606775454767,0.8312360092610108,0.77606569475772,0.0,,,,,,,,,,,,,,,,0.7,symmetric_confident
Exp2B,llama31_8b,31,nan,movies,math,movies->math,0.0324558970711862,0.0521347168425864,0.0138743570320471,0.0,0.8093047553080754,0.8222552666049286,0.7980246741245196,0.0,0.8237633069006545,0.8341895423131539,0.8121177968028256,0.0,0.7913074098294682,0.803562673030131,0.7801761075680126,0.0,0.7748749134533298,0.7870549553204457,0.7633297082032086,0.0,,,,,-0.0666786702704452,-0.0204184977054785,-0.1152595235747578,1.0,0.5142809166976872,0.5435098915917729,0.4800339695271898,0.21,0.4857190833023128,0.509151661626205,0.4593798584755433,0.82,1547.0,0.552397753572758,0.5800939694122699,0.5219616002271849,0.0,0.447602246427242,0.4742425938436668,0.4207777046487376,1.0,,,,,,,,,,,,,,,,0.7,symmetric_confident
Exp2B,qwen25_14b,0,nan,math,movies,math->movies,0.0158412526840728,0.043080251197939,-0.0061847652519977,0.13,0.5250211559328742,0.5460294962041558,0.5087763563318757,0.01,0.5141904074704321,0.5403842417425094,0.491325424392266,0.08,0.4983491547863592,0.5159192281510615,0.4808623073172546,0.51,0.5100412939871651,0.5362585787439202,0.4892993141303047,0.21,,,,,0.019812969854258,0.0559698808494901,-0.0404618366913587,0.3,0.5195448647141463,0.5706560273914046,0.4780423411945804,0.23,0.4804551352858537,0.5406344117284572,0.4234994758241386,0.82,1365.0,0.4606421654315956,0.499649962970103,0.4106666990905742,0.97,0.5393578345684044,0.58511582590419,0.49894119968647,0.04,,,,,,,,,,,,,,,,0.7,symmetric_confident
Exp2B,qwen25_14b,0,nan,movies,math,movies->math,0.0140054801213802,0.0306144932253422,-0.0015333745599843,0.05,0.5301031779696387,0.5452921117237612,0.5161256971826854,0.0,0.5170978854856557,0.5315889710915501,0.5003799323560784,0.03,0.5030924053642755,0.5207081904724516,0.4850538231351276,0.35,0.5115723715787956,0.5298167914757733,0.4934050672171781,0.1,,,,,0.026720516687542,0.0789649826156604,-0.0486825476958884,0.25,0.5130236957132998,0.5540342513430646,0.474233815369762,0.26,0.4869763042867002,0.5187041543905269,0.4524249913117349,0.82,1610.0,0.4602557875991582,0.4928741974326853,0.4149966569218734,0.99,0.5397442124008418,0.571527979035038,0.5015349842767296,0.02,,,,,,,,,,,,,,,,0.7,symmetric_confident
Exp2B,qwen25_14b,1,nan,math,movies,math->movies,0.017142931516519,0.0475311720389915,-0.0117933759709574,0.13,0.5222423923947833,0.5395040297331682,0.5020901779282807,0.02,0.5169262538169197,0.5432369837406112,0.4945419170453528,0.09,0.4997833223004006,0.5173232092046997,0.4801141976850241,0.49,0.5086285901294358,0.5348090077191219,0.4865446137935647,0.25,,,,,0.0290894077021244,0.0861192017450035,-0.0190790019273844,0.14,0.5173142299484166,0.5677659316852232,0.4724372826579522,0.21,0.4826857700515834,0.5232982251917638,0.4430318490915021,0.8,1365.0,0.4535963623494589,0.4875464526174325,0.4198220058342445,0.99,0.546403637650541,0.5945130439477379,0.5009030672884376,0.03,,,,,,,,,,,,,,,,0.7,symmetric_confident
Exp2B,qwen25_14b,1,nan,movies,math,movies->math,0.0241820213547964,0.044174470708554,0.0014229215357713,0.01,0.5356360858534327,0.5535345747209022,0.5194519326077265,0.0,0.5275780915573741,0.5479034689211534,0.5119700328046484,0.0,0.5033960702025777,0.5198126285185372,0.4878231866914658,0.39,0.5134528388698987,0.5328920813090401,0.4969399331525264,0.06,,,,,0.0310177256318714,0.0854805716611905,-0.0275820643441641,0.18,0.5105385286106637,0.5508067076512898,0.4718697081571633,0.37,0.4894614713893362,0.5177839563625876,0.4492693557602979,0.7,1610.0,0.4584437457574647,0.4938310768004505,0.4141460334989569,1.0,0.5415562542425353,0.5731079771310083,0.5035507949394183,0.02,,,,,,,,,,,,,,,,0.7,symmetric_confident
Exp2B,qwen25_14b,2,nan,math,movies,math->movies,0.019846473701847,0.0524339119736789,-0.0084328868315994,0.09,0.5234718250745576,0.5459809381232401,0.5063847630828501,0.0,0.5214324862179699,0.5427498915228078,0.505245439060361,0.01,0.5015860125161229,0.5193216411188231,0.4785452285702062,0.49,0.5061681872384625,0.5291074042191425,0.4814522099957502,0.39,,,,,0.0435670852681587,0.0952058940634045,-0.0094387619275747,0.08,0.4961982691132154,0.5324320244282099,0.45139564952523,0.61,0.5038017308867846,0.5560041188338123,0.4571909099350841,0.43,1365.0,0.4602346456186258,0.5084636050334843,0.4225169479458448,0.94,0.5397653543813742,0.5824535127235504,0.5058047692555698,0.0,,,,,,,,,,,,,,,,0.7,symmetric_confident
Exp2B,qwen25_14b,2,nan,movies,math,movies->math,0.0537043176611998,0.0775718768272187,0.0360235656798815,0.0,0.5438371435828172,0.5568688844853306,0.5299991877459833,0.0,0.5558249469176335,0.5720529422118008,0.5416631031024751,0.0,0.5021206292564336,0.5175148934813317,0.4867347948089728,0.37,0.5046879369245016,0.5230152457408306,0.4858567670437254,0.29,,,,,0.0435486482111057,0.1010976590971398,-0.0216878267474364,0.11,0.484405931454831,0.5222730512633724,0.4460121582944197,0.78,0.515594068545169,0.5464218012660937,0.4776067246697891,0.23,1610.0,0.4720454203340632,0.5047042922969622,0.4388351362213721,0.92,0.5279545796659367,0.5558806441678786,0.4918349502417899,0.07,,,,,,,,,,,,,,,,0.7,symmetric_confident
Exp2B,qwen25_14b,3,nan,math,movies,math->movies,0.0281248695431841,0.0567736508644812,7.851007076405711e-05,0.03,0.5258880373436338,0.5433275505474535,0.5085507628087239,0.0,0.5174377111944388,0.5459386681630783,0.4911315885842456,0.1,0.4893128416512546,0.5089906638446658,0.4729066188273192,0.89,0.493808155041432,0.5235850214730158,0.4755756673758442,0.65,,,,,0.0119414029405771,0.0866252502867202,-0.0467923936824363,0.38,0.5087402275676429,0.5582795512562624,0.465757839602296,0.35,0.4912597724323571,0.5280670637515773,0.4428976198486245,0.7,1365.0,0.4793183694917799,0.5191136398645881,0.4279178767969178,0.81,0.5206816305082201,0.5675526428800304,0.4731526784057054,0.21,,,,,,,,,,,,,,,,0.7,symmetric_confident
Exp2B,qwen25_14b,3,nan,movies,math,movies->math,0.0328127695137688,0.0546906516082818,0.0087031103202023,0.0,0.5199519225704098,0.5345389332582686,0.5083880511703537,0.0,0.5387747144015588,0.5560093190126614,0.5261578063661402,0.0,0.5059619448877899,0.5209869688878087,0.4918700568919994,0.2,0.5123604705842274,0.5300776929059898,0.4958731041571815,0.07,,,,,0.0612657595096693,0.1132832971506428,0.0120725082348512,0.0,0.4687081959390949,0.5019532673893612,0.4393390876606649,0.95,0.531291804060905,0.568220547965908,0.4980794546979325,0.03,1610.0,0.4700260445512356,0.5111034341082106,0.4360638095867477,0.9,0.5299739554487644,0.5703470148565544,0.4992052078091843,0.04,,,,,,,,,,,,,,,,0.7,symmetric_confident
Exp2B,qwen25_14b,4,nan,math,movies,math->movies,0.0302733547106147,0.0580347722051571,0.0024863452234082,0.01,0.5117316472282316,0.527185158226982,0.4959933111260742,0.11,0.5094695657512819,0.5314440516176082,0.4835354770910723,0.24,0.4791962110406672,0.4979023539731676,0.4623018385732325,0.98,0.4914063331716722,0.511358237107997,0.4696137427206833,0.74,,,,,0.0207620620502536,0.0857395801196493,-0.0564895785642628,0.32,0.4983699207481206,0.5459079667586066,0.4416315410843297,0.58,0.5016300792518794,0.547533639527311,0.4575107572908309,0.45,1365.0,0.4808680172016258,0.5251281988015465,0.4360933712538888,0.75,0.5191319827983742,0.557836546125094,0.4668070583576144,0.21,,,,,,,,,,,,,,,,0.7,symmetric_confident
Exp2B,qwen25_14b,4,nan,movies,math,movies->math,0.0145427708977119,0.0403511536914798,-0.0052136398506862,0.08,0.504962209247198,0.5189266600052128,0.4922189774632498,0.27,0.5111489698746038,0.52309567300019,0.4944989673660871,0.14,0.4966061989768918,0.509521990520635,0.4772912099568193,0.7,0.4990925657920217,0.5143558241536684,0.4808562362717126,0.57,,,,,0.0440371610587096,0.1031124408333257,-0.0159298363062784,0.1,0.4824177977727222,0.5169021642501476,0.4334262222600329,0.84,0.5175822022272778,0.5493168295162358,0.4666215646947124,0.24,1610.0,0.4735450411685681,0.5150961500601011,0.4424950086682498,0.89,0.5264549588314318,0.5587751798383979,0.4901957754535609,0.08,,,,,,,,,,,,,,,,0.7,symmetric_confident
Exp2B,qwen25_14b,5,nan,math,movies,math->movies,0.0296587756647825,0.0559366540532263,-0.0033500074088362,0.07,0.5025781234005091,0.5214946315288543,0.4841159794694419,0.4,0.5099922887098037,0.537763972900428,0.4810417200391498,0.23,0.4803335130450212,0.4978905518177605,0.4555253344174545,0.99,0.4869124929097249,0.5114553904909284,0.4636094454176428,0.8,,,,,0.028966079337673,0.1091319208836618,-0.0352378477207654,0.27,0.4763745750533529,0.5237029691920504,0.4361376123731645,0.87,0.5236254249466471,0.5760444761613425,0.4929221865770578,0.06,1365.0,0.494659345608974,0.5462539725220092,0.4435205348847945,0.54,0.5053406543910259,0.5417514806792516,0.4614507321937319,0.4,,,,,,,,,,,,,,,,0.7,symmetric_confident
Exp2B,qwen25_14b,5,nan,movies,math,movies->math,0.0220924127202659,0.0439530133804313,0.0011352779362228,0.02,0.4959761775055915,0.5085713507987485,0.4810680063542228,0.76,0.5118847520027935,0.5310761988701225,0.4930444694411083,0.11,0.4897923392825276,0.5079473853201759,0.4748824931236429,0.86,0.4888611690550943,0.5051637019648288,0.4737024894329963,0.87,,,,,0.052468267966338,0.1012029359693227,0.0043596647765805,0.02,0.470202136391651,0.5149638822349304,0.4384891539023295,0.93,0.529797863608349,0.566524462550767,0.4913834562426971,0.1,1610.0,0.477329595642011,0.5100509688623354,0.4404976238826836,0.91,0.5226704043579891,0.5582967903342312,0.4898054694168804,0.09,,,,,,,,,,,,,,,,0.7,symmetric_confident
Exp2B,qwen25_14b,6,nan,math,movies,math->movies,0.0249368918888076,0.0509299887182404,-0.0056143410451376,0.07,0.5142321420040811,0.5297351472816512,0.4995214622508536,0.03,0.5209162409685245,0.5441853100568745,0.4987024807581175,0.04,0.4959793490797169,0.5151085856745498,0.4788652862977063,0.63,0.5106158386182991,0.5314087713716974,0.4857471335602648,0.22,,,,,0.0181882527051809,0.0902773585635492,-0.0635660123986927,0.4,0.4882569948631055,0.5313716052538776,0.4463338711340828,0.64,0.5117430051368945,0.5587799725991406,0.4682573108416077,0.31,1365.0,0.4935547524317136,0.5447184215442595,0.457290165028372,0.63,0.5064452475682863,0.5511072729139865,0.4548234748936708,0.46,,,,,,,,,,,,,,,,0.7,symmetric_confident
Exp2B,qwen25_14b,6,nan,movies,math,movies->math,0.0267725628612849,0.0490012779880037,0.0060739464255958,0.0,0.5167652652160235,0.5319499063853801,0.5037706235874259,0.01,0.5339672394959167,0.5518312309893798,0.5160678633006122,0.0,0.5071946766346318,0.5216769886770087,0.4901603034544371,0.27,0.5163667672651271,0.5374055042374011,0.4954266553307633,0.04,,,,,0.0259707062702895,0.0763712195038552,-0.027470968851984,0.28,0.4923215437005984,0.527676786914685,0.4549438717004549,0.66,0.5076784562994016,0.5392878669279654,0.4677165437402157,0.37,1610.0,0.481707750029112,0.5135057536703211,0.4475321927220509,0.84,0.5182922499708881,0.5479044816009419,0.4784014802162967,0.22,,,,,,,,,,,,,,,,0.7,symmetric_confident
Exp2B,qwen25_14b,7,nan,math,movies,math->movies,0.0017867861839103,0.0327721532012688,-0.0263173362932364,0.44,0.5422821791975759,0.5568896562997236,0.5269349243742735,0.0,0.5258373283899964,0.547084699069492,0.4986000345894318,0.04,0.524050542206086,0.5408291261060689,0.5121351964185502,0.0,0.5187062156153345,0.5414999625203926,0.4961325203279893,0.09,,,,,0.0296470663935568,0.1122144083247806,-0.0319969043908779,0.31,0.4851255268266003,0.5225899479386676,0.4325806785503011,0.74,0.5148744731733996,0.5595546793977433,0.4615814050960651,0.33,1365.0,0.4852274067798428,0.5270304815528416,0.4370573267951801,0.77,0.5147725932201572,0.5563777202216618,0.4748444995659531,0.32,,,,,,,,,,,,,,,,0.7,symmetric_confident
Exp2B,qwen25_14b,7,nan,movies,math,movies->math,0.0262949931844321,0.0540211178372856,0.0080023563130887,0.01,0.5189979757298289,0.5368860056386426,0.5046504893140684,0.0,0.5422789312838096,0.5599431326901305,0.5222786049205566,0.0,0.5159839380993774,0.5333352694216468,0.5023658821626639,0.02,0.5356971436810033,0.5514829503634362,0.5166202934279822,0.0,,,,,0.0344458361380218,0.0756083224837285,-0.0128612338834617,0.1,0.491353038578314,0.5266426092333651,0.4559517656446439,0.62,0.508646961421686,0.5407756215408971,0.4669660551911302,0.38,1610.0,0.4742011252836641,0.5097353850883082,0.4427441400836623,0.94,0.5257988747163359,0.562301131523286,0.4877013810309873,0.1,,,,,,,,,,,,,,,,0.7,symmetric_confident
Exp2B,qwen25_14b,8,nan,math,movies,math->movies,0.0237548071791274,0.0522471725255326,0.001075265377619,0.02,0.5573922924159392,0.575561549111887,0.5402605267411933,0.0,0.5331098242062412,0.5586746237407018,0.5108053274009591,0.0,0.5093550170271137,0.5262195507668285,0.4893632275532089,0.2,0.5174439072639903,0.5444359315535741,0.4894580838542338,0.12,,,,,0.0284084206462406,0.1127432127729152,-0.0359648527339181,0.2,0.4984181796733407,0.5440820451168973,0.4470130349293115,0.5,0.5015818203266593,0.5500241173605684,0.4604486563238024,0.47,1365.0,0.4731733996804186,0.5151042776645632,0.4268551563478135,0.87,0.5268266003195813,0.5738727531716756,0.478743318064518,0.11,,,,,,,,,,,,,,,,0.7,symmetric_confident
Exp2B,qwen25_14b,8,nan,movies,math,movies->math,0.0353511119458713,0.0571092591287233,0.013046555598428,0.0,0.5177467663787348,0.5328143799790019,0.5017635804105541,0.01,0.5490902642549803,0.5660618455726425,0.5336219317549185,0.0,0.5137391523091089,0.5288776944960972,0.4971254510308538,0.05,0.5448410388185145,0.5593425419858572,0.5266644487416359,0.0,,,,,0.0767746223256052,0.1374004659215627,0.0350428280439731,0.0,0.4790266097492395,0.518209020649316,0.4432883201981957,0.86,0.5209733902507605,0.5619714725460743,0.4790997031313272,0.1,1610.0,0.4441987679251553,0.4815545012842374,0.4132329558665156,1.0,0.5558012320748447,0.5915520911923425,0.5142542587176743,0.0,,,,,,,,,,,,,,,,0.7,symmetric_confident
Exp2B,qwen25_14b,9,nan,math,movies,math->movies,0.0233464277689066,0.0486604782738485,-0.0050861721266044,0.08,0.5642270236332244,0.5782289077976746,0.5445195185336689,0.0,0.5357110468597475,0.5606427825989829,0.5105311646053381,0.0,0.5123646190908409,0.5299727943469451,0.4949712502938057,0.08,0.5147311553585581,0.5392596782719925,0.4923177290888925,0.12,,,,,0.0136894484541058,0.085217598417396,-0.0758685174391231,0.36,0.5061610561197679,0.5627902581163186,0.4651556733931494,0.37,0.4938389438802321,0.5374835036040578,0.4437452972456095,0.67,1365.0,0.4801494954261263,0.5310083696602109,0.4347977873845476,0.79,0.5198505045738737,0.5559326809382278,0.4846710881671227,0.15,,,,,,,,,,,,,,,,0.7,symmetric_confident
Exp2B,qwen25_14b,9,nan,movies,math,movies->math,0.0359397529254732,0.0538523032705847,0.0119946860039514,0.0,0.5270512936673198,0.539960359703248,0.5125112738546849,0.0,0.5570228614614618,0.5767636189782137,0.5414910624191994,0.0,0.5210831085359886,0.5384588468460686,0.5088973999554067,0.0,0.564666397782251,0.582619283990008,0.5423503486315726,0.0,,,,,0.0981285981669407,0.1461275678050276,0.0452546688413501,0.0,0.4725225724177693,0.5116550828119465,0.4384923892259948,0.93,0.5274774275822306,0.5727426067808807,0.4919250692312156,0.1,1610.0,0.4293488294152899,0.468181452577468,0.3919639870504438,1.0,0.5706511705847102,0.6014110140633868,0.5282217981512243,0.0,,,,,,,,,,,,,,,,0.7,symmetric_confident
Exp2B,qwen25_14b,10,nan,math,movies,math->movies,0.0581928098977468,0.0927342040144365,0.0269294152973133,0.0,0.5730702035746702,0.5947252881607742,0.5534469739455432,0.0,0.5578741060057376,0.5811911194033206,0.5321126014164316,0.0,0.4996812961079908,0.5165478280442726,0.4850518531097104,0.49,0.504329644418834,0.5247812334753618,0.4797675991807033,0.35,,,,,-0.0097107681748474,0.0589719543487172,-0.0771080032408605,0.63,0.5138449494353706,0.5515440005232876,0.4717566514173555,0.27,0.4861550505646294,0.5283436691665727,0.4407689145159019,0.74,1365.0,0.4958658187394769,0.5370547902322231,0.4539222607259779,0.56,0.5041341812605231,0.5476803007877258,0.4569172807917858,0.46,,,,,,,,,,,,,,,,0.7,symmetric_confident
Exp2B,qwen25_14b,10,nan,movies,math,movies->math,0.0397958026268195,0.0603077537958415,0.0250492337736171,0.0,0.5246051181991273,0.5377903332977612,0.5078880017277808,0.0,0.5736246491169905,0.5896517678109873,0.5551825275542709,0.0,0.5338288464901709,0.5491293466101542,0.5184982172826844,0.0,0.5896450705436311,0.6056793297066922,0.5721061455003073,0.0,,,,,0.1596783767740542,0.2007643327108909,0.1012189155080173,0.0,0.4326519715185649,0.4683333596253275,0.3986631857012632,1.0,0.5673480284814351,0.602173745347557,0.5201467634918174,0.0,1610.0,0.4076696517073808,0.4376742988527288,0.3600330641189126,1.0,0.5923303482926192,0.6345320628130158,0.557384922445711,0.0,,,,,,,,,,,,,,,,0.7,symmetric_confident
Exp2B,qwen25_14b,11,nan,math,movies,math->movies,0.0823610247838921,0.1101480180438574,0.0467822852060464,0.0,0.5720233261221175,0.5929850297581846,0.5546903783786226,0.0,0.551606781654452,0.5789249916891581,0.5313262972096889,0.0,0.4692457568705598,0.4905679182232259,0.4509252362430198,1.0,0.4857898777628133,0.5054918731798841,0.4626409244626857,0.95,,,,,-0.0101397363990262,0.0415824145584811,-0.0673303572487742,0.7,0.5238720816755499,0.5591928452198469,0.4806322092446267,0.14,0.4761279183244501,0.517453878595687,0.4274711975762917,0.86,1365.0,0.4862676547234764,0.5314891342340311,0.4403710654337813,0.72,0.5137323452765237,0.5658115956208986,0.4638090757977695,0.27,,,,,,,,,,,,,,,,0.7,symmetric_confident
Exp2B,qwen25_14b,11,nan,movies,math,movies->math,0.0425873741970546,0.0614179930978841,0.0220290021984402,0.0,0.5112017234093903,0.5308820444578093,0.4970967618347905,0.08,0.559890759115861,0.5772456551881942,0.5435218544981726,0.0,0.5173033849188063,0.5322896969780675,0.5001642952247121,0.03,0.5759848905614068,0.59049352001115,0.5560443285666654,0.0,,,,,0.1788013826049663,0.239507877330844,0.1074366217573771,0.0,0.4257588280235963,0.459934778744664,0.3930145395403185,1.0,0.5742411719764037,0.611716828591543,0.5405668035912403,0.0,1610.0,0.3954397893714373,0.4300078570119512,0.3647039983438661,1.0,0.6045602106285627,0.6429572782513053,0.5701408683087932,0.0,,,,,,,,,,,,,,,,0.7,symmetric_confident
Exp2B,qwen25_14b,12,nan,math,movies,math->movies,0.0571066730497815,0.0886188764520282,0.0239858836499758,0.0,0.597831687492749,0.6166721873005514,0.5825694743107463,0.0,0.5633224226181323,0.5854532473989863,0.5426086786906963,0.0,0.5062157495683507,0.5234686615149231,0.4855748146857301,0.21,0.5166096909907459,0.5396998377456975,0.4960501389114706,0.07,,,,,0.0013887846257788,0.0671141662497409,-0.0663977065100722,0.47,0.5218827415359207,0.5767313581736194,0.4843324397176979,0.14,0.4781172584640792,0.5201622098322389,0.4295477745964307,0.77,1365.0,0.4767284738383004,0.5247034660129324,0.4385452961618796,0.91,0.5232715261616996,0.5658271513005728,0.4784963873447636,0.19,,,,,,,,,,,,,,,,0.7,symmetric_confident
Exp2B,qwen25_14b,12,nan,movies,math,movies->math,0.0880806297484825,0.1082446130840206,0.0741076051889535,0.0,0.5405237363466308,0.5530618637713042,0.5278860886074087,0.0,0.6207944986978573,0.6391396031471392,0.5998830300189868,0.0,0.5327138689493748,0.5523287342363055,0.5142551297393796,0.0,0.6130179396194292,0.6295000186671385,0.5986797767943264,0.0,,,,,0.2106370832374768,0.2787772277730938,0.1489282536517734,0.0,0.4022448869461982,0.4391627943591278,0.3658988510682833,1.0,0.5977551130538017,0.6314014477591754,0.5616714193420482,0.0,1610.0,0.3871180298163248,0.4213587860487829,0.3575422391019218,1.0,0.6128819701836752,0.6514884205558307,0.5870917555145514,0.0,,,,,,,,,,,,,,,,0.7,symmetric_confident
Exp2B,qwen25_14b,13,nan,math,movies,math->movies,-0.0034656356410861,0.0190213065396722,-0.0361394103430312,0.57,0.6040124615269123,0.6189107074667509,0.5872821447738522,0.0,0.5688898727496298,0.5939442148844453,0.5382352269182129,0.0,0.5723555083907159,0.5874353467264012,0.5515255032825939,0.0,0.558240800667373,0.5812616777070189,0.5385313401703617,0.0,,,,,-0.0206333715829999,0.0632860442172754,-0.1264727381793962,0.71,0.5128100635945393,0.5562776605153215,0.4680345186625128,0.34,0.4871899364054607,0.5300958928914983,0.4461498579270671,0.74,1365.0,0.5078233079884608,0.5443014179897098,0.456322816482915,0.35,0.4921766920115392,0.5379750231073074,0.4381667509097243,0.58,,,,,,,,,,,,,,,,0.7,symmetric_confident
Exp2B,qwen25_14b,13,nan,movies,math,movies->math,0.0919109383173077,0.1161367915866867,0.0731447439598784,0.0,0.5766960779339964,0.5924687653773479,0.5626356662531176,0.0,0.6674236391579254,0.6850221642419401,0.6521577230064918,0.0,0.5755127008406176,0.5896149946701293,0.5636992632564533,0.0,0.6706386937651868,0.6881774512819596,0.6533511577576763,0.0,,,,,0.2119464112766942,0.289850093821604,0.1554034535314964,0.0,0.4023102113386104,0.4377786657491036,0.3702406255172113,1.0,0.5976897886613896,0.6303166129880217,0.5691313573686201,0.0,1610.0,0.3857433773846953,0.4169281735429693,0.350967716694022,1.0,0.6142566226153047,0.6489763385613518,0.5799494050415694,0.0,,,,,,,,,,,,,,,,0.7,symmetric_confident
Exp2B,qwen25_14b,14,nan,math,movies,math->movies,0.0604912521487102,0.0859091405308484,0.0339207213422851,0.0,0.6365820201868546,0.6526670976840917,0.6160481172440538,0.0,0.6017924102654227,0.6252847289597188,0.577447030859494,0.0,0.5413011581167125,0.5616420733115782,0.52013819379651,0.0,0.5572829446426248,0.5838934092451175,0.5349998302914548,0.0,,,,,0.0236468733578559,0.0719608798577364,-0.0506634651672687,0.29,0.5008472122427531,0.5523890686368372,0.4503436034476028,0.52,0.4991527877572468,0.5449671035854722,0.4453186548074516,0.63,1365.0,0.4755059143993909,0.5212149343183601,0.4318651693579663,0.8,0.5244940856006092,0.5704562678523765,0.4774999769671232,0.16,,,,,,,,,,,,,,,,0.7,symmetric_confident
Exp2B,qwen25_14b,14,nan,movies,math,movies->math,0.1138419523533472,0.1311253658980355,0.0972541784252379,0.0,0.5698820561553843,0.5836748987019286,0.551074519681549,0.0,0.6722629503028195,0.6890099161749209,0.6562947649769518,0.0,0.5584209979494722,0.5752262724703254,0.5407802225334654,0.0,0.6599269145391643,0.6734975029284408,0.6457814362745241,0.0,,,,,0.2743823294678334,0.3545895858701303,0.2140212561629747,0.0,0.3668106643490708,0.4075781622600663,0.3308641701865648,1.0,0.6331893356509292,0.6639702159457407,0.598264313339759,0.0,1610.0,0.3588070061830957,0.4032473683166643,0.3192958744918921,1.0,0.6411929938169042,0.6765519846718719,0.6117990384289606,0.0,,,,,,,,,,,,,,,,0.7,symmetric_confident
Exp2B,qwen25_14b,15,nan,math,movies,math->movies,0.0345048453257837,0.0594690079077056,0.0085555313723967,0.0,0.6442681070899673,0.6643155063817924,0.6284507703396915,0.0,0.6266623068868187,0.6464825677191318,0.6050468849674615,0.0,0.5921574615610349,0.606978047857838,0.5734547266866907,0.0,0.6053802161752339,0.6290630475113513,0.5827468950582034,0.0,,,,,0.0317007517668129,0.106264099858355,-0.0507283115527398,0.2,0.494568189861336,0.5477036551694385,0.4573655120207764,0.53,0.505431810138664,0.5582371572946992,0.4646202201420666,0.38,1365.0,0.4737310583718511,0.5212000045221128,0.4310625700688939,0.88,0.5262689416281489,0.5793232547688528,0.4834110856400572,0.15,,,,,,,,,,,,,,,,0.7,symmetric_confident
Exp2B,qwen25_14b,15,nan,movies,math,movies->math,0.1122308508193641,0.1290933674747841,0.0952153538814697,0.0,0.6144119478134106,0.6279331355278472,0.6001969393274104,0.0,0.7195099571386886,0.7345721855363944,0.7048690532391464,0.0,0.6072791063193245,0.623547322940713,0.593334227844195,0.0,0.7097769901857188,0.7270652434265614,0.6946068178081192,0.0,,,,,0.2390361527909136,0.3221393878349922,0.1757991934640313,0.0,0.383442822695398,0.4204275788378466,0.3425433760374052,1.0,0.6165571773046019,0.6540084423712498,0.5798268059494737,0.0,1610.0,0.3775210245136883,0.4123543052767363,0.3340413253606946,1.0,0.6224789754863117,0.6654946555301007,0.5835755329306179,0.0,,,,,,,,,,,,,,,,0.7,symmetric_confident
Exp2B,qwen25_14b,16,nan,math,movies,math->movies,0.0572985166148036,0.0854781488884202,0.0400249817703187,0.0,0.6362483024069993,0.655907121089401,0.6196117124975274,0.0,0.632589410691825,0.6530192099774373,0.6111198737110445,0.0,0.5752908940770213,0.5892859219104991,0.5585417917768005,0.0,0.5996865915365069,0.6175625729046217,0.5740022465157194,0.0,,,,,0.0836863384344804,0.1652203127036544,-0.0111093218138864,0.07,0.4629800422533701,0.5093518841372395,0.4162031401043222,0.93,0.5370199577466299,0.578995420069911,0.4930424231344552,0.07,1365.0,0.4533336193121494,0.5020243894435334,0.4062479172679208,0.97,0.5466663806878506,0.5899192827097783,0.4993836977346295,0.03,,,,,,,,,,,,,,,,0.7,symmetric_confident
Exp2B,qwen25_14b,16,nan,movies,math,movies->math,0.1391625560571444,0.1522057612456308,0.1231936987815582,0.0,0.620649354880381,0.6332380836840241,0.6057008571442826,0.0,0.7395077792965894,0.7547737752236805,0.7226059350795435,0.0,0.600345223239445,0.6161584314327267,0.5863921398858419,0.0,0.7059789471208178,0.7198290173386412,0.6912833754476834,0.0,,,,,0.2588493250286149,0.3223558480533866,0.1866240646950174,0.0,0.3683528880481924,0.3979712723317812,0.3311166603702092,1.0,0.6316471119518077,0.6592492917295271,0.5931720118219909,0.0,1610.0,0.3727977869231927,0.4026543704001217,0.329387763644318,1.0,0.6272022130768072,0.666213602179278,0.5933470354868274,0.0,,,,,,,,,,,,,,,,0.7,symmetric_confident
Exp2B,qwen25_14b,17,nan,math,movies,math->movies,0.0807422129939309,0.1116709152420268,0.0547140739037537,0.0,0.639907255120077,0.6582679516947826,0.6233611905114653,0.0,0.6273354253517255,0.6472181902258106,0.6094751920799547,0.0,0.5465932123577946,0.5637363348653767,0.5269427202874466,0.0,0.572225048005457,0.594109021222612,0.5455344028945579,0.0,,,,,0.0814878762855642,0.1815313611508744,-0.0133346502162779,0.05,0.4614089461323152,0.5011110316347018,0.4196752778419981,0.96,0.5385910538676848,0.5912154607095068,0.4877072952543522,0.05,1365.0,0.4571031775821206,0.5000997400412873,0.4203533307452121,0.97,0.5428968224178794,0.5904442847077338,0.4967133193626039,0.04,,,,,,,,,,,,,,,,0.7,symmetric_confident
Exp2B,qwen25_14b,17,nan,movies,math,movies->math,0.1415969636011215,0.1633439729669386,0.1240721467505858,0.0,0.6002149885463166,0.6139505178669926,0.5847223496237276,0.0,0.7231525704113181,0.7381738812637254,0.7084199656478356,0.0,0.5815556068101966,0.5932839818791751,0.5662278642524595,0.0,0.691162929153012,0.7089696382548866,0.6752457358287343,0.0,,,,,0.31617289946576,0.3746467528721893,0.2441329932967826,0.0,0.3402633993109696,0.3791979435535224,0.3080321673905402,1.0,0.6597366006890303,0.6893122642330414,0.630303502593155,0.0,1610.0,0.3435637012232702,0.3801345373642246,0.300955672121674,1.0,0.6564362987767297,0.6987120169867806,0.6185886203007535,0.0,,,,,,,,,,,,,,,,0.7,symmetric_confident
Exp2B,qwen25_14b,18,nan,math,movies,math->movies,0.1299078227965409,0.1532310839449303,0.1080745517729801,0.0,0.6486412431499137,0.668053726116563,0.6299301704516249,0.0,0.6313873731988449,0.6529346264804532,0.6151749741797432,0.0,0.501479550402304,0.5203657328637257,0.485954517199312,0.38,0.532743692823656,0.5565310502621514,0.5098760018852103,0.0,,,,,0.0822707432946904,0.1569201937192547,-0.0163649700509871,0.04,0.4575535942175083,0.5014241159263577,0.4070125988505478,0.96,0.5424464057824917,0.5907204538126397,0.4995271683219172,0.03,1365.0,0.4601756624878012,0.5051032135989574,0.4185520958532147,0.94,0.5398243375121988,0.5876812082002071,0.5018624275815037,0.03,,,,,,,,,,,,,,,,0.7,symmetric_confident
Exp2B,qwen25_14b,18,nan,movies,math,movies->math,0.1608570306926019,0.1782695775837244,0.1452506208867671,0.0,0.5813199363138574,0.5950426280754362,0.5666849032404715,0.0,0.7186728871028151,0.7332415919107192,0.6989915848497877,0.0,0.5578158564102131,0.5720008503191516,0.5442610782824062,0.0,0.670875843330825,0.6897740641292747,0.6546520318960172,0.0,,,,,0.3487669310884463,0.40542353106625,0.3003529533777883,0.0,0.3180048226442746,0.3529610277444878,0.2802649061593062,1.0,0.6819951773557253,0.7084359249773101,0.6476304088767083,0.0,1610.0,0.333228246267279,0.3672441856284307,0.3017762672549695,1.0,0.666771753732721,0.7013758295771688,0.6328783453785288,0.0,,,,,,,,,,,,,,,,0.7,symmetric_confident
Exp2B,qwen25_14b,19,nan,math,movies,math->movies,0.0983358272146647,0.1190968094140883,0.0711285410312423,0.0,0.6569841876463001,0.6710653458736113,0.6361336476467384,0.0,0.6476329042836808,0.6679697600981567,0.6306647870940983,0.0,0.5492970770690161,0.5682072235217327,0.528310295526654,0.0,0.5791539436011218,0.5970560374058307,0.5577800296679725,0.0,,,,,0.1229154825356311,0.2079626382859508,0.0481779977000739,0.0,0.4374778813259408,0.4834180730240244,0.3896198231110963,1.0,0.5625221186740592,0.6013565285640365,0.515577756903214,0.01,1365.0,0.439606636138428,0.4812621101250656,0.4036102178423236,1.0,0.5603933638615719,0.6013171631004934,0.5142892913934343,0.0,,,,,,,,,,,,,,,,0.7,symmetric_confident
Exp2B,qwen25_14b,19,nan,movies,math,movies->math,0.1827165747522545,0.2047498540171254,0.1644954227631634,0.0,0.6094244534235516,0.6241770451221923,0.5961457664461546,0.0,0.7649900526960732,0.7817234698432909,0.7516991757022315,0.0,0.5822734779438187,0.5969486152324461,0.5685763534027136,0.0,0.7113913105722472,0.7303970576039299,0.6981621174765592,0.0,,,,,0.3799351868419632,0.4609044857162544,0.3083367707651842,0.0,0.3004666433771006,0.3406027560933544,0.2741608284620524,1.0,0.6995333566228993,0.7460250710366485,0.6676000545003034,0.0,1610.0,0.3195981697809361,0.3503736558996455,0.285327112233983,1.0,0.680401830219064,0.7082585744115864,0.6501347822598689,0.0,,,,,,,,,,,,,,,,0.7,symmetric_confident
Exp2B,qwen25_14b,20,nan,math,movies,math->movies,0.0990671282655523,0.1224352250138261,0.0719160991364307,0.0,0.6727371682442623,0.6857460134388033,0.6560076991480391,0.0,0.690289463471072,0.7125587746962698,0.670092704146743,0.0,0.5912223352055197,0.607490464870226,0.5717181252900465,0.0,0.6422952720046369,0.6643044612735051,0.6224214561038541,0.0,,,,,0.1581552221519191,0.2291791040645921,0.0968345144403384,0.0,0.4269306251139447,0.4739685884744003,0.3805647172450814,1.0,0.5730693748860554,0.6120934807123874,0.5234430489231625,0.0,1365.0,0.4149141527341362,0.4606713006462284,0.3767774446873514,1.0,0.5850858472658638,0.6296851539087897,0.540575295021259,0.0,,,,,,,,,,,,,,,,0.7,symmetric_confident
Exp2B,qwen25_14b,20,nan,movies,math,movies->math,0.203547308479715,0.2228974044190121,0.1859862790092209,0.0,0.6388737835374595,0.6537244612482267,0.6215200031008187,0.0,0.8143647139290847,0.8250515040094547,0.7976328793077091,0.0,0.6108174054493697,0.6236334165149802,0.5958278160400403,0.0,0.7588815503315735,0.7729252209139812,0.7434351610745512,0.0,,,,,0.4414963262129746,0.4974859662557404,0.3783238906384889,0.0,0.2654130063705484,0.2917321815059731,0.2300666275454007,1.0,0.7345869936294517,0.7580408211734252,0.6985248448186909,0.0,1610.0,0.2930906674164771,0.3264516474725499,0.2611850428930304,1.0,0.706909332583523,0.7358041803596219,0.6785604114885669,0.0,,,,,,,,,,,,,,,,0.7,symmetric_confident
Exp2B,qwen25_14b,21,nan,math,movies,math->movies,0.1315176637668929,0.1519151324374658,0.1035867133849899,0.0,0.679188704096744,0.6927908826966794,0.6596599401979313,0.0,0.6852199520198905,0.705611579257662,0.659353440959173,0.0,0.5537022882529976,0.5699772439139058,0.5365636028976213,0.0,0.6164066852210786,0.6391745935924777,0.5920639305376453,0.0,,,,,0.1838021598550087,0.2684705403559549,0.1215834754153501,0.0,0.4169839244157989,0.4664702067966645,0.3746126400190679,1.0,0.5830160755842011,0.619011277028634,0.5343755778902278,0.0,1365.0,0.3992139157291923,0.4453447275957879,0.3538950923165169,1.0,0.6007860842708076,0.6329549233998308,0.554509082814443,0.0,,,,,,,,,,,,,,,,0.7,symmetric_confident
Exp2B,qwen25_14b,21,nan,movies,math,movies->math,0.2227115727060887,0.2409325157628429,0.2059321737962514,0.0,0.6450743164380496,0.6600629645904089,0.628872722432704,0.0,0.8311627912635682,0.8403577533318567,0.818133575488749,0.0,0.6084512185574794,0.6252758463865792,0.5926113889072188,0.0,0.7653040553488227,0.777247454853941,0.7518782765569633,0.0,,,,,0.5029807804276759,0.5488340778435608,0.4602071847270294,0.0,0.2378574735365206,0.2649509705475943,0.2150783191570101,1.0,0.7621425264634794,0.7851828730265339,0.7354060858181709,0.0,1610.0,0.2591617460358034,0.2874667257212163,0.2259071234736234,1.0,0.7408382539641966,0.7689796313950191,0.7085187692528809,0.0,,,,,,,,,,,,,,,,0.7,symmetric_confident
Exp2B,qwen25_14b,22,nan,math,movies,math->movies,0.0682990901905346,0.0973993572714824,0.0457148851893903,0.0,0.6871542540486314,0.7059250354545817,0.6696564752479297,0.0,0.6800727080597909,0.701248228849696,0.6621099022788925,0.0,0.6117736178692563,0.6350558301352738,0.5947849479963324,0.0,0.685929683623056,0.710185849960793,0.6659517209883887,0.0,,,,,0.2102587750812358,0.2803445063639203,0.1528623030042396,0.0,0.4419659613714114,0.48814518614461,0.399592270684208,0.98,0.5580340386285886,0.6009416910453351,0.5173334298446395,0.0,1365.0,0.3477752635473527,0.3892037841408963,0.3091500205639268,1.0,0.6522247364526472,0.695088704603636,0.6158292880511104,0.0,,,,,,,,,,,,,,,,0.7,symmetric_confident
Exp2B,qwen25_14b,22,nan,movies,math,movies->math,0.2273590892819508,0.2456423675165128,0.2114201233903849,0.0,0.6592775969908087,0.6736333077466835,0.6466601587426293,0.0,0.8466613619786486,0.8581178160155966,0.8365926237844561,0.0,0.6193022726966978,0.6333106579018588,0.6047723593604465,0.0,0.7907142409581532,0.8058134792253047,0.7758960576678466,0.0,,,,,0.5186472738426933,0.566027716679446,0.4770973409195927,0.0,0.2385561605162331,0.264662650412547,0.2091012009472322,1.0,0.7614438394837669,0.7908695186996206,0.7283380501231358,0.0,1610.0,0.2427965656410737,0.2681394395817367,0.2141090696072553,1.0,0.7572034343589263,0.7858086928335662,0.7391417623626132,0.0,,,,,,,,,,,,,,,,0.7,symmetric_confident
Exp2B,qwen25_14b,23,nan,math,movies,math->movies,0.1862902979385375,0.2127951049727118,0.1590977836586654,0.0,0.6868720612020665,0.7002915894298,0.6697342937384005,0.0,0.71705648393331,0.7342182306112572,0.6999257821340229,0.0,0.5307661859947724,0.5494731627876452,0.5134568872326115,0.0,0.6207932208239758,0.641304550058215,0.5961789070238437,0.0,,,,,0.2419005437172241,0.3056597957808821,0.1847491083607683,0.0,0.3828702263879803,0.424619568958064,0.3360765625116259,1.0,0.6171297736120197,0.666215227110557,0.5719952555531125,0.0,1365.0,0.3752292298947955,0.423424009209177,0.3347767862645501,1.0,0.6247707701052044,0.6694675828151343,0.5765689096188498,0.0,,,,,,,,,,,,,,,,0.7,symmetric_confident
Exp2B,qwen25_14b,23,nan,movies,math,movies->math,0.2496225429224694,0.2689614707533016,0.2325850111075132,0.0,0.660351486174781,0.6750068276987736,0.6439321375448639,0.0,0.855181205993243,0.8662222959854984,0.8433137456829608,0.0,0.6055586630707736,0.6200812628980388,0.5922409464874805,0.0,0.7800756648045508,0.7919313924953852,0.7664139293623998,0.0,,,,,0.538361039396289,0.5956452903689405,0.4732449017118036,0.0,0.2295953579918713,0.2599000668612049,0.208340923259925,1.0,0.7704046420081286,0.7976510159983514,0.7436318645539396,0.0,1610.0,0.2320436026118396,0.271035740946196,0.2044339737265961,1.0,0.7679563973881604,0.7963060070368011,0.7454387458345044,0.0,,,,,,,,,,,,,,,,0.7,symmetric_confident
Exp2B,qwen25_14b,24,nan,math,movies,math->movies,0.1647453014904466,0.1916415642788873,0.1396955674211257,0.0,0.6835642287297569,0.7017272399011947,0.6682271037393748,0.0,0.7227517984091874,0.7380897119138964,0.7043784771082365,0.0,0.5580064969187407,0.5770303727979522,0.5412585552551827,0.0,0.6592826415984958,0.686739805966238,0.6344857333277528,0.0,,,,,0.2743519898763499,0.3335924611258465,0.2002136012852449,0.0,0.3771971216232158,0.418231075479234,0.335619232776701,1.0,0.6228028783767843,0.6565019351098835,0.5813905394238416,0.0,1365.0,0.3484508885004343,0.3898731319018527,0.3075521529956637,1.0,0.6515491114995656,0.7031112047730644,0.6124935677918336,0.0,,,,,,,,,,,,,,,,0.7,symmetric_confident
Exp2B,qwen25_14b,24,nan,movies,math,movies->math,0.2436871667833344,0.2627514643018669,0.2284296628391356,0.0,0.672164186156352,0.6863576353158289,0.6567635368771627,0.0,0.8674709068481778,0.879279533032463,0.8598618233335329,0.0,0.6237837400648434,0.6392134120203692,0.6101092035984863,0.0,0.7998081511722529,0.8141074120694264,0.7881309702814798,0.0,,,,,0.5465663511214494,0.6059791140451588,0.4941548039439848,0.0,0.2256872552110403,0.2530269436019168,0.2031680444731518,1.0,0.7743127447889596,0.801594675353874,0.7442172957196177,0.0,1610.0,0.2277463936675102,0.2617595076001486,0.1979145886135098,1.0,0.7722536063324899,0.7989242183815358,0.7466860144278125,0.0,,,,,,,,,,,,,,,,0.7,symmetric_confident
Exp2B,qwen25_14b,25,nan,math,movies,math->movies,0.1404272046638833,0.161029859988245,0.1167247369736191,0.0,0.6897148043758659,0.7060290444596009,0.6735082915836389,0.0,0.7387523031072162,0.7567855246521157,0.7177630308529424,0.0,0.5983250984433328,0.6151023818702064,0.5769741845658265,0.0,0.6978886611363929,0.7182085607228841,0.6800854433226966,0.0,,,,,0.2813441719304643,0.3571477504931314,0.2072536758212645,0.0,0.3706768046156981,0.4130155936191048,0.324789757793253,1.0,0.6293231953843019,0.6864519232816018,0.5842977530463406,0.0,1365.0,0.3479790234538376,0.386457133878365,0.3100185392221932,1.0,0.6520209765461623,0.6876696140733298,0.6032818459107206,0.0,,,,,,,,,,,,,,,,0.7,symmetric_confident
Exp2B,qwen25_14b,25,nan,movies,math,movies->math,0.2354546358845509,0.2481761856082592,0.21762364491061,0.0,0.6808326138143432,0.6963827003100259,0.6649848551154556,0.0,0.8812595470696769,0.8891167764960067,0.8728890921749993,0.0,0.645804911185126,0.6588564370038889,0.6346060483914278,0.0,0.8245794828213072,0.8355783597458681,0.8098891142319729,0.0,,,,,0.5790382545322348,0.6378397267748745,0.5328263742529312,0.0,0.2050305462539301,0.2297931417969552,0.1743091807561442,1.0,0.7949694537460699,0.8157317523349469,0.7672064319116612,0.0,1610.0,0.2159311992138351,0.2420715183497178,0.1831474441349478,1.0,0.7840688007861648,0.8078465872493419,0.7548034761879907,0.0,,,,,,,,,,,,,,,,0.7,symmetric_confident
Exp2B,qwen25_14b,26,nan,math,movies,math->movies,0.1654227792018717,0.1867292141381035,0.1430680696355416,0.0,0.6799974066920993,0.6999963501378215,0.6612544794983348,0.0,0.7737544632823735,0.7910260942509735,0.7572712722156787,0.0,0.6083316840805018,0.6280380761764461,0.591802033633145,0.0,0.7565907873458235,0.7734859235882341,0.7380802779964976,0.0,,,,,0.4039486525035657,0.4684215435330099,0.3285934191559044,0.0,0.3146106577155297,0.3557860314585776,0.2817560524126295,1.0,0.6853893422844702,0.734701249576547,0.6482399438451026,0.0,1365.0,0.2814406897809045,0.3205464343300178,0.2401051898502589,1.0,0.7185593102190955,0.7576054648431793,0.6764022022241625,0.0,,,,,,,,,,,,,,,,0.7,symmetric_confident
Exp2B,qwen25_14b,26,nan,movies,math,movies->math,0.2461289092047678,0.2612474333678248,0.2288774133262502,0.0,0.7030700863633498,0.720582904932725,0.6882771248833123,0.0,0.9027072361744034,0.9108173232506844,0.893857133535951,0.0,0.6565783269696356,0.6700301732609898,0.6416717156399449,0.0,0.841989241784476,0.8520630876706135,0.8293647158353135,0.0,,,,,0.5943866465581146,0.640726276029458,0.559615323746362,0.0,0.2020625466856391,0.225146678600757,0.1803690879757977,1.0,0.7979374533143608,0.8227743508545857,0.7750199043435342,0.0,1610.0,0.2035508067562463,0.2252149536095646,0.1781431360206377,1.0,0.7964491932437537,0.8241779764711586,0.7667788269466979,0.0,,,,,,,,,,,,,,,,0.7,symmetric_confident
Exp2B,qwen25_14b,27,nan,math,movies,math->movies,0.1999684928438495,0.2172650097351538,0.1810257379141029,0.0,0.6985102128559827,0.7132958278209737,0.6819352510736888,0.0,0.8353101611597691,0.849188468862549,0.8190617762392678,0.0,0.6353416683159195,0.651481435217569,0.6217696811823885,0.0,0.7758746456270675,0.7941273762656881,0.7534929235898861,0.0,,,,,0.5018606496723755,0.5692185881382779,0.4277830375006629,0.0,0.2318144283462202,0.2720386009189154,0.2027432067589805,1.0,0.7681855716537798,0.7976191336896198,0.7347352302074535,0.0,1365.0,0.2663249219814042,0.3090698677561008,0.2325159206111304,1.0,0.7336750780185958,0.7723644991357398,0.6922218847375013,0.0,,,,,,,,,,,,,,,,0.7,symmetric_confident
Exp2B,qwen25_14b,27,nan,movies,math,movies->math,0.2444900794771546,0.258893507858049,0.2291198399032103,0.0,0.718363302440616,0.7316015290658957,0.7071886351543748,0.0,0.9244769376863408,0.9303900411838948,0.9182480270274198,0.0,0.6799868582091863,0.691296762022878,0.6646547169268431,0.0,0.8735397659975581,0.8834599006403091,0.8623375067228767,0.0,,,,,0.6393695912113131,0.6859297349266793,0.5958696040649204,0.0,0.1717037453598379,0.1990956646215243,0.1472151947174415,1.0,0.828296254640162,0.8456654152912113,0.8044670053013283,0.0,1610.0,0.1889266634288489,0.2099489011159173,0.1684338419774827,1.0,0.811073336571151,0.8313762201216628,0.7855291262844883,0.0,,,,,,,,,,,,,,,,0.7,symmetric_confident
Exp2B,qwen25_14b,28,nan,math,movies,math->movies,0.2511495172748308,0.2747581183503682,0.2290922354167782,0.0,0.6962253721055612,0.7134051751745458,0.6796998411688315,0.0,0.8414008975288385,0.8556382035158636,0.8290051638319323,0.0,0.5902513802540077,0.6078653200012456,0.5733342923760921,0.0,0.7506036943219782,0.771359934453525,0.7309829464527298,0.0,,,,,0.5194429847609039,0.5831443113940157,0.4551217200638787,0.0,0.2108807790062951,0.2452744593734541,0.1758662253580141,1.0,0.7891192209937049,0.8186189012288332,0.7659527462363392,0.0,1365.0,0.269676236232801,0.3046459238080728,0.2248673399474539,1.0,0.730323763767199,0.7642836147825709,0.7011807594582781,0.0,,,,,,,,,,,,,,,,0.7,symmetric_confident
Exp2B,qwen25_14b,28,nan,movies,math,movies->math,0.2719929783885966,0.2892521752000375,0.2594621074281933,0.0,0.7099795757639314,0.7264254000920283,0.694635397811764,0.0,0.9282206360880604,0.9359605093523108,0.919820463818694,0.0,0.6562276576994637,0.6669105157128576,0.6393842251325167,0.0,0.8603753796775698,0.8695853239787409,0.8497497476269841,0.0,,,,,0.6934837498473397,0.7299117054567309,0.6576762992835038,0.0,0.1506295283294848,0.1709231863788989,0.122488415854576,1.0,0.8493704716705152,0.8686015564157414,0.8283601867706207,0.0,1610.0,0.1558867218231754,0.1766300265465967,0.1290508334318964,1.0,0.8441132781768246,0.8644618069439636,0.8197345476201611,0.0,,,,,,,,,,,,,,,,0.7,symmetric_confident
Exp2B,qwen25_14b,29,nan,math,movies,math->movies,0.1789262437699244,0.2048887277929914,0.1591408589940013,0.0,0.6820508970797988,0.6959483517710504,0.6624004886848646,0.0,0.8138492293497676,0.8314685934690531,0.7952898636397678,0.0,0.6349229855798432,0.6518629244157725,0.6194609132441582,0.0,0.7992912822991248,0.8184248723782498,0.7840874417902616,0.0,,,,,0.5319259600845068,0.5926689662839614,0.4819612892896583,0.0,0.2274443145623988,0.2621608486695744,0.182086638452292,1.0,0.7725556854376012,0.8060286588456249,0.7360711877593361,0.0,1365.0,0.2406297253530944,0.273889379547967,0.2028300012939803,1.0,0.7593702746469055,0.8008594290146094,0.7238157597850864,0.0,,,,,,,,,,,,,,,,0.7,symmetric_confident
Exp2B,qwen25_14b,29,nan,movies,math,movies->math,0.243415999640011,0.2587948062657396,0.231628011527812,0.0,0.7258092907015022,0.7393295162467466,0.7100008622203869,0.0,0.9331684337807238,0.9393610156321572,0.9252838547780992,0.0,0.6897524341407127,0.7027637926461493,0.6743624041737768,0.0,0.8963316744016562,0.9059817908956548,0.8867960475646974,0.0,,,,,0.6645791263004525,0.6983295420795775,0.6277074330706003,0.0,0.1741576703617551,0.200650129556568,0.1514149936756471,1.0,0.8258423296382449,0.8458643850609742,0.8021471997803735,0.0,1610.0,0.1612632033377924,0.1777316564666286,0.1403254819393496,1.0,0.8387367966622076,0.8663172470233546,0.8188595871138722,0.0,,,,,,,,,,,,,,,,0.7,symmetric_confident
Exp2B,qwen25_14b,30,nan,math,movies,math->movies,0.1819691999964187,0.2022237343595818,0.1646189542761647,0.0,0.697720618845159,0.7135255911067778,0.6796748995581188,0.0,0.8468551285712596,0.8612452688118837,0.8322306649413982,0.0,0.6648859285748409,0.6835034949682305,0.6510065601079509,0.0,0.8254685495958755,0.8416269224171,0.8070644635720361,0.0,,,,,0.590249552264416,0.6571234936428966,0.5266750282167726,0.0,0.1968213454588351,0.229551066851383,0.1639723510580287,1.0,0.8031786545411649,0.8318523708972825,0.7682758569033333,0.0,1365.0,0.2129291022767488,0.2506389645741781,0.1807305268640555,1.0,0.7870708977232511,0.8101148415080414,0.75470592210514,0.0,,,,,,,,,,,,,,,,0.7,symmetric_confident
Exp2B,qwen25_14b,30,nan,movies,math,movies->math,0.2186337854104587,0.2340018957395041,0.2047860815262864,0.0,0.7320336499865226,0.7446921589917485,0.7191098253540662,0.0,0.926531389011063,0.932811844936416,0.9199934053980756,0.0,0.7078976036006043,0.7224314846834107,0.6933030999208097,0.0,0.9059253324605744,0.91599289052916,0.8974629679644848,0.0,,,,,0.6190238831659041,0.6536827205289469,0.582052881320187,0.0,0.2008341640891933,0.2278285828547824,0.1834152787617577,1.0,0.7991658359108066,0.8244193960358286,0.7773813613962132,0.0,1610.0,0.1801419527449025,0.2006898501093054,0.1612648110125306,1.0,0.8198580472550975,0.8409814961346637,0.7980154391425911,0.0,,,,,,,,,,,,,,,,0.7,symmetric_confident
Exp2B,qwen25_14b,31,nan,math,movies,math->movies,0.1590245722461994,0.1794824788596112,0.1437487865119423,0.0,0.7021602937262422,0.7201842736453564,0.6862007979820398,0.0,0.8422520121735868,0.8562610544078811,0.831676022709921,0.0,0.6832274399273873,0.7010109582926088,0.6659448609379335,0.0,0.8284116826328114,0.8419280180569443,0.8103291485120923,0.0,,,,,0.5821635012386457,0.6614129018907386,0.5233632792909249,0.0,0.2049020343818031,0.242086356412019,0.1723140952635026,1.0,0.7950979656181968,0.8236519863357418,0.7626708208230307,0.0,1365.0,0.212934464379551,0.2449505887167779,0.1817274146520339,1.0,0.7870655356204489,0.8171137546151401,0.7550867144628227,0.0,,,,,,,,,,,,,,,,0.7,symmetric_confident
Exp2B,qwen25_14b,31,nan,movies,math,movies->math,0.2031942473620152,0.2182895360779047,0.1893764585582049,0.0,0.7275200088951835,0.7410608781061058,0.7111585279681603,0.0,0.9169761574957006,0.924564518815337,0.9099637414424472,0.0,0.7137819101336854,0.72510868896657,0.6989527832305292,0.0,0.9045932798768404,0.9133333976583132,0.8955049192693866,0.0,,,,,0.581923888562267,0.6320966708217522,0.5323685979356375,0.0,0.2161612546827648,0.2378159357435194,0.1975192721839307,1.0,0.7838387453172352,0.8092900357811895,0.7625989095567512,0.0,1610.0,0.2019148567549682,0.2350345106779538,0.1812458964361472,1.0,0.7980851432450318,0.8214654481995682,0.7709262096628464,0.0,,,,,,,,,,,,,,,,0.7,symmetric_confident
Exp2B,qwen25_14b,32,nan,math,movies,math->movies,0.1507666808991781,0.1736060061075142,0.1322110323933503,0.0,0.6987657901740929,0.7106134357353718,0.6841609193339422,0.0,0.8339228048592957,0.8478278201344677,0.821729420934268,0.0,0.6831561239601176,0.6976967192549839,0.6672606720137216,0.0,0.8188089013861735,0.830514586639157,0.8029200210037312,0.0,,,,,0.5655356204489153,0.6353987420720787,0.5012913320085732,0.0,0.213047068538398,0.2494691761297295,0.1883289463047394,1.0,0.786952931461602,0.8194267579346212,0.7595620200021699,0.0,1365.0,0.2214173110126867,0.2455222770056639,0.1901779950647995,1.0,0.7785826889873133,0.8034684345085404,0.7407781911094483,0.0,,,,,,,,,,,,,,,,0.7,symmetric_confident
Exp2B,qwen25_14b,32,nan,movies,math,movies->math,0.2039023820372569,0.2162604836210786,0.1900348013450194,0.0,0.7231069410796205,0.7380844017371925,0.7087969094181565,0.0,0.914923835346215,0.9225428312891772,0.9078665897168484,0.0,0.711021453308958,0.7233290317609237,0.6960536191339389,0.0,0.9042284811863034,0.913186684869779,0.8972806559624824,0.0,,,,,0.5898110988982899,0.6363215690888516,0.5377857367238862,0.0,0.2125769336730201,0.239062980256257,0.1889284824968533,1.0,0.7874230663269798,0.8104370002557232,0.7607315864958407,0.0,1610.0,0.1976119674286899,0.2292370375915411,0.1744246414243991,1.0,0.8023880325713101,0.8270600035200572,0.7760280716732989,0.0,,,,,,,,,,,,,,,,0.7,symmetric_confident
Exp2B,qwen25_14b,33,nan,math,movies,math->movies,0.1628839031867659,0.1846944914191379,0.1446701577570361,0.0,0.6876923654380301,0.7018017227480731,0.6711029288200355,0.0,0.828247205150173,0.8446854182990943,0.8128226219333382,0.0,0.6653633019634071,0.6830815723558317,0.6475019095594142,0.0,0.7940922166664132,0.8089287466260524,0.7722692582079782,0.0,,,,,0.5505056462942507,0.6199446217957786,0.4901828806264639,0.0,0.2127360665758683,0.2429515380375676,0.1853671854875743,1.0,0.7872639334241316,0.8181395564663089,0.7558943581360231,0.0,1365.0,0.2367582871298808,0.2678069824501713,0.2000526444156455,1.0,0.7632417128701191,0.7910257635837306,0.7292397591782878,0.0,,,,,,,,,,,,,,,,0.7,symmetric_confident
Exp2B,qwen25_14b,33,nan,movies,math,movies->math,0.1982176945672191,0.2151552384843105,0.1837267390817833,0.0,0.7243729811393906,0.739662995419351,0.7134930624816106,0.0,0.9146537342590582,0.9233397274359686,0.9066473627348433,0.0,0.716436039691839,0.7322804319432749,0.7026427828880611,0.0,0.9052269629829705,0.915863458114758,0.8953556982058146,0.0,,,,,0.5802850983700145,0.6412936971151444,0.5410541035482155,0.0,0.2130455651838029,0.236036194480803,0.187945958427295,1.0,0.7869544348161971,0.8101730857526238,0.7584869184738143,0.0,1610.0,0.2066693364461826,0.2333029486816843,0.1818717800161878,1.0,0.7933306635538173,0.8170085200168847,0.7703320971178172,0.0,,,,,,,,,,,,,,,,0.7,symmetric_confident
Exp2B,qwen25_14b,34,nan,math,movies,math->movies,0.1652332349458071,0.1841074407315444,0.1474539796988626,0.0,0.6800663340863026,0.6972540443984483,0.6634091395247943,0.0,0.827539163384158,0.8407407082145067,0.8147216449315356,0.0,0.6623059284383509,0.6809433659862216,0.6446905402156005,0.0,0.805771244491835,0.8219997298179843,0.7893617178357758,0.0,,,,,0.5535888554055358,0.6293996137375876,0.4828935155317043,0.0,0.217293853957768,0.2556489808570725,0.1840075561065988,1.0,0.7827061460422319,0.8116948306981826,0.7520666836109479,0.0,1365.0,0.229117290636696,0.25986951278536,0.1935373989211063,1.0,0.7708827093633039,0.8068468166298374,0.7310612610933381,0.0,,,,,,,,,,,,,,,,0.7,symmetric_confident
Exp2B,qwen25_14b,34,nan,movies,math,movies->math,0.1885624519770719,0.2036901332905883,0.1724595721354769,0.0,0.727693925293101,0.7393107792543243,0.7121503998723296,0.0,0.9078190817495818,0.9151631850093928,0.8980632853168783,0.0,0.7192566297725099,0.7310114823306835,0.706311008703352,0.0,0.9013175944699844,0.9090085906616032,0.893828523518875,0.0,,,,,0.540434378807631,0.5901065679502234,0.490077435877529,0.0,0.2346594184992999,0.265175382050496,0.2047607573413287,1.0,0.7653405815007001,0.7918771202161772,0.7455071316787569,0.0,1610.0,0.224906202693069,0.2534521332185197,0.1977220778462013,1.0,0.775093797306931,0.8020359833800756,0.7481553477351943,0.0,,,,,,,,,,,,,,,,0.7,symmetric_confident
Exp2B,qwen25_14b,35,nan,math,movies,math->movies,0.1579265321639814,0.1767303103282891,0.139324240080983,0.0,0.6941121673912005,0.7100446172203936,0.6756507805999538,0.0,0.8425212595595496,0.8568046610629955,0.8304838958226818,0.0,0.6845947273955681,0.7041389285165198,0.6714593573394488,0.0,0.8226684894376729,0.8357916591944207,0.8083406453046095,0.0,,,,,0.5695947322702071,0.6260493906482354,0.5008100322649137,0.0,0.2085107295677072,0.236568085690795,0.1773150184248042,1.0,0.7914892704322928,0.8240507707784901,0.753455413359478,0.0,1365.0,0.2218945381620856,0.2524559533457653,0.1952705855289562,1.0,0.7781054618379144,0.8124488582432329,0.7353314712282777,0.0,,,,,,,,,,,,,,,,0.7,symmetric_confident
Exp2B,qwen25_14b,35,nan,movies,math,movies->math,0.1888752106905308,0.20596364619139,0.1764157181529508,0.0,0.7255892613350782,0.7453354009337353,0.7096266600892069,0.0,0.9091905747698412,0.91784698675276,0.9009552490608898,0.0,0.7203153640793104,0.7337015263576532,0.7082438393064737,0.0,0.9055838533083428,0.9144680774355932,0.8978150154241611,0.0,,,,,0.5584099474848689,0.6029285428406976,0.5150553351932763,0.0,0.2247556725714237,0.2472547015325947,0.2053614345718362,1.0,0.7752443274285763,0.7996278339501608,0.7435799364347063,0.0,1610.0,0.2168343799437074,0.2469065975539528,0.1846389075623821,1.0,0.7831656200562925,0.8036149440176866,0.7535260588333618,0.0,,,,,,,,,,,,,,,,0.7,symmetric_confident
Exp2B,qwen25_14b,36,nan,math,movies,math->movies,0.1631861023608346,0.1813564995947298,0.1411285076037926,0.0,0.6865250356579836,0.7028819739446297,0.6705526578814048,0.0,0.8365685265577623,0.854221119961772,0.8208395024299314,0.0,0.6733824241969276,0.6890342850969353,0.652324521643869,0.0,0.8250044076585673,0.8403500403590624,0.8091564685334759,0.0,,,,,0.5707851190923032,0.6320047667378184,0.4985893270785188,0.0,0.2140497817624159,0.2469205600288114,0.1709604923659604,1.0,0.785950218237584,0.8202687820608547,0.750828660380585,0.0,1365.0,0.2151650991452808,0.2491250696435631,0.1842972137972063,1.0,0.7848349008547192,0.8262142876050025,0.7540827031883692,0.0,,,,,,,,,,,,,,,,0.7,symmetric_confident
Exp2B,qwen25_14b,36,nan,movies,math,movies->math,0.1871448418215318,0.2033677482553478,0.1721176119954383,0.0,0.7284691742504535,0.7418956414153455,0.7162617008172367,0.0,0.9071776930568812,0.9151641579098496,0.9006662571821691,0.0,0.7200328512353494,0.7336967543589399,0.7049440914027488,0.0,0.9039549328630492,0.913371681670185,0.895539308132305,0.0,,,,,0.5402213644845479,0.5765745369613625,0.4888350109909579,0.0,0.2362669665908335,0.2640029217315571,0.2098327215855532,1.0,0.7637330334091664,0.7931723687655748,0.7394213132991222,0.0,1610.0,0.2235116689246185,0.256663725835201,0.1974684987018578,1.0,0.7764883310753815,0.8034479967038632,0.750273864820788,0.0,,,,,,,,,,,,,,,,0.7,symmetric_confident
Exp2B,qwen25_14b,37,nan,math,movies,math->movies,0.1592083984987531,0.1791630535031343,0.1379371710305189,0.0,0.6784649664576097,0.6965980968817747,0.6565191418680432,0.0,0.8241110470850591,0.8418012445823879,0.8075165273832406,0.0,0.664902648586306,0.6827497343310983,0.6486118250630423,0.0,0.8138103630953085,0.8276679098034153,0.7972043646451745,0.0,,,,,0.5433526011560694,0.6087354417703474,0.4757283259901417,0.0,0.2278089375529507,0.2613037791075836,0.1968210907517051,1.0,0.7721910624470493,0.8016497927164564,0.7430440390722912,0.0,1365.0,0.2288384612909798,0.2696611754022278,0.1920387376029741,1.0,0.7711615387090202,0.8024817431067431,0.7342122763202561,0.0,,,,,,,,,,,,,,,,0.7,symmetric_confident
Exp2B,qwen25_14b,37,nan,movies,math,movies->math,0.1800124009649373,0.1925140912676077,0.1662332269324597,0.0,0.7259729147496827,0.739853195733133,0.715213134336625,0.0,0.898969012794721,0.90897100261119,0.8897576287137398,0.0,0.7189566118297837,0.7325126306230032,0.7038693374330256,0.0,0.8967323649033243,0.9064772019733788,0.8883591232923799,0.0,,,,,0.5071643817330277,0.5659398954835486,0.4449209734791352,0.0,0.252237360440116,0.2763707497492605,0.2296482723526777,1.0,0.747762639559884,0.772284880526525,0.7124460850703216,0.0,1610.0,0.2405982578268563,0.2672137982078286,0.2147484028359213,1.0,0.7594017421731437,0.7845373657596271,0.7372553719961776,0.0,,,,,,,,,,,,,,,,0.7,symmetric_confident
Exp2B,qwen25_14b,38,nan,math,movies,math->movies,0.1641899031966989,0.1866155250395497,0.1439622556871399,0.0,0.6769086404924555,0.6952877893560637,0.6554374576656369,0.0,0.8273836983663218,0.8433682695807823,0.81280550862485,0.0,0.6631937951696228,0.6789263932012863,0.6474066628203812,0.0,0.8171804616522439,0.8323375850927259,0.802995072039732,0.0,,,,,0.5595193411048077,0.6192649905504328,0.491887180197654,0.0,0.2194708676954754,0.2574985023877957,0.1874375182466814,1.0,0.7805291323045246,0.8152704835957061,0.748443250868981,0.0,1365.0,0.2210097911997169,0.2679997326659548,0.1907222310036853,1.0,0.7789902088002831,0.8163044948867011,0.7421541254184473,0.0,,,,,,,,,,,,,,,,0.7,symmetric_confident
Exp2B,qwen25_14b,38,nan,movies,math,movies->math,0.1809511294898047,0.193543466844893,0.1667281129712242,0.0,0.721718041159998,0.734123711736867,0.7070111283615887,0.0,0.8942240950853161,0.90214958143247,0.8863210126881087,0.0,0.7132729655955113,0.7277014851320124,0.6960115143719182,0.0,0.8906984850614024,0.9001936728326815,0.8824385238019885,0.0,,,,,0.493535725342172,0.5473686338865923,0.4302791133588739,0.0,0.2598448119651565,0.2859032234499964,0.2302919100032187,1.0,0.7401551880348435,0.7703349527862715,0.714582151010313,0.0,1610.0,0.2466194626926714,0.2739912537611198,0.216463450555481,1.0,0.7533805373073286,0.7813576563438025,0.7283909223272972,0.0,,,,,,,,,,,,,,,,0.7,symmetric_confident
Exp2B,qwen25_14b,39,nan,math,movies,math->movies,0.1599883947517471,0.1781986352204924,0.1352922297909766,0.0,0.6795681459895858,0.6982861624624107,0.661234471194103,0.0,0.8265466656978268,0.8413212758346984,0.8147538763247956,0.0,0.6665582709460797,0.680567669286605,0.6493411533422339,0.0,0.817901458836412,0.8319546238250726,0.8017655506626065,0.0,,,,,0.5457280126974595,0.6071255479163398,0.4776537263888021,0.0,0.2254710607311763,0.2580762792168892,0.1913453016439693,1.0,0.7745289392688237,0.8145846107959672,0.7407918692757804,0.0,1365.0,0.2288009265713642,0.2646651786111183,0.1978806854599612,1.0,0.7711990734286358,0.8051384337559814,0.7401653566795088,0.0,,,,,,,,,,,,,,,,0.7,symmetric_confident
Exp2B,qwen25_14b,39,nan,movies,math,movies->math,0.175112147140742,0.1886595695679128,0.1631907093791689,0.0,0.7235573732043294,0.7383130742531135,0.7097524894256036,0.0,0.8907641853258459,0.8998676371937498,0.8786372130993043,0.0,0.7156520381851038,0.728191165754017,0.7032109745519456,0.0,0.8884212814512134,0.8976057618066439,0.8768661719139592,0.0,,,,,0.4739171061862199,0.5353236245746507,0.4201394254299476,0.0,0.2700908009054529,0.3003695992795493,0.2416326809461149,1.0,0.7299091990945471,0.7557183947598456,0.7024901481620247,0.0,1610.0,0.2559920929083271,0.2882787463450292,0.2306204580241864,1.0,0.7440079070916729,0.7768632420364049,0.7149470822212094,0.0,,,,,,,,,,,,,,,,0.7,symmetric_confident
Exp2B,qwen25_14b,40,nan,math,movies,math->movies,0.1433816137849459,0.1647203213328678,0.1272352248380157,0.0,0.686643099412411,0.703384345539106,0.6711178469846393,0.0,0.8212890190439014,0.8354185929695721,0.8071944051759274,0.0,0.6779074052589554,0.6937617523605085,0.6618546525470687,0.0,0.8149301618469694,0.8302974645612455,0.7990563664897509,0.0,,,,,0.5245477066286315,0.6043477004901374,0.4617060349965409,0.0,0.2361738179244372,0.2669741624363079,0.1985674634630124,1.0,0.7638261820755627,0.8010779163378847,0.7256328961231217,0.0,1365.0,0.2392784754469312,0.2759078840612782,0.1994510958180813,1.0,0.7607215245530687,0.792383056950464,0.7287064363351204,0.0,,,,,,,,,,,,,,,,0.7,symmetric_confident
Exp2B,qwen25_14b,40,nan,movies,math,movies->math,0.1745161994645607,0.1908604966439415,0.1610515216795666,0.0,0.7212510764420109,0.7361667514651421,0.7084955076455725,0.0,0.8883644020556072,0.8980191204145977,0.8782721289170988,0.0,0.7138482025910464,0.7270307476552066,0.6988651684191667,0.0,0.884920917362248,0.8937071774755052,0.874121201339745,0.0,,,,,0.4648597371687272,0.5179571428321397,0.3958233814549098,0.0,0.2723459125391591,0.3052930484067481,0.2434125447209179,1.0,0.7276540874608408,0.7569800286048778,0.7030811405765709,0.0,1610.0,0.2627943502921136,0.289069771533602,0.2393909448350373,1.0,0.7372056497078864,0.7605346897238849,0.7042844729344729,0.0,,,,,,,,,,,,,,,,0.7,symmetric_confident
Exp2B,qwen25_14b,41,nan,math,movies,math->movies,0.1283272231396865,0.1455087805532979,0.1060709742068992,0.0,0.6933024411216739,0.7097435703308981,0.6755080947507314,0.0,0.8135129517568392,0.8297336350442052,0.7977722440311259,0.0,0.6851857286171527,0.7009405513840951,0.6684045410749359,0.0,0.8061554008040245,0.8212519275841729,0.7920521176021791,0.0,,,,,0.4994262550001608,0.5532370163812079,0.4228852149837821,0.0,0.2485334648835887,0.2839924379604995,0.2122232974877683,1.0,0.7514665351164113,0.7876657961914636,0.7173772391166774,0.0,1365.0,0.2520402801162504,0.2925801253750879,0.2170204081632653,1.0,0.7479597198837497,0.7873740857949156,0.7134902344741162,0.0,,,,,,,,,,,,,,,,0.7,symmetric_confident
Exp2B,qwen25_14b,41,nan,movies,math,movies->math,0.1759128395806716,0.1896407126047405,0.1592043102671821,0.0,0.7190836858800794,0.730076417122298,0.7062929524885094,0.0,0.8875827919651821,0.8972237364820396,0.875486418428842,0.0,0.7116699523845105,0.7244019965145111,0.6971989826386776,0.0,0.8816387430403851,0.8906896225461917,0.8705199899286004,0.0,,,,,0.4630562158999571,0.5160295669739525,0.4088128543739976,0.0,0.2699431109747819,0.3066145922683494,0.2451822528986202,1.0,0.730056889025218,0.7550072988540351,0.6993433397425243,0.0,1610.0,0.2670006731252609,0.2965045800354478,0.240766090041095,1.0,0.732999326874739,0.7647451041028124,0.7019773467094369,0.0,,,,,,,,,,,,,,,,0.7,symmetric_confident
Exp2B,qwen25_14b,42,nan,math,movies,math->movies,0.1299505556368916,0.1501261627195551,0.1060518814795474,0.0,0.6991435259433157,0.7162121929670343,0.6825874151339352,0.0,0.821566152336566,0.8350060653061818,0.8043965528188521,0.0,0.6916155966996744,0.7100121544305237,0.6739916667477551,0.0,0.814387724121693,0.8301890036102031,0.7978283919696061,0.0,,,,,0.5066061106523534,0.5754314757291072,0.4452814610074599,0.0,0.2449462181088935,0.279555723029295,0.2119155451390202,1.0,0.7550537818911064,0.7930773394343068,0.7170453144165482,0.0,1365.0,0.248447671238753,0.2908934155591625,0.2180258463880715,1.0,0.751552328761247,0.7862835661779686,0.7174293620892664,0.0,,,,,,,,,,,,,,,,0.7,symmetric_confident
Exp2B,qwen25_14b,42,nan,movies,math,movies->math,0.1735857945055497,0.1937578887890311,0.1511967558145034,0.0,0.71058139457611,0.7284067053301411,0.6969139238040231,0.0,0.8780499674844524,0.8870640509439175,0.8683286503342447,0.0,0.7044641729789026,0.7179193336354224,0.6886756836682509,0.0,0.8719643791010703,0.8827606494928883,0.8600398968642591,0.0,,,,,0.4437173555549875,0.4973965363265681,0.3843816202718614,0.0,0.2786994197489839,0.3094067537010148,0.2495707253883055,1.0,0.7213005802510161,0.7446324619816402,0.6904870718148136,0.0,1610.0,0.2775832246960286,0.3048264291101317,0.2543871737294582,1.0,0.7224167753039714,0.7492649458754358,0.6925524449281097,0.0,,,,,,,,,,,,,,,,0.7,symmetric_confident
Exp2B,qwen25_14b,43,nan,math,movies,math->movies,0.1264130504944579,0.1531744009765663,0.1090000648110484,0.0,0.7003074434761245,0.7150618092862667,0.6834092016578938,0.0,0.8212622632890202,0.8374830345008059,0.8063616116068483,0.0,0.6948492127945622,0.7123231701348852,0.6784784906891188,0.0,0.8125367891629617,0.8303295106566344,0.7976481800138439,0.0,,,,,0.4864231557047411,0.574632924772871,0.4072025845203109,0.0,0.253059079648675,0.2863291534418449,0.21894712394738,1.0,0.746940920351325,0.7796657493375337,0.7117328503060177,0.0,1365.0,0.2605177646465838,0.285515254045955,0.2218297276741054,1.0,0.7394822353534162,0.7765811867651848,0.7051933727588473,0.0,,,,,,,,,,,,,,,,0.7,symmetric_confident
Exp2B,qwen25_14b,43,nan,movies,math,movies->math,0.1676502494674291,0.183907032658385,0.1494328497508373,0.0,0.7044453712061548,0.71910034549563,0.6894465734732539,0.0,0.8661247611521636,0.8755943279875308,0.8573772029419746,0.0,0.6984745116847345,0.7114364996850702,0.6852991847300433,0.0,0.8592398195513848,0.8691373752159437,0.8486867247523997,0.0,,,,,0.40165128703254,0.4683424900132364,0.3376530183762193,0.0,0.2984841900769407,0.3297831169747077,0.2671640800772863,1.0,0.7015158099230592,0.7286120818059026,0.6690202196276646,0.0,1610.0,0.2998645228905192,0.3305583241996901,0.2681942533191826,1.0,0.7001354771094809,0.723847680112885,0.6607761104794597,0.0,,,,,,,,,,,,,,,,0.7,symmetric_confident
Exp2B,qwen25_14b,44,nan,math,movies,math->movies,0.122790330560973,0.1414972469265161,0.1018378761223525,0.0,0.7007541066395506,0.715505465496313,0.6816939930308737,0.0,0.8212321278598381,0.8329904240458377,0.8052826570200032,0.0,0.6984417972988651,0.7178790963292744,0.6855876297830689,0.0,0.81398835927515,0.8279569461409597,0.7974176870155774,0.0,,,,,0.479002005426448,0.5607959022662259,0.3940947617594149,0.0,0.256276341330016,0.3009090716932278,0.2229928120241205,1.0,0.743723658669984,0.7845855398044089,0.7085961455328632,0.0,1365.0,0.2647216532435359,0.29280182584903,0.2201681725334903,1.0,0.735278346756464,0.765822672952585,0.7058582205240033,0.0,,,,,,,,,,,,,,,,0.7,symmetric_confident
Exp2B,qwen25_14b,44,nan,movies,math,movies->math,0.1585843385194539,0.1768564547529311,0.1415122793200658,0.0,0.7015126188259881,0.7129883921193454,0.6880631076245726,0.0,0.8549198243856265,0.8639222212631821,0.8441378060952306,0.0,0.6963354858661726,0.7100608769106316,0.6824504697698617,0.0,0.8476173616598807,0.8613591368479621,0.8378285271546629,0.0,,,,,0.3637460982876488,0.4109328367928477,0.3048366213137058,0.0,0.3163291099693543,0.3477521353393574,0.2855502116246804,1.0,0.6836708900306456,0.7207432413515615,0.6383448402473224,0.0,1610.0,0.3199247917429968,0.3443339557059012,0.2800375141488659,1.0,0.6800752082570032,0.7093246409432625,0.6382592747550108,0.0,,,,,,,,,,,,,,,,0.7,symmetric_confident
Exp2B,qwen25_14b,45,nan,math,movies,math->movies,0.1438509710786607,0.1588303857792509,0.1207703469990072,0.0,0.6954748483256102,0.7124247627114896,0.67858948432447,0.0,0.8433988483196541,0.8572766114151149,0.8219657648083937,0.0,0.6995478772409933,0.7166163463748157,0.6830479809374949,0.0,0.8347175915990309,0.847321502125902,0.8205768455229445,0.0,,,,,0.5312020762062051,0.5898680237341443,0.4500985276869368,0.0,0.2274121419455853,0.2642362144819878,0.1936178729644768,1.0,0.7725878580544147,0.814816211998292,0.737747362522135,0.0,1365.0,0.2413857818482096,0.2763215500315781,0.2126353018736378,1.0,0.7586142181517904,0.7918955930764229,0.72025933893729,0.0,,,,,,,,,,,,,,,,0.7,symmetric_confident
Exp2B,qwen25_14b,45,nan,movies,math,movies->math,0.1494169101367924,0.1673991042981595,0.1283621728516063,0.0,0.6869952190009418,0.6991800874001908,0.6723670209052541,0.0,0.8328418994108674,0.8440194217252952,0.8188396115864647,0.0,0.6834249892740749,0.696196976594349,0.6707688594595091,0.0,0.824041511211527,0.8346115885382487,0.8123234958455928,0.0,,,,,0.3033267156883629,0.3690913742117158,0.2399857960550005,0.0,0.3424730678890849,0.3747233858932814,0.3094225034125861,1.0,0.6575269321109152,0.6864864523186984,0.6216739949860035,0.0,1610.0,0.3542002164225522,0.387087706566648,0.3232381657846794,1.0,0.6457997835774477,0.6816162414023346,0.615718498177721,0.0,,,,,,,,,,,,,,,,0.7,symmetric_confident
Exp2B,qwen25_14b,46,nan,math,movies,math->movies,0.1209374323078179,0.1421783921248029,0.1025401249724751,0.0,0.696153373688844,0.7140813127430192,0.6771749756688349,0.0,0.8239927584845315,0.8401404242476437,0.8086703570537663,0.0,0.7030553261767135,0.7218342656351038,0.6899090681690746,0.0,0.7884994189776597,0.8047917256244103,0.7737464098524908,0.0,,,,,0.431434791467822,0.5013002143414448,0.3566928007318181,0.0,0.2623516038049481,0.3101983285989909,0.2300654113833626,1.0,0.7376483961950518,0.7681542570271814,0.7060522745609771,0.0,1365.0,0.3062136047272298,0.3417267197236117,0.2759649205920436,1.0,0.6937863952727702,0.7300505510376515,0.6554628769109054,0.0,,,,,,,,,,,,,,,,0.7,symmetric_confident
Exp2B,qwen25_14b,46,nan,movies,math,movies->math,0.1340800974883034,0.1471202653461251,0.113252096890587,0.0,0.6821980115180308,0.694540050429506,0.6646750483792224,0.0,0.8018826775777772,0.8141775672114056,0.7903906449142883,0.0,0.6678025800894738,0.6851039166637841,0.6553126474090225,0.0,0.7740194793172931,0.7901620661562448,0.7610376035604824,0.0,,,,,0.181689856825973,0.242212093240159,0.1056303723128539,0.0,0.3961981203616131,0.432849129524844,0.3701554401984118,1.0,0.6038018796383869,0.6406034086445737,0.5676414855245209,0.0,1610.0,0.4221120228124139,0.468300679383538,0.3871401173902971,1.0,0.5778879771875861,0.6150975635391004,0.536280664003009,0.0,,,,,,,,,,,,,,,,0.7,symmetric_confident
Exp2B,qwen25_14b,47,nan,math,movies,math->movies,0.0866997219450882,0.1122674912554447,0.0672617694057605,0.0,0.6828804143833046,0.7026377803460367,0.6656647013483832,0.0,0.782394318992812,0.8001458203911651,0.7648735295292658,0.0,0.6956945970477237,0.7140169525333999,0.6807630430100586,0.0,0.7357942431754518,0.7548913726412902,0.7193823182088392,0.0,,,,,0.3427777837356698,0.4081432565153412,0.2686542571028657,0.0,0.2983152272995378,0.3406792257218013,0.2616471709680599,1.0,0.7016847727004623,0.7480034763647925,0.6640242649207824,0.0,1365.0,0.3589069889647924,0.4100749622984674,0.3156793813964252,1.0,0.6410930110352075,0.6745888650855302,0.6030836216554338,0.0,,,,,,,,,,,,,,,,0.7,symmetric_confident
Exp2B,qwen25_14b,47,nan,movies,math,movies->math,0.1474627365379696,0.1672067227147328,0.1316493726954913,0.0,0.6797998129871948,0.6955074792826696,0.6651266953948375,0.0,0.7844460504509086,0.7972337858122603,0.7706689099222831,0.0,0.636983313912939,0.6529618008137604,0.6218429892892616,0.0,0.7104956375227188,0.7235062953396145,0.6926391922686719,0.0,,,,,0.0932207481631064,0.1730420317949165,0.0340995007560665,0.01,0.4251936300196825,0.4599171337826476,0.3881632757311278,1.0,0.5748063699803174,0.616377321037382,0.5311394499774786,0.0,1610.0,0.481585621817211,0.5081346435532568,0.4456138341564081,0.84,0.518414378182789,0.5516269874013807,0.4871404525900961,0.16,,,,,,,,,,,,,,,,0.7,symmetric_confident
Exp2B,olmo3_7b_it,0,nan,math,movies,math->movies,-0.0550134759603977,-0.0178474302099485,-0.0835747895482487,1.0,0.4530183781188219,0.4812876428906337,0.4222744210367141,1.0,0.427245205721881,0.4581102982239074,0.4015522026521337,1.0,0.4822586816822787,0.5150311422052363,0.4502116160073153,0.79,0.4745328096936105,0.5048147979595369,0.4409553092903128,0.94,,,,,-0.0788011938318686,0.0235826159714817,-0.189416393816825,0.9,0.5611009782788924,0.615699895054143,0.4932846449181617,0.03,0.4388990217211076,0.5008616868050554,0.3848221856391673,0.97,311.0,0.5177002155529763,0.5697977380899355,0.4529183970768141,0.29,0.4822997844470237,0.5347110105120885,0.4306124230463914,0.79,,,,,,,,,,,,,,,,0.7,symmetric_confident
Exp2B,olmo3_7b_it,0,nan,movies,math,movies->math,-0.0475498515255323,-0.0069641442782211,-0.0863736356579294,0.99,0.4687791988805013,0.5034445797027791,0.4411413229359727,0.96,0.4243475161750192,0.4558714123106773,0.3993271979074913,1.0,0.4718973677005515,0.4999911943918879,0.4494953472830804,0.97,0.4603026647658734,0.499235329835116,0.4321871157971573,0.98,,,,,-0.0602889549014312,0.015480901431313,-0.1322150496225173,0.92,0.5505502295436133,0.5974060058937323,0.5050300505598914,0.01,0.4494497704563867,0.4903099822179023,0.403707919194234,0.99,506.0,0.509738725357818,0.5598409294359374,0.456600272468646,0.4,0.490261274642182,0.532373175171808,0.4378719541750968,0.69,,,,,,,,,,,,,,,,0.7,symmetric_confident
Exp2B,olmo3_7b_it,1,nan,math,movies,math->movies,-0.0003181642912802,0.0300079964317674,-0.0329289532464947,0.46,0.5016515547685948,0.5301540705181301,0.477848145963016,0.44,0.4772099993598843,0.5076629309278585,0.4429121222357737,0.94,0.4775281636511646,0.5049140886247727,0.4518046567815459,0.93,0.4758412814362689,0.5064598765210508,0.4522349533542833,0.95,,,,,-0.0581163986071961,0.0424234224098643,-0.1543069218788346,0.83,0.5554634388990217,0.6231850560019944,0.4864864535808261,0.05,0.4445365611009783,0.5134304721745759,0.3788592466506577,0.96,311.0,0.5026529597081745,0.5798372704748328,0.4441407688936444,0.49,0.4973470402918256,0.5497311747695183,0.4310359969707844,0.51,,,,,,,,,,,,,,,,0.7,symmetric_confident
Exp2B,olmo3_7b_it,1,nan,movies,math,movies->math,-0.0037541780834834,0.0279945583653599,-0.0393530897710325,0.67,0.4826251722054905,0.5125644226323234,0.4514335466465874,0.92,0.4684495741492123,0.4908687319831696,0.4375517596510518,0.99,0.4722037522326958,0.4980124921280738,0.4389950712784282,0.99,0.5036073948166832,0.5297783315406559,0.4691564836580462,0.37,,,,,0.032169862273832,0.1085693884408602,-0.0706704353338969,0.27,0.5117472319740751,0.567423342890115,0.4639265959823123,0.25,0.4882527680259249,0.5370775449598856,0.4399017128940912,0.71,506.0,0.4560829057520928,0.5051556437383332,0.3992752137011829,0.95,0.5439170942479071,0.5916232093880437,0.4917779172979454,0.04,,,,,,,,,,,,,,,,0.7,symmetric_confident
Exp2B,olmo3_7b_it,2,nan,math,movies,math->movies,-0.0240313076803871,0.0143294352020823,-0.0564540249944523,0.87,0.4889530587056913,0.5206652173776702,0.4553483178038696,0.85,0.4593903086487158,0.4838260986514393,0.427054257182041,1.0,0.483421616329103,0.5179164835727109,0.4575774176032841,0.84,0.4879206407181344,0.5157023333196571,0.4653511168630799,0.75,,,,,-0.0565412037804675,0.0386598273108902,-0.1578106167685666,0.91,0.5683137124854917,0.6354538091164054,0.5079023629682002,0.0,0.4316862875145084,0.4963089649625801,0.3698654244306418,0.99,311.0,0.4882274912949759,0.5490150072917507,0.4290667304793987,0.59,0.511772508705024,0.5763592716540601,0.454675020226277,0.39,,,,,,,,,,,,,,,,0.7,symmetric_confident
Exp2B,olmo3_7b_it,2,nan,movies,math,movies->math,-0.0014951917190155,0.0325904593662177,-0.0380589524173879,0.61,0.488672464070438,0.5202178723187126,0.4591724171921273,0.7,0.4664756735022115,0.4909914902502264,0.4387848832908773,1.0,0.467970865221227,0.4994450585408838,0.4411265691321788,0.98,0.5026341521365647,0.5290943820262457,0.4742653040294946,0.36,,,,,0.0242877396705373,0.0997973679129624,-0.0727466663249189,0.29,0.5262624898730759,0.5602468889441543,0.4805908417228862,0.14,0.4737375101269241,0.5236494369846005,0.422044294274393,0.81,506.0,0.4494497704563867,0.4988524631909062,0.3992489308448316,0.97,0.5505502295436133,0.5991846921813406,0.5029371288727765,0.02,,,,,,,,,,,,,,,,0.7,symmetric_confident
Exp2B,olmo3_7b_it,3,nan,math,movies,math->movies,0.0311877418428916,0.0660189897288467,0.0012915240925205,0.03,0.4929407991236724,0.5189264842370798,0.4584131974635534,0.69,0.4672957372061587,0.49474253959672,0.4413091757993779,0.98,0.436107995363267,0.4624687815960949,0.4112336806913987,1.0,0.4456315870726757,0.4722628501924032,0.4154582894675674,1.0,,,,,-0.0451417675344055,0.0433694451738772,-0.1535038243827466,0.75,0.5635881280053059,0.6221909003924446,0.4928800427648364,0.04,0.436411871994694,0.4956226590438546,0.3782560218180099,0.98,311.0,0.4815536395290996,0.5522789539227895,0.421228242257869,0.74,0.5184463604709003,0.5836196945311188,0.4589763090790488,0.33,,,,,,,,,,,,,,,,0.7,symmetric_confident
Exp2B,olmo3_7b_it,3,nan,movies,math,movies->math,0.0123528057654182,0.0475754406405657,-0.022666965145217,0.28,0.4818211844261048,0.5152644067255812,0.452541062033901,0.83,0.4715406477318419,0.508946271820983,0.4393708348660539,0.96,0.4591878419664237,0.4832049749610996,0.4292965479151406,1.0,0.5014073180538802,0.5239688828094441,0.4695090177124301,0.5,,,,,0.0533857682959762,0.1465742876022805,-0.0311989824184649,0.08,0.5082028085336214,0.5541837680752929,0.4667440397710286,0.3,0.4917971914663786,0.5396070018178787,0.4473516206489414,0.58,506.0,0.4384114231704024,0.4992314315347319,0.3836969334175684,0.97,0.5615885768295976,0.623951190447939,0.5122458911957085,0.01,,,,,,,,,,,,,,,,0.7,symmetric_confident
Exp2B,olmo3_7b_it,4,nan,math,movies,math->movies,0.0188635783185252,0.0580082647655922,-0.0139069154092848,0.18,0.5477600378141331,0.5767267817752024,0.519317899227811,0.0,0.5400580622568972,0.5718901612830073,0.5127723685861557,0.0,0.521194483938372,0.5535350036810784,0.4984545833277033,0.03,0.532376674184888,0.5617948004429059,0.5092179520726151,0.01,,,,,0.004601226993865,0.0811121859361296,-0.0790198834137111,0.47,0.5200630077930691,0.5790752782366094,0.4650912065090092,0.22,0.4799369922069308,0.547664180577487,0.4241628885692637,0.61,311.0,0.4753357652130658,0.5356302639776634,0.4275020983033324,0.78,0.5246642347869341,0.5827580177653109,0.4653484970138254,0.3,,,,,,,,,,,,,,,,0.7,symmetric_confident
Exp2B,olmo3_7b_it,4,nan,movies,math,movies->math,0.0199394513930317,0.06263485976804,-0.0163223922376248,0.13,0.5031355523396044,0.5307486416076173,0.4704861648491488,0.44,0.5021452461892751,0.5346808089375129,0.4747593976374484,0.42,0.4822057947962434,0.5084885908698612,0.4512744710948372,0.88,0.5078339181927843,0.5306496561692792,0.4841441142178085,0.29,,,,,0.0313597083445854,0.1395873738373243,-0.0626722249837359,0.26,0.501502160410478,0.5479555937248777,0.4566013360239179,0.38,0.498497839589522,0.5461094580562104,0.450695690926349,0.5,506.0,0.4671381312449365,0.5099909070645051,0.4184971832573659,0.95,0.5328618687550635,0.5828614062411774,0.4878983324906578,0.09,,,,,,,,,,,,,,,,0.7,symmetric_confident
Exp2B,olmo3_7b_it,5,nan,math,movies,math->movies,0.0949866959982282,0.1212563940026551,0.0543309761996694,0.0,0.5659074454077211,0.592508492407974,0.540338656558684,0.0,0.576331911272437,0.604032414938542,0.5455259056427698,0.0,0.4813452152742087,0.5093993376230371,0.4518988926754597,0.89,0.4935197701608196,0.518679915834181,0.4602045482476152,0.66,,,,,0.0556707013762228,0.1389528770489834,-0.0393279210900457,0.17,0.4709418006964019,0.5391383195516714,0.4082150037697914,0.88,0.5290581993035981,0.5856253774390823,0.4685581395869722,0.19,311.0,0.4733874979273752,0.5476176339956368,0.4134719746624826,0.78,0.5266125020726248,0.5936355594158141,0.4563915115147046,0.19,,,,,,,,,,,,,,,,0.7,symmetric_confident
Exp2B,olmo3_7b_it,5,nan,movies,math,movies->math,0.041940411854886,0.0834807212548554,0.0047955843418755,0.01,0.4992981403979957,0.5230161548713329,0.4724007142758532,0.52,0.5178816207917535,0.5429746486468334,0.4932159350851612,0.11,0.4759412089368674,0.5074413617276624,0.4421254136771854,0.96,0.5128646233139599,0.5476016531941281,0.4790258233593866,0.19,,,,,0.0727788279773156,0.1661879807566663,-0.0195739010244099,0.08,0.477130029705644,0.5338042013766147,0.4234333642221505,0.82,0.5228699702943559,0.5742949374367192,0.4714249522152463,0.17,506.0,0.4500911423170402,0.4946384979265317,0.3861870020507677,0.99,0.5499088576829597,0.6037296759444111,0.4950896839734154,0.04,,,,,,,,,,,,,,,,0.7,symmetric_confident
Exp2B,olmo3_7b_it,6,nan,math,movies,math->movies,0.1562442472423558,0.1904136858522673,0.1209236496116215,0.0,0.6362218504165932,0.6645603201783321,0.6116211966255317,0.0,0.6472830855081577,0.6710241098476373,0.6267737822781017,0.0,0.4910388382658018,0.5252541233409184,0.4590238354969869,0.75,0.4972305583691359,0.530568267299451,0.47822065931496,0.48,,,,,0.047255844801857,0.1393136878011803,-0.0431781900403181,0.16,0.4697396783286354,0.5259195972485405,0.4103522199371154,0.83,0.5302603216713646,0.6049538938271932,0.4748808733484143,0.14,311.0,0.4830044768695075,0.5408739908072137,0.4162515605868748,0.72,0.5169955231304925,0.5799859376292497,0.4546312498148065,0.31,,,,,,,,,,,,,,,,0.7,symmetric_confident
Exp2B,olmo3_7b_it,6,nan,movies,math,movies->math,0.0633476151514924,0.1046395412249135,0.0287973058037556,0.0,0.5065481545221053,0.5317652319274304,0.4801841467959879,0.27,0.5516561117812626,0.5823089196559359,0.5218930377651232,0.0,0.4883084966297701,0.515432713172954,0.4624957883470201,0.7,0.552460293526337,0.5810908151840294,0.5212862383367737,0.0,,,,,0.1462834188495814,0.2022281693620489,0.0675207040595499,0.0,0.4394916284093977,0.4818921084611899,0.3875781147241142,1.0,0.5605083715906022,0.6078963692569744,0.5130905467742674,0.01,506.0,0.4142249527410208,0.4587791905592953,0.3680479260871647,0.99,0.5857750472589792,0.639048839801299,0.5389423048629516,0.0,,,,,,,,,,,,,,,,0.7,symmetric_confident
Exp2B,olmo3_7b_it,7,nan,math,movies,math->movies,0.1839650081537848,0.2190484969265847,0.140940103209785,0.0,0.6958241267673793,0.7184203472679836,0.6686021584034624,0.0,0.7078286146767228,0.7331692684161977,0.685835773941188,0.0,0.523863606522938,0.555453351663887,0.502480123836915,0.01,0.5263539387823494,0.5526999223436784,0.4963108504661754,0.04,,,,,0.0430691427623943,0.140757459138327,-0.0450443456244354,0.18,0.4665892886751782,0.5233326144724567,0.4052028896282928,0.88,0.5334107113248218,0.5945689807223216,0.4720361951345001,0.12,311.0,0.4903415685624274,0.5584113117511251,0.4347441183175997,0.58,0.5096584314375725,0.5623520541396831,0.4365160683301156,0.38,,,,,,,,,,,,,,,,0.7,symmetric_confident
Exp2B,olmo3_7b_it,7,nan,movies,math,movies->math,0.0572455907234745,0.0925099476106379,0.0234488144939671,0.0,0.5132679712998092,0.5431404557718883,0.4860629053611715,0.14,0.5693858061921995,0.598966933211822,0.5297955110714195,0.0,0.5121402154687249,0.5385753960354042,0.4776997648510578,0.23,0.5861799539423183,0.6158656470901692,0.5556222761611299,0.0,,,,,0.1693221712125304,0.253593274827013,0.0710876381435857,0.0,0.4270861463678099,0.4677678843099649,0.3798073934223094,1.0,0.5729138536321902,0.617298781013625,0.5205639142940098,0.0,506.0,0.4035916824196597,0.456515682661353,0.3524104774321105,1.0,0.5964083175803403,0.6370385871411948,0.5585451402162286,0.0,,,,,,,,,,,,,,,,0.7,symmetric_confident
Exp2B,olmo3_7b_it,8,nan,math,movies,math->movies,0.1663815631886217,0.2024747545226586,0.1321764489208539,0.0,0.6616394752538761,0.68508837553649,0.6299480669466265,0.0,0.6632163176781122,0.685574213764287,0.6355026558555851,0.0,0.4968347544894904,0.528913488232085,0.4753492002390831,0.55,0.5001713250770963,0.5303915721067763,0.4773351758770538,0.5,,,,,0.0167468081578511,0.1341365366994667,-0.0692081456266887,0.37,0.491916763389156,0.5572748637320669,0.4312835537184121,0.59,0.508083236610844,0.5688761481110024,0.4293076596819896,0.55,311.0,0.4913364284529928,0.5445994000569678,0.4180269074201652,0.55,0.5086635715470071,0.5701751521770354,0.4509258698977492,0.42,,,,,,,,,,,,,,,,0.7,symmetric_confident
Exp2B,olmo3_7b_it,8,nan,movies,math,movies->math,0.0457166387914382,0.0818845463989412,0.0062584125851238,0.01,0.4930748403975611,0.5225178381113291,0.4669141032174813,0.66,0.5400583031765179,0.5667492941868407,0.5110015358765077,0.0,0.4943416643850797,0.5312550250519447,0.4626885283568814,0.62,0.5604392842782469,0.595017446327093,0.536222256493766,0.0,,,,,0.1444099378881987,0.2281458980718359,0.0700039768760003,0.0,0.4412975965433432,0.4848453548489916,0.3974385817950179,0.99,0.5587024034566568,0.5981524329105435,0.507201940713411,0.01,506.0,0.414292465568458,0.467162134278494,0.3709095821445022,1.0,0.585707534431542,0.6246847363454762,0.5473922025392235,0.0,,,,,,,,,,,,,,,,0.7,symmetric_confident
Exp2B,olmo3_7b_it,9,nan,math,movies,math->movies,0.1725398423774083,0.2037397442759031,0.1389125817061897,0.0,0.7387870591633623,0.7634908309683457,0.7144728175151814,0.0,0.7850284474935706,0.8033742794732573,0.7638220215113215,0.0,0.6124886051161622,0.646332159203056,0.5784235282763258,0.0,0.6458654175625148,0.6700734932826634,0.6140205084008814,0.0,,,,,0.2172525286022218,0.3276692579931189,0.1190001104618668,0.0,0.37315536395291,0.4330891564685655,0.3014014025127323,1.0,0.6268446360470901,0.6895895549585572,0.556535412449842,0.0,311.0,0.4095921074448682,0.4761665817797473,0.3487233259055028,1.0,0.5904078925551318,0.6393682352333692,0.543669314796425,0.0,,,,,,,,,,,,,,,,0.7,symmetric_confident
Exp2B,olmo3_7b_it,9,nan,movies,math,movies->math,0.0932960075936986,0.1341275994382834,0.0614743841443358,0.0,0.538415405275029,0.564210052997087,0.5061018374604013,0.0,0.6112466644734438,0.6390251471634524,0.5811773666514034,0.0,0.5179506568797452,0.5443324705749405,0.4900992638175353,0.13,0.5784419892532076,0.6042748693714027,0.5472704536147333,0.0,,,,,0.1577099648933297,0.2558474456152189,0.0544247298017879,0.0,0.4148156899810964,0.4633760909068976,0.357495288372994,1.0,0.5851843100189036,0.6327493687064624,0.5292980884494376,0.0,506.0,0.4274743451255738,0.4709072646053568,0.3889186807395635,1.0,0.5725256548744262,0.6190353322990405,0.5201132375461422,0.01,,,,,,,,,,,,,,,,0.7,symmetric_confident
Exp2B,olmo3_7b_it,10,nan,math,movies,math->movies,0.1687141150269951,0.2006032521364055,0.1403995347676851,0.0,0.7420020107515184,0.7611503476049118,0.7176553862904892,0.0,0.7978439397990037,0.8190348316170855,0.7755736753222469,0.0,0.6291298247720085,0.6544083184680856,0.6000203933030694,0.0,0.6692192848025244,0.6950205533392707,0.642290053285997,0.0,,,,,0.2581661416017244,0.370287525704627,0.179058833591596,0.0,0.3482838666887746,0.4178352649006622,0.3086500443753125,1.0,0.6517161333112254,0.7064782088884232,0.5780599851123958,0.0,311.0,0.3935499917095009,0.4687477802441729,0.3383831984953071,0.99,0.6064500082904991,0.6544845126754167,0.5436710469870834,0.0,,,,,,,,,,,,,,,,0.7,symmetric_confident
Exp2B,olmo3_7b_it,10,nan,movies,math,movies->math,0.1063625038703005,0.136388278511215,0.0730770533538401,0.0,0.5442779972447122,0.578303781910117,0.5177346309741958,0.0,0.6234179094929999,0.6498262696087644,0.5957307284221555,0.0,0.5170554056226994,0.5480023719127894,0.4938729253138492,0.14,0.567329659684907,0.5985059940405189,0.5426423122113274,0.0,,,,,0.1487138806373211,0.2515460275287565,0.0358753507659992,0.0,0.4095328112341345,0.462090959509076,0.3672371682558806,1.0,0.5904671887658656,0.6299558902709982,0.5471702117486203,0.0,506.0,0.4417533081285444,0.5016645485139054,0.3946121821290862,0.95,0.5582466918714556,0.6014644172013872,0.5154480862786652,0.01,,,,,,,,,,,,,,,,0.7,symmetric_confident
Exp2B,olmo3_7b_it,11,nan,math,movies,math->movies,0.1729028956228369,0.2018986845756205,0.1425575505019921,0.0,0.7281790319131776,0.7493737116393238,0.7044308412217741,0.0,0.8229355328209897,0.8491346010130914,0.8007206385955454,0.0,0.6500326371981529,0.6733110462903221,0.624976848846505,0.0,0.721427307334596,0.7474408369201345,0.6929859454158892,0.0,,,,,0.4256756756756757,0.5073159474760368,0.3187841930915324,0.0,0.261772508705024,0.309547997825474,0.2083347347552639,1.0,0.738227491294976,0.7856522458433286,0.6851390327610066,0.0,311.0,0.3125518156193003,0.364897879487456,0.2621249561546873,1.0,0.6874481843806998,0.7534785564423898,0.6309252199814248,0.0,,,,,,,,,,,,,,,,0.7,symmetric_confident
Exp2B,olmo3_7b_it,11,nan,movies,math,movies->math,0.128412077414764,0.1600131275529321,0.0904008031749331,0.0,0.5642820823718074,0.5867853395191182,0.5353390615240337,0.0,0.6372592023979238,0.6643939107781814,0.6078770475865399,0.0,0.5088471249831598,0.5449577142509265,0.4782453351211364,0.3,0.5437376631209563,0.5712009721657557,0.5135481073169299,0.0,,,,,0.1172191466378611,0.1957673406753071,0.0163893620384142,0.01,0.4206724277612746,0.4663790619367981,0.3817103322353358,1.0,0.5793275722387253,0.6216876648631373,0.5375320767251272,0.0,506.0,0.4621084256008642,0.5125059363254544,0.421445538062644,0.93,0.5378915743991358,0.5909942626711169,0.495503756179197,0.07,,,,,,,,,,,,,,,,0.7,symmetric_confident
Exp2B,olmo3_7b_it,12,nan,math,movies,math->movies,0.1785748855985524,0.2080297811387275,0.1514293938024425,0.0,0.7620476278008906,0.7888339390911181,0.7418917799703963,0.0,0.873658110453842,0.8870266720408633,0.8571317934054756,0.0,0.6950832248552896,0.7188200602029386,0.6689766293498598,0.0,0.7862409018853289,0.809299008043383,0.7636488633508853,0.0,,,,,0.5349030011606699,0.6281138922689432,0.4401313155837696,0.0,0.2041949925385508,0.2518847438049343,0.1620549326426157,1.0,0.7958050074614492,0.8451679431368653,0.749910028344656,0.0,311.0,0.2609020063007793,0.3146076384261835,0.2154318403712189,1.0,0.7390979936992207,0.7875905355798362,0.689385566109626,0.0,,,,,,,,,,,,,,,,0.7,symmetric_confident
Exp2B,olmo3_7b_it,12,nan,movies,math,movies->math,0.15268885058586,0.193717196374494,0.1134282527177156,0.0,0.5769611869467152,0.6047479719444542,0.5502414178074307,0.0,0.6670367730379793,0.6931564688422414,0.6421124533958248,0.0,0.5143479224521192,0.540467810066015,0.4829446214403904,0.15,0.558120407939467,0.5871935070617883,0.5237525772004438,0.0,,,,,0.1514650283553875,0.2301884858123042,0.0443578575040145,0.0,0.396705374021064,0.450404396671988,0.3412358484795018,1.0,0.603294625978936,0.6619430004120974,0.5640817446442585,0.0,506.0,0.4518295976235484,0.4932893190211214,0.410177882925471,0.99,0.5481704023764515,0.5863379322650604,0.5023283915004334,0.02,,,,,,,,,,,,,,,,0.7,symmetric_confident
Exp2B,olmo3_7b_it,13,nan,math,movies,math->movies,0.2068896553297822,0.2336048633644704,0.1869725021658668,0.0,0.8142783990516456,0.8327491437712795,0.7918003339702155,0.0,0.942126012418244,0.9515829862738472,0.9339030550657912,0.0,0.7352363570884618,0.7613232403257646,0.7110789038623186,0.0,0.8479970027524973,0.8635337779148051,0.8300715182612638,0.0,,,,,0.6640275244569723,0.7391316639543299,0.5926018336564787,0.0,0.1371248549162659,0.1737908908761864,0.1052461156799278,1.0,0.8628751450837341,0.9000635041165501,0.8166508308657728,0.0,311.0,0.1988476206267617,0.2613046608284489,0.1599662742212411,1.0,0.8011523793732382,0.8485420841428899,0.751051231626488,0.0,,,,,,,,,,,,,,,,0.7,symmetric_confident
Exp2B,olmo3_7b_it,13,nan,movies,math,movies->math,0.2660362230836548,0.2993431578757025,0.2286556249493018,0.0,0.6067033024341273,0.6318891522191785,0.5719409506492553,0.0,0.7918985543005447,0.8168120796072171,0.772239256460654,0.0,0.5258623312168899,0.5521392959946267,0.5030612475694879,0.02,0.6175293343568373,0.6417408617468521,0.5870387144056365,0.0,,,,,0.3582061841749932,0.4314365644869883,0.2820801982462365,0.0,0.2574095328112341,0.2988385181668089,0.2102582722227653,1.0,0.7425904671887659,0.7804398869874606,0.697418965522567,0.0,506.0,0.3843842830137726,0.4415322209842249,0.3392172991017821,1.0,0.6156157169862274,0.66406910397295,0.5730113438563379,0.0,,,,,,,,,,,,,,,,0.7,symmetric_confident
Exp2B,olmo3_7b_it,14,nan,math,movies,math->movies,0.1908211957984136,0.2184115775695023,0.1690458287030766,0.0,0.7825209046881272,0.8062943319715552,0.7541108319565346,0.0,0.9286704044401436,0.9408311423173806,0.915442179112692,0.0,0.7378492086417299,0.7630690161944435,0.7110528976171929,0.0,0.8466998271687683,0.8679907219183706,0.8308331780503605,0.0,,,,,0.6565246227822915,0.7327868678125526,0.5752279718734646,0.0,0.1348864201624937,0.1810415716859238,0.0982259886205605,1.0,0.8651135798375063,0.9040511591883944,0.8301491317821963,0.0,311.0,0.2085889570552147,0.2550403536453472,0.1627633732670943,1.0,0.7914110429447853,0.8400947130231028,0.7421986305512449,0.0,,,,,,,,,,,,,,,,0.7,symmetric_confident
Exp2B,olmo3_7b_it,14,nan,movies,math,movies->math,0.2586759549095389,0.2960268101120357,0.2285149127125705,0.0,0.5969283320947576,0.6286872663277434,0.5653167135335638,0.0,0.7710823555214388,0.7922669213462149,0.7448497457042517,0.0,0.5124064006118999,0.5428967580370303,0.4819581947773507,0.18,0.5617038143802318,0.5880982038134608,0.5339632725095986,0.0,,,,,0.2890224142587091,0.3629797857169404,0.1957455338932381,0.0,0.2680596813394545,0.3152489592225209,0.2185521163244133,1.0,0.7319403186605455,0.7748873889779666,0.6874318775585707,0.0,506.0,0.4429179044018363,0.4970105888776226,0.4098922933399018,0.98,0.5570820955981637,0.6079380447408715,0.5160649232618151,0.01,,,,,,,,,,,,,,,,0.7,symmetric_confident
Exp2B,olmo3_7b_it,15,nan,math,movies,math->movies,0.1656428131024204,0.189096407934408,0.139478897834463,0.0,0.7822564308410268,0.8044348634816876,0.7589370904091869,0.0,0.9269270305787022,0.9368576310276744,0.9144902354602268,0.0,0.7612842174762817,0.784914612397644,0.7404196481117259,0.0,0.8601102505111512,0.8763084898105077,0.8488369463581663,0.0,,,,,0.6331039628585641,0.7019713092979754,0.5458370460184976,0.0,0.1398607196153208,0.1850452356876573,0.1056914185053055,1.0,0.8601392803846791,0.9038919719217784,0.8208727762419038,0.0,311.0,0.227035317526115,0.2733849438963116,0.1796648664655275,1.0,0.772964682473885,0.8232460366534012,0.7157640233308513,0.0,,,,,,,,,,,,,,,,0.7,symmetric_confident
Exp2B,olmo3_7b_it,15,nan,movies,math,movies->math,0.2332605019337242,0.2698950809562924,0.2040863987454372,0.0,0.5928888367383303,0.6225858368088966,0.5624200893791721,0.0,0.7483276675074021,0.7720779582959122,0.7266949903903009,0.0,0.5150671655736778,0.5466241728952609,0.488700751158801,0.17,0.5485341960010235,0.5771915733863577,0.5162878265464994,0.01,,,,,0.2411726978125843,0.3537266158850498,0.1598902623190721,0.0,0.295250472589792,0.3477477162864811,0.2399636138696347,1.0,0.7047495274102079,0.7469008630440311,0.6660389865712119,0.0,506.0,0.4635768295976235,0.5012604352567904,0.4105265320022289,0.97,0.5364231704023764,0.5866503165149568,0.4750331986427765,0.14,,,,,,,,,,,,,,,,0.7,symmetric_confident
Exp2B,olmo3_7b_it,16,nan,math,movies,math->movies,0.177242885823992,0.1984000340918719,0.156188524035206,0.0,0.7915308346494502,0.8147593294521043,0.767451456074289,0.0,0.941772066105122,0.9524807341566116,0.9310369983433968,0.0,0.76452918028113,0.788960931253275,0.7375709698223186,0.0,0.8746954743821942,0.8896194747367322,0.8583751422584992,0.0,,,,,0.6859558945448516,0.7609236173245044,0.596343030588938,0.0,0.1097247554302769,0.1462925725223341,0.0759381999206526,1.0,0.8902752445697231,0.9273456900490692,0.8526307845631504,0.0,311.0,0.2043193500248715,0.2533405487824277,0.1582666770728392,1.0,0.7956806499751286,0.8399210717603902,0.7469298468702321,0.0,,,,,,,,,,,,,,,,0.7,symmetric_confident
Exp2B,olmo3_7b_it,16,nan,movies,math,movies->math,0.2531440402447789,0.2825787003295135,0.2204993525470669,0.0,0.5991903625767591,0.6245167017443405,0.5731329126834034,0.0,0.7751580948203385,0.7989456288013089,0.7500623268710003,0.0,0.5220140545755596,0.5521669171124707,0.4917938188494133,0.05,0.5621093321636145,0.583521447931109,0.5316720231111273,0.0,,,,,0.284060221442074,0.3608229598298324,0.1996417603253194,0.0,0.2622704563867135,0.310646860813245,0.2232191239263532,1.0,0.7377295436132866,0.7666601260505469,0.6898565646384962,0.0,506.0,0.4536693221712125,0.5010423720253302,0.3995037986000966,0.97,0.5463306778287874,0.6010228886919464,0.4989453487309254,0.04,,,,,,,,,,,,,,,,0.7,symmetric_confident
Exp2B,olmo3_7b_it,17,nan,math,movies,math->movies,0.1589604923722882,0.1776992981930512,0.1400917371532008,0.0,0.8169456459351683,0.8380743386805526,0.7980472944575449,0.0,0.9685571416199446,0.975041200172353,0.9624194279027194,0.0,0.8095966492476563,0.8297300730381972,0.786433597055327,0.0,0.9223483208259752,0.9388625518272896,0.9109826496286476,0.0,,,,,0.7691510528933841,0.8246187386970192,0.6903796108351439,0.0,0.0713811971480683,0.1020510857869898,0.0555686265000872,1.0,0.9286188028519315,0.9514152329241692,0.9001717715231788,0.0,311.0,0.1594677499585475,0.1998686254186551,0.1066400093733129,1.0,0.8405322500414525,0.8881787539964957,0.8034388897498637,0.0,,,,,,,,,,,,,,,,0.7,symmetric_confident
Exp2B,olmo3_7b_it,17,nan,movies,math,movies->math,0.2624606475607804,0.2984092706953775,0.2366387160292636,0.0,0.6203048200153845,0.6552215053709636,0.5853473296078113,0.0,0.8114148115655957,0.8283970153953374,0.7853217778701987,0.0,0.5489541640048152,0.5768890506348364,0.5135630513972232,0.0,0.6085599663705815,0.6467377093774107,0.5824944502757068,0.0,,,,,0.3358088036726978,0.4181708773821684,0.2540125807389641,0.0,0.2365143127194167,0.2689636266488786,0.2021505301348106,1.0,0.7634856872805833,0.8074314234029413,0.7185318209354667,0.0,506.0,0.4276768836078854,0.4823284258289865,0.3842571272052575,1.0,0.5723231163921145,0.6240795519288662,0.5278050800929222,0.01,,,,,,,,,,,,,,,,0.7,symmetric_confident
Exp2B,olmo3_7b_it,18,nan,math,movies,math->movies,0.1491876827840983,0.1716266907510849,0.1294474874579382,0.0,0.8199805302231709,0.8367352132189554,0.8030924692501221,0.0,0.9805687239482336,0.9862773663878108,0.9754258601888764,0.0,0.8313810411641351,0.8508341400160248,0.8088043703596622,0.0,0.9481336862755434,0.9594752675354028,0.9366498877007042,0.0,,,,,0.8311225335765212,0.8829495741385985,0.7700049242454793,0.0,0.0428618802851931,0.0684946838150704,0.0270340932317522,1.0,0.9571381197148068,0.9735368768358396,0.9416498040291976,0.0,311.0,0.1260155861382855,0.1693585315401233,0.0926214425042577,1.0,0.8739844138617144,0.9071288823414938,0.8262348052178343,0.0,,,,,,,,,,,,,,,,0.7,symmetric_confident
Exp2B,olmo3_7b_it,18,nan,movies,math,movies->math,0.2832717705121863,0.3111876078901565,0.2471418680884461,0.0,0.6348244047231023,0.6637540313893342,0.6045686084506343,0.0,0.8460197572833279,0.8642762062549747,0.8268672776412257,0.0,0.5627479867711416,0.5919005701643372,0.5368588223062802,0.0,0.6321416822019958,0.6590962763009371,0.5965146080985839,0.0,,,,,0.3802491223332433,0.4658953698820255,0.3009338268346055,0.0,0.2068086686470429,0.2520382105972099,0.169739973724171,1.0,0.793191331352957,0.8319297422069756,0.7484879398773668,0.0,506.0,0.4129422090197137,0.4663549090027776,0.3648762155671647,1.0,0.5870577909802862,0.6315510193289948,0.5296608843116564,0.0,,,,,,,,,,,,,,,,0.7,symmetric_confident
Exp2B,olmo3_7b_it,19,nan,math,movies,math->movies,0.1382740883439664,0.1566369501648725,0.1161905895064104,0.0,0.8150080467574756,0.841170659822334,0.7911752062263913,0.0,0.9813726339253775,0.9867021428317724,0.9763357537867312,0.0,0.8430985455814111,0.857920508368193,0.8216503828588954,0.0,0.9563252841925316,0.9646292997397512,0.9460390646913782,0.0,,,,,0.8345216382026197,0.8830649100003939,0.7838787748341091,0.0,0.0419499253855082,0.0610642138228076,0.0251667167916166,1.0,0.9580500746144918,0.975425885606502,0.938390176413991,0.0,311.0,0.123528436411872,0.1667564147206649,0.0934162801064332,1.0,0.876471563588128,0.9130811608814632,0.840266888071965,0.0,,,,,,,,,,,,,,,,0.7,symmetric_confident
Exp2B,olmo3_7b_it,19,nan,movies,math,movies->math,0.2897633829041912,0.3145576579483166,0.2541268964070257,0.0,0.6371711798629309,0.6622292036582735,0.610495642274867,0.0,0.8545322038235187,0.8775478143133257,0.8321015006485404,0.0,0.5647688209193275,0.5955193140556561,0.5414407790223206,0.0,0.6330098329495193,0.6591161068800548,0.599811127307061,0.0,,,,,0.3819538212260329,0.4621268086104087,0.285602758912845,0.0,0.2009856872805833,0.2405144338374726,0.1641620038813868,1.0,0.7990143127194167,0.8396081607221717,0.7649903095983783,0.0,506.0,0.4170604914933837,0.460283129528404,0.3650285976383688,1.0,0.5829395085066162,0.6356164878453585,0.534584420461733,0.0,,,,,,,,,,,,,,,,0.7,symmetric_confident
Exp2B,olmo3_7b_it,20,nan,math,movies,math->movies,0.1360507217189556,0.1558284823351211,0.1163351028058879,0.0,0.821843101359133,0.8440159099559766,0.7980500868385061,0.0,0.9822047842998451,0.9882083508687388,0.977341047027761,0.0,0.8461540625808897,0.8642184859730138,0.8277141913840866,0.0,0.9597254280302888,0.9682264560146256,0.9516327644871247,0.0,,,,,0.8388741502238435,0.8808017714650578,0.7947854469815524,0.0,0.0430691427623943,0.0633453856816232,0.0261748406321305,1.0,0.9569308572376056,0.9725829944758948,0.9372513979350622,0.0,311.0,0.1180567070137622,0.1533774491637394,0.0773593359962536,1.0,0.8819432929862377,0.9202237248046072,0.846564858722635,0.0,,,,,,,,,,,,,,,,0.7,symmetric_confident
Exp2B,olmo3_7b_it,20,nan,movies,math,movies->math,0.2984907726175561,0.3391559823323198,0.2654293395321722,0.0,0.638996449416131,0.6665853114114051,0.6076956609283726,0.0,0.8661974083415579,0.8860961951326397,0.8504924120062202,0.0,0.5677066357240018,0.599208970161772,0.539964761114965,0.0,0.6578892056877581,0.6894342046772647,0.6325689903305041,0.0,,,,,0.4281832298136646,0.5033197065696225,0.3452406958217948,0.0,0.1880063462057791,0.2291042044125585,0.1475656573308967,1.0,0.811993653794221,0.8523718837869577,0.7770704051439576,0.0,506.0,0.3838104239805563,0.4319081987303118,0.3441169432330549,1.0,0.6161895760194437,0.6618244920337134,0.5649545679954873,0.0,,,,,,,,,,,,,,,,0.7,symmetric_confident
Exp2B,olmo3_7b_it,21,nan,math,movies,math->movies,0.1316715769038802,0.1489925231908493,0.1133868539331098,0.0,0.8124664718438517,0.8344116597358255,0.7896615780262309,0.0,0.9818658995319623,0.9858308522301528,0.976156954796542,0.0,0.8501943226280823,0.86484996687851,0.8306525824914412,0.0,0.9671093505838232,0.97324405057987,0.960307369862798,0.0,,,,,0.8622119051566904,0.9022167971157782,0.8113481197677057,0.0,0.0368927209418007,0.0548049240328878,0.0199316037564286,1.0,0.9631072790581992,0.9769997202409992,0.9411574995852,0.0,311.0,0.1008953739015088,0.1417132578678465,0.0726624670619235,1.0,0.8991046260984912,0.931558641775121,0.8708469400096759,0.0,,,,,,,,,,,,,,,,0.7,symmetric_confident
Exp2B,olmo3_7b_it,21,nan,movies,math,movies->math,0.3012954899657576,0.3323729905189747,0.2693419142771779,0.0,0.6323928849254464,0.6570886612394788,0.6010123783783223,0.0,0.855427769857806,0.8752529386021327,0.8367266525623713,0.0,0.5541322798920484,0.58708230586278,0.5295271188855079,0.0,0.62127380560734,0.6484261731543679,0.5905134583246597,0.0,,,,,0.3863927896300296,0.4483123401047565,0.2892376808096505,0.0,0.1977788279773157,0.2297365488024593,0.1663206305918329,1.0,0.8022211720226843,0.8422659179875825,0.7639598090640017,0.0,506.0,0.4158283823926546,0.4733769401817477,0.3775617241811713,1.0,0.5841716176073454,0.6385847181502834,0.5300168055849874,0.0,,,,,,,,,,,,,,,,0.7,symmetric_confident
Exp2B,olmo3_7b_it,22,nan,math,movies,math->movies,0.1316171794901175,0.1515661969879352,0.1119473194164118,0.0,0.8234168145344323,0.8483867580664025,0.7952995953935824,0.0,0.984390591052689,0.9899031471427052,0.9803359048869786,0.0,0.8527734115625715,0.872459101708972,0.8312346242426101,0.0,0.9683331011345108,0.9756295639752548,0.9627049196939164,0.0,,,,,0.8612999502570055,0.902415663227389,0.809686212589436,0.0,0.0378461283369258,0.0591899165830338,0.0212885764061722,1.0,0.962153871663074,0.980570922133422,0.944019571502706,0.0,311.0,0.1008539214060686,0.137667984117575,0.0645734902188866,1.0,0.8991460785939314,0.936178698188564,0.8712681175804884,0.0,,,,,,,,,,,,,,,,0.7,symmetric_confident
Exp2B,olmo3_7b_it,22,nan,movies,math,movies->math,0.2860563695199387,0.3120728261526932,0.2520914617641834,0.0,0.6317649052815478,0.6584976811887313,0.6034590194025572,0.0,0.8525765800343605,0.8734194620376963,0.8376014640356007,0.0,0.5665202105144218,0.5926220834548053,0.5424445522680729,0.0,0.6597260299009394,0.6825452181848678,0.6326761759298062,0.0,,,,,0.4222927356197677,0.5136254728086037,0.3352702780714278,0.0,0.199466648663246,0.2366301575042075,0.1605371397127836,1.0,0.800533351336754,0.8332073997258136,0.7493802468478254,0.0,506.0,0.3782406157169862,0.4216308282256165,0.3340646664133442,1.0,0.6217593842830138,0.6650965201879151,0.5598885033045778,0.0,,,,,,,,,,,,,,,,0.7,symmetric_confident
Exp2B,olmo3_7b_it,23,nan,math,movies,math->movies,0.131593923190037,0.1562915920735795,0.1130601279460736,0.0,0.8096491688768678,0.8344758522813803,0.7921849875179553,0.0,0.982169013129902,0.986754203765561,0.9753279778403126,0.0,0.850575089939865,0.8710745413758221,0.823900464525675,0.0,0.9726294069140023,0.9784660150778128,0.965568289847406,0.0,,,,,0.8796219532415852,0.9214172999843304,0.833054478633801,0.0,0.0343641187199469,0.049511359614439,0.0202267132162395,1.0,0.9656358812800532,0.9779818332727682,0.9520110565096884,0.0,311.0,0.0860139280384679,0.1121523487118805,0.0611340362536014,1.0,0.913986071961532,0.9402608575976256,0.8785560491783406,0.0,,,,,,,,,,,,,,,,0.7,symmetric_confident
Exp2B,olmo3_7b_it,23,nan,movies,math,movies->math,0.3054436567438257,0.3242203402575233,0.2736222816951443,0.0,0.6407152449120611,0.6693828077063931,0.6092886388218636,0.0,0.8676092956098987,0.8886230707312373,0.8493166207464315,0.0,0.5621656388660731,0.5915120114525102,0.5273184932550166,0.0,0.6356028621559382,0.66284973449615,0.6078612590488479,0.0,,,,,0.4056001890359169,0.4787755980500412,0.3221745777289906,0.0,0.1880401026194977,0.2184974638956036,0.1483345303482839,1.0,0.8119598973805023,0.848886343615502,0.7819284681049595,0.0,506.0,0.4063597083445854,0.4441549085075522,0.3585839048888142,1.0,0.5936402916554145,0.6461948528036489,0.5458868747217657,0.0,,,,,,,,,,,,,,,,0.7,symmetric_confident
Exp2B,olmo3_7b_it,24,nan,math,movies,math->movies,0.129503521204955,0.1500510467081599,0.1105580608549967,0.0,0.8041664947274043,0.8232544917311555,0.7784312113856113,0.0,0.9791567040820554,0.9852451505127688,0.974526104609484,0.0,0.8496531828771003,0.8687858880957946,0.8289120165611439,0.0,0.9719591681508564,0.9773692365767956,0.9641235085135572,0.0,,,,,0.8779224009285359,0.9241605927895844,0.8407052097606488,0.0,0.0355247885922732,0.0519277360066833,0.0211533617520493,1.0,0.9644752114077269,0.9814302517731466,0.945116963962636,0.0,311.0,0.0865528104791908,0.1178028663810299,0.0496904511261603,1.0,0.9134471895208092,0.9513222884090344,0.8784133536711929,0.0,,,,,,,,,,,,,,,,0.7,symmetric_confident
Exp2B,olmo3_7b_it,24,nan,movies,math,movies->math,0.3015026585461515,0.3336078608946546,0.2690733914870289,0.0,0.6396287749399182,0.6589346524846511,0.610489015778663,0.0,0.8582880981101729,0.8751402195468202,0.8413604108242366,0.0,0.5567854395640214,0.5839013134744815,0.5273829336499888,0.0,0.6133347954819608,0.6427955284282267,0.582991989485088,0.0,,,,,0.3683668647042938,0.468152152858969,0.296475072049532,0.0,0.2001080205238995,0.2373438203258618,0.1588971309039811,1.0,0.7998919794761005,0.8370346887551193,0.7668413978494624,0.0,506.0,0.4315251147718066,0.4733973029459166,0.3831600180545657,1.0,0.5684748852281933,0.6371269765943646,0.5148299994616649,0.01,,,,,,,,,,,,,,,,0.7,symmetric_confident
Exp2B,olmo3_7b_it,25,nan,math,movies,math->movies,0.131015495888448,0.1544177447224241,0.1095047505103116,0.0,0.8098564338421484,0.8299448861292444,0.7904156951855204,0.0,0.9814724166625874,0.987015246908344,0.975696321752454,0.0,0.8504569207741394,0.8707870545418576,0.838525539841052,0.0,0.9720928393648548,0.9766455759598308,0.965275312292086,0.0,,,,,0.8738600563753938,0.9201488833746898,0.8170301195755982,0.0,0.0350273586469905,0.0533686602084072,0.0184451219512195,1.0,0.9649726413530094,0.9811942696671088,0.9486493464159708,0.0,311.0,0.0911125849776156,0.1316186504637022,0.053908587368825,1.0,0.9088874150223843,0.9403980586798234,0.8719707134288401,0.0,,,,,,,,,,,,,,,,0.7,symmetric_confident
Exp2B,olmo3_7b_it,25,nan,movies,math,movies->math,0.2863266622261295,0.3256110463490922,0.2483341089998779,0.0,0.6367365918740738,0.6622596946486051,0.6110096954413257,0.0,0.8467257009174982,0.8639491128315094,0.8285342392743729,0.0,0.5603990386913686,0.5862945409797602,0.5272647519921704,0.0,0.6196037577219724,0.6424365878761742,0.5819330674393807,0.0,,,,,0.359421415068863,0.456032146766039,0.281750977108506,0.0,0.2134080475290305,0.2415977088281829,0.1730724306851506,1.0,0.7865919524709695,0.829237497011343,0.7441985409604185,0.0,506.0,0.4271705374021064,0.4797564857164177,0.3858670142323102,1.0,0.5728294625978936,0.6164997386564529,0.5312540974457809,0.0,,,,,,,,,,,,,,,,0.7,symmetric_confident
Exp2B,olmo3_7b_it,26,nan,math,movies,math->movies,0.131909806735722,0.1496448715159414,0.1112802994821621,0.0,0.8082733421616329,0.8299714673430466,0.7815580011574556,0.0,0.981365103152758,0.986509476490577,0.9769699821872208,0.0,0.8494552964170359,0.8687143911942515,0.8294822171924842,0.0,0.9733391822334012,0.9792272947325668,0.9665261027215608,0.0,,,,,0.8800364781959874,0.9239521044042286,0.8294932788262313,0.0,0.035110263637871,0.0531539023779946,0.0192155377195508,1.0,0.964889736362129,0.9804821764061707,0.9498124914356564,0.0,311.0,0.0848532581661416,0.1176715625313276,0.0513300541006993,1.0,0.9151467418338584,0.9489956609749004,0.8861091702581516,0.0,,,,,,,,,,,,,,,,0.7,symmetric_confident
Exp2B,olmo3_7b_it,26,nan,movies,math,movies->math,0.2892458222496418,0.319607434256801,0.2549518364445502,0.0,0.6391529010921196,0.6689516694985339,0.6096619988506328,0.0,0.8549685638045107,0.8723283579589206,0.8346082287770613,0.0,0.5657227415548689,0.5932883433992501,0.5399479669142574,0.0,0.6288655554337098,0.6597950860526463,0.5997884775034696,0.0,,,,,0.373886038347286,0.4515736149764092,0.2831406479847013,0.0,0.2048170402376451,0.2495999326448991,0.1635809560409668,1.0,0.7951829597623549,0.8321975122817238,0.7523271086166623,0.0,506.0,0.4212969214150688,0.4843209680722948,0.3692000452908222,1.0,0.5787030785849311,0.6179996676681456,0.5371317165212575,0.0,,,,,,,,,,,,,,,,0.7,symmetric_confident
Exp2B,olmo3_7b_it,27,nan,math,movies,math->movies,0.1289361964690873,0.1465998873141287,0.111874609041427,0.0,0.8187800815554813,0.8399135460750851,0.7918652854124061,0.0,0.9817021052274858,0.9861794746940326,0.9776493499713248,0.0,0.8527659087583984,0.8702396115618726,0.833244578797826,0.0,0.9734973284584132,0.9799469085342888,0.9652303913507776,0.0,,,,,0.8726993865030674,0.9157286453818216,0.8325728095993871,0.0,0.0414524954402255,0.0657850063503583,0.0269741750953407,1.0,0.9585475045597744,0.9763191336796208,0.9365383562642762,0.0,311.0,0.085848118056707,0.1166085195116805,0.0516766779515342,1.0,0.914151881943293,0.9455212827910884,0.8833055497430347,0.0,,,,,,,,,,,,,,,,0.7,symmetric_confident
Exp2B,olmo3_7b_it,27,nan,movies,math,movies->math,0.2850249432393368,0.3167630295649156,0.2497672022336356,0.0,0.6431033059108312,0.6753685991779922,0.6171475692113714,0.0,0.8633941952699492,0.8849777206679265,0.8458249439821175,0.0,0.5783692520306124,0.6061559323891964,0.5564752389938372,0.0,0.6672652337610118,0.6960378529029949,0.641748692926511,0.0,,,,,0.4160140426681069,0.5024842823315865,0.3114862521283976,0.0,0.1957871995679179,0.2377590087907008,0.1591570417558589,1.0,0.8042128004320821,0.841805347376142,0.7607991194110822,0.0,506.0,0.3881987577639751,0.4381335584306386,0.3424045829339952,1.0,0.6118012422360248,0.6624618540487482,0.5724774935413883,0.0,,,,,,,,,,,,,,,,0.7,symmetric_confident
Exp2B,olmo3_7b_it,28,nan,math,movies,math->movies,0.1274947770617933,0.1502572371640914,0.1103668478015643,0.0,0.821730559296537,0.8418237024548884,0.8040313019736542,0.0,0.9814648858899678,0.9862875751902777,0.9756502409365068,0.0,0.8539701088281745,0.8673558531717527,0.830993950206332,0.0,0.971912100821984,0.9797014031108484,0.9633607472372612,0.0,,,,,0.8668131321505554,0.9154630416923976,0.8268417418649167,0.0,0.0436909301939976,0.0609144996430979,0.0287556629996749,1.0,0.9563090698060024,0.9745698739476306,0.9335977000454824,0.0,311.0,0.0894959376554468,0.1281739942584287,0.0594485331446288,1.0,0.9105040623445532,0.9395743149403452,0.8774974346709211,0.0,,,,,,,,,,,,,,,,0.7,symmetric_confident
Exp2B,olmo3_7b_it,28,nan,movies,math,movies->math,0.2775615808868826,0.3074189524035989,0.2460651585090414,0.0,0.6469037778733872,0.6716525157373906,0.6214436543703231,0.0,0.8646530138538583,0.889640902568957,0.8425810205492889,0.0,0.5870914329669756,0.6113734844368822,0.5657271461934591,0.0,0.677052491135724,0.7121514829863418,0.6494386635501207,0.0,,,,,0.4124696192276532,0.480607818135166,0.3552428426068194,0.0,0.1987240075614366,0.2461457341525119,0.1627017562908379,1.0,0.8012759924385633,0.8465308300542901,0.763243832215253,0.0,506.0,0.38880637321091,0.4310737067556148,0.3364163448801089,1.0,0.61119362678909,0.6634136796690182,0.5596603422975722,0.0,,,,,,,,,,,,,,,,0.7,symmetric_confident
Exp2B,olmo3_7b_it,29,nan,math,movies,math->movies,0.1249776572563845,0.1508342083508689,0.1035636962995028,0.0,0.8036075358165115,0.8246532921618683,0.7831220797541428,0.0,0.973403193800668,0.9797809267818413,0.9658019336740749,0.0,0.8484255365442834,0.8666153074790995,0.8290478223413571,0.0,0.9687981263437724,0.9766892558181958,0.9584389571774364,0.0,,,,,0.8592687779804344,0.910311051633159,0.7984645917177072,0.0,0.0472972972972973,0.0743018739739015,0.0253118420557936,1.0,0.9527027027027029,0.9765911923556294,0.9307379703629703,0.0,311.0,0.0934339247222682,0.1233694896263957,0.0608005284118951,1.0,0.9065660752777316,0.9375512666707124,0.8680163060046243,0.0,,,,,,,,,,,,,,,,0.7,symmetric_confident
Exp2B,olmo3_7b_it,29,nan,movies,math,movies->math,0.2811621653394821,0.3145779914927,0.251543741136074,0.0,0.6458020973216342,0.6695332853934188,0.6166672577108276,0.0,0.8545619037175128,0.8748183235663123,0.8361503932040706,0.0,0.5733997383780307,0.6058103518210297,0.5468273773154383,0.0,0.6313260774207698,0.6616424624477266,0.6025757096174054,0.0,,,,,0.3540203888738861,0.4439857059752347,0.2838685600402383,0.0,0.2115683229813664,0.2570711828230576,0.1762265512177143,1.0,0.7884316770186336,0.8274147449026762,0.751962302594554,0.0,506.0,0.4344112881447475,0.4855203910947522,0.3894498818214058,0.99,0.5655887118552525,0.6175643365248336,0.5102712829860361,0.0,,,,,,,,,,,,,,,,0.7,symmetric_confident
Exp2B,olmo3_7b_it,30,nan,math,movies,math->movies,0.1221028236680359,0.1437886762351097,0.1018680821645131,0.0,0.7953619540303188,0.8154797147873164,0.7710731087041353,0.0,0.9675084815326628,0.9759126969622526,0.9603369171851364,0.0,0.845405657864627,0.8643798671900357,0.8249687378038685,0.0,0.9610640228634256,0.96830426897487,0.952169888420135,0.0,,,,,0.8377963853423976,0.8885220897560544,0.7790128836397275,0.0,0.0475460122699386,0.0684265584509069,0.0278186505377894,1.0,0.9524539877300614,0.9707062889874236,0.927798370328858,0.0,311.0,0.1146576023876637,0.1577290260068625,0.08113954353319,1.0,0.8853423976123362,0.9248799621592948,0.8384759445070433,0.0,,,,,,,,,,,,,,,,0.7,symmetric_confident
Exp2B,olmo3_7b_it,30,nan,movies,math,movies->math,0.2162887992670662,0.2489848889997067,0.1870251304463873,0.0,0.6369299835291152,0.6669581655131919,0.6108393220751244,0.0,0.7954522608473151,0.8219814963111242,0.7734145349711542,0.0,0.5791634615802489,0.6058971851474517,0.5416976894170282,0.0,0.6007785941440947,0.6346558060445702,0.5751233260224301,0.0,,,,,0.221391439373481,0.2996745577715676,0.1287266244090012,0.0,0.2907439913583581,0.3289903098664554,0.2455043085852036,1.0,0.709256008641642,0.7526903701281098,0.6655886770559838,0.0,506.0,0.4878645692681609,0.55087008811806,0.4413954889807162,0.69,0.5121354307318391,0.5639288778601799,0.4627111414244174,0.35,,,,,,,,,,,,,,,,0.7,symmetric_confident
Exp2B,olmo3_7b_it,31,nan,math,movies,math->movies,-0.0378834187916735,-0.0064281095299274,-0.0647441863756879,0.99,0.6269690171701674,0.6575833706718925,0.6031032739767545,0.0,0.7909401039999698,0.8125784533413877,0.76638964984083,0.0,0.8288235227916434,0.8494795501903063,0.8084879808828858,0.0,0.9541903101548704,0.9641638805763258,0.9446058029382314,0.0,,,,,0.7894627756590947,0.8293304885419951,0.7313875462132577,0.0,0.0919416348864201,0.1251142408533636,0.0600640938886161,1.0,0.9080583651135798,0.9391639146337132,0.8732110098805304,0.0,311.0,0.1185955894544851,0.1575354898765554,0.0822193418582045,1.0,0.8814044105455149,0.9123880948446914,0.8407387975244461,0.0,,,,,,,,,,,,,,,,0.7,symmetric_confident
Exp2B,olmo3_7b_it,31,nan,movies,math,movies->math,0.1438571606189601,0.1754782692936811,0.1035098206264182,0.0,0.599850936319822,0.6348687610333525,0.5694628831107552,0.0,0.6651519720729612,0.6989559325490233,0.6324433005478286,0.0,0.521294811454001,0.5509011301417155,0.4930876806775756,0.08,0.4315188982710092,0.4606663930312593,0.4032613980613826,1.0,,,,,-0.061554820415879,0.0477917426154958,-0.1508918912479379,0.9,0.4259721847150958,0.4624659146236252,0.3677683660301714,1.0,0.5740278152849041,0.622725294902872,0.5192089840840647,0.02,506.0,0.6355826357007831,0.6868880251769894,0.5861860057090305,0.0,0.3644173642992168,0.4105844303079373,0.3216254465685606,1.0,,,,,,,,,,,,,,,,0.7,symmetric_confident
Exp2B,qwen25_7b,0,nan,math,movies,math->movies,0.0102088426460161,0.0527336337892276,-0.0327423641078499,0.35,0.5100184241803007,0.5271275851853152,0.4901590671466732,0.19,0.496569647301104,0.5223946290931634,0.4752116541019009,0.67,0.4863608046550878,0.5130283539398331,0.4632490800121625,0.85,0.5054064704074908,0.5315380867441378,0.473251561329746,0.38,,,,,-0.0010471781305114,0.0403955572117367,-0.0349694473823616,0.53,0.5416482951205174,0.5871047744947703,0.4862116496340327,0.11,0.4583517048794827,0.5170547746710625,0.4150083979929987,0.93,522.0,0.4593988830099941,0.5147617875118774,0.4053746423577035,0.92,0.5406011169900059,0.5985602972536549,0.4940620737465955,0.04,,,,,,,,,,,,,,,,0.8,symmetric_confident
Exp2B,qwen25_7b,0,nan,movies,math,movies->math,0.0024581980446723,0.0392015103046124,-0.0248523071561353,0.42,0.5074375707602589,0.525257783973946,0.4911985381882564,0.21,0.4894239803416126,0.5126053414349084,0.4717908773652486,0.83,0.4869657822969403,0.5031221237071952,0.470610993542943,0.92,0.5192120125411701,0.5391732319804151,0.4942056404713865,0.1,,,,,0.0269079227862802,0.0572483513703317,0.0005270272248324,0.03,0.5328511151295962,0.5767633555735348,0.4786037192627548,0.11,0.4671488848704038,0.5096448496194909,0.4185248926280349,0.88,1823.0,0.4402409620841235,0.4767582848726214,0.4025544492994858,1.0,0.5597590379158764,0.5965564125026198,0.5160235991376464,0.01,,,,,,,,,,,,,,,,0.8,symmetric_confident
Exp2B,qwen25_7b,1,nan,math,movies,math->movies,-0.0574998061708873,-0.0235494000834139,-0.0860892835283086,1.0,0.4754697724149814,0.5033096135333014,0.4538035314402275,0.94,0.4785676254453594,0.5072113017012617,0.4559978163376215,0.93,0.5360674316162468,0.5599185643348426,0.5109065902004662,0.0,0.5331624216296345,0.5566219558854436,0.5063826746924667,0.01,,,,,-0.0133928571428571,0.0413413749504634,-0.0642035197260458,0.66,0.5052910052910053,0.559712297539243,0.4385083878549851,0.41,0.4947089947089947,0.5499135733115873,0.4532220882355833,0.51,522.0,0.5081018518518519,0.5471438628810619,0.4520160476194158,0.43,0.4918981481481481,0.5416262369693737,0.4395755162801402,0.6,,,,,,,,,,,,,,,,0.8,symmetric_confident
Exp2B,qwen25_7b,1,nan,movies,math,movies->math,-0.0149983557219563,0.0069077338431475,-0.0460113267808301,0.89,0.5111032191912503,0.5255339884550798,0.4971194495047766,0.04,0.4965573730998097,0.5166159978232728,0.4712848166991562,0.65,0.511555728821766,0.5281582080557008,0.4961848600759959,0.11,0.4992638429531633,0.5187787081067313,0.4784338953289345,0.51,,,,,-0.0518605095635043,-0.0037137116141397,-0.0953388403771607,0.98,0.5299585409958982,0.579308723691099,0.4893293619333673,0.04,0.4700414590041017,0.5043810605091231,0.424483076797732,0.94,1823.0,0.5219019685676061,0.5687005689829143,0.4713487819983174,0.2,0.4780980314323939,0.5271036271224597,0.4286646084652264,0.82,,,,,,,,,,,,,,,,0.8,symmetric_confident
Exp2B,qwen25_7b,2,nan,math,movies,math->movies,0.0255727257984084,0.0526786075743243,-0.0086583333690645,0.07,0.5109341103595145,0.5418522648806631,0.4908794343917333,0.22,0.5252954794401664,0.548771992258145,0.5045429062631028,0.02,0.4997227536417579,0.5276260672759292,0.4747332845718771,0.52,0.5108645427017341,0.5338523829593249,0.4899155491340639,0.17,,,,,0.0589910346854791,0.1394083608804746,-0.0227355633060743,0.09,0.4733980011757789,0.5266325750575338,0.4140091380785022,0.78,0.5266019988242211,0.5673045774431679,0.4666465887110473,0.14,522.0,0.4676109641387419,0.5081200817435473,0.419916226189533,0.87,0.5323890358612581,0.5881039281269661,0.4913380287456533,0.12,,,,,,,,,,,,,,,,0.8,symmetric_confident
Exp2B,qwen25_7b,2,nan,movies,math,movies->math,0.0468241922806231,0.0794746377383706,0.0159647779054706,0.0,0.5392647341550424,0.5553211703332842,0.5237220508728538,0.0,0.5357216851422927,0.5553642393456789,0.5193366898843945,0.0,0.4888974928616695,0.501920733547678,0.4717772103928073,0.92,0.4863533897984258,0.5064525965645985,0.4657371387167668,0.91,,,,,-0.002014143107073,0.0393855025256464,-0.0549060135333964,0.47,0.4963539599229627,0.5367387339308421,0.4450294265975779,0.64,0.5036460400770373,0.5472246434815309,0.4613651632601374,0.45,1823.0,0.5056601831841103,0.5543191434354777,0.4640774080412087,0.34,0.4943398168158897,0.5426974807642905,0.4546192160371592,0.61,,,,,,,,,,,,,,,,0.8,symmetric_confident
Exp2B,qwen25_7b,3,nan,math,movies,math->movies,0.0088364625412127,0.036739811453299,-0.0327174529362794,0.39,0.5120038836581497,0.5410900452906304,0.487138305805657,0.14,0.5205780114978386,0.5449314915904856,0.5010066191552628,0.02,0.5117415489566258,0.5332717005654644,0.4841813379036395,0.21,0.5205398964678508,0.5526184661643174,0.4970286446391751,0.05,,,,,0.0412257495590828,0.1281818113442441,-0.0341253080214962,0.15,0.4843106995884774,0.5402929575859801,0.4353983723696116,0.67,0.5156893004115226,0.5625428437051366,0.4695251063224475,0.26,522.0,0.4744635508524397,0.530221698262141,0.4344160460202881,0.82,0.5255364491475603,0.5729350227314586,0.4739896031003569,0.19,,,,,,,,,,,,,,,,0.8,symmetric_confident
Exp2B,qwen25_7b,3,nan,movies,math,movies->math,0.0283076839676478,0.0512374512258084,-0.0084535488862512,0.05,0.5503791681797792,0.568082611602912,0.5368475732173043,0.0,0.5284403038239556,0.5484298433981919,0.5069008672004717,0.0,0.5001326198563077,0.5164599420096516,0.4839622290652531,0.47,0.5121001297481097,0.5369948022993036,0.4922520217775261,0.09,,,,,0.0062078242843911,0.0560566844129423,-0.0419843877133087,0.35,0.5045722518708008,0.5549944805173653,0.4630506613301871,0.45,0.4954277481291992,0.5395769544330037,0.4474021675617706,0.59,1823.0,0.489219923844808,0.5346076974916831,0.4537668165386538,0.7,0.5107800761551919,0.5587461577689105,0.476666568823138,0.23,,,,,,,,,,,,,,,,0.8,symmetric_confident
Exp2B,qwen25_7b,4,nan,math,movies,math->movies,0.0084368241377474,0.0410850171656464,-0.0274858575319958,0.35,0.5119856582999386,0.5328810472994896,0.4872477010992176,0.23,0.5324810421704692,0.5565165743945185,0.5050827178803402,0.0,0.5240442180327217,0.5426289695382348,0.5022590111529813,0.0,0.5465495929314798,0.5730287422637147,0.5236570360243153,0.0,,,,,0.0636574074074073,0.1571213646498974,-0.0292748021803017,0.1,0.4739858906525573,0.5276292816750647,0.4147978383914401,0.83,0.5260141093474426,0.570488554362083,0.4680513413022081,0.22,522.0,0.4623567019400352,0.5102020933218434,0.4026192604155661,0.92,0.5376432980599647,0.5906439955522609,0.4788520431513566,0.13,,,,,,,,,,,,,,,,0.8,symmetric_confident
Exp2B,qwen25_7b,4,nan,movies,math,movies->math,0.032032546312146,0.057384324174735,0.0037134744783603,0.01,0.5844751991968044,0.6025385765025678,0.5673730089859316,0.0,0.5481762991158544,0.5669502357017006,0.5232967593616388,0.0,0.5161437528037084,0.5306230599570498,0.4971657652433504,0.04,0.5229796980345054,0.5418153778831988,0.502438036421588,0.01,,,,,-0.0132793778209029,0.0370670576617224,-0.0640420589692444,0.74,0.5167967773710287,0.5624945043261871,0.4735459154890704,0.2,0.4832032226289713,0.5277551305040844,0.4409525093264326,0.73,1823.0,0.4964826004498743,0.5363795300327064,0.4492871568301152,0.49,0.5035173995501258,0.5579341680784099,0.4633961024917918,0.44,,,,,,,,,,,,,,,,0.8,symmetric_confident
Exp2B,qwen25_7b,5,nan,math,movies,math->movies,-0.0086645711500011,0.0181665603648771,-0.0408395635112841,0.73,0.5251874450477836,0.5516966074296117,0.5036897157311748,0.02,0.5198420982265369,0.5494057421080477,0.4986067320796881,0.04,0.5285066693765381,0.547844385757295,0.5044223995563987,0.01,0.5358398558900035,0.5598945744756614,0.5058875761595838,0.01,,,,,0.0512933568489124,0.1928420764618944,-0.038955159478376,0.22,0.4863131981187537,0.5407548278460433,0.4342231893830263,0.67,0.5136868018812464,0.56630274241868,0.4627084396685697,0.25,522.0,0.4623934450323339,0.5198653715523834,0.415621315924244,0.9,0.5376065549676661,0.602723981602658,0.4967152134123953,0.04,,,,,,,,,,,,,,,,0.8,symmetric_confident
Exp2B,qwen25_7b,5,nan,movies,math,movies->math,0.0374634613728568,0.062653782731955,0.0070833794365655,0.02,0.6017794202465128,0.6141848074167089,0.5858099245301371,0.0,0.5625465045446254,0.5785233561623354,0.541149039433063,0.0,0.5250830431717686,0.5410072632953451,0.5066427879755718,0.01,0.5344587920691898,0.5559809542804383,0.5147246887858855,0.0,,,,,-0.0022071038974403,0.0387109882311478,-0.0561946060616615,0.46,0.5261801849483233,0.5598991941051462,0.4781639877314108,0.2,0.4738198150516767,0.5144667504463872,0.4291371534893717,0.87,1823.0,0.4760269189491171,0.5234851949530981,0.4233915905096412,0.83,0.5239730810508828,0.5788209363106803,0.4847254630075739,0.13,,,,,,,,,,,,,,,,0.8,symmetric_confident
Exp2B,qwen25_7b,6,nan,math,movies,math->movies,0.0013979624747635,0.0379097647600089,-0.0221402274284728,0.41,0.5304772171976689,0.5584635081037279,0.505381346376456,0.0,0.555833241466338,0.5777154551369942,0.5270095254608843,0.0,0.5544352789915744,0.573887583479523,0.5332156470500007,0.0,0.5681672651703683,0.589081365078808,0.545963310277895,0.0,,,,,0.0686728395061728,0.141942710113896,-0.0562944641995761,0.13,0.4499559082892416,0.5095673736589497,0.3953824952680769,0.95,0.5500440917107584,0.6001879296630043,0.4939914092796407,0.04,522.0,0.4813712522045855,0.5379124112484781,0.4339508599608815,0.72,0.5186287477954145,0.5830488876784821,0.4557862881801064,0.33,,,,,,,,,,,,,,,,0.8,symmetric_confident
Exp2B,qwen25_7b,6,nan,movies,math,movies->math,0.0664467969998378,0.0913424264692918,0.0435358866498733,0.0,0.6484925839688406,0.663597415116832,0.6358627508536195,0.0,0.6118024318306184,0.6297430829968541,0.5922172442896042,0.0,0.5453556348307806,0.5626446811580109,0.5302221330730745,0.0,0.5289458740445273,0.5531177352030111,0.5044558795554399,0.0,,,,,-0.015065643423161,0.0561828379156975,-0.084012448643884,0.64,0.4872682632793778,0.5322254097763917,0.4457836665555461,0.73,0.5127317367206222,0.5544531666805693,0.4701878242804189,0.2,1823.0,0.5277973801437833,0.5754513490092824,0.4818086075894821,0.13,0.4722026198562166,0.5117352492214616,0.4347904834565382,0.9,,,,,,,,,,,,,,,,0.8,symmetric_confident
Exp2B,qwen25_7b,7,nan,math,movies,math->movies,0.056420660780195,0.0840284713434581,0.0236035714467764,0.0,0.6013760697732986,0.6263398974556578,0.5735926929683682,0.0,0.6538733079858611,0.675310662033943,0.6286009784447736,0.0,0.597452647205666,0.6194896411802728,0.5748267325681446,0.0,0.6394963186744883,0.6621658707769997,0.6190387933718033,0.0,,,,,0.1394032921810699,0.2283000094503741,0.0344256031154942,0.0,0.4206716637272192,0.4615488135597677,0.3741907645237895,1.0,0.5793283362727807,0.6286959111975897,0.5248128722313187,0.0,522.0,0.4399250440917107,0.4921620045710488,0.3831790437195498,0.98,0.5600749559082893,0.6068194196001776,0.5013686723868446,0.02,,,,,,,,,,,,,,,,0.8,symmetric_confident
Exp2B,qwen25_7b,7,nan,movies,math,movies->math,0.0526185477683154,0.0744858610975465,0.0264964259455479,0.0,0.7068741588874885,0.7224251495523487,0.6963392488433581,0.0,0.6595232359247392,0.682045049965635,0.6386062752621288,0.0,0.6069046881564237,0.625425997314253,0.5918354213481533,0.0,0.5829296916675557,0.6060391512582489,0.5573238620503663,0.0,,,,,0.0378938237845308,0.1293524106467341,-0.0474601093787786,0.25,0.4709786971287434,0.5208184961311247,0.4257992052158394,0.83,0.5290213028712566,0.5700386508757194,0.4866178909611677,0.13,1823.0,0.4911274790867257,0.5424216263306572,0.438508509820147,0.61,0.5088725209132743,0.5555731523629345,0.4615590485675961,0.4,,,,,,,,,,,,,,,,0.8,symmetric_confident
Exp2B,qwen25_7b,8,nan,math,movies,math->movies,0.0612653491157816,0.0850244346481814,0.0391083400840698,0.0,0.6668757980497763,0.6855102970144242,0.6427837350815538,0.0,0.725374758702541,0.74822353874512,0.7012299098793107,0.0,0.6641094095867593,0.692850893243005,0.6423230226571083,0.0,0.7136640623350792,0.7353513661638058,0.6928357771675239,0.0,,,,,0.1363168724279835,0.2535295098481483,0.0233804933803643,0.0,0.4215718694885361,0.4741806275040964,0.364810214266518,0.99,0.5784281305114638,0.6323580738577891,0.5341979637126663,0.0,522.0,0.4421112580834803,0.4871214297412803,0.3855192079443763,0.99,0.5578887419165197,0.6020789828964911,0.5071664942113586,0.02,,,,,,,,,,,,,,,,0.8,symmetric_confident
Exp2B,qwen25_7b,8,nan,movies,math,movies->math,-0.0187641167235094,0.0033831852126068,-0.0384400262930722,0.89,0.7092256246484239,0.7236907766738381,0.694438483138562,0.0,0.6671298479159425,0.6826000286973434,0.6444230405843708,0.0,0.685893964639452,0.7012813661410117,0.6719821685976095,0.0,0.6443315219074693,0.6638471295495255,0.6252329532811683,0.0,,,,,0.0341963274967287,0.1367459199248561,-0.02903183788711,0.15,0.4788809009247416,0.5246170512468543,0.4345253183337269,0.82,0.5211190990752583,0.5782918288677339,0.4747380621904621,0.23,1823.0,0.4869227715785295,0.5318284006107062,0.4519912419235387,0.66,0.5130772284214705,0.5549923003287834,0.4720304564358032,0.27,,,,,,,,,,,,,,,,0.8,symmetric_confident
Exp2B,qwen25_7b,9,nan,math,movies,math->movies,0.0575618608205548,0.0831368676958162,0.0323247116043645,0.0,0.6526765871525584,0.6779172796767167,0.628253970451999,0.0,0.7049685580321855,0.7247442652678527,0.6790171598041533,0.0,0.6474066972116307,0.672148432452747,0.6238741952947265,0.0,0.6880630762699341,0.7106469401276503,0.6646831649792149,0.0,,,,,0.1113866843033509,0.2110370715939036,0.0085841000002392,0.02,0.4346340388007054,0.4834352142819396,0.3739780162574534,1.0,0.5653659611992945,0.6159388767282702,0.5123929794520549,0.0,522.0,0.4539792768959436,0.5204334918386013,0.4006043144979196,0.92,0.5460207231040565,0.6006098977993849,0.4808763176113653,0.06,,,,,,,,,,,,,,,,0.8,symmetric_confident
Exp2B,qwen25_7b,9,nan,movies,math,movies->math,0.0030225297825499,0.0283338903652743,-0.0193431176082041,0.41,0.7248595475615748,0.736905498339493,0.7117618140282633,0.0,0.6895082994049483,0.702845560179709,0.6700995193575139,0.0,0.6864857696223984,0.7009239825119056,0.6686190181884942,0.0,0.6532896480281385,0.6697154937960825,0.6252953806483735,0.0,,,,,0.0497691821402843,0.1369195567508874,-0.0328528957428606,0.14,0.4667776650641732,0.5112770124773436,0.4317641373773713,0.9,0.5332223349358267,0.5844204444672638,0.4930812386450985,0.09,1823.0,0.4834531527955424,0.5193259058685796,0.437837128703785,0.74,0.5165468472044575,0.5619635849079266,0.4707370661801042,0.28,,,,,,,,,,,,,,,,0.8,symmetric_confident
Exp2B,qwen25_7b,10,nan,math,movies,math->movies,0.0508225937583204,0.0804052367484327,0.0301916767914393,0.0,0.651428426256887,0.6746149136109525,0.630819285338715,0.0,0.6967392298652956,0.7162120993197739,0.6742742707700844,0.0,0.6459166361069751,0.6674662627119359,0.623103455552798,0.0,0.6709464958800585,0.6935825930038,0.6408137294758038,0.0,,,,,0.0353284832451499,0.1491300095688523,-0.0700929687081629,0.26,0.4650573192239859,0.5166838377923598,0.4106323056517091,0.89,0.5349426807760141,0.5735532956270124,0.4724647563941054,0.16,522.0,0.4996141975308642,0.5462178029046901,0.4468903963940648,0.54,0.5003858024691358,0.5542414047136054,0.4407874660059111,0.45,,,,,,,,,,,,,,,,0.8,symmetric_confident
Exp2B,qwen25_7b,10,nan,movies,math,movies->math,-0.0066009954994569,0.0155315347887007,-0.0307472116862289,0.73,0.6858350422603408,0.6996334114665229,0.6711550680869419,0.0,0.6667371619924078,0.6870099581320417,0.6467554727323591,0.0,0.6733381574918648,0.6871350305051201,0.6575900230914054,0.0,0.645612483351287,0.6647697834858699,0.6262719120512353,0.0,,,,,0.0601412840529851,0.1688341641252627,-0.0368206591676817,0.13,0.4571130860494862,0.5082020492347439,0.4116122864603566,0.97,0.5428869139505138,0.5917057707903949,0.4956046601464285,0.07,1823.0,0.4827456298975286,0.535648957055591,0.4318404792818673,0.71,0.5172543701024713,0.5639309072127262,0.473674335101493,0.29,,,,,,,,,,,,,,,,0.8,symmetric_confident
Exp2B,qwen25_7b,11,nan,math,movies,math->movies,0.044230197982003,0.07086292475807,0.0199572647077347,0.0,0.6547111998692192,0.6840030207158107,0.6349902173311209,0.0,0.6960496410150561,0.7178101373512638,0.6700363902326413,0.0,0.6518194430330531,0.6747863051296252,0.628395377400345,0.0,0.6650216610647346,0.6888048317846192,0.6399808325288028,0.0,,,,,0.0227623456790123,0.1326019856093777,-0.0910382719420916,0.35,0.4631466784244562,0.5333059562696785,0.4039797996953415,0.92,0.5368533215755438,0.5868723408702535,0.4801539357328539,0.11,522.0,0.5140909758965314,0.5543876364131725,0.4589764618762771,0.32,0.4859090241034685,0.547220294446065,0.427978743622997,0.65,,,,,,,,,,,,,,,,0.8,symmetric_confident
Exp2B,qwen25_7b,11,nan,movies,math,movies->math,0.0111568400757772,0.0343858651120584,-0.0121091333574474,0.21,0.6705360512393281,0.6860271705735713,0.654758015194815,0.0,0.6675233942380826,0.6885682609726376,0.646417409186095,0.0,0.6563665541623054,0.6728751442955185,0.6421794985026424,0.0,0.6425449902430798,0.6641629810705926,0.6204246949422212,0.0,,,,,0.0956460694805863,0.1700351782733314,0.0098103677462282,0.0,0.4328128905158853,0.4763857132279952,0.392453179130014,1.0,0.5671871094841148,0.617253578187537,0.5288317600331534,0.0,1823.0,0.4715410400035284,0.5097124317651833,0.422693533622889,0.9,0.5284589599964715,0.5762651602390114,0.487141361066245,0.1,,,,,,,,,,,,,,,,0.8,symmetric_confident
Exp2B,qwen25_7b,12,nan,math,movies,math->movies,0.0778252217931441,0.1028783112458993,0.0539839763938832,0.0,0.6764490816628596,0.6997137160934728,0.6572258745780583,0.0,0.7522253313662068,0.7711993200924739,0.7291879568140248,0.0,0.6744001095730627,0.6933605601340701,0.6499359829916469,0.0,0.7243403754271815,0.7427181174757488,0.7020187726918236,0.0,,,,,0.1446942974720751,0.228053925885583,0.0346596165967317,0.0,0.4051293356848912,0.449195428585699,0.362781004951808,1.0,0.5948706643151087,0.6509091618859859,0.5396412957074722,0.0,522.0,0.4501763668430335,0.5113657017301583,0.3902915583543855,0.96,0.5498236331569665,0.5970087468208383,0.5030610200353091,0.01,,,,,,,,,,,,,,,,0.8,symmetric_confident
Exp2B,qwen25_7b,12,nan,movies,math,movies->math,0.028141989598077,0.0475821097359732,0.0060070911474919,0.0,0.6837469470731065,0.7014351850410042,0.6702729241789729,0.0,0.6786638353816556,0.6958907499943482,0.6604554971816234,0.0,0.6505218457835786,0.6645074950049864,0.6377177109785431,0.0,0.6374622715211503,0.6563976064018191,0.6150317813828645,0.0,,,,,0.0949734632970199,0.2078398027145692,-0.0064981940068711,0.04,0.4366463782178509,0.4928763335074376,0.3878049539031712,0.99,0.5633536217821491,0.6098902783380395,0.5338666623842029,0.0,1823.0,0.4683801584851291,0.5059122408740504,0.4305136286323879,0.94,0.5316198415148709,0.5747970870095575,0.4779407701613883,0.1,,,,,,,,,,,,,,,,0.8,symmetric_confident
Exp2B,qwen25_7b,13,nan,math,movies,math->movies,0.1498740662006238,0.1746907244541344,0.1259335333649483,0.0,0.6578150336009332,0.6811406804282595,0.6389339760338494,0.0,0.7450292137045229,0.766540306179321,0.71965803666434,0.0,0.5951551475038991,0.6227147625614557,0.570954849119178,0.0,0.6145737801431249,0.6409223187655901,0.5909855793530894,0.0,,,,,0.150297619047619,0.2454170456053052,0.0396952109562371,0.0,0.3722258965314521,0.4226185442897662,0.3228610246577465,1.0,0.6277741034685479,0.6639696706105389,0.5773813200320551,0.0,522.0,0.4774764844209289,0.5370001531409174,0.4308012803431431,0.72,0.5225235155790712,0.5675250683114659,0.4758044212359828,0.14,,,,,,,,,,,,,,,,0.8,symmetric_confident
Exp2B,qwen25_7b,13,nan,movies,math,movies->math,0.1220928531827616,0.1473484911907203,0.1003924453647867,0.0,0.6370689409636924,0.6530972917856088,0.6240771117931833,0.0,0.6840375409119537,0.7055159234392885,0.6670408113484034,0.0,0.561944687729192,0.579747459264531,0.5487683715948672,0.0,0.5956690975795267,0.6189846955895744,0.5747174735543561,0.0,,,,,0.1645643129125685,0.2605635621464954,0.0767855074218426,0.0,0.3898579808582896,0.4376727142205384,0.3446069609314507,1.0,0.6101420191417104,0.6647616521693437,0.5645922220728787,0.0,1823.0,0.4455777062291418,0.4852783973394415,0.3963581841057222,0.99,0.5544222937708582,0.6150339371565503,0.5171332198264027,0.01,,,,,,,,,,,,,,,,0.8,symmetric_confident
Exp2B,qwen25_7b,14,nan,math,movies,math->movies,0.1275664546219692,0.1532294249753736,0.1039402288463894,0.0,0.6775116752749267,0.7030382978186164,0.6512121923803269,0.0,0.7923170654476112,0.8086121504229324,0.7685586222918283,0.0,0.6647506108256419,0.6882065565269694,0.6460313963690341,0.0,0.7455944889184948,0.7713707453797056,0.7224386949937762,0.0,,,,,0.3215388007054673,0.4274402231225286,0.2470571709698809,0.0,0.3103689006466784,0.3562760201268266,0.2651957649604789,1.0,0.6896310993533216,0.732984766521069,0.63815810629565,0.0,522.0,0.3680922986478542,0.4335609329960119,0.3157303570989702,1.0,0.6319077013521458,0.695975986050986,0.5812081245422899,0.0,,,,,,,,,,,,,,,,0.8,symmetric_confident
Exp2B,qwen25_7b,14,nan,movies,math,movies->math,0.0960790289956541,0.1176515079541292,0.0754476263928605,0.0,0.729818106081644,0.7464133681917156,0.7178102712476807,0.0,0.7588605569188094,0.774148298329288,0.7399015412813463,0.0,0.6627815279231553,0.6769565114659021,0.6506850548476104,0.0,0.6667626297911297,0.6883022941664231,0.6407897885627434,0.0,,,,,0.1691402402269954,0.2449044817342487,0.0872784853431407,0.0,0.3836501565738984,0.4279538677717885,0.3438557190452911,1.0,0.6163498434261016,0.6711822926659254,0.5789497739462431,0.0,1823.0,0.4472096031991061,0.4997679882177361,0.4052606257722233,0.97,0.5527903968008938,0.5994048874890946,0.5040447992328752,0.0,,,,,,,,,,,,,,,,0.8,symmetric_confident
Exp2B,qwen25_7b,15,nan,math,movies,math->movies,0.1854517059690356,0.2095121033043328,0.1630579181953828,0.0,0.7185607048022162,0.7422155771828955,0.7016529777557674,0.0,0.8850591427988395,0.8972079162763116,0.8713357868603165,0.0,0.6996074368298039,0.717536390097414,0.6766102487253953,0.0,0.8346898374775121,0.8533116146726842,0.8163046044864226,0.0,,,,,0.5586236037624926,0.6386216766986026,0.4809942348802262,0.0,0.1889880952380952,0.2256298991594658,0.150919550549001,1.0,0.8110119047619048,0.8441481901800256,0.7786734789661472,0.0,522.0,0.2523883009994121,0.2862183360355491,0.2044821150863236,1.0,0.7476116990005879,0.7859096069143189,0.6865810959143972,0.0,,,,,,,,,,,,,,,,0.8,symmetric_confident
Exp2B,qwen25_7b,15,nan,movies,math,movies->math,0.1555876817693282,0.1734580409893745,0.1344915641111182,0.0,0.736211095208596,0.7512858421795686,0.7235678577413778,0.0,0.8043384739282015,0.8194408308469592,0.7862802026805457,0.0,0.6487507921588732,0.6647990080049361,0.6330772080122464,0.0,0.7094158581787771,0.7283736398425279,0.6893202664205632,0.0,,,,,0.2981813904938326,0.3954907091892965,0.2062777261485933,0.0,0.3232920213469766,0.3727653524217361,0.2661795608035239,1.0,0.6767079786530235,0.7158592173498332,0.6354123168384783,0.0,1823.0,0.3785265881591908,0.4199341447678947,0.3484854320095448,1.0,0.6214734118408092,0.6720565904739916,0.5797506165934981,0.0,,,,,,,,,,,,,,,,0.8,symmetric_confident
Exp2B,qwen25_7b,16,nan,math,movies,math->movies,0.1838565662172586,0.2069107905891777,0.1595304761152325,0.0,0.7014056721733022,0.7246101362119166,0.6756787681838209,0.0,0.874078495851912,0.8907497121326277,0.8570138243338639,0.0,0.6902219296346533,0.7145361488059749,0.6701546144410194,0.0,0.8403038882021668,0.856751257391146,0.8266398875956779,0.0,,,,,0.591765873015873,0.6560661008230452,0.5196701042761862,0.0,0.1859567901234567,0.2282138972833574,0.1515921971441807,1.0,0.8140432098765432,0.8507745591773261,0.77653555211233,0.0,522.0,0.2222773368606702,0.2750963243425203,0.1761811561713575,1.0,0.7777226631393298,0.8291564834550835,0.7352278454486335,0.0,,,,,,,,,,,,,,,,0.8,symmetric_confident
Exp2B,qwen25_7b,16,nan,movies,math,movies->math,0.1553805078561682,0.1817040028071273,0.1347942406362475,0.0,0.7677926003460577,0.7785656574960419,0.7501262377652186,0.0,0.8375822110867522,0.8548832909828677,0.8226144232954835,0.0,0.682201703230584,0.6982305539560304,0.6659246647760098,0.0,0.7333834658920785,0.7574959986048779,0.713475780309412,0.0,,,,,0.333789088342963,0.4090135752432913,0.2551743040231612,0.0,0.2968141254649436,0.3377614306237154,0.2540431394167042,1.0,0.7031858745350564,0.7505517861165841,0.6615927320326105,0.0,1823.0,0.3693967861920934,0.4256877869812052,0.3212376461286151,1.0,0.6306032138079066,0.6744627639203816,0.5968741046203064,0.0,,,,,,,,,,,,,,,,0.8,symmetric_confident
Exp2B,qwen25_7b,17,nan,math,movies,math->movies,0.188998000995472,0.2098535339605731,0.1614638740421555,0.0,0.716098624592967,0.7374058391390002,0.6951005310209896,0.0,0.9088687224545612,0.921217970495482,0.8954379892140685,0.0,0.719870721459089,0.7422208494059239,0.6942610016841211,0.0,0.8907916433089944,0.9043361759616626,0.8781304146482087,0.0,,,,,0.6628086419753086,0.7168531915176719,0.5847402376654128,0.0,0.1486074368018812,0.1883058569465272,0.1188036595843581,1.0,0.8513925631981187,0.8866550057411327,0.8201738789252361,0.0,522.0,0.1885839212228101,0.2279731470738533,0.14240603920925,1.0,0.8114160787771899,0.851130880296873,0.7701772976872266,0.0,,,,,,,,,,,,,,,,0.8,symmetric_confident
Exp2B,qwen25_7b,17,nan,movies,math,movies->math,0.1828614291490704,0.2023103620740991,0.1583821922390256,0.0,0.7737087810366067,0.7862038631593976,0.7619176670147522,0.0,0.8672996906006615,0.8803210997770982,0.853618247256882,0.0,0.684438261451591,0.6965872698442819,0.6706935343580895,0.0,0.765840110406349,0.7857892132426239,0.7476933357669691,0.0,,,,,0.4238043781884473,0.4989299881383519,0.3533741526652204,0.0,0.2535909084226466,0.2924975044900413,0.2061545690991271,1.0,0.7464090915773534,0.799566242673699,0.7010510987048161,0.0,1823.0,0.322604713388906,0.3675861428846523,0.2836145695945931,1.0,0.6773952866110939,0.723111156664336,0.6183521496175983,0.0,,,,,,,,,,,,,,,,0.8,symmetric_confident
Exp2B,qwen25_7b,18,nan,math,movies,math->movies,0.2276431182140834,0.2518567573914778,0.2027836558043599,0.0,0.734027958804063,0.754832010207689,0.7147202295196066,0.0,0.9335156599998592,0.944178398076311,0.922333469878233,0.0,0.7058725417857759,0.7261868173661479,0.683686657976033,0.0,0.873645743665282,0.8885291523837285,0.8600576960431744,0.0,,,,,0.6561213991769548,0.714593421789211,0.5932975514446303,0.0,0.1315035273368606,0.1662946687449772,0.0975863416028771,1.0,0.8684964726631393,0.9022254024144868,0.8312616213814392,0.0,522.0,0.2123750734861846,0.2584175863630802,0.1757286526992991,1.0,0.7876249265138154,0.8237018738906541,0.7462725216188542,0.0,,,,,,,,,,,,,,,,0.8,symmetric_confident
Exp2B,qwen25_7b,18,nan,movies,math,movies->math,0.1919977994605193,0.2104133704934579,0.1755699516972682,0.0,0.7684706527389116,0.7790112905423272,0.7565364935990756,0.0,0.8721158578346176,0.886631986874493,0.8564885592018113,0.0,0.6801180583740983,0.6964985905631498,0.6678324248579123,0.0,0.7940209180108961,0.8116279837096425,0.7764028233927046,0.0,,,,,0.4827621693938458,0.5550812513825055,0.383513453282685,0.0,0.2360480159955306,0.2713825577742099,0.1928954205526329,1.0,0.7639519840044693,0.8087280386484219,0.7278528757454767,0.0,1823.0,0.2811898146106235,0.3287346189753358,0.2425361278443045,1.0,0.7188101853893765,0.7594402264328575,0.6715819213094644,0.0,,,,,,,,,,,,,,,,0.8,symmetric_confident
Exp2B,qwen25_7b,19,nan,math,movies,math->movies,0.2079443641827585,0.2309120684244544,0.1839815607924832,0.0,0.7401235127003133,0.7610089811357676,0.717751481625776,0.0,0.9440776280019983,0.953036580347876,0.9315916233083936,0.0,0.7361332638192398,0.7564453078077159,0.7160564834918172,0.0,0.9211839818361358,0.9322353535945376,0.9081545040484176,0.0,,,,,0.7213036449147561,0.7842658844127527,0.6361327823454941,0.0,0.1137198706643151,0.1419659175898846,0.0833715922597263,1.0,0.8862801293356849,0.9110945839677996,0.8548903425554615,0.0,522.0,0.1649764844209288,0.2025509990266934,0.1323267994294492,1.0,0.8350235155790712,0.8772887538698934,0.8042860560819217,0.0,,,,,,,,,,,,,,,,0.8,symmetric_confident
Exp2B,qwen25_7b,19,nan,movies,math,movies->math,0.12736544052425,0.1412927939684793,0.1107258188296015,0.0,0.7716106281018805,0.7849853586705924,0.7564507690337446,0.0,0.8773928545616613,0.8906463383438739,0.8638708302019708,0.0,0.7500274140374112,0.7658997939678488,0.7335452444830735,0.0,0.8499089698275417,0.864337766546095,0.8347429135111826,0.0,,,,,0.5104897161087344,0.5803275450976306,0.4202282304101145,0.0,0.2316080800952675,0.2680542599557108,0.183373115869741,1.0,0.7683919199047325,0.8056280806572068,0.7278441651494603,0.0,1823.0,0.2579022037959981,0.3081071412575302,0.2219432692145212,1.0,0.7420977962040018,0.7824712076211569,0.694211987423908,0.0,,,,,,,,,,,,,,,,0.8,symmetric_confident
Exp2B,qwen25_7b,20,nan,math,movies,math->movies,0.2064654651417419,0.2377305327884948,0.183244288364921,0.0,0.7430920369543991,0.7626003331884145,0.7201017412956849,0.0,0.9469286322450808,0.9563176169994608,0.9356214462800042,0.0,0.7404631671033389,0.7580135123854822,0.7190625401320817,0.0,0.9272460307594156,0.9381908759713764,0.9129999063929438,0.0,,,,,0.7258781599059377,0.793377202274567,0.659957413157158,0.0,0.1121215461493239,0.1460405364569496,0.0788377386104401,1.0,0.8878784538506761,0.9169602584678082,0.8537983221766665,0.0,522.0,0.1620002939447384,0.2052516107168293,0.1337441873227842,1.0,0.8379997060552616,0.8717993126405583,0.7965743268650193,0.0,,,,,,,,,,,,,,,,0.8,symmetric_confident
Exp2B,qwen25_7b,20,nan,movies,math,movies->math,0.1208168935435446,0.1385278872482741,0.1038685394434038,0.0,0.7666725411032548,0.7800602437290356,0.7534429792770097,0.0,0.8709801316754026,0.8858441670881151,0.8602761756383168,0.0,0.7501632381318579,0.7631522359637437,0.7349699852034346,0.0,0.8513026434886755,0.8644314391173938,0.8367358299897792,0.0,,,,,0.4973022243784825,0.569968170714097,0.3929994955342595,0.0,0.2426895426277951,0.2835789714883507,0.1916382009734412,1.0,0.7573104573722048,0.7990810600454837,0.7122053613963079,0.0,1823.0,0.2600082329937223,0.3047362550467148,0.2180226922354536,1.0,0.7399917670062777,0.789889550811025,0.7097136501367727,0.0,,,,,,,,,,,,,,,,0.8,symmetric_confident
Exp2B,qwen25_7b,21,nan,math,movies,math->movies,0.2028364464441984,0.2224868692217623,0.1851808211334901,0.0,0.732131416982941,0.7601914197077958,0.7096710166623333,0.0,0.9301486368892506,0.9403432732246464,0.9196152355114464,0.0,0.7273121904450522,0.7447110996665709,0.7046846136168784,0.0,0.9107815105748684,0.9252036258882004,0.8985051053053622,0.0,,,,,0.6902006172839505,0.7621796052601842,0.6168763432717435,0.0,0.1342041446208113,0.1608578238635225,0.1068035099645583,1.0,0.8657958553791887,0.896070658215361,0.8328994557248046,0.0,522.0,0.175595238095238,0.2157881276917979,0.1432545463147289,1.0,0.8244047619047619,0.8679380208859873,0.7752707718243126,0.0,,,,,,,,,,,,,,,,0.8,symmetric_confident
Exp2B,qwen25_7b,21,nan,movies,math,movies->math,0.1263419604474887,0.1435110440088291,0.1090161217363938,0.0,0.7572940920969247,0.7688266913018299,0.739014210758247,0.0,0.8626920839886703,0.8743913730315549,0.8493694934053975,0.0,0.7363501235411816,0.749514740690931,0.7236437874289225,0.0,0.846422978837636,0.8590317756006933,0.8305388920979118,0.0,,,,,0.4892897572737029,0.5526260952608385,0.4074511332086629,0.0,0.2482909187138887,0.2881062201144678,0.2053097188988915,1.0,0.7517090812861112,0.7971271138222531,0.7067214493856023,0.0,1823.0,0.2624193240124083,0.3048622710305497,0.2242694525723983,1.0,0.7375806759875917,0.7755160701183882,0.6972375074049849,0.0,,,,,,,,,,,,,,,,0.8,symmetric_confident
Exp2B,qwen25_7b,22,nan,math,movies,math->movies,0.1961570763325905,0.2180638924416819,0.1752370183753873,0.0,0.7255658697582765,0.747982635056579,0.6996762138905345,0.0,0.9205940784489413,0.9306757481242198,0.906705281499704,0.0,0.7244370021163506,0.7444092635336579,0.7003070352746777,0.0,0.9073488123356656,0.9202348257037182,0.8903846760431735,0.0,,,,,0.6816394767783657,0.7522668183384413,0.6178283506726883,0.0,0.1414609053497942,0.1721428516741178,0.1067915678762075,1.0,0.8585390946502057,0.8865109332937154,0.8261414318569552,0.0,522.0,0.17689961787184,0.2236640636436832,0.1353917851938977,1.0,0.82310038212816,0.8598662682711944,0.7785534061417888,0.0,,,,,,,,,,,,,,,,0.8,symmetric_confident
Exp2B,qwen25_7b,22,nan,movies,math,movies->math,0.1223518663030476,0.1376061833999892,0.1035202643233854,0.0,0.7562984641018521,0.7692728052406249,0.7378248586739058,0.0,0.8634695401685692,0.8767895721836613,0.8496130838869527,0.0,0.7411176738655216,0.7540782028112242,0.723942354925491,0.0,0.8548173717920038,0.8672637681485948,0.8403253865346505,0.0,,,,,0.498390155691792,0.5853123637187451,0.4226432413362176,0.0,0.2462878019376938,0.2911091707192487,0.2059655641273604,1.0,0.7537121980623062,0.7945370687367709,0.7161423033013276,0.0,1823.0,0.2553220423705141,0.306685164032096,0.2160051642898536,1.0,0.7446779576294859,0.7840132095657965,0.7128885558021706,0.0,,,,,,,,,,,,,,,,0.8,symmetric_confident
Exp2B,qwen25_7b,23,nan,math,movies,math->movies,0.1919047906046883,0.2119068927849425,0.1722544175056962,0.0,0.7067749731590179,0.7326736878356285,0.6799068989988768,0.0,0.901112020659519,0.9164304232134488,0.8877297731316067,0.0,0.7092072300548307,0.730438864125899,0.6854772296325644,0.0,0.897686359041237,0.9106063396571604,0.8850967218268182,0.0,,,,,0.6810515873015872,0.7615935846560846,0.6102539732107264,0.0,0.1528880070546737,0.191917943759028,0.1217035431832736,1.0,0.8471119929453262,0.8883618351528741,0.8047362503201115,0.0,522.0,0.1660604056437389,0.2071395800654368,0.1300872212861093,1.0,0.833939594356261,0.8642681373641026,0.7919774805618385,0.0,,,,,,,,,,,,,,,,0.8,symmetric_confident
Exp2B,qwen25_7b,23,nan,movies,math,movies->math,0.105408633707566,0.1255536068634408,0.0844273412523032,0.0,0.7508535734375779,0.7610183888963288,0.7380123024747953,0.0,0.8451196470300761,0.8573828360770368,0.8295698651441997,0.0,0.7397110133225101,0.7514375886283401,0.7272914726108578,0.0,0.8393319176908278,0.8550125648033334,0.8254147428938454,0.0,,,,,0.4507858098472485,0.5271635338083747,0.3845329138675818,0.0,0.2726370572928152,0.3112371918608018,0.2340983640168728,1.0,0.7273629427071847,0.7645253886537072,0.6828280923032525,0.0,1823.0,0.2765771328599362,0.3091794970568173,0.2378076521763539,1.0,0.7234228671400638,0.7643594103567102,0.6821069844622988,0.0,,,,,,,,,,,,,,,,0.8,symmetric_confident
Exp2B,qwen25_7b,24,nan,math,movies,math->movies,0.1781111522347468,0.2035082790428744,0.1565063526869622,0.0,0.7150194624734352,0.7387901207647113,0.6937394763041731,0.0,0.898209414529684,0.9135220026732224,0.8848167215659926,0.0,0.7200982622949371,0.7390601030915448,0.6931567715811785,0.0,0.8989353592546812,0.9153220862033878,0.8855527915844018,0.0,,,,,0.6406158142269254,0.7048581528053816,0.5616593460295908,0.0,0.1752829218106996,0.2258332270385897,0.1334118096800544,1.0,0.8247170781893004,0.8631954046017803,0.7873204663726282,0.0,522.0,0.184101263962375,0.2176904290620663,0.1524057266087866,1.0,0.815898736037625,0.8488285185615748,0.7755311005509857,0.0,,,,,,,,,,,,,,,,0.8,symmetric_confident
Exp2B,qwen25_7b,24,nan,movies,math,movies->math,0.1102967583913638,0.1274379097460713,0.090709711423783,0.0,0.7518091484559133,0.7651127109773553,0.7400953669727282,0.0,0.8413156527155901,0.8525650503276234,0.8308211723046293,0.0,0.7310188943242262,0.7460480090470185,0.7191898180869469,0.0,0.8255018705065683,0.841747700822998,0.8101827658116787,0.0,,,,,0.4233228950734353,0.5050395694757209,0.3286536468494193,0.0,0.2826232376247813,0.3246168927115327,0.2409490102416675,1.0,0.7173767623752186,0.7601466459008573,0.6737171550363433,0.0,1823.0,0.2940538673017833,0.3355701799872667,0.2481384761219608,1.0,0.7059461326982167,0.7515812496995079,0.6701947688234096,0.0,,,,,,,,,,,,,,,,0.8,symmetric_confident
Exp2B,qwen25_7b,25,nan,math,movies,math->movies,0.1733638468811074,0.191929439939183,0.1506592725292782,0.0,0.728426698713842,0.7515844490842004,0.7114712573148446,0.0,0.909996927342198,0.9234828728404592,0.8917494621722348,0.0,0.7366330804610906,0.7556069835541432,0.7158816366895692,0.0,0.9110688392624684,0.9253945704598991,0.8992964176598689,0.0,,,,,0.6517305996472663,0.7133314919231941,0.5687511004356453,0.0,0.1689998530276308,0.2117554003094945,0.1315430992462691,1.0,0.8310001469723692,0.8689569912727813,0.7942252116144889,0.0,522.0,0.1792695473251029,0.2211838943550737,0.1398643555613133,1.0,0.8207304526748971,0.8579782906083966,0.7748309373262381,0.0,,,,,,,,,,,,,,,,0.8,symmetric_confident
Exp2B,qwen25_7b,25,nan,movies,math,movies->math,0.0967652781765666,0.1160386669850171,0.0792064492433438,0.0,0.7634583342233995,0.7755123509311989,0.7502401163077023,0.0,0.8487777177410751,0.8593535538578577,0.8332863928647481,0.0,0.7520124395645085,0.7681570317882409,0.7367635496664386,0.0,0.8372910521986626,0.849691197822088,0.8205629504881382,0.0,,,,,0.4244916861465179,0.538136473716551,0.32613712774135,0.0,0.2817227539364001,0.3242732764158244,0.2420673313621564,1.0,0.7182772460635999,0.7581634150178954,0.6735866566634471,0.0,1823.0,0.293785559917082,0.3443210607945499,0.2492987869467936,1.0,0.706214440082918,0.7519995677782563,0.6766794569037778,0.0,,,,,,,,,,,,,,,,0.8,symmetric_confident
Exp2B,qwen25_7b,26,nan,math,movies,math->movies,0.1492885733770268,0.1677542952280532,0.1267962552648257,0.0,0.7153696102645217,0.7364983815350915,0.693791688669085,0.0,0.8843062243603125,0.898574843519752,0.8685034190756401,0.0,0.7350176509832856,0.7577710753294491,0.714706630723809,0.0,0.9030975205293416,0.9166728794186172,0.8883031347001021,0.0,,,,,0.5910493827160495,0.6878574749759337,0.505202414969574,0.0,0.209453997648442,0.2488582888053597,0.1788050026407869,1.0,0.7905460023515579,0.8309817670932557,0.7437402777908348,0.0,522.0,0.1994966196355085,0.2306660133181089,0.1574119080405887,1.0,0.8005033803644914,0.8423568125828953,0.7429284108956701,0.0,,,,,,,,,,,,,,,,0.8,symmetric_confident
Exp2B,qwen25_7b,26,nan,movies,math,movies->math,0.1172586231890396,0.1354630956333126,0.1016297210346246,0.0,0.7534029009035952,0.7691261398999053,0.7408542274706156,0.0,0.8443786717510489,0.8575619110298657,0.8297263169326712,0.0,0.7271200485620092,0.738965533025137,0.7127736408686933,0.0,0.8250733920010462,0.8419652690081583,0.8092695111257235,0.0,,,,,0.4262117937635072,0.5006391302582466,0.3491303996876723,0.0,0.2791168644055337,0.3172629345588851,0.2320499465909326,1.0,0.7208831355944663,0.7634847615265816,0.6741046960101115,0.0,1823.0,0.294671341830959,0.3311199153976092,0.2543150703201647,1.0,0.705328658169041,0.7485102856063072,0.65592035835682,0.0,,,,,,,,,,,,,,,,0.8,symmetric_confident
Exp2B,qwen25_7b,27,nan,math,movies,math->movies,0.1599915601879573,0.1792936293191306,0.1387641177881588,0.0,0.7509046405075707,0.7727743406473208,0.7301554518558472,0.0,0.9111392054716764,0.9229509181265888,0.8992687199418825,0.0,0.7511476452837191,0.771971306321639,0.7287647557233199,0.0,0.9040251817207352,0.9188577828530692,0.8908689445937069,0.0,,,,,0.5771237507348619,0.6668439790940629,0.5020605603695782,0.0,0.2069738389182833,0.2413170915883392,0.1614479144801333,1.0,0.7930261610817166,0.8327430996192894,0.7484946218352987,0.0,522.0,0.2159024103468547,0.258770049369054,0.1706070642268365,1.0,0.7840975896531452,0.8189854477574866,0.7322309261665604,0.0,,,,,,,,,,,,,,,,0.8,symmetric_confident
Exp2B,qwen25_7b,27,nan,movies,math,movies->math,0.1344976555645669,0.1541455967163703,0.114398052935811,0.0,0.7268322901758059,0.7401834252117941,0.7124304513536251,0.0,0.8211530717951012,0.833851766491337,0.8071200500001715,0.0,0.6866554162305343,0.6977767208178967,0.6731908729419068,0.0,0.7833912094795277,0.8025645685695405,0.7674164992641977,0.0,,,,,0.3818602155280142,0.4814586860051758,0.2834841084805669,0.0,0.298457048765786,0.3430632703303079,0.259348776253188,1.0,0.701542951234214,0.7355070029458518,0.6643538446910432,0.0,1823.0,0.3196827357061997,0.3544456818809936,0.2695511747225288,1.0,0.6803172642938002,0.7191805577571547,0.6367058318625056,0.0,,,,,,,,,,,,,,,,0.8,symmetric_confident
Exp2B,llama31_8b,0,nan,math,movies,math->movies,0.0089938518102433,0.0311153713686372,-0.016755593102213,0.27,0.5142688395546445,0.5303687238173509,0.5014922251689408,0.02,0.4983332404569518,0.5177605868297925,0.4837594019096551,0.51,0.4893393886467084,0.5021329964522326,0.4750388380357705,0.95,0.5029907123618463,0.5200328729858873,0.4872795145321852,0.36,,,,,-0.0099130051967192,0.0020598310960938,-0.0223573805214529,0.94,0.5013637799194174,0.5394521464990587,0.4663537578606656,0.39,0.4986362200805826,0.5302728696885698,0.4648072809038372,0.6,2066.0,0.508549225277302,0.5416866521086955,0.4658429700947591,0.33,0.4914507747226981,0.5187365200103902,0.4575640226064472,0.72,,,,,,,,,,,,,,,,0.8,symmetric_confident
Exp2B,llama31_8b,0,nan,movies,math,movies->math,-0.0224241111697552,0.003938198653156,-0.0483817443542556,0.95,0.4472141401042648,0.4633145895465692,0.4313677571459584,1.0,0.5477849794447718,0.5659230099536795,0.530874258895731,0.0,0.5702090906145271,0.5907322519527491,0.5520329104584423,0.0,0.5025304603422937,0.5209555470075024,0.4806877599163307,0.44,,,,,0.0496271330378704,0.0852667389929407,0.0199173596256564,0.0,0.3563466999283458,0.4040680902738253,0.3156263379419637,1.0,0.6436533000716541,0.6794483280859227,0.5994162472463112,0.0,1063.0,0.5940261670337836,0.6346757207191563,0.5533885037563634,0.0,0.4059738329662164,0.4404429292656383,0.3721847579230417,1.0,,,,,,,,,,,,,,,,0.8,symmetric_confident
Exp2B,llama31_8b,1,nan,math,movies,math->movies,-0.0150994919857126,0.0079763530637997,-0.0432504727694777,0.88,0.5107139592174524,0.5242657948610852,0.4963449594953701,0.08,0.4930609269062877,0.509772683874759,0.4741220324972713,0.78,0.5081604188920004,0.5242861719508356,0.4960119002355222,0.16,0.5047962292189097,0.5254016214538957,0.4879779480646753,0.28,,,,,-0.0342160418800064,-0.0115589729714265,-0.0577954317792398,0.99,0.5235498473523529,0.5618453625421598,0.4901783257470157,0.08,0.4764501526476471,0.5120104739893389,0.4412142201546176,0.87,2066.0,0.5106661945276536,0.5522216049841443,0.4815812650074057,0.21,0.4893338054723464,0.5285563429728555,0.4509035916659263,0.69,,,,,,,,,,,,,,,,0.8,symmetric_confident
Exp2B,llama31_8b,1,nan,movies,math,movies->math,-0.0936822749300509,-0.066327485002869,-0.1240181705137019,1.0,0.4899398681133067,0.5081651046021018,0.4695063283723623,0.85,0.4576977551794434,0.4782290048203869,0.4417933563400698,1.0,0.5513800301094944,0.5679792091904233,0.5335833812335175,0.0,0.5560790309581378,0.5750946069248011,0.5362416614300568,0.0,,,,,-0.0447882664118963,-0.0103667362986921,-0.0821972627060265,0.99,0.5512459860407102,0.5827538125548082,0.5138416336857755,0.01,0.4487540139592898,0.4817313871791666,0.4123581492789483,1.0,1063.0,0.4935422803711862,0.5241445780675174,0.4534774726508015,0.7,0.5064577196288138,0.5387721893115583,0.4751261689128724,0.35,,,,,,,,,,,,,,,,0.8,symmetric_confident
Exp2B,llama31_8b,2,nan,math,movies,math->movies,-0.0671820060983631,-0.0447683162788211,-0.091696992008307,1.0,0.4910255299902807,0.504347491410259,0.4726139382580417,0.88,0.469137364168292,0.4822232408503194,0.4531149947121404,0.99,0.5363193702666551,0.5507750134320015,0.5243853402938283,0.0,0.530893470790378,0.5489289643985019,0.5137832554150209,0.0,,,,,-0.0115552833312597,0.0333215780654208,-0.0466187157057548,0.76,0.5355128291016279,0.5691986186645697,0.496097968044321,0.05,0.4644871708983721,0.4938484975459649,0.4412615798954925,0.99,2066.0,0.4760424542296318,0.5120269896492105,0.4451246415997051,0.87,0.5239575457703681,0.557977947630224,0.4914278178278405,0.11,,,,,,,,,,,,,,,,0.8,symmetric_confident
Exp2B,llama31_8b,2,nan,movies,math,movies->math,-0.1297802235007464,-0.111039046302415,-0.1538735696816116,1.0,0.6125763058974124,0.628739012356541,0.5907967216941202,0.0,0.4661414416427928,0.4832292144368662,0.4430487863806564,1.0,0.5959216651435393,0.6142011028933785,0.5770790635991992,0.0,0.5439914054087003,0.5663529669494298,0.5185234972888384,0.0,,,,,-0.3169369178100369,-0.271155978666766,-0.3636578076378876,1.0,0.730713091478464,0.7595180195447413,0.6996438936623964,0.0,0.269286908521536,0.3008657270355462,0.2351666896127669,1.0,1063.0,0.586223826331573,0.6186533243210302,0.5507330158865685,0.0,0.413776173668427,0.4551889634134383,0.3765968118339405,1.0,,,,,,,,,,,,,,,,0.8,symmetric_confident
Exp2B,llama31_8b,3,nan,math,movies,math->movies,-0.0630489810828971,-0.0342020739318179,-0.0864425112725118,1.0,0.4816477332871426,0.4954210908461439,0.463762435396757,0.99,0.4837076251509241,0.4960736427759692,0.4678643271298888,0.99,0.5467566062338213,0.5573029556905224,0.5328248613928633,0.0,0.5327173771709854,0.5478607406891643,0.5139083614363803,0.0,,,,,0.0221592703538171,0.0535261075341688,-0.0143267343990887,0.05,0.508811453837246,0.5382919417522364,0.4782134698559201,0.45,0.491188546162754,0.5226848600228856,0.4630343889277659,0.7,2066.0,0.4690292758089368,0.4997213345217048,0.4314054549520863,0.98,0.5309707241910632,0.5653248786091554,0.5019250689916372,0.01,,,,,,,,,,,,,,,,0.8,symmetric_confident
Exp2B,llama31_8b,3,nan,movies,math,movies->math,-0.0328753052834071,-2.9040058893848707e-06,-0.0549861235540769,0.97,0.66420074482848,0.6804808988733788,0.6462783333572432,0.0,0.5367477616135347,0.5531801891429465,0.5176994862082871,0.0,0.5696230668969418,0.5874168037389975,0.5546557487849004,0.0,0.5168975320180696,0.539402366962842,0.4936838808768224,0.09,,,,,-0.3096587139407128,-0.2370630664908747,-0.3589949996996172,1.0,0.720918146192157,0.7493082994476474,0.6879674766085071,0.0,0.279081853807843,0.3142882742746569,0.2411809620282434,1.0,1063.0,0.5887405677485559,0.6230808950887592,0.55047906543075,0.0,0.4112594322514441,0.4513196713946585,0.3813253269017402,1.0,,,,,,,,,,,,,,,,0.8,symmetric_confident
Exp2B,llama31_8b,4,nan,math,movies,math->movies,-0.0647126022534064,-0.0372528301961917,-0.0841461618107551,1.0,0.5176305368707719,0.5319428607657865,0.5046705599863747,0.0,0.4917321445156496,0.5134686966146677,0.4774404759831799,0.8,0.5564447467690561,0.5693028553696513,0.541009423634434,0.0,0.543020618556701,0.5616157204051261,0.524189133414984,0.0,,,,,0.0086994803280727,0.0469481648028845,-0.0225185575157328,0.38,0.5151183378154638,0.5468162390270273,0.4794405650230285,0.2,0.4848816621845361,0.5258264828507195,0.4494898396564211,0.76,2066.0,0.4761821818564634,0.5050762316529189,0.4406594032536505,0.9,0.5238178181435367,0.5540005937972051,0.4962886554905703,0.1,,,,,,,,,,,,,,,,0.8,symmetric_confident
Exp2B,llama31_8b,4,nan,movies,math,movies->math,-0.0571459078313107,-0.0342888400785819,-0.0789143924161362,1.0,0.6093253027411765,0.6227308130413044,0.5902075072901679,0.0,0.5302571604662346,0.5494569623112247,0.5116610887115588,0.01,0.5874030682975454,0.6055371019640491,0.5720920652660675,0.0,0.5517537978069909,0.5732451239387586,0.5324863918103125,0.0,,,,,-0.1893704165671469,-0.1315581986513178,-0.2377197500171072,1.0,0.63372787346408,0.675721909717139,0.6029948927712989,0.0,0.3662721265359199,0.4006144213426804,0.3258607073181969,1.0,1063.0,0.5556425431030669,0.5987917649158119,0.5198294112185684,0.01,0.444357456896933,0.4879961111706392,0.4007590890269407,0.99,,,,,,,,,,,,,,,,0.8,symmetric_confident
Exp2B,llama31_8b,5,nan,math,movies,math->movies,-0.0384761900802249,-0.0124237051911122,-0.0598860431083433,1.0,0.5097892428572803,0.5240647888953508,0.4939872461448229,0.1,0.4868709018296647,0.5072350343176845,0.4695794860860994,0.92,0.5253470919098896,0.5415034269354372,0.5104573583173363,0.0,0.5387900065013467,0.5572253307484301,0.5209843879151712,0.0,,,,,-0.0082094765956225,0.0391336691074779,-0.0481454690670308,0.64,0.5355836499535837,0.5626918872525823,0.5020363444076184,0.02,0.4644163500464163,0.5000415375835565,0.4291628632393183,0.97,2066.0,0.4726258266420389,0.5009541253351782,0.4408422631756579,0.97,0.5273741733579611,0.5703719453004452,0.4972268779241668,0.07,,,,,,,,,,,,,,,,0.8,symmetric_confident
Exp2B,llama31_8b,5,nan,movies,math,movies->math,-0.04855807386843,-0.0252041247140022,-0.0682186233656932,1.0,0.5535159506806342,0.5726971208345846,0.5346306951066758,0.0,0.4959609145891325,0.5134945290744998,0.4712516054322163,0.72,0.5445189884575625,0.5676404194950242,0.5265789508136725,0.0,0.5432394209995192,0.5673493722391376,0.5199631030572777,0.0,,,,,-0.09103615438373,-0.0052220574549328,-0.1707067208455645,0.98,0.5891563387383562,0.6250899306464047,0.5540200683871727,0.0,0.4108436612616438,0.4488544410228522,0.3758408338658141,1.0,1063.0,0.5018798156453739,0.5327544008154504,0.4597965717137748,0.51,0.4981201843546261,0.53954378001902,0.4630936786303566,0.53,,,,,,,,,,,,,,,,0.8,symmetric_confident
Exp2B,llama31_8b,6,nan,math,movies,math->movies,0.0356176093801717,0.0628780897162608,0.0179652260754656,0.0,0.5693693043486628,0.5825188206584184,0.5553633990885595,0.0,0.5800785734187796,0.5993903885971829,0.5608394574127958,0.0,0.5444609640386078,0.5571468116966152,0.5273579668095678,0.0,0.5614812854091205,0.5795624767766835,0.5419815408777668,0.0,,,,,0.0713127697652383,0.1189994293834837,0.0171471264883508,0.0,0.4619912143862033,0.4927929134282966,0.4235433327198911,0.98,0.5380087856137966,0.5702418983145656,0.5008746105130781,0.03,2066.0,0.4666960158485582,0.5037842410992535,0.4290326136383115,0.95,0.5333039841514418,0.5719386699327207,0.4973011767388349,0.04,,,,,,,,,,,,,,,,0.8,symmetric_confident
Exp2B,llama31_8b,6,nan,movies,math,movies->math,0.0412683783946135,0.061273849438901,0.0108737942243784,0.0,0.622198836244696,0.641564787630791,0.6043185652413574,0.0,0.6381490389499563,0.6584021350070447,0.6188138115601316,0.0,0.5968806605553428,0.6152879722680142,0.5778919118123843,0.0,0.629222372351017,0.6460793306355496,0.6097920748801704,0.0,,,,,0.0405288253142609,0.1184723478420352,-0.0224823124710739,0.14,0.4930026627035729,0.5278324362471991,0.4519726590964128,0.66,0.506997337296427,0.5399673388815923,0.4671440387688384,0.34,1063.0,0.4664685119821661,0.5032923698937202,0.4330143218889083,0.96,0.5335314880178339,0.569805897924928,0.5048207651742362,0.02,,,,,,,,,,,,,,,,0.8,symmetric_confident
Exp2B,llama31_8b,7,nan,math,movies,math->movies,0.024318519124157,0.0432293378094096,0.0067196933512294,0.01,0.5820628482346488,0.5946942737869605,0.5669087905124139,0.0,0.5702557815547507,0.5867839691967125,0.5546848500844891,0.0,0.5459372624305936,0.5632145068357781,0.5301256520783604,0.0,0.567383858084889,0.5824042362080976,0.5528780241261448,0.0,,,,,0.0560671458239623,0.1011924540132346,0.0117468539411115,0.01,0.4974609767535338,0.528000275967924,0.4643042423618661,0.56,0.5025390232464662,0.5272715380377433,0.4738242221901667,0.41,2066.0,0.4464718774225038,0.4801028141064416,0.4065133883811687,1.0,0.5535281225774962,0.5826215388715764,0.5241408223114914,0.0,,,,,,,,,,,,,,,,0.8,symmetric_confident
Exp2B,llama31_8b,7,nan,movies,math,movies->math,0.0478848493806803,0.0726168922017312,0.0229411771716255,0.0,0.6020796176979163,0.6178116565505057,0.5848545068023859,0.0,0.6214606148959371,0.6418302667450553,0.5991459728145617,0.0,0.5735757655152567,0.5938398021981329,0.5572047593622881,0.0,0.6492281630330983,0.6712256959251911,0.628081701116306,0.0,,,,,0.1246826428881045,0.1981791543627056,0.0613634825722103,0.0,0.4840193554665039,0.5238290716593955,0.4517940318828272,0.81,0.5159806445334961,0.5581938277824353,0.4845700093093765,0.14,1063.0,0.3912980016453916,0.4334036114918631,0.3556586192315138,1.0,0.6087019983546085,0.6507839258584268,0.5724422736247133,0.0,,,,,,,,,,,,,,,,0.8,symmetric_confident
Exp2B,llama31_8b,8,nan,math,movies,math->movies,0.1225015148819138,0.1478720422884565,0.103100996495322,0.0,0.62834648084529,0.6412710134484613,0.616123052559409,0.0,0.7255289309928485,0.7424957192837782,0.7111901095360987,0.0,0.6030274161109347,0.6181992001642866,0.585968464303724,0.0,0.6366321166527352,0.6523251446431172,0.6227523959842893,0.0,,,,,0.2495152599795193,0.2888112105729852,0.2060736642981619,0.0,0.3446410626955947,0.3711375796771708,0.3130378266989804,1.0,0.6553589373044052,0.6867083726932784,0.6263903268428556,0.0,2066.0,0.4058436773248858,0.4330227705716555,0.3726818982161025,1.0,0.5941563226751141,0.6263123238651448,0.5613480387101922,0.0,,,,,,,,,,,,,,,,0.8,symmetric_confident
Exp2B,llama31_8b,8,nan,movies,math,movies->math,0.0437212712054142,0.0678266597184611,0.0201990319617627,0.0,0.6494092205013534,0.6689433295667921,0.6319463067396115,0.0,0.6920927558905798,0.7098571238656686,0.6706561311020549,0.0,0.6483714846851656,0.6621283454326485,0.629500761109194,0.0,0.6744906485563931,0.6912529872818983,0.6572501433730168,0.0,,,,,0.0398034376299283,0.094754987887773,-0.0275942884521506,0.12,0.4649336977964137,0.496720893487541,0.4302513182766188,0.98,0.5350663022035862,0.5703044989334175,0.5042045627066714,0.02,1063.0,0.4952628645736578,0.5264477426639308,0.4621673829345322,0.62,0.5047371354263422,0.5432862777470895,0.4692837478386444,0.46,,,,,,,,,,,,,,,,0.8,symmetric_confident
Exp2B,llama31_8b,9,nan,math,movies,math->movies,0.1634811963743231,0.1787133177992608,0.1446020523443558,0.0,0.6487892380457481,0.6658223482429922,0.6358725064499711,0.0,0.7634487786755828,0.7782265665660896,0.7474653998387386,0.0,0.5999675823012597,0.6114805825098814,0.5844963107373295,0.0,0.6650153246029534,0.6775825228383652,0.6499306227787243,0.0,,,,,0.3398864952291628,0.387003087070339,0.2906479054726652,0.0,0.3003014671400817,0.3371308434124937,0.2627328933052487,1.0,0.6996985328599182,0.7267213855030888,0.6650486193897015,0.0,2066.0,0.3598120376307553,0.3903659510843982,0.3323542011757964,1.0,0.6401879623692446,0.6697143532010383,0.6109105717168617,0.0,,,,,,,,,,,,,,,,0.8,symmetric_confident
Exp2B,llama31_8b,9,nan,movies,math,movies->math,0.087489769486268,0.1139080393372523,0.0629521581388004,0.0,0.6878158979663723,0.7057690731157745,0.6689836550324787,0.0,0.7307603741254716,0.7505163623410626,0.7120549812525991,0.0,0.6432706046392035,0.660207175308715,0.6286993931979294,0.0,0.7106735223601601,0.7287352218415795,0.6928284722604403,0.0,,,,,0.1125191298886265,0.1713923359150686,0.0404922005930914,0.0,0.4648938899356882,0.4984879601942362,0.4324218259862769,0.98,0.5351061100643119,0.5683920277972477,0.508823382361292,0.0,1063.0,0.4225869801756853,0.4574878491295167,0.3869076849878082,1.0,0.5774130198243146,0.6208542001896653,0.5349547959652098,0.0,,,,,,,,,,,,,,,,0.8,symmetric_confident
Exp2B,llama31_8b,10,nan,math,movies,math->movies,0.1955434362611653,0.2131727100956969,0.1780894932003039,0.0,0.694155491882945,0.7076736191940035,0.6777942038737559,0.0,0.8165867929785455,0.8303939240925722,0.8032753544139906,0.0,0.6210433567173802,0.6361275967824502,0.6070960319275628,0.0,0.6912187238785177,0.7042909721589895,0.6761497288144674,0.0,,,,,0.391468958454957,0.4359225056659314,0.3469848598905828,0.0,0.2690886121984132,0.2965505938659961,0.2400923151658388,1.0,0.7309113878015868,0.7612130214479017,0.6965748958806337,0.0,2066.0,0.3394424293466297,0.3694018217958855,0.315429165653136,1.0,0.6605575706533702,0.6913848229335481,0.6268937043559345,0.0,,,,,,,,,,,,,,,,0.8,symmetric_confident
Exp2B,llama31_8b,10,nan,movies,math,movies->math,0.1243936579002801,0.1464795886392336,0.1052268424911225,0.0,0.709216912742044,0.7247051725227834,0.6923979379233927,0.0,0.7826961889861904,0.8022416368667411,0.7700889997440243,0.0,0.6583025310859103,0.6789747651143573,0.6376424475239896,0.0,0.7551714008032455,0.7765947854080536,0.7371281422374913,0.0,,,,,0.206722220747857,0.2699616763792054,0.1372165670056195,0.0,0.4158948364781543,0.4494480633132696,0.3797060142987941,1.0,0.5841051635218457,0.6210596761538102,0.5532652948960476,0.0,1063.0,0.3773829427739886,0.4080888990314187,0.3441805561312391,1.0,0.6226170572260114,0.6594969134830018,0.5907552926191588,0.0,,,,,,,,,,,,,,,,0.8,symmetric_confident
Exp2B,llama31_8b,11,nan,math,movies,math->movies,0.1950285839196908,0.2157246217635962,0.1829107900202714,0.0,0.72558255627087,0.7397774584001143,0.7083382286711677,0.0,0.8591589114888084,0.8716706720722441,0.8475709085632644,0.0,0.6641303275691176,0.676853398577828,0.6505107023944625,0.0,0.746272313550664,0.7618036504362629,0.7327817183793003,0.0,,,,,0.4504837829819406,0.4982522262368768,0.384592281778617,0.0,0.2349299926308032,0.2660686978393111,0.2099192281079635,1.0,0.7650700073691967,0.7919619939608538,0.7317890926076523,0.0,2066.0,0.3145862243872561,0.3411224982488556,0.2840521812251106,1.0,0.685413775612744,0.7126135665183655,0.6567034136106593,0.0,,,,,,,,,,,,,,,,0.8,symmetric_confident
Exp2B,llama31_8b,11,nan,movies,math,movies->math,0.1338929851875662,0.1543307715004877,0.1139616749580091,0.0,0.7505263586987765,0.7663117637737055,0.7355776494111266,0.0,0.8541882547358297,0.8664683572242011,0.8439924162544853,0.0,0.7202952695482635,0.7388359832063358,0.7031227288233284,0.0,0.8168665044598411,0.8346106058789391,0.8038119692682784,0.0,,,,,0.2664915120794742,0.3348669544141899,0.1875112439936187,0.0,0.36713905328061,0.4038295606661036,0.3337903852635559,1.0,0.63286094671939,0.6679700158145105,0.5885175685586174,0.0,1063.0,0.3663694346399158,0.3983221368990664,0.3322875022032526,1.0,0.6336305653600842,0.6680869940557388,0.5901601182651317,0.0,,,,,,,,,,,,,,,,0.8,symmetric_confident
Exp2B,llama31_8b,12,nan,math,movies,math->movies,0.1668580414806528,0.1795196732584281,0.1524106464719082,0.0,0.73476608735818,0.7468903427825111,0.7221329088159357,0.0,0.8481162812296833,0.8600366919272465,0.8347070682659029,0.0,0.6812582397490304,0.6921733407575665,0.6678216830563571,0.0,0.7548735952447293,0.7690481337928738,0.7406723943651214,0.0,,,,,0.4417479351893501,0.4945254644915969,0.3932045326260582,0.0,0.2506962455378078,0.2788243470457592,0.2228517977924632,1.0,0.7493037544621922,0.7787504744524499,0.7078017287143606,0.0,2066.0,0.3075558192728421,0.3432083569181782,0.2818648361479632,1.0,0.6924441807271579,0.7277526288313819,0.6489188098857406,0.0,,,,,,,,,,,,,,,,0.8,symmetric_confident
Exp2B,llama31_8b,12,nan,movies,math,movies->math,0.1400410271839902,0.159655439569384,0.1202190880121789,0.0,0.7424730618972745,0.7551372038510051,0.7254796546240523,0.0,0.8621859994175455,0.8736956005287452,0.8507215717267754,0.0,0.7221449722335552,0.7383560686550898,0.7045067528954784,0.0,0.8487262615898301,0.8592350496908966,0.8352536289973916,0.0,,,,,0.3261281105420061,0.37605074400182,0.2429695267079845,0.0,0.3454924232371752,0.382544471094116,0.3128177148766415,1.0,0.6545075767628248,0.6846277707539397,0.6218222645080732,0.0,1063.0,0.3283794662208186,0.3557482211862225,0.2963706034550764,1.0,0.6716205337791814,0.7033099470532843,0.6359311126935148,0.0,,,,,,,,,,,,,,,,0.8,symmetric_confident
Exp2B,llama31_8b,13,nan,math,movies,math->movies,0.1676255407252663,0.1829038886757057,0.1512080313161313,0.0,0.7451537043987028,0.7580800025191855,0.7300508343981679,0.0,0.8704767344664252,0.8808993926894629,0.8589663191956057,0.0,0.7028511937411588,0.7173749073523782,0.6914720283090975,0.0,0.8122678554843503,0.8257601714140809,0.7996554994871681,0.0,,,,,0.5475064360841811,0.6073879523870233,0.4855986635319359,0.0,0.2150637866186871,0.2502189202724348,0.184823814836326,1.0,0.7849362133813129,0.8147339372083888,0.7599674998153074,0.0,2066.0,0.2374297772971317,0.2690472361759375,0.2054621770051157,1.0,0.7625702227028682,0.7915327341049099,0.726455912083917,0.0,,,,,,,,,,,,,,,,0.8,symmetric_confident
Exp2B,llama31_8b,13,nan,movies,math,movies->math,0.1110800125164813,0.1298248823702882,0.0898094330946639,0.0,0.7623102434646335,0.7751381649526138,0.7481398554861888,0.0,0.8552879763767262,0.8665798320149436,0.842759787269154,0.0,0.7442079638602448,0.7646205734771155,0.7269881800264705,0.0,0.8492615187164326,0.8598544865571218,0.8376554692212153,0.0,,,,,0.2505993294587015,0.3137415806598982,0.1901081416206568,0.0,0.3905858832479676,0.4185144299507456,0.3549305718604317,1.0,0.6094141167520324,0.649028819634903,0.5787798900909865,0.0,1063.0,0.3588147872933309,0.3907393579971783,0.3268588348585008,1.0,0.6411852127066692,0.6746477798902001,0.6064371043664579,0.0,,,,,,,,,,,,,,,,0.8,symmetric_confident
Exp2B,llama31_8b,14,nan,math,movies,math->movies,0.1657328104309129,0.1831598835733013,0.1531470736777011,0.0,0.7440033873187255,0.755340476266877,0.7328452684675576,0.0,0.884605925513142,0.8951477241001043,0.8734481425607323,0.0,0.7188731150822291,0.7292763654003198,0.7071966387494641,0.0,0.861929321073651,0.8748528219200493,0.8531790075107853,0.0,,,,,0.6274248964005781,0.6780699466660808,0.5776326444720962,0.0,0.1877977586157394,0.229116660167871,0.1576694257735604,1.0,0.8122022413842606,0.8365302175911099,0.7825159549308618,0.0,2066.0,0.1847773449836825,0.2113733006481377,0.1623424726680048,1.0,0.8152226550163175,0.8392420406483793,0.7880380064352411,0.0,,,,,,,,,,,,,,,,0.8,symmetric_confident
Exp2B,llama31_8b,14,nan,movies,math,movies->math,0.0827784590491071,0.1026501414760697,0.057894566330585,0.0,0.7696027895007684,0.7848728531143392,0.7543285371237148,0.0,0.8389424216564737,0.8521472413564399,0.8262812952866486,0.0,0.7561639626073665,0.7715173234479663,0.7402482942871802,0.0,0.8446945838497538,0.8584209392912192,0.8300295154432766,0.0,,,,,0.1765876701786046,0.239574760055801,0.1231923546047234,0.0,0.4324593296356254,0.4662612821573881,0.3939386250938681,1.0,0.5675406703643746,0.6068107813546108,0.535062571423898,0.0,1063.0,0.39095300018577,0.4282564788581158,0.3604381766147319,1.0,0.6090469998142299,0.635906957142382,0.575523156275949,0.0,,,,,,,,,,,,,,,,0.8,symmetric_confident
Exp2B,llama31_8b,15,nan,math,movies,math->movies,0.1913838714174854,0.2065205122558242,0.1761271230380289,0.0,0.7523139260178796,0.7657300671266679,0.7395461910285239,0.0,0.9034638246493916,0.9114108786727207,0.8964258629576225,0.0,0.7120799532319062,0.725371898947479,0.7023756726177797,0.0,0.8430136528280858,0.8568292511854175,0.8328002850385189,0.0,,,,,0.6381695680885069,0.6820164444246537,0.5876943425773357,0.0,0.1579831369809262,0.1908067944552376,0.1350571809298575,1.0,0.8420168630190737,0.8670414218700058,0.815967437234356,0.0,2066.0,0.2038472949305668,0.2331691230670558,0.1774305854073599,1.0,0.7961527050694331,0.8280582792739339,0.7667091111723675,0.0,,,,,,,,,,,,,,,,0.8,symmetric_confident
Exp2B,llama31_8b,15,nan,movies,math,movies->math,0.1092183905676874,0.1296340462633822,0.0882339083005105,0.0,0.7754783566668559,0.7933758710888037,0.7561379680398811,0.0,0.867511479773249,0.8773940457621408,0.8554064427529317,0.0,0.7582930892055616,0.7795284285769687,0.7397108014749212,0.0,0.8716987185999417,0.8827247760232219,0.8604328116838698,0.0,,,,,0.2772130959015595,0.3400754724408953,0.217101564490238,0.0,0.3859460559256212,0.4229511581640545,0.3546960971232422,1.0,0.6140539440743787,0.6527133508208531,0.5821156092927061,0.0,1063.0,0.3368408481728192,0.3665337772715096,0.3076412825108682,1.0,0.6631591518271808,0.7023564689357527,0.636252916397225,0.0,,,,,,,,,,,,,,,,0.8,symmetric_confident
Exp2B,llama31_8b,16,nan,math,movies,math->movies,0.1919075390082746,0.2069248814442174,0.1776946649721494,0.0,0.7524465438763629,0.7661928562086061,0.7384687182447448,0.0,0.9153288752670196,0.9227041402992574,0.9049144616341576,0.0,0.7234213362587449,0.7347657898831406,0.708947807813519,0.0,0.8630075229869044,0.8759268465891272,0.8531672597025178,0.0,,,,,0.6531941161270565,0.7000527660079746,0.5990530301659743,0.0,0.145362669754711,0.1649979658159761,0.1184308934074725,1.0,0.854637330245289,0.8790471683235288,0.8279463923219238,0.0,2066.0,0.2014432141182325,0.233198914950459,0.1709337939662292,1.0,0.7985567858817675,0.8256267892995718,0.769084884641812,0.0,,,,,,,,,,,,,,,,0.8,symmetric_confident
Exp2B,llama31_8b,16,nan,movies,math,movies->math,0.1115514365563414,0.1338398987477674,0.0946045568117968,0.0,0.7732112601565541,0.7850958949238354,0.7570190889082412,0.0,0.8766322273469195,0.8904426874047584,0.866286185727516,0.0,0.765080790790578,0.7784941746957725,0.7471476541391975,0.0,0.8648785819262992,0.8807023116898809,0.8526869710109806,0.0,,,,,0.2844448572667038,0.3527997717131022,0.2086819935523154,0.0,0.3529630317666729,0.3795730501858934,0.3149369506495818,1.0,0.6470369682333271,0.6793470468408588,0.6047524123513812,0.0,1063.0,0.3625921109666233,0.399878552552852,0.3261788370455716,1.0,0.6374078890333766,0.6769175421766719,0.6068760124941471,0.0,,,,,,,,,,,,,,,,0.8,symmetric_confident
Exp2B,llama31_8b,17,nan,math,movies,math->movies,0.1932361070879827,0.205069691082018,0.1775017513439515,0.0,0.7479629175207136,0.7617661828171762,0.7361123612251498,0.0,0.9151288195411906,0.9229715545668374,0.9061053901120716,0.0,0.7218927124532079,0.733667528659619,0.7071494595877722,0.0,0.8573268319866258,0.8691322197936903,0.8444281475796799,0.0,,,,,0.6474040329604073,0.6916186787247418,0.5961417436459943,0.0,0.139752509833571,0.1564955663538076,0.1148199547808038,1.0,0.860247490166429,0.8827387006090142,0.8320781787683456,0.0,2066.0,0.2128434572060216,0.2506551658403126,0.1820036248056863,1.0,0.7871565427939783,0.8186261620568132,0.762622134952103,0.0,,,,,,,,,,,,,,,,0.8,symmetric_confident
Exp2B,llama31_8b,17,nan,movies,math,movies->math,0.1179693077711633,0.1377424087218705,0.0996219159990203,0.0,0.7691475933134764,0.7864922105648829,0.753257690463728,0.0,0.8859011283364149,0.8989002150959527,0.8755439411053677,0.0,0.7679318205652516,0.7832838528509225,0.7497731519537383,0.0,0.8665137723415351,0.8786948136358566,0.8530933314647418,0.0,,,,,0.3032695522942596,0.3740527441190368,0.2493869943485905,0.0,0.3267252284528896,0.3664827503042255,0.2902639632640813,1.0,0.6732747715471104,0.7110012670362211,0.6383894766299887,0.0,1063.0,0.3700052192528507,0.4029385514046088,0.3350442605104577,1.0,0.6299947807471493,0.6629987897333413,0.5950759276554474,0.0,,,,,,,,,,,,,,,,0.8,symmetric_confident
Exp2B,llama31_8b,18,nan,math,movies,math->movies,0.2017882206600504,0.2163280093340491,0.1857191637744525,0.0,0.7491405400463832,0.7598431604170611,0.7336966626712198,0.0,0.924092319123247,0.9309276965147392,0.91551628313231,0.0,0.7223040984631965,0.7333732079880275,0.7098701712026815,0.0,0.8650667781183246,0.8747012454723202,0.8516304358436435,0.0,,,,,0.6639148618514867,0.7097134790941204,0.6159920199780747,0.0,0.1309037314932672,0.1560465105152103,0.1084026321540273,1.0,0.8690962685067327,0.8923924054340289,0.8471001322853073,0.0,2066.0,0.205181406655246,0.2273655868897434,0.1817854949597821,1.0,0.794818593344754,0.8195710685451799,0.7675795756354397,0.0,,,,,,,,,,,,,,,,0.8,symmetric_confident
Exp2B,llama31_8b,18,nan,movies,math,movies->math,0.128884547745734,0.1443905272868967,0.1119507481170872,0.0,0.7523830295614473,0.7642873013974878,0.7352678914103999,0.0,0.8732416306018923,0.884420073820026,0.8616798840601123,0.0,0.7443570828561583,0.76270992258045,0.725536701892139,0.0,0.8479421067246412,0.8618746456026465,0.8325602795096086,0.0,,,,,0.3197455835390073,0.3921265979483641,0.2577439173005407,0.0,0.3221605937563582,0.3470115755890997,0.2871766655076003,1.0,0.6778394062436418,0.7117815291050676,0.6350115156797383,0.0,1063.0,0.3580938227046345,0.3893063778479544,0.3263569514941314,1.0,0.6419061772953655,0.6746235915968998,0.6034411342259564,0.0,,,,,,,,,,,,,,,,0.8,symmetric_confident
Exp2B,llama31_8b,19,nan,math,movies,math->movies,0.211598105881665,0.2246089932026503,0.2006357922850223,0.0,0.7517173561592425,0.7623893298605209,0.7410257605676007,0.0,0.9317131977338164,0.9377670440539374,0.9241015934488576,0.0,0.7201150918521513,0.7321757344301346,0.7051233361096644,0.0,0.861001393145723,0.8753723547269857,0.8487024338737397,0.0,,,,,0.6720056656681566,0.7311918996228606,0.6206042681682209,0.0,0.1216242858099895,0.1433340113074547,0.0981223582004657,1.0,0.8783757141900105,0.901400487248806,0.8602653719008024,0.0,2066.0,0.2063700485218539,0.2459400488647218,0.1809935693400401,1.0,0.7936299514781461,0.8201886089493207,0.7632798727965829,0.0,,,,,,,,,,,,,,,,0.8,symmetric_confident
Exp2B,llama31_8b,19,nan,movies,math,movies->math,0.1469566067076965,0.1677668859085779,0.1237910529668554,0.0,0.7380411268797094,0.7542386905662938,0.7221202596051018,0.0,0.8724386390881199,0.8860771776897398,0.8599770972468063,0.0,0.7254820323804234,0.7426182902422209,0.7110793613240267,0.0,0.8455259361602698,0.8613911834005527,0.8304996614560318,0.0,,,,,0.382659695867944,0.4422895267636266,0.3221322749530299,0.0,0.2944720150739099,0.3389497385754857,0.2593170980780068,1.0,0.70552798492609,0.7307274492166865,0.663558548838419,0.0,1063.0,0.322868289058146,0.363672564102415,0.2773633378504538,1.0,0.677131710941854,0.7030865115153436,0.6468504214804802,0.0,,,,,,,,,,,,,,,,0.8,symmetric_confident
Exp2B,llama31_8b,20,nan,math,movies,math->movies,0.1976040593545152,0.2142256206805523,0.1847835907692469,0.0,0.7508212082719863,0.7639129362830352,0.7402632361373738,0.0,0.923607504411628,0.9320792437842677,0.914399468156776,0.0,0.7260034450571129,0.7385834283544489,0.7145047157326382,0.0,0.8685775053403919,0.8800075084850587,0.8569732413491176,0.0,,,,,0.6635664998229478,0.7035126250318409,0.6075309330202446,0.0,0.1362325220836643,0.1609487546378145,0.1140468568980202,1.0,0.8637674779163357,0.8895094141621533,0.8380376365207826,0.0,2066.0,0.2002009780933878,0.232132461840624,0.1748619076301286,1.0,0.7997990219066122,0.8311811591549206,0.7677118364221844,0.0,,,,,,,,,,,,,,,,0.8,symmetric_confident
Exp2B,llama31_8b,20,nan,movies,math,movies->math,0.1259431141058021,0.1444839245878656,0.1059569178178777,0.0,0.7462937135542548,0.7612031440060315,0.7256505781442344,0.0,0.8575871057425957,0.8732374550578883,0.8434342854559432,0.0,0.7316439916367935,0.7481074504527135,0.7130591843630605,0.0,0.8256598329845378,0.8408253019433936,0.8101338287947524,0.0,,,,,0.2824810028042426,0.3571722043685194,0.2169007873554197,0.0,0.344621073396849,0.3782152869540817,0.3129598251034273,1.0,0.655378926603151,0.6910327025584938,0.6203938194580122,0.0,1063.0,0.3728979237989084,0.4069785861287621,0.3370274364774918,1.0,0.6271020762010916,0.6556902549945925,0.5913174566894562,0.0,,,,,,,,,,,,,,,,0.8,symmetric_confident
Exp2B,llama31_8b,21,nan,math,movies,math->movies,0.199517434825181,0.2125772236824594,0.1861533188518875,0.0,0.7538697951249554,0.7649663853983094,0.7435720176092949,0.0,0.93083978824185,0.9390534537924792,0.9250778535616674,0.0,0.7313223534166691,0.7436188221551916,0.71854795146345,0.0,0.8820713290610198,0.8924757962425253,0.8713108514807266,0.0,,,,,0.6826019963823943,0.7259939386244126,0.6339025280869972,0.0,0.129751457091177,0.1545260952644147,0.109999725607545,1.0,0.8702485429088229,0.8952786781459526,0.8464395069390627,0.0,2066.0,0.1876465465264286,0.2181846873465554,0.1581425757745551,1.0,0.8123534534735714,0.8423676171336604,0.7847074426825698,0.0,,,,,,,,,,,,,,,,0.8,symmetric_confident
Exp2B,llama31_8b,21,nan,movies,math,movies->math,0.1310905212884964,0.1491210340684921,0.1088195500497214,0.0,0.7484052455045674,0.7619603757286566,0.7300781493705029,0.0,0.8599287763035808,0.8748711640433958,0.8468263777925568,0.0,0.7288382550150844,0.7446567048350031,0.7151448986872899,0.0,0.8288430149474098,0.8425188683328493,0.8136458820474428,0.0,,,,,0.3028869545217307,0.3645331584866398,0.2373047978460452,0.0,0.3395190325805224,0.3606361824281683,0.2980561282378897,1.0,0.6604809674194776,0.6910235836857105,0.6239219964925644,0.0,1063.0,0.3575940128977469,0.3959217748101016,0.3208342232580116,1.0,0.6424059871022532,0.6773501771430095,0.6060866974826316,0.0,,,,,,,,,,,,,,,,0.8,symmetric_confident
Exp2B,llama31_8b,22,nan,math,movies,math->movies,0.1983928563701735,0.2137072916467516,0.185657352730776,0.0,0.7540997863679667,0.7644044241842202,0.7413560186933584,0.0,0.9300165319959134,0.937407496886236,0.9217339037289648,0.0,0.7316236756257398,0.7422927215958468,0.7182355766519358,0.0,0.8847205349679577,0.8943751028062408,0.873177449623845,0.0,,,,,0.6871134760596809,0.7271754515715408,0.6390222404804636,0.0,0.1309783804993827,0.1552116353967517,0.1046702280490255,1.0,0.8690216195006173,0.892491112297852,0.8483218607849616,0.0,2066.0,0.1819081434409363,0.212002629617437,0.151961631742583,1.0,0.8180918565590636,0.8451122582126188,0.790767760201604,0.0,,,,,,,,,,,,,,,,0.8,symmetric_confident
Exp2B,llama31_8b,22,nan,movies,math,movies->math,0.1285376616834058,0.1467918164852822,0.1067032698372434,0.0,0.7552364981982035,0.7711159209457423,0.740299810291441,0.0,0.8607053118502415,0.8734595109145723,0.8462794891666667,0.0,0.7321676501668356,0.746198964611828,0.7153017000321487,0.0,0.8281919865087266,0.8439466786768332,0.8146667831219293,0.0,,,,,0.2804508019072388,0.3565046754095488,0.1987796355830767,0.0,0.3534495722866519,0.3990191919298868,0.319818870193746,1.0,0.646550427713348,0.6795478370224038,0.610455892584575,0.0,1063.0,0.3660996258061091,0.413166945601687,0.3381601980338499,1.0,0.6339003741938908,0.6753274912559091,0.5970611132162637,0.0,,,,,,,,,,,,,,,,0.8,symmetric_confident
Exp2B,llama31_8b,23,nan,math,movies,math->movies,0.199129986747332,0.2158059981274132,0.1881367388257765,0.0,0.747923462956013,0.7617215533618361,0.7358218517070968,0.0,0.9288953283180088,0.9383722698282634,0.9220517179387376,0.0,0.7297653415706766,0.7415912748689165,0.718664541302611,0.0,0.88747097613077,0.8971352307750192,0.8775323465351302,0.0,,,,,0.6978131669362325,0.7438520074014762,0.6416888960022763,0.0,0.1276670271511834,0.1474555042697908,0.1107751051015615,1.0,0.8723329728488166,0.8962492339440419,0.8394486079100977,0.0,2066.0,0.1745198059125841,0.2036602126027688,0.1479517977275432,1.0,0.8254801940874159,0.8513261782520499,0.8012140754648776,0.0,,,,,,,,,,,,,,,,0.8,symmetric_confident
Exp2B,llama31_8b,23,nan,movies,math,movies->math,0.11481087543631,0.1364795335601782,0.0922955929497,0.0,0.7541459784383687,0.7708204967490202,0.7399855926086631,0.0,0.8525589904572268,0.8646116190807109,0.8370144980295094,0.0,0.7377481150209168,0.7555431449979088,0.7196946711344734,0.0,0.8238417789246263,0.8398036179025122,0.8120661172694483,0.0,,,,,0.2442919950815176,0.3140596336255896,0.1797691428906178,0.0,0.3681652114682023,0.3936210569932666,0.3368662951585938,1.0,0.6318347885317976,0.6642273322493993,0.5934729418077905,0.0,1063.0,0.38754279345028,0.4216163431092793,0.3545716087200727,1.0,0.61245720654972,0.6438625882163955,0.5769786619785124,0.0,,,,,,,,,,,,,,,,0.8,symmetric_confident
Exp2B,llama31_8b,24,nan,math,movies,math->movies,0.196639919384191,0.2099736160737628,0.1832990411285928,0.0,0.7511003974325664,0.762510183237013,0.7396219273906341,0.0,0.9303302684127428,0.9382528715088656,0.9232744142153024,0.0,0.7336903490285517,0.7479983295222495,0.7231432812131052,0.0,0.8972237392031206,0.905568408036595,0.8820620691499885,0.0,,,,,0.703251059920183,0.7571559004362722,0.6586711293688882,0.0,0.1298605594847304,0.1538741860819868,0.1124495447307794,1.0,0.8701394405152696,0.8947926243825634,0.8535055407478017,0.0,2066.0,0.1668883805950865,0.1931171791178461,0.1405102077068022,1.0,0.8331116194049134,0.866222181595769,0.8048114869284068,0.0,,,,,,,,,,,,,,,,0.8,symmetric_confident
Exp2B,llama31_8b,24,nan,movies,math,movies->math,0.121321699605833,0.1426998271787792,0.0983289527412401,0.0,0.759310268898481,0.7755743599341607,0.7426753710785083,0.0,0.8558376255494375,0.8690095735332422,0.8434866284700897,0.0,0.7345159259436045,0.7510909948665775,0.7175677946075779,0.0,0.8264530887024131,0.8401380345430609,0.8130657951399831,0.0,,,,,0.2471249878364869,0.3198026171249056,0.1743789987620611,0.0,0.3745012959670214,0.4043819793280369,0.3365710428917355,1.0,0.6254987040329786,0.6560106538039802,0.585066840175705,0.0,1063.0,0.3783737161964916,0.4112503696514932,0.3458432717744685,1.0,0.6216262838035084,0.6511631172157257,0.5858936317723289,0.0,,,,,,,,,,,,,,,,0.8,symmetric_confident
Exp2B,llama31_8b,25,nan,math,movies,math->movies,0.2005332670776355,0.2140790733520668,0.1856332024654143,0.0,0.743645289028744,0.755433480750283,0.7331643992787148,0.0,0.9235090554471996,0.9316862672637132,0.915410318967228,0.0,0.7229757883695642,0.7365272523165463,0.7094900066274707,0.0,0.8848057954862079,0.8963943649301143,0.8734233270324697,0.0,,,,,0.6876302768712496,0.7453701707199183,0.6348531022938979,0.0,0.134620869182402,0.1528126029980342,0.1127336163493197,1.0,0.865379130817598,0.8901451200346455,0.8428979819671759,0.0,2066.0,0.1777488539463484,0.2130421043817649,0.1496273342311559,1.0,0.8222511460536516,0.8542374332067787,0.7897442794128948,0.0,,,,,,,,,,,,,,,,0.8,symmetric_confident
Exp2B,llama31_8b,25,nan,movies,math,movies->math,0.0909007753007358,0.107594294028786,0.0733678875814194,0.0,0.7809894881560147,0.7957361982453975,0.7664194450742678,0.0,0.8586806895991222,0.8709116820779269,0.8446511423386552,0.0,0.7677799142983864,0.7857298627593328,0.7507351748981602,0.0,0.8253186568326663,0.8405070157804213,0.8113743746760733,0.0,,,,,0.1370761568606636,0.2114441373013899,0.070265050365822,0.0,0.4121573206655874,0.4428308298012416,0.3739233370976603,1.0,0.5878426793344126,0.6191177352730961,0.5456095769933836,0.0,1063.0,0.4507665224737489,0.4868113405741652,0.4111916441595125,0.99,0.5492334775262511,0.5838336627352608,0.5182822969075249,0.0,,,,,,,,,,,,,,,,0.8,symmetric_confident
Exp2B,llama31_8b,26,nan,math,movies,math->movies,0.2030769083135617,0.2175441149729725,0.1910974651395014,0.0,0.7455563093622795,0.7561212725762687,0.7333440506539067,0.0,0.9329761307699452,0.940850887662974,0.925088588855879,0.0,0.7298992224563835,0.7427082491248499,0.7175257951236608,0.0,0.893170613912882,0.9041456488748776,0.882211721489235,0.0,,,,,0.7066619452765364,0.7562928809892493,0.6557339101460959,0.0,0.1201159930710409,0.1434486976990921,0.1011169735721384,1.0,0.8798840069289591,0.8987059648471022,0.8530956217884837,0.0,2066.0,0.1732220616524227,0.2000071129935042,0.1482718125591625,1.0,0.8267779383475773,0.8532918464209932,0.7904201110291289,0.0,,,,,,,,,,,,,,,,0.8,symmetric_confident
Exp2B,llama31_8b,26,nan,movies,math,movies->math,0.0919020086889124,0.1150785240164986,0.0723317848760096,0.0,0.7797484557647906,0.7943508945467386,0.7647303233623016,0.0,0.8642466017839364,0.8779726834488542,0.8497921669796288,0.0,0.772344593095024,0.7874566750537236,0.7572064891839972,0.0,0.8233452533338752,0.8399322472929587,0.8108187327070536,0.0,,,,,0.145811770742107,0.2168712452666565,0.0808457930839683,0.0,0.3955795582212079,0.4332597360215099,0.3578237556713374,1.0,0.6044204417787922,0.6455123920034768,0.5669679692926156,0.0,1063.0,0.4586086710366852,0.4963283110109592,0.4230423170053882,0.99,0.5413913289633149,0.5770691444526277,0.5106157781149181,0.0,,,,,,,,,,,,,,,,0.8,symmetric_confident
Exp2B,llama31_8b,27,nan,math,movies,math->movies,0.2029693078898111,0.2176342266615888,0.1910466722482096,0.0,0.7519807875516037,0.7659632622077951,0.7400124210408906,0.0,0.9359914553728986,0.9432358931802458,0.9286594540746316,0.0,0.7330221474830875,0.7473215127649268,0.718874141801372,0.0,0.8965715612519736,0.9078378172179252,0.8860461095270471,0.0,,,,,0.7024892572423891,0.7593614682533892,0.6518016030729028,0.0,0.1233948071088822,0.1527578690990724,0.0992821070261819,1.0,0.8766051928911177,0.9011454328455348,0.854411563257298,0.0,2066.0,0.1741159356487285,0.2006785786385126,0.1457828241941745,1.0,0.8258840643512714,0.850114624112092,0.7901005221409807,0.0,,,,,,,,,,,,,,,,0.8,symmetric_confident
Exp2B,llama31_8b,27,nan,movies,math,movies->math,0.0922636849559068,0.1147676404795712,0.07318239558043,0.0,0.783704986880664,0.7959461097455925,0.7651153268398561,0.0,0.8702700963759135,0.8829608739973804,0.8574396237188504,0.0,0.7780064114200066,0.7928408627005006,0.7575883353164286,0.0,0.8283291342422334,0.8410094155474932,0.8146552651652657,0.0,,,,,0.1479613952212874,0.2180947282283392,0.068147965709717,0.0,0.3924656988933415,0.4276983808564176,0.3517721229546413,1.0,0.6075343011066585,0.6406511314432695,0.5669678945989787,0.0,1063.0,0.459572905885371,0.4950637286331995,0.4279105738633426,1.0,0.540427094114629,0.576536323671113,0.4999747300056438,0.03,,,,,,,,,,,,,,,,0.8,symmetric_confident
Exp2B,llama31_8b,28,nan,math,movies,math->movies,0.2018131057870298,0.2154767002395424,0.1883513245859413,0.0,0.7495062164997065,0.7625485821072062,0.7390630670640318,0.0,0.9355801987554564,0.9441311340217152,0.928379345018476,0.0,0.7337670929684267,0.7447796496250623,0.7200051919329861,0.0,0.8996370391009566,0.9079373585479764,0.8848144096329688,0.0,,,,,0.7055556087243634,0.7567527529113239,0.6420190480543367,0.0,0.1224014011044224,0.143638288041743,0.1024121803794389,1.0,0.8775985988955776,0.9042820717437028,0.8559508068962521,0.0,2066.0,0.1720429901712142,0.2025283479075441,0.1484078032705305,1.0,0.8279570098287858,0.8594701587280221,0.803180680311218,0.0,,,,,,,,,,,,,,,,0.8,symmetric_confident
Exp2B,llama31_8b,28,nan,movies,math,movies->math,0.0955952229823801,0.1123370997384732,0.0749585580672384,0.0,0.7745738872430441,0.7916290062859466,0.7569415142953319,0.0,0.8655763845148357,0.8788780989914646,0.8527910323512995,0.0,0.7699811615324555,0.7874533363010026,0.7584876917519082,0.0,0.82214394077927,0.8374053547133806,0.8080508523689364,0.0,,,,,0.1624160717603035,0.2289813560795641,0.1062149520502649,0.0,0.383447006891183,0.4175311010258539,0.3521439291604382,1.0,0.616552993108817,0.654753151811313,0.5812985196246242,0.0,1063.0,0.4541369213485134,0.4934798616343354,0.411538589763532,0.99,0.5458630786514866,0.5747332834468656,0.5163201211182401,0.0,,,,,,,,,,,,,,,,0.8,symmetric_confident
Exp2B,llama31_8b,29,nan,math,movies,math->movies,0.1958097072807207,0.207561638615591,0.1826063929592638,0.0,0.7544285343110367,0.7660486701498327,0.7448692603779922,0.0,0.93975090554472,0.9479643441074356,0.9318632219650874,0.0,0.7439411982639992,0.7561553592830355,0.7323817765094575,0.0,0.9052564316894214,0.9165524191899638,0.8949314587723605,0.0,,,,,0.6991128252734737,0.7441890430168667,0.6561438600179805,0.0,0.1246906372919637,0.1520133753247639,0.1024007920934523,1.0,0.8753093627080363,0.8977499597159413,0.8503765708026988,0.0,2066.0,0.1761965374345624,0.2114131154844317,0.1474788337873626,1.0,0.8238034625654375,0.8505638744453212,0.8003948296957434,0.0,,,,,,,,,,,,,,,,0.8,symmetric_confident
Exp2B,llama31_8b,29,nan,movies,math,movies->math,0.0928981464423791,0.111083804776406,0.0769533103137439,0.0,0.7740868116442425,0.7900193624342517,0.7584356694618754,0.0,0.8670462780475581,0.8790637064302359,0.8501058876780688,0.0,0.7741481316051789,0.7903527125574603,0.7569555611924438,0.0,0.8241994635999756,0.8351890041410276,0.811148583564062,0.0,,,,,0.1583645161575683,0.233144486936258,0.0881294591133265,0.0,0.3824827720424971,0.418472409698957,0.3432085736997841,1.0,0.6175172279575029,0.6632699597259171,0.5786732719193542,0.0,1063.0,0.4591527117999345,0.4943643312178318,0.4229676251642401,0.98,0.5408472882000654,0.5782227709177435,0.5043823140761886,0.02,,,,,,,,,,,,,,,,0.8,symmetric_confident
Exp2B,llama31_8b,30,nan,math,movies,math->movies,0.1922753367346643,0.2035665905601216,0.1796711971506598,0.0,0.7602830865017274,0.7710433689756854,0.7453898345977696,0.0,0.9428587350236834,0.9491269492055988,0.9361567490509368,0.0,0.7505833982890191,0.7637029049903803,0.7412614930714041,0.0,0.9158677440326924,0.9235690823787128,0.9071181484062067,0.0,,,,,0.7102872072658366,0.7603669710354147,0.6514654228178157,0.0,0.1222942127879489,0.1480068887836476,0.0997941064032436,1.0,0.8777057872120511,0.8968478963311814,0.8556240303538625,0.0,2066.0,0.1674185799462144,0.1943591884534743,0.1362895362265762,1.0,0.8325814200537855,0.8630711123251888,0.797137839259849,0.0,,,,,,,,,,,,,,,,0.8,symmetric_confident
Exp2B,llama31_8b,30,nan,movies,math,movies->math,0.0967762168009727,0.1187737638502378,0.0777470634864421,0.0,0.7781792222190091,0.7937303833420926,0.7623860516471432,0.0,0.8766859858720902,0.8892347761913632,0.8642710057168589,0.0,0.7799097690711175,0.7971694491546845,0.7665400029605131,0.0,0.838846756879398,0.8511955599389618,0.8273034067201437,0.0,,,,,0.1945343807223799,0.2643771314095933,0.1339090359458565,0.0,0.3671058800633387,0.4071718468721593,0.3334512470026064,1.0,0.6328941199366612,0.668982191917552,0.5999880916365775,0.0,1063.0,0.4383597392142813,0.4778551187924054,0.3917219397564386,1.0,0.5616402607857187,0.6020476182210505,0.5114862116101538,0.0,,,,,,,,,,,,,,,,0.8,symmetric_confident
Exp2B,llama31_8b,31,nan,math,movies,math->movies,0.1886425994887796,0.1989345436374187,0.1760555701278935,0.0,0.7513103005283063,0.763139435111987,0.7381121923018061,0.0,0.9335573511655986,0.9419579629852236,0.9257301085809784,0.0,0.744914751676819,0.759768853721366,0.7350498886002564,0.0,0.9163865514999536,0.9236205578223252,0.9078621940176989,0.0,,,,,0.6993712256792581,0.749077402184155,0.6463502711446796,0.0,0.1370211218405765,0.166692062805889,0.1126888034850271,1.0,0.8629788781594235,0.8939214213141153,0.8368523993644095,0.0,2066.0,0.1636076524801653,0.1927115446896528,0.1327948530553857,1.0,0.8363923475198346,0.8658279167015139,0.8022381359648554,0.0,,,,,,,,,,,,,,,,0.8,symmetric_confident
Exp2B,llama31_8b,31,nan,movies,math,movies->math,0.0752330064944012,0.0964273673685118,0.0572903788785152,0.0,0.8041809761092554,0.819483070666014,0.7875277051106643,0.0,0.8617893715586078,0.8745008504452186,0.846497446017205,0.0,0.7865563650642066,0.8062718767421827,0.7716441920935421,0.0,0.812234593737936,0.824429252655335,0.7945312614122001,0.0,,,,,0.0546650389674724,0.1330242388519065,-0.0089953001839181,0.06,0.449063630653822,0.4783448944969301,0.4158170589406891,1.0,0.550936369346178,0.5854273658846785,0.5090621647708864,0.0,1063.0,0.4962713303787054,0.5386637843446674,0.4562372517892638,0.64,0.5037286696212946,0.5335038981150919,0.456843403052012,0.52,,,,,,,,,,,,,,,,0.8,symmetric_confident
Exp2B,qwen25_14b,0,nan,math,movies,math->movies,0.0158784066237956,0.0536850118729351,-0.0131448926963255,0.12,0.5237674016975211,0.5436027929420381,0.5069812988707514,0.01,0.5177538936607157,0.5420365830245083,0.4941558574859642,0.08,0.50187548703692,0.5255737724541711,0.4830353461583797,0.38,0.5115648094017479,0.5330690016861507,0.4845594202298339,0.17,,,,,0.0225686560386242,0.0915488826730342,-0.0389138905865209,0.26,0.5094529027940439,0.5545237950908758,0.4562378291863667,0.35,0.4905470972059562,0.534801425226161,0.4474256793730945,0.68,1343.0,0.4679784411673319,0.5093790063385202,0.4275491754438608,0.94,0.5320215588326681,0.5667853101502964,0.4769017742672666,0.11,,,,,,,,,,,,,,,,0.8,symmetric_confident
Exp2B,qwen25_14b,0,nan,movies,math,movies->math,0.0142668775645116,0.0358234342714878,-0.005681804358072,0.09,0.5308289276484518,0.5433720110155397,0.5175333626729077,0.0,0.5190522007909443,0.5342320532133288,0.4995440410758588,0.03,0.5047853232264327,0.5191615531339331,0.4899273196287671,0.24,0.5096884659245596,0.5308255611439199,0.4890276870358463,0.14,,,,,0.021861016056857,0.0763701386540551,-0.0357097819892997,0.25,0.5061496446433272,0.5430706122475749,0.454060647214279,0.36,0.4938503553566728,0.5283724945453073,0.4437794074995817,0.59,1542.0,0.4719893392998157,0.5108633050013526,0.4377940843116753,0.94,0.5280106607001842,0.5681562200524606,0.4894781012418128,0.1,,,,,,,,,,,,,,,,0.8,symmetric_confident
Exp2B,qwen25_14b,1,nan,math,movies,math->movies,0.0179737581256427,0.0461920462246181,-0.01089962052123,0.14,0.521608643457383,0.5392062545230331,0.5011188990345378,0.02,0.5207345115498194,0.5440754049180713,0.4930883499190783,0.04,0.5027607534241767,0.5191000435514586,0.4818331196056481,0.39,0.5106276326243049,0.5366187308530862,0.4882447553230383,0.21,,,,,0.0327206673199646,0.0937189740753998,-0.0300874353832903,0.2,0.51019981357107,0.5631410164322354,0.4617346347193974,0.33,0.48980018642893,0.5388948349987199,0.4325077140265987,0.69,1343.0,0.4570795191089653,0.4991944865439307,0.40782223998963,0.97,0.5429204808910347,0.5929288948956939,0.498761491493745,0.04,,,,,,,,,,,,,,,,0.8,symmetric_confident
Exp2B,qwen25_14b,1,nan,movies,math,movies->math,0.0262257911283266,0.0474993551231576,0.0019349942185532,0.02,0.5377765163412661,0.5562920876002837,0.5209634712463942,0.0,0.5329515647772859,0.5491527559399616,0.5125284402751606,0.0,0.5067257736489592,0.5239391026539123,0.4925731270890521,0.13,0.5110453387972705,0.5299139767535715,0.4912247353804674,0.18,,,,,0.0221209528823375,0.079902924692595,-0.023585284299425,0.19,0.503905633061332,0.5462257745363577,0.4593957541187387,0.32,0.4960943669386681,0.5314144788561349,0.4575475729394405,0.59,1542.0,0.4739734140563306,0.5055242419919824,0.435401763799109,0.93,0.5260265859436694,0.5676943510389576,0.493165626169849,0.09,,,,,,,,,,,,,,,,0.8,symmetric_confident
Exp2B,qwen25_14b,2,nan,math,movies,math->movies,0.0203840344477613,0.0519777429262555,-0.0149818214555737,0.14,0.5231696187246828,0.540075998723404,0.5041414526482294,0.0,0.5251427800512659,0.5466761134201124,0.5034656546392908,0.01,0.5047587456035045,0.525947249618413,0.4867105671040869,0.31,0.5059723284016129,0.5283362764967394,0.4789879308979185,0.4,,,,,0.0383075599321207,0.1128245260199135,-0.0146454675926242,0.1,0.4879717488467697,0.5408014147836917,0.4466392371491641,0.72,0.5120282511532303,0.5514511845875792,0.4549972469843195,0.31,1343.0,0.4737206912211095,0.5247941924284516,0.4348832429189754,0.79,0.5262793087788905,0.5700317464854971,0.4833509616940014,0.15,,,,,,,,,,,,,,,,0.8,symmetric_confident
Exp2B,qwen25_14b,2,nan,movies,math,movies->math,0.0504324171338215,0.0787696514523443,0.0178132901031413,0.0,0.5368031864093267,0.5561276954443789,0.5211854964039001,0.0,0.5548160240016706,0.5697974310280851,0.539039759851151,0.0,0.5043836068678491,0.5211135935720329,0.4861886197118816,0.31,0.5041531680958842,0.5229904992868317,0.4872784225859177,0.36,,,,,0.0473841800473808,0.0969771092379025,-0.0088835030941726,0.04,0.4709528823374572,0.5095528300908484,0.4295126134787528,0.91,0.5290471176625428,0.5609911683012481,0.485573876594465,0.09,1542.0,0.4816629376151619,0.5131315179266278,0.449129385044846,0.82,0.5183370623848381,0.5586228375671016,0.4856788009371204,0.19,,,,,,,,,,,,,,,,0.8,symmetric_confident
Exp2B,qwen25_14b,3,nan,math,movies,math->movies,0.0255780676589942,0.0521768043352897,-0.0082580175312505,0.07,0.525406653889626,0.5449679988924792,0.5035989929219676,0.01,0.5193134565513933,0.5425581409211634,0.4949595426777179,0.07,0.493735388892399,0.5151006248681593,0.4762058189443628,0.66,0.4957101527484223,0.5210616475456903,0.4722527460835576,0.68,,,,,0.0024259662037811,0.0703508379093737,-0.058816010687612,0.54,0.5058199287745883,0.5568132814034621,0.4511039373980447,0.38,0.4941800712254117,0.5428937683557422,0.458647015930089,0.53,1343.0,0.4917541050216305,0.53883428650709,0.4362088466712115,0.64,0.5082458949783695,0.567481639446594,0.4570349431339199,0.38,,,,,,,,,,,,,,,,0.8,symmetric_confident
Exp2B,qwen25_14b,3,nan,movies,math,movies->math,0.0340691613379655,0.057420803221807,0.0122585916476534,0.0,0.516983253309158,0.5341582285169201,0.4999823113385843,0.03,0.5414456326952787,0.5639661859525383,0.5233441382768629,0.0,0.5073764713573131,0.524976503331788,0.4935911040548009,0.23,0.5103263383129073,0.5247632966877044,0.4924595903724232,0.13,,,,,0.0629474861805738,0.1233584565991461,0.0131113288549092,0.0,0.4567879705185575,0.4911231351783677,0.4200818328001254,0.99,0.5432120294814425,0.582312825377094,0.5080792058313086,0.0,1542.0,0.4802645433008686,0.5267350501232985,0.4428821217495734,0.8,0.5197354566991313,0.5566464923799821,0.4736871466903852,0.19,,,,,,,,,,,,,,,,0.8,symmetric_confident
Exp2B,qwen25_14b,4,nan,math,movies,math->movies,0.0327774822502244,0.0663704234946624,-0.0010179781736654,0.03,0.5114456308839325,0.5313313320636475,0.4947303465565421,0.11,0.5133669110041822,0.5335644517691847,0.4820954259194501,0.13,0.4805894287539577,0.4982887275036252,0.4601604905913238,0.98,0.4936127475228973,0.5213444565264012,0.4714159845808107,0.75,,,,,0.0262793087788905,0.1023785786325756,-0.053279807311113,0.28,0.4877446879705538,0.5364659184745889,0.4325327361107176,0.68,0.5122553120294462,0.5525027008573015,0.4642588923598735,0.31,1343.0,0.4859760032505557,0.5382453128205942,0.4387321660904322,0.77,0.5140239967494443,0.5652406755098913,0.4694719394313145,0.29,,,,,,,,,,,,,,,,0.8,symmetric_confident
Exp2B,qwen25_14b,4,nan,movies,math,movies->math,0.025573650531231,0.0514601422525895,-0.0015998868897967,0.05,0.5085158176031798,0.5235354549423377,0.4955407590027066,0.15,0.5225573281522147,0.5402558365502128,0.5063465894933952,0.0,0.4969836776209836,0.5126884214861838,0.4776230849231109,0.61,0.4953952698602563,0.5098224558495271,0.4752047207177019,0.77,,,,,0.0532821137141353,0.102849507585224,0.0024453190223522,0.02,0.4643343643063964,0.4959792130722379,0.4294905933641243,0.98,0.5356656356936036,0.5792488523080295,0.4986033477915991,0.03,1542.0,0.4823835219794682,0.5111595896791054,0.4520637581905227,0.84,0.5176164780205317,0.56214334722277,0.4686523164912299,0.21,,,,,,,,,,,,,,,,0.8,symmetric_confident
Exp2B,qwen25_14b,5,nan,math,movies,math->movies,0.0357438055067614,0.0669271008303382,0.0116113344869126,0.0,0.5017163005553098,0.5244563179322042,0.4833681790280857,0.4,0.5151840026382456,0.5394888587130253,0.4910792193304254,0.1,0.4794401971314841,0.4969110417542511,0.4588267135823474,0.98,0.4878907526494881,0.5082492941767548,0.4671030431322028,0.89,,,,,0.0404825641148211,0.1146048934642506,-0.0373707952872028,0.21,0.4635985563708502,0.5070859345464415,0.4140368911430946,0.94,0.5364014436291499,0.5733410502562295,0.4918099633971768,0.07,1343.0,0.4959188795143287,0.5427314828230901,0.446606508838632,0.59,0.5040811204856712,0.5398169669789533,0.4495441582013346,0.42,,,,,,,,,,,,,,,,0.8,symmetric_confident
Exp2B,qwen25_14b,5,nan,movies,math,movies->math,0.0399408541245984,0.0621424704783649,0.0180275783946645,0.0,0.503940149264621,0.5174801491285144,0.4843535011063411,0.37,0.5280134659518939,0.5458226132715139,0.5074351013355689,0.01,0.4880726118272954,0.50335108217497,0.4736304152969505,0.93,0.4836230583105457,0.504533490475605,0.4663251052974835,0.92,,,,,0.0608153461437219,0.112969870196679,0.0068074830846956,0.0,0.4552415109239273,0.4971260648803834,0.4150118300811232,0.98,0.5447584890760726,0.5851779534095525,0.4931618704037953,0.04,1542.0,0.4839431429323506,0.5222200701061669,0.4435346657817159,0.83,0.5160568570676494,0.5620531848779398,0.4759213200479121,0.2,,,,,,,,,,,,,,,,0.8,symmetric_confident
Exp2B,qwen25_14b,6,nan,math,movies,math->movies,0.0337507933101154,0.0646689584362825,0.0053912593105925,0.0,0.5144078684105221,0.5344929218895363,0.4958536892943664,0.07,0.52944731753384,0.5506768920073559,0.5116673824554854,0.01,0.4956965242237245,0.51432567339732,0.4729139134912353,0.62,0.5127334322675421,0.5320907452670685,0.4883512857698032,0.15,,,,,0.0307129711513181,0.0870824746086315,-0.06389810163241,0.33,0.4738043452281364,0.5207019470460069,0.4314281712494323,0.89,0.5261956547718636,0.5607028392791304,0.4834209282641004,0.14,1343.0,0.4954826836205454,0.54106002360847,0.4420390985047365,0.54,0.5045173163794546,0.5446994011513924,0.4644641475118384,0.43,,,,,,,,,,,,,,,,0.8,symmetric_confident
Exp2B,qwen25_14b,6,nan,movies,math,movies->math,0.0552744897902411,0.0792333341344844,0.0301126410244407,0.0,0.5293966165099041,0.5437669974370224,0.5107514513161482,0.0,0.5594640516158377,0.5778974584429799,0.5444751801563936,0.0,0.5041895618255965,0.5238836781943631,0.4885674151103532,0.24,0.5104561213991207,0.5271761524868115,0.4965225385829763,0.07,,,,,0.0403428533824691,0.0941628074556539,-0.0208574837343024,0.07,0.4703573308765464,0.5006776343618794,0.4388366111549573,0.97,0.5296426691234536,0.5645945520371798,0.488868718716161,0.08,1542.0,0.4892998157409844,0.5242901841860679,0.4532321267776477,0.75,0.5107001842590155,0.5549348228062271,0.4719403147197942,0.31,,,,,,,,,,,,,,,,0.8,symmetric_confident
Exp2B,qwen25_14b,7,nan,math,movies,math->movies,0.0115503157166138,0.0364763411063436,-0.0233288655510919,0.23,0.5430810920859572,0.5646535546028527,0.5281676525627542,0.0,0.534054054054054,0.5616246431419069,0.5056970512948659,0.0,0.5225037383374402,0.5408084169407379,0.5006421538234143,0.02,0.520600800467689,0.5373869524776145,0.488200394704376,0.12,,,,,0.0540345132531848,0.1411362723945511,-0.0352980697916468,0.17,0.4624154497000406,0.5017612393052202,0.4133135582636185,0.96,0.5375845502999593,0.5983680104426845,0.4979717941838765,0.04,1343.0,0.4835500370467745,0.5202011330959933,0.4335012317425312,0.75,0.5164499629532254,0.5678358449591858,0.465513197894191,0.3,,,,,,,,,,,,,,,,0.8,symmetric_confident
Exp2B,qwen25_14b,7,nan,movies,math,movies->math,0.0582128431735745,0.0811870019602703,0.0326068418893511,0.0,0.5331131396436091,0.5495953732277803,0.5200188538855773,0.0,0.5670876872260423,0.5824516481712705,0.5484270557825132,0.0,0.5088748440524677,0.5214860983816257,0.4948622911608014,0.13,0.5237158636042086,0.5396805101375585,0.5091627401245792,0.0,,,,,0.0430688997104501,0.1025461620214098,-0.0172972076527106,0.05,0.4707340747565148,0.5111798984039824,0.4326531443746081,0.89,0.5292659252434851,0.5783705291708475,0.4937498313082621,0.06,1542.0,0.486197025533035,0.5201611434823996,0.4519331155728544,0.76,0.513802974466965,0.5484791115560117,0.4681670583347558,0.24,,,,,,,,,,,,,,,,0.8,symmetric_confident
Exp2B,qwen25_14b,8,nan,math,movies,math->movies,0.026204716145939,0.0515900493776037,-0.000162103787868,0.03,0.5569536586564451,0.5800015377854346,0.5417585124110222,0.0,0.5390996987003642,0.5624806560933845,0.5166266672321512,0.0,0.5128949825544252,0.5322433613164522,0.4963356644637948,0.08,0.519947235088666,0.5451634507257216,0.49967465964541,0.04,,,,,0.0372798107029326,0.1039685849352281,-0.0327739932385351,0.13,0.4799768158894811,0.5383684616782215,0.43508451607216,0.7,0.5200231841105188,0.5702118613866795,0.4729684533734329,0.25,1343.0,0.4827433734075862,0.5299738058546019,0.4462864245913936,0.73,0.5172566265924138,0.5694119371914674,0.4711669623938495,0.2,,,,,,,,,,,,,,,,0.8,symmetric_confident
Exp2B,qwen25_14b,8,nan,movies,math,movies->math,0.059721771132308,0.081214833534667,0.0365996814015476,0.0,0.5292141279279456,0.5436034423339886,0.5117719573732773,0.0,0.5716027609793539,0.588891805345852,0.5562040300969144,0.0,0.5118809898470459,0.5303580804688854,0.4953106698392327,0.09,0.5399220208112153,0.5556717295192928,0.5259988766242845,0.0,,,,,0.0863187680968675,0.1632839789903216,0.0370513566960444,0.0,0.4565609370887075,0.5069176291923273,0.4187582699510319,0.94,0.5434390629112924,0.5769103415361462,0.5043763787762334,0.01,1542.0,0.4571202948144248,0.506821601805871,0.4173089376825791,0.96,0.5428797051855752,0.5845426437941286,0.5019980274982365,0.03,,,,,,,,,,,,,,,,0.8,symmetric_confident
Exp2B,qwen25_14b,9,nan,math,movies,math->movies,0.0278516716834432,0.0527141940182358,0.0009180720146244,0.02,0.5652399556313754,0.5846617377233941,0.548497741112104,0.0,0.5424088980827749,0.5604682718732629,0.5149521818067258,0.0,0.5145572263993317,0.5332208966467918,0.4967765515323398,0.07,0.5164530587159539,0.5398722457571532,0.4945673976926324,0.11,,,,,0.0165515428189009,0.0926513268289755,-0.0747799079708783,0.31,0.4949329572886541,0.535506140396834,0.4486056142738687,0.59,0.5050670427113458,0.5646754901208081,0.4452700787070403,0.56,1343.0,0.4885154998924448,0.5375862602024352,0.4340325724008128,0.68,0.5114845001075552,0.5508464580420948,0.467466242703801,0.34,,,,,,,,,,,,,,,,0.8,symmetric_confident
Exp2B,qwen25_14b,9,nan,movies,math,movies->math,0.0527191462602995,0.0761359144155141,0.0303905158476083,0.0,0.5365116013925018,0.5503835023153161,0.5203510824936654,0.0,0.5741308524026272,0.5888624210824558,0.5537241231244053,0.0,0.5214117061423277,0.5336440366023931,0.5025094007004991,0.02,0.5635734848890721,0.5783427189682124,0.5447014468174061,0.0,,,,,0.1039813108712819,0.1716928463811455,0.0470729516595799,0.0,0.4555014477494077,0.5019985813813875,0.4123206522816695,0.97,0.5444985522505923,0.5798762060740157,0.5058792910992119,0.01,1542.0,0.4405172413793103,0.4693747786211258,0.3950582944888069,1.0,0.5594827586206896,0.5928719873852532,0.513992630390965,0.0,,,,,,,,,,,,,,,,0.8,symmetric_confident
Exp2B,qwen25_14b,10,nan,math,movies,math->movies,0.0597475079053474,0.0870984191606411,0.0249912588625997,0.0,0.5735839950015094,0.5918110209113786,0.5547402648118605,0.0,0.5635943097839936,0.58936407761362,0.5418332017512878,0.0,0.5038468018786462,0.5251191456013083,0.4872536868685556,0.32,0.5100442205933055,0.5364774366174194,0.485855008909961,0.19,,,,,0.0026470517937808,0.0678075905345558,-0.0653798888081941,0.46,0.5002509620210808,0.5455343981545622,0.4499591902715652,0.59,0.4997490379789192,0.5414012231149931,0.4486686778358154,0.54,1343.0,0.4971019861851383,0.5410531286892499,0.4424749525136373,0.55,0.5028980138148618,0.5519936060794448,0.4629692405836699,0.43,,,,,,,,,,,,,,,,0.8,symmetric_confident
Exp2B,qwen25_14b,10,nan,movies,math,movies->math,0.0586765132203969,0.0788131597087745,0.0351956661684726,0.0,0.5359766407715714,0.5476560346125645,0.5217367594468837,0.0,0.5896579171509387,0.6063816386385088,0.5751278946175911,0.0,0.5309814039305418,0.5455276445283557,0.51674115941159,0.0,0.58442559230617,0.6026201460388804,0.5659007067650128,0.0,,,,,0.1578606212161095,0.2083797383576358,0.0865176121670616,0.0,0.4214563042906027,0.460788226288524,0.3799032156745754,1.0,0.5785436957093972,0.6113616325116175,0.5380166355508753,0.0,1542.0,0.4206830744932877,0.451315231513559,0.3871735746300934,1.0,0.5793169255067123,0.6124662506724791,0.5415712572270686,0.0,,,,,,,,,,,,,,,,0.8,symmetric_confident
Exp2B,qwen25_14b,11,nan,math,movies,math->movies,0.0866828883490779,0.1206122809818364,0.0522016441598559,0.0,0.5733058135534915,0.5884884920415725,0.5575137127037492,0.0,0.5576333738064188,0.58252651062854,0.5308823751818097,0.0,0.4709504854573408,0.4879555358904144,0.4503196889787452,1.0,0.4879513123772691,0.5178136965011995,0.459617599965205,0.81,,,,,-0.003447740146753,0.0499221263096323,-0.0705991416450878,0.55,0.5109526996343124,0.5607955089480401,0.4657610573234074,0.28,0.4890473003656875,0.5415027103345513,0.433720796111279,0.68,1343.0,0.4924950405124405,0.5304411896575235,0.4484541790737389,0.65,0.5075049594875595,0.5556485007614994,0.4446166755064399,0.44,,,,,,,,,,,,,,,,0.8,symmetric_confident
Exp2B,qwen25_14b,11,nan,movies,math,movies->math,0.0503975235736733,0.0744752055102155,0.032325478696504,0.0,0.518739749031629,0.533301689141826,0.50312155527062,0.02,0.5697070750915971,0.5840034317470778,0.5561392528455775,0.0,0.5193095515179238,0.5324066458298167,0.5054275442254823,0.0,0.5750396620172905,0.5953833120894158,0.5577884161029013,0.0,,,,,0.1752500658067912,0.2310205612531806,0.1204105322204947,0.0,0.4170867333508818,0.4603964112966597,0.3790264601433467,1.0,0.5829132666491181,0.6259947136793444,0.5443536180948123,0.0,1542.0,0.4076632008423269,0.4574246636976958,0.3648766550290004,1.0,0.5923367991576731,0.6346915540151508,0.557622561872584,0.0,,,,,,,,,,,,,,,,0.8,symmetric_confident
Exp2B,qwen25_14b,12,nan,math,movies,math->movies,0.0502835579383622,0.0707654584194494,0.0184552700425352,0.0,0.5982336794366869,0.61619736579425,0.580452368263912,0.0,0.5666495780306097,0.5919728148656817,0.5424336728458095,0.0,0.5163660200922474,0.53221880852214,0.4944063282251583,0.06,0.5215346794381737,0.547414806254338,0.5027961252193219,0.02,,,,,-0.0074272807667487,0.0503648297422267,-0.0898760496525367,0.62,0.5153983125791726,0.574635494191229,0.4550083217462116,0.23,0.4846016874208274,0.537181083806433,0.432663790388307,0.76,1343.0,0.4920289681875762,0.5404848952164276,0.44770109592195,0.52,0.5079710318124239,0.5543417616218014,0.4568224872112861,0.42,,,,,,,,,,,,,,,,0.8,symmetric_confident
Exp2B,qwen25_14b,12,nan,movies,math,movies->math,0.091859315125598,0.1130981660552495,0.0677751832234236,0.0,0.5449695504519697,0.5638143589255181,0.5292488157195959,0.0,0.6276430320040498,0.646835230780561,0.6077160029963516,0.0,0.5357837168784517,0.5500037943772309,0.5160719772096588,0.0,0.6139798360600173,0.6296105195595099,0.5964696237827251,0.0,,,,,0.2046196367465122,0.2675324096342871,0.1441036974093156,0.0,0.3985687022900763,0.4319599764192997,0.3593743969748541,1.0,0.6014312977099237,0.6389766407191806,0.5609876270508481,0.0,1542.0,0.3968116609634114,0.4361901616594436,0.3598925717080258,1.0,0.6031883390365885,0.636271083762024,0.5629270342647126,0.0,,,,,,,,,,,,,,,,0.8,symmetric_confident
Exp2B,qwen25_14b,13,nan,math,movies,math->movies,-0.0025472195822657,0.0181184511467486,-0.0306750358260371,0.69,0.6047801576771059,0.6194917555409625,0.5889858481224131,0.0,0.5721479216321147,0.5963080172042461,0.5448147883033694,0.0,0.5746951412143805,0.591386510010049,0.5543232219606921,0.0,0.5623888114403921,0.5817377075969916,0.5433109986647906,0.0,,,,,-0.0082936972680991,0.0863998940063202,-0.0899857211311203,0.58,0.5058259040608045,0.5499535353336016,0.4567927202488461,0.42,0.4941740959391955,0.5490748792852359,0.4416602110728692,0.54,1343.0,0.5024677932072946,0.5521094328078621,0.4691840815381161,0.4,0.4975322067927054,0.5540871211808245,0.4484677231918155,0.49,,,,,,,,,,,,,,,,0.8,symmetric_confident
Exp2B,qwen25_14b,13,nan,movies,math,movies->math,0.1064289739318918,0.1226995218786296,0.0853142269073934,0.0,0.5846900531476434,0.5995515609330783,0.5699825602169579,0.0,0.6800221516876721,0.69925225706108,0.6612220873779311,0.0,0.5735931777557802,0.5898391502602962,0.5606547468408385,0.0,0.6678742580113994,0.6806484456275321,0.6483762384072814,0.0,,,,,0.2114865754145828,0.2560853393378511,0.1453163239007583,0.0,0.3983976046327981,0.4343792076384202,0.3610409988282799,1.0,0.601602395367202,0.640898373262464,0.5691674472713087,0.0,1542.0,0.3901158199526191,0.4309820768939944,0.3524525192271948,1.0,0.6098841800473809,0.6496954799979243,0.5824112086810013,0.0,,,,,,,,,,,,,,,,0.8,symmetric_confident
Exp2B,qwen25_14b,14,nan,math,movies,math->movies,0.0570259935353641,0.0813949598375399,0.0304486767572579,0.0,0.6380720709336366,0.657601228740399,0.6224359919680751,0.0,0.6046085353240095,0.6231304491313718,0.5833616168091601,0.0,0.5475825417886453,0.5602777175050621,0.5272065106048994,0.0,0.5632456416483039,0.5868293432959987,0.5351430264166683,0.0,,,,,0.0291354955902387,0.097748675005507,-0.0537071296853811,0.29,0.4960025335213556,0.5437296370829771,0.4477983644362872,0.57,0.5039974664786443,0.5480344443903218,0.4550479471072442,0.47,1343.0,0.4748619708884055,0.5145134139864495,0.4196472085134788,0.84,0.5251380291115945,0.5649537794661049,0.4812044392376782,0.19,,,,,,,,,,,,,,,,0.8,symmetric_confident
Exp2B,qwen25_14b,14,nan,movies,math,movies->math,0.1246623463269863,0.1417237375522941,0.1034533485765179,0.0,0.5773061649576042,0.5899330141595742,0.5610686178679893,0.0,0.683120873209469,0.6969531358319828,0.6676184189257837,0.0,0.5584585268824827,0.5738971737285775,0.544308437774352,0.0,0.6585487911148334,0.6745455635382793,0.6439566677566957,0.0,,,,,0.272245985785733,0.3402103302696981,0.217731645639155,0.0,0.3647966570150039,0.4020577981577194,0.3325940036335139,1.0,0.635203342984996,0.6691695213127735,0.595464180328422,0.0,1542.0,0.362957357199263,0.3935997057807551,0.3348024357211906,1.0,0.6370426428007371,0.6769328020429729,0.6000874195867466,0.0,,,,,,,,,,,,,,,,0.8,symmetric_confident
Exp2B,qwen25_14b,15,nan,math,movies,math->movies,0.0357006590648809,0.0648255964739495,0.0122569861801415,0.0,0.6457277647901266,0.6633747422033459,0.6262002123203194,0.0,0.6292893226004707,0.6537630506266973,0.6076891474100132,0.0,0.5935886635355897,0.612154525432001,0.5753241523648887,0.0,0.6073625039348833,0.6295708571633772,0.586885233769115,0.0,,,,,0.0342085135878008,0.1190348926132965,-0.0530656291589777,0.2,0.491084872965415,0.5400996153706008,0.4469293088264899,0.6,0.508915127034585,0.5500383787773693,0.4618350588514891,0.45,1343.0,0.4747066134467841,0.5196871428193729,0.4317485289449773,0.88,0.5252933865532159,0.5710975868366649,0.4662043468449319,0.14,,,,,,,,,,,,,,,,0.8,symmetric_confident
Exp2B,qwen25_14b,15,nan,movies,math,movies->math,0.1209178023548598,0.1360701874485459,0.1020730441543626,0.0,0.6179830941059811,0.6350477574611901,0.6017371899516792,0.0,0.7287306077062944,0.7426805246630797,0.7109852417162332,0.0,0.6078128053514346,0.6218622719201237,0.5942681341418843,0.0,0.7131095130892857,0.7279042121548313,0.6970824320665673,0.0,,,,,0.2463904974993419,0.3201727263991519,0.1812431983372617,0.0,0.3757485522505923,0.4136495853847635,0.3384152150558854,1.0,0.6242514477494078,0.6699555819918803,0.5835543321375699,0.0,1542.0,0.3778609502500658,0.4142696319542071,0.3392610412011193,1.0,0.6221390497499342,0.6543007610805388,0.589659138771032,0.0,,,,,,,,,,,,,,,,0.8,symmetric_confident
Exp2B,qwen25_14b,16,nan,math,movies,math->movies,0.0575057430225214,0.0743894303168297,0.0348145035630504,0.0,0.6385648996440682,0.654371001502001,0.62028611003331,0.0,0.6352949288722999,0.6576387365614914,0.6101618441643094,0.0,0.5777891858497785,0.5945266732537128,0.5589034759683271,0.0,0.6024580653865179,0.6288377352520428,0.5779566600809881,0.0,,,,,0.0791366906474819,0.1621612041758374,-0.0193984389191392,0.06,0.4610769855876096,0.5073427851197078,0.4150024467590463,0.94,0.5389230144123903,0.5750722068934365,0.4837995623668557,0.1,1343.0,0.4597863237649083,0.5135458111841125,0.4200893317661602,0.91,0.5402136762350916,0.5790158772886977,0.4928871998415136,0.07,,,,,,,,,,,,,,,,0.8,symmetric_confident
Exp2B,qwen25_14b,16,nan,movies,math,movies->math,0.1500004461758444,0.1655133975928074,0.1312439288645371,0.0,0.6262653677205297,0.6379575825397359,0.6116776287033595,0.0,0.7523689513373563,0.769167515246933,0.7384967116903076,0.0,0.6023685051615119,0.6217362907201136,0.5852202632328707,0.0,0.7091465914719283,0.7257086359887841,0.6956043340485133,0.0,,,,,0.2653066596472756,0.3166483530227827,0.211216328165319,0.0,0.35728810213214,0.3938899182351607,0.3186358721538184,1.0,0.64271189786786,0.6628829016154582,0.6040491484469824,0.0,1542.0,0.3774052382205843,0.4183085975066821,0.3454632542211105,1.0,0.6225947617794156,0.6534080987662313,0.5863768502611112,0.0,,,,,,,,,,,,,,,,0.8,symmetric_confident
Exp2B,qwen25_14b,17,nan,math,movies,math->movies,0.0822225711372209,0.1096480019327456,0.0613900325047058,0.0,0.6423678243227116,0.6613268839329447,0.6192545252977437,0.0,0.6299500831946755,0.6530161773079951,0.6113941365488748,0.0,0.5477275120574545,0.5659463742096656,0.5333853038781753,0.0,0.5790217505358937,0.6009728737631956,0.5537303020786083,0.0,,,,,0.0934295752766557,0.1704441353323024,-0.0074832678115131,0.03,0.4560517698797772,0.5092620798245618,0.4004854198465895,0.96,0.5439482301202228,0.6048358543507057,0.4791255156613376,0.07,1343.0,0.450518654843567,0.4926071114485315,0.4137652171929638,0.99,0.549481345156433,0.591463588026558,0.4981482907666907,0.04,,,,,,,,,,,,,,,,0.8,symmetric_confident
Exp2B,qwen25_14b,17,nan,movies,math,movies->math,0.1537421159185552,0.1697083848959953,0.1363373108219767,0.0,0.6066456891039655,0.6248109060294706,0.5924483480061794,0.0,0.7351208119807173,0.7507339227555121,0.7205853819507423,0.0,0.5813786960621621,0.5970092322195569,0.5648351190856377,0.0,0.6903690453672249,0.70573916041024,0.6741342096067662,0.0,,,,,0.3222525664648592,0.4046380358799831,0.2396893261658101,0.0,0.3317813898394314,0.3616569890649603,0.2923980325761777,1.0,0.6682186101605686,0.7028319478696485,0.6296570604048071,0.0,1542.0,0.3459660436957094,0.384464708406051,0.3078972725931142,1.0,0.6540339563042906,0.6905781319060947,0.6179175402550966,0.0,,,,,,,,,,,,,,,,0.8,symmetric_confident
Exp2B,qwen25_14b,18,nan,math,movies,math->movies,0.1354886020841,0.1612467946392867,0.1027698446551088,0.0,0.6511646763968746,0.6683994213751087,0.6393815136062138,0.0,0.6341622820824152,0.6530203265627548,0.6157730414335356,0.0,0.4986736799983151,0.5194231560462035,0.4813705551399884,0.55,0.5379442670624035,0.5614729188737938,0.5123716937973722,0.0,,,,,0.1001398216974593,0.1863877742573287,0.0228971284256997,0.01,0.4513551949138363,0.4989656913412232,0.3955129116368137,0.98,0.5486448050861636,0.591705728615071,0.5078942370067477,0.01,1343.0,0.4485049833887043,0.4934418725338426,0.3935950033792001,1.0,0.5514950166112956,0.5909002540123375,0.5045185939331178,0.02,,,,,,,,,,,,,,,,0.8,symmetric_confident
Exp2B,qwen25_14b,18,nan,movies,math,movies->math,0.1766397471379767,0.1936048370422152,0.1602477694553318,0.0,0.5897546287504379,0.6051421568956122,0.5750268794828058,0.0,0.7329277292989417,0.7470414834594098,0.7177191431855335,0.0,0.556287982160965,0.5717965310038746,0.5407024914036609,0.0,0.6684594299384542,0.6859192480523258,0.6528195739482562,0.0,,,,,0.3594992103185048,0.4212193348432468,0.3021590445688166,0.0,0.3086239799947354,0.3383375272405561,0.2717777856001963,1.0,0.6913760200052645,0.721499294220769,0.6608485846739938,0.0,1542.0,0.3318768096867597,0.3701206879010701,0.295972146242802,1.0,0.6681231903132403,0.7084361000269562,0.6326621371393125,0.0,,,,,,,,,,,,,,,,0.8,symmetric_confident
Exp2B,qwen25_14b,19,nan,math,movies,math->movies,0.1056940903743629,0.1278558629046465,0.084815316772244,0.0,0.6606821676038837,0.6771643046351246,0.6376660348943807,0.0,0.6511831631964743,0.6704421326735254,0.6308910366604674,0.0,0.5454890728221113,0.5696938128793413,0.5249146130545052,0.0,0.5805435385468664,0.6039787371413212,0.5572357033582888,0.0,,,,,0.1279846554649967,0.2021619377309918,0.0416368863634843,0.0,0.4369248787016898,0.4789486679417195,0.3881596173658048,0.99,0.5630751212983102,0.6177469973469359,0.5095124930976757,0.01,1343.0,0.4350904658333134,0.4826979141680581,0.3938261241003051,0.99,0.5649095341666865,0.6177113226131984,0.527123644258036,0.0,,,,,,,,,,,,,,,,0.8,symmetric_confident
Exp2B,qwen25_14b,19,nan,movies,math,movies->math,0.196697953718108,0.2141914820313096,0.1808596371139477,0.0,0.6164221957861006,0.6331527250125559,0.598876065673297,0.0,0.7790644684086976,0.7918887004257313,0.7645974939499772,0.0,0.5823665146905895,0.6000663006932758,0.5650746149018283,0.0,0.7148470975931633,0.7323228100533986,0.6994497691430034,0.0,,,,,0.4019018162674387,0.4761651637896778,0.3415440550033018,0.0,0.2864372203211371,0.3155951933642404,0.2504191363176885,1.0,0.7135627796788628,0.7497732532024909,0.6790205734418598,0.0,1542.0,0.3116609634114241,0.3449187900875628,0.2792073442810451,1.0,0.688339036588576,0.7164200586716819,0.654251996601635,0.0,,,,,,,,,,,,,,,,0.8,symmetric_confident
Exp2B,qwen25_14b,20,nan,math,movies,math->movies,0.1034015087491933,0.1323915970718743,0.0813792834799086,0.0,0.6756456968752413,0.6923504643218127,0.6593572320174037,0.0,0.6928878295933204,0.7129197692492059,0.6723604426814445,0.0,0.5894863208441271,0.6057862008095452,0.5686361287810219,0.0,0.6450342522222722,0.6640890362338756,0.6209017562438703,0.0,,,,,0.1579746169841535,0.2468613224635797,0.0656989145020976,0.0,0.4314993188173713,0.4859229885057471,0.3820250325003892,1.0,0.5685006811826286,0.6267681690760819,0.5211839502334635,0.01,1343.0,0.4105260641984751,0.4498013355429099,0.3627888820545681,1.0,0.5894739358015249,0.6401492488269438,0.5497618062678936,0.0,,,,,,,,,,,,,,,,0.8,symmetric_confident
Exp2B,qwen25_14b,20,nan,movies,math,movies->math,0.2140809954391246,0.2346438469367505,0.1948897157124922,0.0,0.6446506611416437,0.6583681478459901,0.6237466490930746,0.0,0.8261879744544901,0.8409849649544779,0.8169084139049724,0.0,0.6121069790153655,0.6284180126175655,0.5966048493945001,0.0,0.7647759738378291,0.7821637809370564,0.7454170870487449,0.0,,,,,0.45989405106607,0.5177676862087485,0.4058382028732556,0.0,0.2551329297183469,0.285853869423825,0.2216994150397781,1.0,0.7448670702816531,0.7729748983177972,0.7014307733654874,0.0,1542.0,0.284973019215583,0.3147836680579619,0.2614860084823786,1.0,0.715026980784417,0.7459848749268079,0.6809655443769814,0.0,,,,,,,,,,,,,,,,0.8,symmetric_confident
Exp2B,qwen25_14b,21,nan,math,movies,math->movies,0.1438610019809751,0.1634303451888006,0.1109742081760922,0.0,0.6825972494260862,0.7018281351291794,0.6663559770041536,0.0,0.6903832951087526,0.7114340644971925,0.6731325861439719,0.0,0.5465222931277774,0.5610807726105523,0.5291995341545827,0.0,0.6159266088051446,0.6354386871049968,0.5870336664916478,0.0,,,,,0.1968319032481656,0.2722060127814251,0.1107752726859092,0.0,0.4140933100695523,0.4485745603037551,0.3765684234617303,1.0,0.5859066899304477,0.6435949485360616,0.5430875017313312,0.0,1343.0,0.389074786682282,0.4269732223138462,0.3401121395535927,1.0,0.6109252133177179,0.6639320155042865,0.5634328215090788,0.0,,,,,,,,,,,,,,,,0.8,symmetric_confident
Exp2B,qwen25_14b,21,nan,movies,math,movies->math,0.2359485970328454,0.2530306518002237,0.2199427295796903,0.0,0.6510628580023227,0.6656985201855785,0.6341276112392223,0.0,0.8437022402069532,0.8536418950673712,0.8307155032789952,0.0,0.6077536431741077,0.6239989044493421,0.5892499525001897,0.0,0.768407932184784,0.7828203323095614,0.755532458011554,0.0,,,,,0.525542906027902,0.5755218655386355,0.4800804099557183,0.0,0.2254112924453803,0.2525062441023385,0.1983606666632729,1.0,0.7745887075546196,0.809417207054726,0.7359056062193408,0.0,1542.0,0.2490458015267175,0.2811468286322057,0.2244744062041839,1.0,0.7509541984732825,0.7881711153241548,0.717106600323247,0.0,,,,,,,,,,,,,,,,0.8,symmetric_confident
Exp2B,qwen25_14b,22,nan,math,movies,math->movies,0.0772961938341583,0.1014625109930717,0.0489569919179103,0.0,0.6902796206201779,0.7086499921285652,0.6701781397447389,0.0,0.6836455756921647,0.700660350473094,0.6643714860954375,0.0,0.6063493818580064,0.6251139443508684,0.5839911572953833,0.0,0.6870552082864895,0.7063995282443977,0.665241266739512,0.0,,,,,0.2182891560505748,0.286482184040805,0.1513232169922415,0.0,0.4438980377160066,0.4846986927177975,0.3871052311617003,1.0,0.5561019622839934,0.5972287538437346,0.508858829613314,0.0,1343.0,0.3378128062334186,0.3785851228044505,0.2857884934490618,1.0,0.6621871937665814,0.704855271186113,0.6255551394980954,0.0,,,,,,,,,,,,,,,,0.8,symmetric_confident
Exp2B,qwen25_14b,22,nan,movies,math,movies->math,0.2392289359342012,0.2613890891413666,0.2235542233593659,0.0,0.6649904624705677,0.6782596056643359,0.6495210051351495,0.0,0.8588141521512612,0.8717546757345147,0.84824092124459,0.0,0.61958521621706,0.6338739057436156,0.6013809971476117,0.0,0.7948226716947134,0.8095596374735754,0.7788455486429977,0.0,,,,,0.5418564095814687,0.5937531230280202,0.4906245548392232,0.0,0.2255165833113977,0.2563646892071882,0.1980261537163587,1.0,0.7744834166886022,0.7974998003471951,0.7481459793028092,0.0,1542.0,0.2326270071071334,0.2567537208837361,0.203522355461382,1.0,0.7673729928928665,0.8014366115311357,0.7306626665799023,0.0,,,,,,,,,,,,,,,,0.8,symmetric_confident
Exp2B,qwen25_14b,23,nan,math,movies,math->movies,0.2004052718081416,0.231083571385903,0.1762269254830496,0.0,0.6903808891977844,0.7076748291470623,0.6737261812592432,0.0,0.7228193251487761,0.7449991159467493,0.705023221150524,0.0,0.5224140533406345,0.5387706597336868,0.5005822511160902,0.02,0.6197016983705835,0.6394163333945242,0.5972073775528065,0.0,,,,,0.2554614116016157,0.3205561684828866,0.1760914037367545,0.0,0.3780742847582399,0.4271121303662966,0.3332279594225458,1.0,0.6219257152417601,0.6748733232166835,0.5819054045406347,0.0,1343.0,0.3664643036401444,0.4214275291077939,0.3207947677510874,1.0,0.6335356963598556,0.6800504422403456,0.5915669523429083,0.0,,,,,,,,,,,,,,,,0.8,symmetric_confident
Exp2B,qwen25_14b,23,nan,movies,math,movies->math,0.2645003878230229,0.2818880503305138,0.2482905997561265,0.0,0.6666626132813396,0.6817319947889062,0.6515237812386657,0.0,0.8687902838718001,0.8788583887992036,0.8599361656833044,0.0,0.6042898960487773,0.6155840896914717,0.5889529234150472,0.0,0.7830785597685553,0.7957182273422716,0.7707626280968519,0.0,,,,,0.5662345354040537,0.6119525187540549,0.5098604314453843,0.0,0.213733877336141,0.2392302046782535,0.1877262483496317,1.0,0.7862661226638589,0.8124045925819989,0.7579456032817408,0.0,1542.0,0.2200315872598052,0.2503361244665943,0.1927327176556888,1.0,0.7799684127401948,0.806190366575567,0.7569272651116137,0.0,,,,,,,,,,,,,,,,0.8,symmetric_confident
Exp2B,qwen25_14b,24,nan,math,movies,math->movies,0.1821945604347115,0.2141693237169727,0.1536389720145149,0.0,0.6873251054807888,0.7053801818750326,0.6696584036508697,0.0,0.7305475858554061,0.7500309777027918,0.7132978133030866,0.0,0.5483530254206946,0.5730409380082967,0.5261571639487426,0.0,0.658977979643537,0.6846765351497303,0.6351555133399076,0.0,,,,,0.2948445230526543,0.3579632092930568,0.2165803372095525,0.0,0.3678684959009536,0.4122145382164552,0.3218257916414472,1.0,0.6321315040990464,0.6765120250314371,0.5901119336553524,0.0,1343.0,0.3372869810463921,0.3708830875218025,0.3008800640264257,1.0,0.6627130189536079,0.6982175969158515,0.6233861466390953,0.0,,,,,,,,,,,,,,,,0.8,symmetric_confident
Exp2B,qwen25_14b,24,nan,movies,math,movies->math,0.2581734522538011,0.2738365898482968,0.2421977183959579,0.0,0.6774440145556204,0.6933934218458929,0.6593893180074779,0.0,0.8803162683699922,0.888525432849175,0.8715066095864155,0.0,0.622142816116191,0.6395253349944957,0.607591998452661,0.0,0.802352277436221,0.8146741741398297,0.7907544452528121,0.0,,,,,0.5789615688339037,0.6211922336325455,0.524149418474967,0.0,0.2078573308765464,0.2443370092562246,0.1800949327415366,1.0,0.7921426691234535,0.8229518177658043,0.769896939059135,0.0,1542.0,0.2131811002895498,0.2432402935744586,0.1873508897752555,1.0,0.7868188997104502,0.8139328882183627,0.761870982978292,0.0,,,,,,,,,,,,,,,,0.8,symmetric_confident
Exp2B,qwen25_14b,25,nan,math,movies,math->movies,0.1577972005159186,0.178939951373505,0.1341489296805241,0.0,0.6931116306171592,0.7113645680903673,0.6727500321898638,0.0,0.7438983076254291,0.7670604281168496,0.7250275865138066,0.0,0.5861011071095105,0.605217949670834,0.566631523885638,0.0,0.6958000929381961,0.7165910375799368,0.6771078736490629,0.0,,,,,0.2940916369894117,0.367678938402057,0.2117245877939249,0.0,0.366111761753388,0.4080626447564228,0.3336513611138297,1.0,0.633888238246612,0.6776100071972918,0.5880902864281959,0.0,1343.0,0.3397966012572002,0.3841773760360114,0.2946775449876232,1.0,0.6602033987427998,0.6982743811860129,0.6220355112142483,0.0,,,,,,,,,,,,,,,,0.8,symmetric_confident
Exp2B,qwen25_14b,25,nan,movies,math,movies->math,0.2472077579904336,0.2657200133193872,0.2320893297273582,0.0,0.68528101947988,0.6961069543198337,0.6726102171740206,0.0,0.8926194206666718,0.9020758350023588,0.8838787623166727,0.0,0.6454116626762382,0.6595215703187365,0.6283494823535639,0.0,0.8297935825707985,0.8402984759807474,0.8157148528383955,0.0,,,,,0.6152902079494603,0.6593961261379887,0.5691004322167987,0.0,0.1876052908660173,0.2167765097208777,0.1616342762066446,1.0,0.8123947091339826,0.8335783612799592,0.7879553921586735,0.0,1542.0,0.1971045011845222,0.2239545205737314,0.1702393745475369,1.0,0.8028954988154777,0.8294089136427698,0.780850257683393,0.0,,,,,,,,,,,,,,,,0.8,symmetric_confident
Exp2B,qwen25_14b,26,nan,math,movies,math->movies,0.1827494142407809,0.2093738515067923,0.1597540870030504,0.0,0.6832420687573275,0.7035263526461029,0.6666680590654137,0.0,0.7814327472230966,0.7959302277726253,0.7691957076265818,0.0,0.5986833329823157,0.6129570314439534,0.576934638411799,0.0,0.7584602239510725,0.7740954783126601,0.7361871921531472,0.0,,,,,0.4319892922871005,0.5094744680364797,0.3552073496751763,0.0,0.3019670642223762,0.3440387973008788,0.2609962362857157,1.0,0.6980329357776237,0.7361980260617444,0.6492322785551062,0.0,1343.0,0.2660436434905232,0.3027574889358096,0.2217718560984257,1.0,0.7339563565094768,0.7747079125944805,0.7016009046587759,0.0,,,,,,,,,,,,,,,,0.8,symmetric_confident
Exp2B,qwen25_14b,26,nan,movies,math,movies->math,0.260081816854158,0.2741865010162649,0.2400071591271325,0.0,0.7067645654089616,0.7224510495938005,0.6942769121275351,0.0,0.9130463162705568,0.9211907651685788,0.905319074557787,0.0,0.6529644994163988,0.6633829512214644,0.6365347700324067,0.0,0.8413540082418274,0.8540846670007388,0.8290378157848645,0.0,,,,,0.626227296657015,0.6701180468367256,0.5856554743313208,0.0,0.1845551460910766,0.2078521036734737,0.1587395042080032,1.0,0.8154448539089234,0.8396112583484008,0.7932832089663919,0.0,1542.0,0.1892175572519084,0.2158169254000925,0.167694608817287,1.0,0.8107824427480916,0.836625949480821,0.7800307158591474,0.0,,,,,,,,,,,,,,,,0.8,symmetric_confident
Exp2B,qwen25_14b,27,nan,math,movies,math->movies,0.2121861289499701,0.2372035163551304,0.1863913167883257,0.0,0.7015281551216977,0.7211682101220758,0.6864184751168915,0.0,0.8415961385678524,0.8548714859519261,0.8278983547032933,0.0,0.6294100096178823,0.6480544895776826,0.612522645094341,0.0,0.7766581223486382,0.7968143775118239,0.757538903759707,0.0,,,,,0.5257355577332155,0.5859655183113484,0.4589762797947483,0.0,0.220033939625708,0.2523151119965532,0.1917012926590697,1.0,0.779966060374292,0.8171730025803132,0.752420972733053,0.0,1343.0,0.2542305026410765,0.2908469534560605,0.2159770268525968,1.0,0.7457694973589235,0.7858804660011731,0.7126010848347338,0.0,,,,,,,,,,,,,,,,0.8,symmetric_confident
Exp2B,qwen25_14b,27,nan,movies,math,movies->math,0.2560321930205156,0.2723571808083647,0.2411075328540366,0.0,0.7212066910870196,0.7357993483364559,0.7079056500337134,0.0,0.932448286305643,0.9408277325827176,0.92648762517201,0.0,0.6764160932851274,0.6905512185908909,0.663087434409538,0.0,0.8733731466002189,0.8836344607047684,0.8658354261904658,0.0,,,,,0.6682054488023164,0.7006124248722438,0.6224099288015901,0.0,0.1558271913661489,0.177858393507882,0.1337950636390896,1.0,0.844172808633851,0.8638094517775928,0.8196982957592032,0.0,1542.0,0.1759673598315346,0.1982842024859301,0.1506110655690532,1.0,0.8240326401684653,0.8455411350725138,0.8011128196813599,0.0,,,,,,,,,,,,,,,,0.8,symmetric_confident
Exp2B,qwen25_14b,28,nan,math,movies,math->movies,0.2638467676845406,0.2834629313766503,0.2417040571110811,0.0,0.6993070912575556,0.7137261819493749,0.6829103586335517,0.0,0.8456296562785748,0.8594818303810794,0.8320560873514357,0.0,0.5817828885940342,0.599404597258398,0.5622069212524315,0.0,0.751312377269116,0.7803397151608997,0.7315862549088773,0.0,,,,,0.5394727407442816,0.6035640699994974,0.4861412115741034,0.0,0.2032374100719424,0.2424178415228767,0.1691040515845538,1.0,0.7967625899280576,0.8238532044314595,0.7606636135097102,0.0,1343.0,0.2572898491837759,0.292728022263125,0.2202847692042445,1.0,0.742710150816224,0.7886107224751764,0.6985250042673014,0.0,,,,,,,,,,,,,,,,0.8,symmetric_confident
Exp2B,qwen25_14b,28,nan,movies,math,movies->math,0.2832291201022647,0.2989289255048006,0.2696450440159268,0.0,0.713499308250985,0.7286708581863759,0.7027568050680901,0.0,0.936658637682142,0.9431180269717996,0.929193975185809,0.0,0.6534295175798771,0.6676953245807922,0.6384313138653995,0.0,0.8583534057946454,0.8674502391152246,0.8480842651421885,0.0,,,,,0.7194491971571466,0.7612536009010488,0.6847396306299212,0.0,0.1354270860752829,0.1569530775416392,0.1209359048664783,1.0,0.864572913924717,0.8864087513005385,0.8455623313268714,0.0,1542.0,0.1451237167675704,0.1699066861519955,0.124104664609227,1.0,0.8548762832324296,0.8738376347019146,0.8288722017749066,0.0,,,,,,,,,,,,,,,,0.8,symmetric_confident
Exp2B,qwen25_14b,29,nan,math,movies,math->movies,0.1876743333725027,0.2116357051559688,0.1633742769614568,0.0,0.6856370618422808,0.7045524889496315,0.6696743496928053,0.0,0.8178267452144324,0.831689933647463,0.8025260377341483,0.0,0.6301524118419297,0.6468701854008466,0.6060317668435278,0.0,0.8012687562770757,0.8199227496807825,0.7853365741339593,0.0,,,,,0.5488061378140013,0.623674572096337,0.4781145872242418,0.0,0.221372403738139,0.2586086437826606,0.1887427824899621,1.0,0.778627596261861,0.819474186450918,0.742264637220339,0.0,1343.0,0.2298214584478596,0.2677719836934405,0.1973911494004691,1.0,0.7701785415521404,0.8045853916992108,0.7354912655316699,0.0,,,,,,,,,,,,,,,,0.8,symmetric_confident
Exp2B,qwen25_14b,29,nan,movies,math,movies->math,0.2545195325332012,0.266372332092083,0.238192365607708,0.0,0.7280968424473271,0.7443385136229517,0.7163348554554471,0.0,0.9409348099667288,0.9469885358049608,0.9348086451915129,0.0,0.6864152774335275,0.7051567537073913,0.6734075933307837,0.0,0.8964215074737345,0.90504474276592,0.8866777589398828,0.0,,,,,0.6951829428797052,0.7449552630652628,0.6566509937147751,0.0,0.1571499078704922,0.1734388731483378,0.1371132528714253,1.0,0.8428500921295078,0.8632609099453278,0.825725729572152,0.0,1542.0,0.1476671492498026,0.169833876025231,0.1255703488575239,1.0,0.8523328507501974,0.8729374135970253,0.8264168548737996,0.0,,,,,,,,,,,,,,,,0.8,symmetric_confident
Exp2B,qwen25_14b,30,nan,math,movies,math->movies,0.1877239006345736,0.2096469900285898,0.169557761669922,0.0,0.700797863004851,0.718677320247466,0.6848937076756292,0.0,0.8515603123922592,0.8670239977963174,0.8362914302103682,0.0,0.6638364117576855,0.6788052304633189,0.6477118404976635,0.0,0.8291148386323095,0.8468655719173878,0.8138893493503122,0.0,,,,,0.6086665551279906,0.6596256213868699,0.5360476897177556,0.0,0.1885202801214178,0.2289418874018372,0.1629420835207653,1.0,0.8114797198785821,0.8386024935941436,0.7823847236294236,0.0,1343.0,0.2028131647505915,0.2496782569483531,0.1748371591488273,1.0,0.7971868352494085,0.8293377973451602,0.7663968537469638,0.0,,,,,,,,,,,,,,,,0.8,symmetric_confident
Exp2B,qwen25_14b,30,nan,movies,math,movies->math,0.2276398484401383,0.2423360333053816,0.2137828310050804,0.0,0.7337845182413552,0.7461264841937733,0.7207873252475381,0.0,0.93397113283031,0.9397165012178847,0.927761462964642,0.0,0.7063312843901717,0.7199362092438689,0.6938528952737899,0.0,0.9091713016467254,0.9164220196594938,0.9014175653917909,0.0,,,,,0.6472163727296658,0.6973480230266293,0.6026272470398735,0.0,0.1857725717294024,0.2096634668287751,0.1638348164926336,1.0,0.8142274282705976,0.8376170638258663,0.7885179368843134,0.0,1542.0,0.1670110555409318,0.1902397324927566,0.1501714252251871,1.0,0.8329889444590681,0.8601556100217865,0.811630943846629,0.0,,,,,,,,,,,,,,,,0.8,symmetric_confident
Exp2B,qwen25_14b,31,nan,math,movies,math->movies,0.1628466483227713,0.1782338207442091,0.1427787584676581,0.0,0.705062726845124,0.7239202892087369,0.6908170778806971,0.0,0.8465752274737299,0.8596099746436403,0.8332452239132212,0.0,0.6837285791509586,0.6999406472084742,0.6696803440639002,0.0,0.8310179730479231,0.8482433641006351,0.8160431028391069,0.0,,,,,0.5986938024331365,0.6575843719658551,0.530403560207356,0.0,0.1965869165133009,0.2310240059108996,0.1623816092385456,1.0,0.803413083486699,0.8335483242562498,0.7649717993643037,0.0,1343.0,0.2047192810535624,0.2408805602023926,0.171361348768797,1.0,0.7952807189464375,0.8253166261544972,0.7626690384337842,0.0,,,,,,,,,,,,,,,,0.8,symmetric_confident
Exp2B,qwen25_14b,31,nan,movies,math,movies->math,0.2102983905529376,0.2229703345319933,0.1955452629247203,0.0,0.7295802089925475,0.7474606158767375,0.7198146056215832,0.0,0.9245495586609708,0.932902428379816,0.9157349891132772,0.0,0.7142511681080332,0.7285189346711016,0.7002418715268948,0.0,0.9106956788901852,0.9195293192428692,0.9029102045411832,0.0,,,,,0.607594103711503,0.6676405156847942,0.5661172600988327,0.0,0.2032344037904711,0.2244913192550798,0.1769585637184249,1.0,0.7967655962095288,0.8177943394336651,0.7709943269785751,0.0,1542.0,0.1891714924980257,0.2139207860258284,0.1663277256488463,1.0,0.8108285075019742,0.8303571961576315,0.7859235189878386,0.0,,,,,,,,,,,,,,,,0.8,symmetric_confident
Exp2B,qwen25_14b,32,nan,math,movies,math->movies,0.1542541495777551,0.1725188735617967,0.1350682955555996,0.0,0.7016978721313086,0.7157919551215739,0.6873859408423887,0.0,0.8380704831287195,0.8535583046399672,0.8238600015332175,0.0,0.6838163335509643,0.696981754926481,0.6642377656421782,0.0,0.8213164245776559,0.8365640546642835,0.8074955544731902,0.0,,,,,0.5815746074236956,0.6537903027948858,0.511493281157772,0.0,0.2045698988981572,0.2435520925752568,0.1690461991409387,1.0,0.7954301011018428,0.8334854154986495,0.7592386966139822,0.0,1343.0,0.2138554936781471,0.2470454289314822,0.1767308712602419,1.0,0.7861445063218528,0.8220972292904134,0.7482538949067119,0.0,,,,,,,,,,,,,,,,0.8,symmetric_confident
Exp2B,qwen25_14b,32,nan,movies,math,movies->math,0.2104711001582847,0.2254297130001189,0.1953878186611917,0.0,0.7252706842097184,0.7419969861716528,0.7129328777724908,0.0,0.9225067050949975,0.9311272596858146,0.912032818514215,0.0,0.7120356049367128,0.7283481821690158,0.6977205749451839,0.0,0.910589731282316,0.9185944874857968,0.9033397910465152,0.0,,,,,0.6142800737036063,0.665822642420156,0.5601140305618879,0.0,0.2001941300342195,0.2292691609195221,0.1746735229985017,1.0,0.7998058699657805,0.8330069478028351,0.7774327780304742,0.0,1542.0,0.1855257962621742,0.2120792996970661,0.1612648840237781,1.0,0.8144742037378258,0.8386270209804301,0.7875596319074579,0.0,,,,,,,,,,,,,,,,0.8,symmetric_confident
Exp2B,qwen25_14b,33,nan,math,movies,math->movies,0.1666589630955375,0.1891310603187382,0.1446239155568856,0.0,0.6907103192154055,0.7091770545913719,0.6742934239140576,0.0,0.8328791353749756,0.8464852191549889,0.8132395815521226,0.0,0.6662201722794381,0.6835774264999359,0.6501194562799154,0.0,0.7973743460598702,0.8161286950597768,0.7767909154842151,0.0,,,,,0.5686321374793852,0.6267413253441572,0.479654025225687,0.0,0.2034166686584287,0.2366038778524544,0.167760963384403,1.0,0.7965833313415712,0.8337118022992657,0.7542531146609378,0.0,1343.0,0.2279511938621859,0.2572918668314873,0.1967761013296827,1.0,0.772048806137814,0.8104499330893323,0.7335583420341536,0.0,,,,,,,,,,,,,,,,0.8,symmetric_confident
Exp2B,qwen25_14b,33,nan,movies,math,movies->math,0.2048570849205937,0.2175942621202463,0.1875611548921616,0.0,0.7267867365642782,0.7418885666357214,0.71507918365773,0.0,0.9225565627928184,0.9291974296837224,0.9132093357965148,0.0,0.7176994778722245,0.7312876196451574,0.7038554684257055,0.0,0.911962895376464,0.9212885903273011,0.903250230453392,0.0,,,,,0.604826928138984,0.6543042131662887,0.5557189678496826,0.0,0.2002895498815477,0.2292947932282929,0.1779948156900604,1.0,0.7997104501184522,0.8270663466941122,0.7714465202803551,0.0,1542.0,0.1948835219794683,0.2185934410983456,0.1707514539225402,1.0,0.8051164780205318,0.8327842825063565,0.7846589202968192,0.0,,,,,,,,,,,,,,,,0.8,symmetric_confident
Exp2B,qwen25_14b,34,nan,math,movies,math->movies,0.1695170019481116,0.1880258490215944,0.149229700884317,0.0,0.6830349683733142,0.7057862149995721,0.6659712861717133,0.0,0.8329342986913703,0.8480079616576909,0.8130104031253476,0.0,0.6634172967432587,0.681653411948678,0.6453864830329639,0.0,0.8094467179325748,0.8241576664546025,0.7955621382278489,0.0,,,,,0.5699526757331677,0.6407439659439339,0.4849681718792625,0.0,0.2083642056454504,0.2423946879999686,0.1803666685811893,1.0,0.7916357943545496,0.8227027253828206,0.757640977542984,0.0,1343.0,0.2216831186213819,0.2619640148147771,0.1823459285249587,1.0,0.778316881378618,0.810710126752552,0.7469648299566333,0.0,,,,,,,,,,,,,,,,0.8,symmetric_confident
Exp2B,qwen25_14b,34,nan,movies,math,movies->math,0.1944898232420369,0.2091806701211188,0.1769003587595077,0.0,0.7300422949198317,0.7425880893808745,0.717488127893459,0.0,0.9151970855114188,0.9242460550836497,0.9046947293989456,0.0,0.7207072622693818,0.7366836732475891,0.7103920741444661,0.0,0.9078997116781816,0.9147420253140532,0.8994963752205585,0.0,,,,,0.5607100552777047,0.6138715177530379,0.5085623075432857,0.0,0.2245031587259805,0.2495987224302499,0.1926956581603763,1.0,0.7754968412740195,0.8060645716803003,0.7451036024643336,0.0,1542.0,0.2147867859963148,0.2399810040451774,0.186453832117779,1.0,0.7852132140036852,0.806389523821777,0.756821920744346,0.0,,,,,,,,,,,,,,,,0.8,symmetric_confident
Exp2B,qwen25_14b,35,nan,math,movies,math->movies,0.1628884706278273,0.1821518861874812,0.1402273573838567,0.0,0.6969335102462038,0.7173326667594568,0.6825633944281606,0.0,0.8482864894844928,0.862456321392505,0.8350476808224976,0.0,0.6853980188566655,0.7029057892482796,0.6685004417470489,0.0,0.8265329555845363,0.8432813551797977,0.8103715273746265,0.0,,,,,0.5913740768182796,0.6534766544887198,0.537499121162031,0.0,0.1968319032481655,0.2335619516744434,0.1646608825106085,1.0,0.8031680967518344,0.8348813601342612,0.7782349700192747,0.0,1343.0,0.2117940199335548,0.2457048185835955,0.1749018611326208,1.0,0.7882059800664452,0.8223207366067722,0.7581914944931425,0.0,,,,,,,,,,,,,,,,0.8,symmetric_confident
Exp2B,qwen25_14b,35,nan,movies,math,movies->math,0.1945552888566236,0.2095264237565069,0.1821927232749395,0.0,0.7279769657323355,0.7409306183127674,0.7120817387704317,0.0,0.9162439878285988,0.925188532282057,0.9074455692570024,0.0,0.7216886989719752,0.7345113066609115,0.7092713889787522,0.0,0.9118658040701813,0.922253746705751,0.9012375883675636,0.0,,,,,0.5788661489865754,0.630086889090792,0.5204380535933374,0.0,0.2146617530929191,0.2415499589545658,0.1916050638181401,1.0,0.7853382469070808,0.8144886017478008,0.7521246503325126,0.0,1542.0,0.2064720979205054,0.2305435975796045,0.1798452985266563,1.0,0.7935279020794946,0.8206316936374214,0.7678151058305484,0.0,,,,,,,,,,,,,,,,0.8,symmetric_confident
Exp2B,qwen25_14b,36,nan,math,movies,math->movies,0.1686364665462969,0.1859502162585578,0.1492983510234962,0.0,0.6889306599832916,0.7043315127401872,0.6695191906977797,0.0,0.842637645965433,0.8588682819177564,0.8275333381925217,0.0,0.6740011794191361,0.6917404339566225,0.660831405107883,0.0,0.8294308284990481,0.8474584999840549,0.8151253102113887,0.0,,,,,0.5955627524558426,0.6540143709232531,0.5164768719085996,0.0,0.2009966777408638,0.2293898336486971,0.1666253265235904,1.0,0.7990033222591362,0.8288494566604201,0.7536886502067275,0.0,1343.0,0.2034405698032935,0.2478261069285966,0.1700297803453971,1.0,0.7965594301967064,0.8265472907239407,0.758244249317668,0.0,,,,,,,,,,,,,,,,0.8,symmetric_confident
Exp2B,qwen25_14b,36,nan,movies,math,movies->math,0.1925994422253268,0.207788135118603,0.1810774779671961,0.0,0.7307963108329052,0.7442305688700027,0.7164740771672407,0.0,0.9143309173488388,0.9225373743625456,0.9067605869641512,0.0,0.7217314751235119,0.7368028527114223,0.7086988379393051,0.0,0.910906262061244,0.9189319906461728,0.9034811571511696,0.0,,,,,0.559887470386944,0.6155242745133429,0.518259490763577,0.0,0.2265859436693866,0.2494038865674325,0.1975349589859804,1.0,0.7734140563306133,0.8021353234908479,0.7462164963804352,0.0,1542.0,0.2135265859436693,0.2409516966892197,0.1867584131559204,1.0,0.7864734140563306,0.8131052556099962,0.7558771042944703,0.0,,,,,,,,,,,,,,,,0.8,symmetric_confident
Exp2B,qwen25_14b,37,nan,math,movies,math->movies,0.1644395708941126,0.1831800576624808,0.1416228914324058,0.0,0.6811900198675962,0.6983986241034101,0.6652523921828358,0.0,0.8302229017703228,0.8446673640726393,0.8129259525411053,0.0,0.6657833308762101,0.6854830601043318,0.6460193894336345,0.0,0.8187315435235568,0.837006728439749,0.8017417537866116,0.0,,,,,0.564921484739119,0.6579324764159451,0.50719277313421,0.0,0.2168670379311169,0.2529614323055988,0.1821796405439224,1.0,0.783132962068883,0.812960288409646,0.7474022496892772,0.0,1343.0,0.2182114773297641,0.2580329956336101,0.1934211983896976,1.0,0.7817885226702359,0.808482258042261,0.7506024831072515,0.0,,,,,,,,,,,,,,,,0.8,symmetric_confident
Exp2B,qwen25_14b,37,nan,movies,math,movies->math,0.1855324968066466,0.2021357425197577,0.1711833378893743,0.0,0.7283338361255983,0.739451623265572,0.7127195748838228,0.0,0.9061907734831396,0.9149996189263432,0.8990679418606695,0.0,0.7206582766764931,0.73449636946602,0.7098765618826512,0.0,0.9038776387131904,0.9129537109698568,0.8951531180375821,0.0,,,,,0.5267570413266649,0.5993861078680395,0.4698582533345634,0.0,0.2427250592261121,0.2738232084389392,0.2170267867151239,1.0,0.7572749407738879,0.7892206117834275,0.7322791105569155,0.0,1542.0,0.2305178994472229,0.2603064062495089,0.1999415931776741,1.0,0.769482100552777,0.7965146413373757,0.7381539167751632,0.0,,,,,,,,,,,,,,,,0.8,symmetric_confident
Exp2B,qwen25_14b,38,nan,math,movies,math->movies,0.1690900686887031,0.1880899695750995,0.1505044863459479,0.0,0.6797048644019011,0.7002333428204948,0.6660120245066292,0.0,0.8336766050576366,0.849329768784805,0.8155905642173891,0.0,0.6645865363689335,0.682644326288859,0.6496412619367633,0.0,0.8231721904933219,0.8378328215774673,0.8079068233667327,0.0,,,,,0.5813833982647769,0.656716089563947,0.5114280601645143,0.0,0.208896006118693,0.2408973379160721,0.1761896877505838,1.0,0.7911039938813069,0.8275192940843276,0.7543709625520292,0.0,1343.0,0.20972059561653,0.2450279613078273,0.1735738235133717,1.0,0.79027940438347,0.8337214950207956,0.7607911823507632,0.0,,,,,,,,,,,,,,,,0.8,symmetric_confident
Exp2B,qwen25_14b,38,nan,movies,math,movies->math,0.1860221809825143,0.196914764002292,0.1693978324670145,0.0,0.7241200402302805,0.7384456034673204,0.7111267337307066,0.0,0.9014031224476632,0.9093454147855332,0.8929474523170943,0.0,0.7153809414651487,0.7295793468064911,0.6981737967206807,0.0,0.8981485956201762,0.9054928250926456,0.8900492202659533,0.0,,,,,0.5114964464332719,0.5862394565755902,0.4459892319231482,0.0,0.2512602000526454,0.2849665816805387,0.2224561792500434,1.0,0.7487397999473545,0.7744976506114207,0.7194706526917495,0.0,1542.0,0.2372433535140826,0.2680756978503074,0.2105494085058991,1.0,0.7627566464859173,0.7913400142518727,0.7349157395315924,0.0,,,,,,,,,,,,,,,,0.8,symmetric_confident
Exp2B,qwen25_14b,39,nan,math,movies,math->movies,0.1640141201848542,0.1837846930262832,0.14246463805706,0.0,0.6825814536340852,0.6981478675849808,0.667189516188394,0.0,0.8325355638500397,0.8515576350034672,0.8213041568657201,0.0,0.6685214436651854,0.6825392943532406,0.6518905496289482,0.0,0.8235457420815158,0.839278408713567,0.8090799276745608,0.0,,,,,0.5607985372499342,0.6431942101914984,0.4886013177034182,0.0,0.2178649107292239,0.2595540244035526,0.1822109225947124,1.0,0.782135089270776,0.8178946011301453,0.7414043282978122,0.0,1343.0,0.2213365520208418,0.2571215426375808,0.1835502250712618,1.0,0.7786634479791582,0.8197189103687063,0.7433187649718955,0.0,,,,,,,,,,,,,,,,0.8,symmetric_confident
Exp2B,qwen25_14b,39,nan,movies,math,movies->math,0.1792375134884911,0.1943909683908745,0.163525533757931,0.0,0.7257394107895598,0.7406057571717491,0.7100240556558159,0.0,0.8977285226486246,0.9083578615571092,0.8876265659551899,0.0,0.7184910091601334,0.7323622925781315,0.7040342543180864,0.0,0.8963281336273772,0.9042737154391944,0.8875727633702002,0.0,,,,,0.4905172413793103,0.5488819769576142,0.4236099776816138,0.0,0.2621610950250065,0.2997168409474507,0.2335720056468062,1.0,0.7378389049749934,0.767778221397068,0.7051563604759925,0.0,1542.0,0.247321663595683,0.2793954141985248,0.2138058098805889,1.0,0.7526783364043169,0.7807022253211671,0.7240334184659848,0.0,,,,,,,,,,,,,,,,0.8,symmetric_confident
Exp2B,qwen25_14b,40,nan,math,movies,math->movies,0.1474107235842395,0.1743889974706046,0.1241304797402649,0.0,0.6896225156729359,0.7086345529249698,0.6749950756136137,0.0,0.8271661345205439,0.844859797470067,0.8077341141525942,0.0,0.6797554109363043,0.6955270603109631,0.6626159979887517,0.0,0.8205453373506618,0.8338052933617771,0.8021300764544825,0.0,,,,,0.5408470565740099,0.6246306270168341,0.4755066150744139,0.0,0.2282320323143478,0.2795941142053375,0.1943910185295816,1.0,0.7717679676856521,0.8010484229328461,0.7393465182763513,0.0,1343.0,0.2309209111116422,0.2639391155435659,0.1927393352639821,1.0,0.7690790888883577,0.802815357793936,0.73062673137777,0.0,,,,,,,,,,,,,,,,0.8,symmetric_confident
Exp2B,qwen25_14b,40,nan,movies,math,movies->math,0.1788475317631265,0.1949110415101562,0.1644011769571448,0.0,0.7236608002969492,0.7371296730428857,0.7117801441359617,0.0,0.895379634661159,0.905841395443326,0.8840913029063302,0.0,0.7165321028980325,0.7282749307418782,0.7048231738802826,0.0,0.8925264841685409,0.9023948164415796,0.8841831684543323,0.0,,,,,0.4808173203474598,0.5449240318749057,0.4239071575388199,0.0,0.2644873650960779,0.3014044993054347,0.2360740566560133,1.0,0.735512634903922,0.7617207772007487,0.7008349859196934,0.0,1542.0,0.2546953145564622,0.2861074295723111,0.2208525999685754,1.0,0.7453046854435378,0.7750219789062573,0.7169481677161776,0.0,,,,,,,,,,,,,,,,0.8,symmetric_confident
Exp2B,qwen25_14b,41,nan,math,movies,math->movies,0.1324247132906886,0.1507155975076073,0.109595585383793,0.0,0.6963409925373658,0.7109350258018442,0.6824376198250955,0.0,0.8193563280418522,0.8353825362876859,0.8001676831449196,0.0,0.6869316147511636,0.7039453181656864,0.6709114462676353,0.0,0.8116436569681162,0.8275137181841814,0.7946965529819269,0.0,,,,,0.5187862998637635,0.5791485209222677,0.4458553485817754,0.0,0.2396388537010922,0.2794238057877794,0.2065472093631089,1.0,0.7603611462989077,0.7961860746292534,0.7187647802212609,0.0,1343.0,0.2415748464351442,0.279631472489125,0.2073254644716287,1.0,0.7584251535648557,0.7914287757115296,0.7193395266972418,0.0,,,,,,,,,,,,,,,,0.8,symmetric_confident
Exp2B,qwen25_14b,41,nan,movies,math,movies->math,0.1800507192447947,0.1985262684781314,0.1608087887706824,0.0,0.721523976291663,0.7384925027886275,0.7100389554089847,0.0,0.8942365157341491,0.9022365869456928,0.882894851906853,0.0,0.7141857964893543,0.7285529635271807,0.6973329161753414,0.0,0.8888429187308592,0.8981134888684832,0.8773176096873284,0.0,,,,,0.4767109765727823,0.5272015094495248,0.4172001642892248,0.0,0.2636581995261911,0.2904987210239108,0.2367929953842259,1.0,0.7363418004738089,0.7670566780098671,0.7088253310014175,0.0,1542.0,0.2596308239010266,0.2910104001577325,0.2254663482684173,1.0,0.7403691760989735,0.7664250297715375,0.7117134769462878,0.0,,,,,,,,,,,,,,,,0.8,symmetric_confident
Exp2B,qwen25_14b,42,nan,math,movies,math->movies,0.1342704297131129,0.1575395553844077,0.1159715542426905,0.0,0.7019506048033248,0.7194920795355606,0.6810601717388524,0.0,0.8275870546086852,0.8428647324924345,0.8108936999115661,0.0,0.6933166248955722,0.7120787769401629,0.6767276749604074,0.0,0.820277915186401,0.8357864245205823,0.8007849961323263,0.0,,,,,0.5277731303329429,0.6006564472290904,0.4603573651327207,0.0,0.2348406988694758,0.2749090303158373,0.1969772344820206,1.0,0.7651593011305241,0.8108496789124936,0.7303436018948365,0.0,1343.0,0.2373861707975812,0.278744458705151,0.205130211606631,1.0,0.7626138292024188,0.7932199315125836,0.7214498705300719,0.0,,,,,,,,,,,,,,,,0.8,symmetric_confident
Exp2B,qwen25_14b,42,nan,movies,math,movies->math,0.1771765688517259,0.1928627400509652,0.161784837860751,0.0,0.7130165241858603,0.7265910394219782,0.7023368481093023,0.0,0.8844829942608979,0.8944498740654847,0.8735485111803567,0.0,0.707306425409172,0.7212862577496307,0.6939688934642171,0.0,0.8793231598846712,0.8893369248802775,0.869587062256931,0.0,,,,,0.4553566728086338,0.5146407644592205,0.3947934042657553,0.0,0.2738352197946828,0.3074640167121244,0.2374638231545905,1.0,0.7261647802053172,0.7527216454429886,0.6907838823195864,0.0,1542.0,0.2708081073966833,0.3003451966133525,0.242932927343259,1.0,0.7291918926033166,0.7571426960354694,0.6952473722945819,0.0,,,,,,,,,,,,,,,,0.8,symmetric_confident
Exp2B,qwen25_14b,43,nan,math,movies,math->movies,0.1317619837303675,0.1535793103493849,0.1096911838815648,0.0,0.7028211284513806,0.7202072518009593,0.6908507794521711,0.0,0.8277621381781115,0.8459029787476284,0.8104189619668534,0.0,0.696000154447744,0.7118524291211392,0.6826543222310699,0.0,0.8191080931180765,0.838239714862831,0.8022300428789522,0.0,,,,,0.5154042878653887,0.5815104298374094,0.4412721752060984,0.0,0.240003346160281,0.2722290490041348,0.2063401153206849,1.0,0.7599966538397189,0.7910276390565201,0.7190545593695746,0.0,1343.0,0.2445923659743301,0.2772097158414516,0.208836118618171,1.0,0.7554076340256698,0.7853409866803542,0.7191225001119522,0.0,,,,,,,,,,,,,,,,0.8,symmetric_confident
Exp2B,qwen25_14b,43,nan,movies,math,movies->math,0.1700533450736822,0.1845849995425052,0.1501072597527887,0.0,0.7066089844061955,0.7198510855176861,0.6907158454132392,0.0,0.8719020165033353,0.881176752418016,0.8621333854256598,0.0,0.7018486714296531,0.7157159041791051,0.6873958940073148,0.0,0.867389238828213,0.8770224586119344,0.8578603504329,0.0,,,,,0.4096472755988418,0.4734267121114924,0.3599928260639791,0.0,0.2962095288233746,0.3315608481806047,0.2622353751277892,1.0,0.7037904711766254,0.730496097268605,0.6658684980305999,0.0,1542.0,0.2941431955777836,0.3226044031810622,0.2567846046364794,1.0,0.7058568044222163,0.7321575841307565,0.6788668911109143,0.0,,,,,,,,,,,,,,,,0.8,symmetric_confident
Exp2B,qwen25_14b,44,nan,math,movies,math->movies,0.1285443355533453,0.1487650596790765,0.1059023229427124,0.0,0.703375385241816,0.7209787180127536,0.6849693952092455,0.0,0.8281045105005171,0.8447658500076002,0.8066622134094392,0.0,0.6995601749471718,0.7195501062510027,0.6859342068860338,0.0,0.8207647914137098,0.836913869182959,0.8030125366650055,0.0,,,,,0.5075408112048567,0.5873924061799715,0.4314660329866198,0.0,0.2439888620664929,0.2776112661925347,0.2139703941770528,1.0,0.756011137933507,0.7953878288758132,0.7221700551715535,0.0,1343.0,0.2484703267286503,0.2905985615344233,0.2084899531391857,1.0,0.7515296732713497,0.7884844501363177,0.7142453645853392,0.0,,,,,,,,,,,,,,,,0.8,symmetric_confident
Exp2B,qwen25_14b,44,nan,movies,math,movies->math,0.1605753937937133,0.1764250689145184,0.1414327540359785,0.0,0.7038537172906897,0.7150516849670394,0.6891006009655609,0.0,0.860633848784664,0.8719947761578283,0.8485645044256617,0.0,0.7000584549909507,0.7135879158237118,0.6875828757480698,0.0,0.8562442939723574,0.8649429677333025,0.8462195794630484,0.0,,,,,0.3723644380100026,0.4284933619604734,0.3098170486870454,0.0,0.3143557515135562,0.347910187341089,0.2850784055510151,1.0,0.6856442484864438,0.7207870158421511,0.6509478187048151,0.0,1542.0,0.3132798104764411,0.3467235105388238,0.2800234310733931,1.0,0.6867201895235588,0.7188118044913635,0.6588041006000924,0.0,,,,,,,,,,,,,,,,0.8,symmetric_confident
Exp2B,qwen25_14b,45,nan,math,movies,math->movies,0.1503753762467237,0.1704582473655702,0.1300764882493841,0.0,0.6973659639294314,0.718416940232057,0.6807969111638102,0.0,0.8502909565139183,0.863053607727026,0.8387514132603676,0.0,0.6999155802671946,0.7189922922999482,0.6844100980690411,0.0,0.8416177242133981,0.8562872659304973,0.8249127666632053,0.0,,,,,0.5641088458137145,0.6270141643307974,0.4932906922572237,0.0,0.2126006835727431,0.2471477754014932,0.180262084381112,1.0,0.7873993164272569,0.8278484800477086,0.7491851935831074,0.0,1343.0,0.2232904706135424,0.2571093458425064,0.1952672924738375,1.0,0.7767095293864577,0.8172000362138911,0.7291776513766167,0.0,,,,,,,,,,,,,,,,0.8,symmetric_confident
Exp2B,qwen25_14b,45,nan,movies,math,movies->math,0.1504122667191476,0.163899901685302,0.1298907562014227,0.0,0.6890155672419541,0.7026623085986635,0.6742011456061491,0.0,0.8382981468462273,0.8492006627771062,0.820687138612453,0.0,0.6878858801270796,0.70670508791781,0.6746457310798788,0.0,0.8334829428724813,0.8452355073172635,0.8202614464844921,0.0,,,,,0.3092162411160832,0.354596349999297,0.238497275023101,0.0,0.3420077652013688,0.3695252727938332,0.3116320216324278,1.0,0.6579922347986312,0.6837256720143822,0.6071188382327498,0.0,1542.0,0.348775993682548,0.3875347472370135,0.3113167272787231,1.0,0.6512240063174519,0.6857753307827702,0.6185114179257742,0.0,,,,,,,,,,,,,,,,0.8,symmetric_confident
Exp2B,qwen25_14b,46,nan,math,movies,math->movies,0.1272524399504568,0.1479255253020116,0.109493515400844,0.0,0.6988511193951265,0.7159203762292411,0.6798887242292162,0.0,0.8314155086867233,0.8477264330728761,0.8167529820265729,0.0,0.7041630687362664,0.7195974368046546,0.6876819987207781,0.0,0.7959400998336107,0.8090723301759338,0.7770120788380989,0.0,,,,,0.4562489543249122,0.5210231783546051,0.385801369850136,0.0,0.2511054279499988,0.2878172542602891,0.2198199053892399,1.0,0.7488945720500012,0.778386593722131,0.708381286601933,0.0,1343.0,0.292645617725089,0.3312746407173085,0.2472382170681914,1.0,0.707354382274911,0.7436257563668085,0.6599066537854229,0.0,,,,,,,,,,,,,,,,0.8,symmetric_confident
Exp2B,qwen25_14b,46,nan,movies,math,movies->math,0.1341676094303805,0.1525500770596471,0.1158994061276522,0.0,0.683603090438961,0.7003283050404003,0.6692510669614331,0.0,0.8064141490898237,0.8213758846728695,0.7908673130024041,0.0,0.6722465396594431,0.6866174358563628,0.6595252765868858,0.0,0.7825176606680713,0.7973025566494876,0.7665050653079911,0.0,,,,,0.1821170044748618,0.2515693893276088,0.1148732597307852,0.0,0.3978119241905765,0.443665521726938,0.3602692247041562,1.0,0.6021880758094236,0.633978728038429,0.5666540918745371,0.0,1542.0,0.4200710713345617,0.4610665573563771,0.3845423842392341,1.0,0.5799289286654383,0.6159375375581372,0.5422886646847103,0.0,,,,,,,,,,,,,,,,0.8,symmetric_confident
Exp2B,qwen25_14b,47,nan,math,movies,math->movies,0.0917635265093098,0.1177625991188083,0.0708275431659,0.0,0.6837363015381591,0.6994378044859978,0.6667975378421241,0.0,0.7881722654434801,0.806701954378065,0.7726379330048456,0.0,0.6964087389341702,0.7141575601591237,0.6809186258626491,0.0,0.7423747208106609,0.7632114985975418,0.7257566379538855,0.0,,,,,0.3673127942828462,0.4342297015718485,0.2848454949678999,0.0,0.2888393604053634,0.3265913357044062,0.2538540801805491,1.0,0.7111606395946366,0.7497357396267113,0.6680253411288543,0.0,1343.0,0.3438478453117904,0.3881219226823789,0.292032114498189,1.0,0.6561521546882095,0.6981300091882132,0.6146897352495251,0.0,,,,,,,,,,,,,,,,0.8,symmetric_confident
Exp2B,qwen25_14b,47,nan,movies,math,movies->math,0.1449679884540315,0.1624907766284431,0.1315160013875956,0.0,0.6798480170235285,0.6962547785004739,0.6622808632226568,0.0,0.7878167904544376,0.8014162507122837,0.7712387177546811,0.0,0.6428488020004061,0.6597995336284846,0.6295410696976821,0.0,0.7201865727534241,0.7364264046295133,0.7074082659169952,0.0,,,,,0.0906916293761516,0.1690110741546102,0.0032226507154017,0.03,0.4276191102921821,0.4660057232925076,0.3904532442538717,1.0,0.5723808897078179,0.617291497559163,0.5237392436209442,0.0,1542.0,0.4816892603316662,0.5172633966220544,0.4419507158700424,0.82,0.5183107396683337,0.5568001839915897,0.4798725656515164,0.12,,,,,,,,,,,,,,,,0.8,symmetric_confident
Exp2B,olmo3_7b_it,0,nan,math,movies,math->movies,-0.0462001820054852,-0.0109094170430089,-0.0763966001623185,0.99,0.4457590759075908,0.4773581916080733,0.412342493418652,1.0,0.4316422272354389,0.4662200156950656,0.3922745437970097,1.0,0.4778424092409241,0.5121800959447678,0.4442429260797927,0.87,0.4817345159967186,0.525079078753693,0.451936790666146,0.83,,,,,-0.0450659324735545,0.089905303030303,-0.1845331868053025,0.65,0.5452832922764816,0.6343198378489326,0.4474702380952381,0.19,0.4547167077235183,0.5298423423423423,0.3608990863787375,0.87,170.0,0.4997826401970729,0.5595702672168189,0.4126864346440571,0.54,0.5002173598029271,0.5980565468168109,0.4109646907272125,0.49,,,,,,,,,,,,,,,,0.8,symmetric_confident
Exp2B,olmo3_7b_it,0,nan,movies,math,movies->math,-0.1038828514918967,-0.0163414087920799,-0.1702404368576968,0.99,0.4406401114662732,0.4942101562139737,0.3875652801025139,0.99,0.3542763157894736,0.3960002534406781,0.2953735470837053,1.0,0.4581591672813704,0.5011008900035302,0.3988499422980793,0.97,0.432280701754386,0.4809733550819384,0.3745140425177167,1.0,,,,,-0.173140223831468,-0.0498902485161747,-0.3113170716112532,0.99,0.6394009216589862,0.7413243095646747,0.562619380890377,0.0,0.3605990783410138,0.4698569124698292,0.2853362953189575,1.0,160.0,0.5337393021724819,0.6196402750837593,0.4561415498156949,0.21,0.4662606978275181,0.5458674882776648,0.3870212685864859,0.77,,,,,,,,,,,,,,,,0.8,symmetric_confident
Exp2B,olmo3_7b_it,1,nan,math,movies,math->movies,-0.0215286768627641,0.0073907283014463,-0.0593928429777357,0.92,0.4596287128712871,0.4935794852378118,0.4182750619836199,1.0,0.4449770987147936,0.4801705325658609,0.4059122524166682,1.0,0.4665057755775577,0.5027455756325331,0.4410904134023659,0.93,0.4759792863002461,0.5095244773325871,0.4396830928056959,0.93,,,,,-0.025213737139545,0.1033425926939522,-0.1625929824561403,0.58,0.5444138530647732,0.6324794368327115,0.4694449575392322,0.08,0.4555861469352267,0.5514919957133138,0.3920191753171857,0.81,170.0,0.4807998840747717,0.5620847086592374,0.3951754049435645,0.73,0.5192001159252282,0.5991260005127681,0.4309305962203886,0.35,,,,,,,,,,,,,,,,0.8,symmetric_confident
Exp2B,olmo3_7b_it,1,nan,movies,math,movies->math,-0.0620008983301627,-0.0058770609421089,-0.1254455772348345,0.98,0.4563355462666995,0.5201757667265695,0.4043091397366523,0.91,0.3998464912280702,0.4453070652173912,0.3392170746997311,1.0,0.4618473895582329,0.5049833662166354,0.4118308475850022,0.95,0.4668201754385965,0.5299476859939788,0.4059859267433779,0.84,,,,,-0.0813034891375905,0.0831397849462365,-0.2561395947802198,0.87,0.5896971691902567,0.6911110589995881,0.4967572579291827,0.03,0.4103028308097433,0.5101573617639191,0.3163772093882582,0.95,160.0,0.4916063199473338,0.5941315912850498,0.412676999503229,0.53,0.5083936800526663,0.5986512861575417,0.4283674004192872,0.37,,,,,,,,,,,,,,,,0.8,symmetric_confident
Exp2B,olmo3_7b_it,2,nan,math,movies,math->movies,-0.0289721681868761,0.0159914609422152,-0.0642763061993579,0.9,0.4413572607260726,0.4792188039592463,0.4047964490407866,1.0,0.4317704060705496,0.4692330312427684,0.4035717975216648,1.0,0.4607425742574257,0.4937786820216664,0.4254195327267713,1.0,0.4805339075745146,0.5186274757344858,0.4494544251535645,0.82,,,,,0.0107230836110708,0.1615424418705608,-0.133314498001998,0.55,0.531662077959716,0.5942589874091941,0.4339394571564179,0.2,0.468337922040284,0.5427471600129828,0.398793058544985,0.71,170.0,0.4576148384292131,0.5227185464860873,0.3696496212121212,0.86,0.5423851615707869,0.6164156731767713,0.453288557022932,0.16,,,,,,,,,,,,,,,,0.8,symmetric_confident
Exp2B,olmo3_7b_it,2,nan,movies,math,movies->math,-0.0405077398746435,0.0468380133536983,-0.1142884229940266,0.82,0.4783419391853127,0.5312517230595508,0.4327126851395543,0.79,0.4141885964912281,0.4573164509560283,0.3661864959151074,1.0,0.4546963363658716,0.5167603318250377,0.3957131544656799,0.89,0.4607675438596491,0.5057428416153504,0.4068123824872414,0.94,,,,,-0.0885450954575378,0.0650747182557468,-0.2508301042202541,0.87,0.597761685319289,0.6944336488270387,0.520949271667912,0.01,0.402238314680711,0.4829917567554512,0.310037848933853,1.0,160.0,0.4907834101382488,0.57727959200129,0.4156723173140224,0.6,0.5092165898617511,0.5984688276204669,0.4221630045011082,0.35,,,,,,,,,,,,,,,,0.8,symmetric_confident
Exp2B,olmo3_7b_it,3,nan,math,movies,math->movies,-0.03401506367823,0.004937882198969,-0.0767778968318421,0.96,0.4298514851485148,0.4661196852744347,0.4017631750286143,1.0,0.4168760254306808,0.4560932710587933,0.3855271273142127,1.0,0.4508910891089109,0.4858465747490623,0.4211659217715393,0.99,0.4616061662564944,0.4941621808896886,0.4212039900139896,0.98,,,,,-0.0479640631792493,0.0782071636089165,-0.1538662053056516,0.82,0.5542674974641356,0.6336782452446351,0.4658520996640537,0.07,0.4457325025358644,0.5245776244630749,0.3660780674724336,0.92,170.0,0.4936965657151138,0.6009674822490124,0.3950783222360817,0.6,0.5063034342848862,0.58175230758982,0.4207218671782438,0.41,,,,,,,,,,,,,,,,0.8,symmetric_confident
Exp2B,olmo3_7b_it,3,nan,movies,math,movies->math,-0.038223980778107,0.016945529230467,-0.098883962240442,0.86,0.4548192771084337,0.5150216214572718,0.4006025798743896,0.94,0.4230701754385965,0.4712572289820488,0.3558597115001503,1.0,0.4612941562167035,0.5137486646637326,0.4095907326143988,0.92,0.4683333333333333,0.5230615749467973,0.4108306548147006,0.88,,,,,-0.0523370638578011,0.122494957136288,-0.2345307326069242,0.7,0.5607307439104674,0.6488279014844803,0.4683056849566943,0.1,0.4392692560895326,0.5236893665625176,0.3372826981817524,0.9,160.0,0.4916063199473338,0.5961848415675404,0.4091217948717948,0.54,0.5083936800526663,0.5978598058634627,0.4063476743459657,0.44,,,,,,,,,,,,,,,,0.8,symmetric_confident
Exp2B,olmo3_7b_it,4,nan,math,movies,math->movies,-0.0989942149465151,-0.0440909332208412,-0.1375070999684353,1.0,0.4392821782178218,0.4698495900481986,0.4045710062666917,1.0,0.4350816926442439,0.4681996817063716,0.4043296772881492,1.0,0.5340759075907591,0.5627447561157403,0.5015848975793159,0.03,0.5454436696745967,0.5691815165492674,0.5016684701375762,0.02,,,,,0.0010143457469932,0.128652295881762,-0.1354934835038687,0.52,0.5263005361541806,0.627741774449739,0.4354754212981392,0.3,0.4736994638458194,0.5592629367247923,0.3930201932153272,0.74,170.0,0.4726851180988262,0.567613345435926,0.3941930955768349,0.76,0.5273148819011737,0.610944086963315,0.4363344988344988,0.33,,,,,,,,,,,,,,,,0.8,symmetric_confident
Exp2B,olmo3_7b_it,4,nan,movies,math,movies->math,-0.0349333316078492,0.0258606046394389,-0.0933884957970235,0.78,0.4968035406933858,0.5427463829061079,0.445318462633481,0.6,0.4494736842105263,0.503301004657482,0.392580607339048,0.97,0.4844070158183755,0.5225075834752452,0.4443910139220384,0.77,0.4639912280701754,0.5172920515304743,0.409578675197787,0.92,,,,,-0.1050032916392363,0.056604840345581,-0.2512669400634826,0.84,0.5745556287030942,0.6509733732539839,0.4764719040226978,0.04,0.4254443712969059,0.4957630279511617,0.3373356823557443,0.97,160.0,0.5304476629361422,0.6280321513771415,0.444068700115218,0.25,0.4695523370638578,0.5625522303076226,0.3783280965146604,0.72,,,,,,,,,,,,,,,,0.8,symmetric_confident
Exp2B,olmo3_7b_it,5,nan,math,movies,math->movies,-0.0236502557146608,0.0157458935610142,-0.0667487653935853,0.9,0.4903300330033003,0.5205231144410093,0.4553958332469715,0.71,0.4948728465955701,0.5402401493171185,0.4640270793018231,0.69,0.518523102310231,0.5572797681512592,0.4863751198574479,0.13,0.5348475526387749,0.566776171864737,0.4936918303989824,0.05,,,,,0.0527459788436459,0.1787165548315989,-0.0843715366622552,0.26,0.4907984350094189,0.5593353018329963,0.4152228174603175,0.65,0.5092015649905811,0.6107145671819538,0.414507328469022,0.43,170.0,0.4564555861469352,0.5373570306725794,0.3583796362040006,0.85,0.5435444138530647,0.6186919359085857,0.4427371797255667,0.18,,,,,,,,,,,,,,,,0.8,symmetric_confident
Exp2B,olmo3_7b_it,5,nan,movies,math,movies->math,0.0081949980372618,0.0822937366967931,-0.0592557318747282,0.42,0.5118842717810016,0.5604400358274493,0.4486045063405797,0.36,0.4915570175438596,0.5409936239033233,0.4329461614633609,0.67,0.4833620195065978,0.5353778660584242,0.4273773168836473,0.68,0.4912061403508772,0.5533773760065535,0.4448086698931014,0.64,,,,,-0.0235352205398288,0.1490653478222535,-0.1771433703241305,0.65,0.5348913759052007,0.6099667892957477,0.4744541845639786,0.2,0.4651086240947992,0.5509665405796714,0.3574476382262924,0.76,160.0,0.488643844634628,0.5571013888888888,0.3861289893617021,0.57,0.5113561553653719,0.5900965026287192,0.4310616353193924,0.45,,,,,,,,,,,,,,,,0.8,symmetric_confident
Exp2B,olmo3_7b_it,6,nan,math,movies,math->movies,0.1179755274030274,0.1509300266983652,0.0773896818452256,0.0,0.6095173267326732,0.6430473904812791,0.5702450602019543,0.0,0.6119813029805852,0.6498575879953564,0.576412357885597,0.0,0.4940057755775577,0.5257155606913324,0.4501924307826928,0.69,0.5015039649986328,0.535390412096171,0.4734551057506829,0.4,,,,,0.0370960730328938,0.1693432116663823,-0.1368191639031252,0.28,0.4771772206926532,0.5547529551325245,0.3947182585606881,0.73,0.5228227793073468,0.6217888155751057,0.4241886801050969,0.27,170.0,0.4857267062744529,0.5656677010994504,0.4176988679090498,0.57,0.514273293725547,0.5976244047619048,0.4376316838983057,0.36,,,,,,,,,,,,,,,,0.8,symmetric_confident
Exp2B,olmo3_7b_it,6,nan,movies,math,movies->math,0.0658150054568434,0.1361123195701118,0.0081298208729991,0.01,0.5164740595033194,0.5728740226098697,0.4686826225943321,0.23,0.5571271929824562,0.6163968643571293,0.4925405193574219,0.06,0.4913121875256127,0.5482257113821137,0.4386672425483074,0.59,0.5570175438596491,0.6125193254581338,0.4905564180174125,0.05,,,,,0.1397300855826201,0.3153279352226717,-0.0040184233648887,0.03,0.4539170506912442,0.5397469696969696,0.3639286322602623,0.86,0.5460829493087558,0.6364380348262619,0.4799006432596313,0.14,160.0,0.4063528637261356,0.5008163095811266,0.3224748021947167,0.97,0.5936471362738643,0.677491841613242,0.5120808839702926,0.01,,,,,,,,,,,,,,,,0.8,symmetric_confident
Exp2B,olmo3_7b_it,7,nan,math,movies,math->movies,0.1980030989665825,0.2454941545582449,0.1576255844305894,0.0,0.7270627062706271,0.7581382388572364,0.697811640123111,0.0,0.7519098646431501,0.7780539274564264,0.7208940321697982,0.0,0.5539067656765676,0.5871756334265127,0.5224527068241702,0.0,0.5650507588187038,0.5987075133535117,0.5394726703902715,0.0,,,,,0.1208520504274743,0.2875698260073259,0.0166940395752895,0.02,0.4168961020142008,0.5089016731860803,0.323007525083612,0.97,0.5831038979857992,0.6567402359957155,0.4921473837824873,0.04,170.0,0.4622518475583249,0.550157885984212,0.3536225284103877,0.84,0.5377481524416751,0.6146782879894879,0.4567423294349166,0.24,,,,,,,,,,,,,,,,0.8,symmetric_confident
Exp2B,olmo3_7b_it,7,nan,movies,math,movies->math,0.097641489696703,0.152618377661891,0.0295536470695051,0.0,0.5678018195229899,0.6114031739876935,0.5110800292993166,0.02,0.6396052631578948,0.6984839869509998,0.5864037482868717,0.0,0.5419637734611917,0.5859823007061123,0.4876000929671483,0.09,0.6182675438596491,0.6815906159684628,0.5381945554119446,0.0,,,,,0.1968400263331138,0.4041505006835901,0.0196158306207858,0.0,0.4107965766951942,0.5008154707657944,0.3064735294117647,0.97,0.5892034233048058,0.67673378557669,0.5103321970467877,0.01,160.0,0.3923633969716919,0.4542693531765002,0.3068136550985725,0.99,0.6076366030283081,0.7004222081744129,0.514785631529933,0.01,,,,,,,,,,,,,,,,0.8,symmetric_confident
Exp2B,olmo3_7b_it,8,nan,math,movies,math->movies,0.1788810402266641,0.2150017649190083,0.1285430505277978,0.0,0.7162541254125413,0.7442568197352886,0.6799461269868726,0.0,0.7271029874213837,0.7588146627284666,0.6898805805113676,0.0,0.5482219471947195,0.5849687222328002,0.5160452830951339,0.0,0.57124606918239,0.6035358281715651,0.5321812601857664,0.0,,,,,0.0981017243877698,0.2306392793747135,-0.0114778816199376,0.05,0.4637009129111722,0.5294252108859112,0.3928151495760678,0.76,0.5362990870888277,0.6368312397957009,0.4495143222644292,0.24,170.0,0.4381973627010578,0.5445910256410256,0.3641796484859719,0.88,0.5618026372989422,0.6320016957397693,0.4622827206621299,0.11,,,,,,,,,,,,,,,,0.8,symmetric_confident
Exp2B,olmo3_7b_it,8,nan,movies,math,movies->math,0.0816202915852454,0.1383336929232431,0.016388915777339,0.02,0.5599438570608967,0.6084972981077643,0.5094214303922688,0.01,0.6101425438596492,0.6721804423667451,0.5615561539020663,0.0,0.5285222522744037,0.5783044253911236,0.4749938480630992,0.18,0.6268859649122807,0.6838606473645927,0.5823291829971122,0.0,,,,,0.2040816326530612,0.3719755626860118,0.0395613741097612,0.02,0.434825543120474,0.5419035327632862,0.3394196817675078,0.92,0.565174456879526,0.6768075789993415,0.4615176106770833,0.1,160.0,0.3610928242264647,0.4775954961981647,0.2814642813402782,0.99,0.6389071757735352,0.7362929643024578,0.5360891859965636,0.0,,,,,,,,,,,,,,,,0.8,symmetric_confident
Exp2B,olmo3_7b_it,9,nan,math,movies,math->movies,0.135635438748961,0.16883554423493,0.0962911566548421,0.0,0.780763201320132,0.8099051728057131,0.7557372563110312,0.0,0.8289068908941756,0.8533851721089494,0.8025019055572253,0.0,0.6932714521452146,0.7191477934436888,0.663496588461668,0.0,0.7428390757451463,0.7753765248028598,0.7135537001043025,0.0,,,,,0.3285031154905086,0.48415601754772,0.2140655554406237,0.0,0.3371975076075931,0.4190034154401829,0.2682876711324193,1.0,0.6628024923924069,0.7572827266630083,0.5886301836169278,0.0,170.0,0.3342993769018982,0.4203373800250382,0.2731669372294372,1.0,0.6657006230981017,0.7307614711696275,0.5975868271419119,0.0,,,,,,,,,,,,,,,,0.8,symmetric_confident
Exp2B,olmo3_7b_it,9,nan,movies,math,movies->math,0.095821616217825,0.1591662924893548,0.0249455486891463,0.0,0.6076756003606262,0.662469838723056,0.5533003907998181,0.0,0.6590131578947368,0.7041478825702763,0.607118545479055,0.0,0.5631915416769118,0.6168080966635232,0.5162423316956226,0.01,0.6224122807017544,0.6811929998179997,0.5720331647422556,0.0,,,,,0.1634298880842659,0.3149315737353118,-0.0117030321583582,0.05,0.4257735352205398,0.5145520981933887,0.3281996546846162,0.94,0.5742264647794602,0.660484086845929,0.5022105399264768,0.03,160.0,0.4107965766951942,0.518988521022275,0.327191837819254,0.94,0.5892034233048058,0.6552814596629029,0.4853653236641775,0.04,,,,,,,,,,,,,,,,0.8,symmetric_confident
Exp2B,olmo3_7b_it,10,nan,math,movies,math->movies,0.1793681587190713,0.2199248633442464,0.1472008444321153,0.0,0.8346039603960396,0.8582665539418568,0.8127692939148619,0.0,0.8876726141646158,0.908339591382956,0.8694597629493187,0.0,0.7083044554455445,0.7377280348690535,0.6777275188239433,0.0,0.7634117787804211,0.7903623988873851,0.7386059449252331,0.0,,,,,0.3942906825097811,0.5325571037238424,0.2792863175675675,0.0,0.2901028836400521,0.3846556921498923,0.2287122517569753,1.0,0.7098971163599478,0.7719430588094716,0.6372834977822525,0.0,170.0,0.3156064338501666,0.399659188034188,0.2482451652448797,1.0,0.6843935661498334,0.756760382862533,0.5896547549597915,0.0,,,,,,,,,,,,,,,,0.8,symmetric_confident
Exp2B,olmo3_7b_it,10,nan,movies,math,movies->math,0.1390640165387652,0.18688601663108,0.0830923065461134,0.0,0.6194984017703467,0.6707608470688957,0.5723379996176814,0.0,0.7025219298245614,0.7531105592226691,0.6503527435660328,0.0,0.5634579132857962,0.6089550210316228,0.5094622839490622,0.0,0.6366008771929824,0.68611776384535,0.5826495072189172,0.0,,,,,0.2238314680710993,0.3582645058813296,0.068796455626728,0.01,0.3778801843317972,0.4750968439187832,0.2994311132866239,1.0,0.6221198156682027,0.7091999970327673,0.543148538696764,0.0,160.0,0.3982883475971033,0.4940408987613799,0.2896258195947637,0.98,0.6017116524028966,0.6847706454323138,0.51789287109375,0.01,,,,,,,,,,,,,,,,0.8,symmetric_confident
Exp2B,olmo3_7b_it,11,nan,math,movies,math->movies,0.1487077035226082,0.1746583155789385,0.1168200849320145,0.0,0.8093729372937294,0.8407784932850876,0.7851329098838659,0.0,0.901430475799836,0.9202198536063176,0.8792545921283926,0.0,0.7527227722772277,0.7847462393972046,0.722108039623658,0.0,0.821425519551545,0.8508781006389878,0.796697169961388,0.0,,,,,0.5368787132299666,0.6672524008600094,0.4382094637430141,0.0,0.2047529343573395,0.2729839780472691,0.1464077421234679,1.0,0.7952470656426605,0.8511846109259528,0.7394434622652313,0.0,170.0,0.2583683524126938,0.3109554597701149,0.1694869410637887,1.0,0.7416316475873062,0.8034674983311082,0.6936025094334496,0.0,,,,,,,,,,,,,,,,0.8,symmetric_confident
Exp2B,olmo3_7b_it,11,nan,movies,math,movies->math,0.1433182730923694,0.2294894462061587,0.0696874782177789,0.0,0.6367510859765593,0.6878904591746124,0.5841703878246125,0.0,0.7095833333333333,0.7484282346411189,0.6592076919328715,0.0,0.5662650602409639,0.6192745934321292,0.5157402688303698,0.0,0.6051754385964913,0.6522010800178583,0.5478570287175273,0.0,,,,,0.1603028308097432,0.3242737388011397,-0.0147246527476969,0.04,0.3953258722843976,0.4821398716693054,0.3216166787892436,1.0,0.6046741277156024,0.6887347444488124,0.5229385276128801,0.01,160.0,0.4443712969058591,0.5378866104807607,0.3519568124782666,0.87,0.5556287030941409,0.6499293140197485,0.47185558414332,0.1,,,,,,,,,,,,,,,,0.8,symmetric_confident
Exp2B,olmo3_7b_it,12,nan,math,movies,math->movies,0.1586174300879637,0.1822462715595742,0.1327913130353879,0.0,0.8438861386138614,0.8681161651328818,0.8178866652177437,0.0,0.9519713904840033,0.9612255484393524,0.9393290043290043,0.0,0.7933539603960396,0.8155038935395417,0.7726469124793217,0.0,0.8811910377358491,0.8994470160178382,0.8569411557943056,0.0,,,,,0.6942472105491957,0.7782151888991512,0.6025210904368831,0.0,0.1179539197217794,0.1735886071650365,0.0683817424393821,1.0,0.8820460802782205,0.928866535434332,0.8182097143466861,0.0,170.0,0.1877988697290248,0.2569291572321654,0.1332445184106511,1.0,0.8122011302709752,0.8642139787278303,0.7469266397793626,0.0,,,,,,,,,,,,,,,,0.8,symmetric_confident
Exp2B,olmo3_7b_it,12,nan,movies,math,movies->math,0.1808464470125399,0.2466084745508728,0.136457363809287,0.0,0.6480411441685108,0.6870408814589666,0.5974028035113546,0.0,0.7575,0.8008957866972235,0.7180415653587612,0.0,0.57665355298746,0.6346518882714718,0.528130503144654,0.01,0.6283333333333333,0.6786915802623498,0.5840631634819533,0.0,,,,,0.2353522053982883,0.40503791830306,0.0960625807252856,0.0,0.3400263331138907,0.4400865667420814,0.263290702943356,1.0,0.6599736668861093,0.7475426843778514,0.5830945195155721,0.0,160.0,0.4246214614878209,0.5014528697838674,0.3467617116322812,0.97,0.575378538512179,0.6667681938109703,0.5016687825520832,0.02,,,,,,,,,,,,,,,,0.8,symmetric_confident
Exp2B,olmo3_7b_it,13,nan,math,movies,math->movies,0.1635206098029819,0.1899875305218228,0.1427683201685868,0.0,0.8687334983498349,0.8896734361911327,0.850763464530301,0.0,0.9787351312551272,0.986961502064953,0.9710353118375096,0.0,0.8152145214521452,0.8389210766342989,0.7817089417500898,0.0,0.918072361225048,0.9343404584453064,0.9017205492993812,0.0,,,,,0.8045210839008838,0.8656805818107169,0.7394552325240441,0.0,0.0643385016664251,0.1019755403077485,0.033009548780965,1.0,0.9356614983335748,0.9631067961165048,0.905043626082998,0.0,170.0,0.1311404144326909,0.1779108756247596,0.0844216058519239,1.0,0.8688595855673091,0.9220806236148574,0.8133794871794872,0.0,,,,,,,,,,,,,,,,0.8,symmetric_confident
Exp2B,olmo3_7b_it,13,nan,movies,math,movies->math,0.306041399755844,0.3560009707753384,0.2576711957705305,0.0,0.654597983771822,0.7125532999062411,0.6094044779844394,0.0,0.8795394736842105,0.910183552982906,0.8517891938594802,0.0,0.5734980739283665,0.6159789792800622,0.529182932697285,0.0,0.6854166666666667,0.7258477429601238,0.6433735610501287,0.0,,,,,0.5036208031599737,0.6151329027984767,0.3652032182438193,0.0,0.1652402896642528,0.2424626786711289,0.1088460286458333,1.0,0.8347597103357473,0.9073166087100514,0.7487966120793269,0.0,160.0,0.3311389071757735,0.4133128778164499,0.2647826593656073,1.0,0.6688610928242265,0.7603073334065421,0.5887508083625996,0.0,,,,,,,,,,,,,,,,0.8,symmetric_confident
Exp2B,olmo3_7b_it,14,nan,math,movies,math->movies,0.1451229907650322,0.1711315643068405,0.1188707077608314,0.0,0.8399587458745874,0.8629641422578401,0.8128121323746961,0.0,0.9751931227782336,0.9824043403677312,0.9672311846795794,0.0,0.8300701320132013,0.8503214980491591,0.805618043311904,0.0,0.9197087776866284,0.9352144101128336,0.9040451824553922,0.0,,,,,0.7913345891899725,0.8611442696939458,0.7144563510927401,0.0,0.0591218663961744,0.0922710622710621,0.0308067144459978,1.0,0.9408781336038256,0.9690264586603872,0.9088013262149266,0.0,170.0,0.149543544413853,0.2159778113123182,0.1057848214217619,1.0,0.8504564555861469,0.9070418074324323,0.7867603783112771,0.0,,,,,,,,,,,,,,,,0.8,symmetric_confident
Exp2B,olmo3_7b_it,14,nan,movies,math,movies->math,0.309901593484572,0.3719797769184256,0.2476153633260748,0.0,0.649229571346611,0.693428704281646,0.6047439021140004,0.0,0.8681140350877193,0.8979706343091937,0.8351534090909091,0.0,0.5582124416031473,0.6199283470050858,0.5090933393126682,0.02,0.5939692982456141,0.6496198254117492,0.5475372767209665,0.0,,,,,0.3964779460171165,0.5395543864097363,0.2610222902097902,0.0,0.1593153390388413,0.2292489917163976,0.1056415106031995,1.0,0.8406846609611587,0.9044250099782014,0.7757621238007936,0.0,160.0,0.4442067149440421,0.5265460524083261,0.3564811208980024,0.9,0.5557932850559578,0.6252202527739714,0.4635289920865381,0.11,,,,,,,,,,,,,,,,0.8,symmetric_confident
Exp2B,olmo3_7b_it,15,nan,math,movies,math->movies,0.1404500439276905,0.169308832581646,0.1176321984845067,0.0,0.8337169966996699,0.8577868380038862,0.8122683511590709,0.0,0.9711554894722452,0.980788994075588,0.9629827826341892,0.0,0.8307054455445545,0.8493448562704066,0.8004437408312561,0.0,0.9101679997265518,0.9260704542849368,0.8877312235919502,0.0,,,,,0.7556875815099261,0.8233011083743842,0.6787911310042389,0.0,0.0712940153600927,0.1086996336996336,0.0425184994223141,1.0,0.9287059846399072,0.9631895396270396,0.8953863123364463,0.0,170.0,0.1730184031299811,0.2379192359753345,0.1049123525663403,1.0,0.8269815968700188,0.898819248826291,0.7768615240553393,0.0,,,,,,,,,,,,,,,,0.8,symmetric_confident
Exp2B,olmo3_7b_it,15,nan,movies,math,movies->math,0.2929707713776697,0.3580295410348567,0.2394297359634582,0.0,0.6378575526596181,0.6845034447162637,0.5847431617344082,0.0,0.8346271929824561,0.8729772236870047,0.7899161289477243,0.0,0.5416564216047864,0.5942621848739496,0.4950476638981648,0.05,0.5513377192982456,0.6059687602947941,0.5055514523711375,0.02,,,,,0.302995391705069,0.4337552034579473,0.1473130773161432,0.0,0.2070441079657669,0.2742135856457929,0.1402591321568574,1.0,0.792955892034233,0.8512514836957524,0.7201221865726445,0.0,160.0,0.4899605003291639,0.552060177190142,0.4098358487215909,0.66,0.5100394996708361,0.5988823697087747,0.4197224010186545,0.41,,,,,,,,,,,,,,,,0.8,symmetric_confident
Exp2B,olmo3_7b_it,16,nan,math,movies,math->movies,0.1501173864310139,0.1795949685319356,0.1248095336882709,0.0,0.8385519801980198,0.8626802309606021,0.8113357128835411,0.0,0.9753896636587368,0.9837240156982426,0.9684798076553426,0.0,0.8252722772277228,0.8478203167634902,0.7999948448936458,0.0,0.91173605414274,0.9275600803055826,0.8920863167780326,0.0,,,,,0.7769888421967831,0.848845922050399,0.7099014409168768,0.0,0.0559339226199101,0.090617532855436,0.0286899550760437,1.0,0.94406607738009,0.9688657356780516,0.9170267007603872,0.0,170.0,0.1670772351833067,0.2266862690544493,0.1134369457897129,1.0,0.8329227648166933,0.8841735698590537,0.7668051229474956,0.0,,,,,,,,,,,,,,,,0.8,symmetric_confident
Exp2B,olmo3_7b_it,16,nan,movies,math,movies->math,0.3225658056500977,0.3750256940216124,0.2752146575168918,0.0,0.6282476846160151,0.6900144688644688,0.5754734462379147,0.0,0.8534649122807018,0.8873811184892371,0.8173368166513068,0.0,0.530899106630604,0.5738251135035206,0.4790694794094794,0.15,0.5576535087719299,0.6082410797653365,0.5105135401188843,0.0,,,,,0.358788676761027,0.5000228623911849,0.2052902826340326,0.0,0.1721527320605661,0.2294181111369782,0.1182890609645847,1.0,0.8278472679394339,0.8865619609195233,0.7573970249608548,0.0,160.0,0.4690585911784068,0.5826322399023536,0.3743298114315063,0.72,0.5309414088215931,0.6112162642229384,0.4440752331860579,0.3,,,,,,,,,,,,,,,,0.8,symmetric_confident
Exp2B,olmo3_7b_it,17,nan,math,movies,math->movies,0.1328270954659043,0.1572982250041105,0.1149892619839465,0.0,0.8530775577557755,0.8820741018130376,0.8287683296875206,0.0,0.9892586136177196,0.9932013886993966,0.9856371173953686,0.0,0.8564315181518152,0.8762256757761289,0.8341382312623922,0.0,0.9447335589280832,0.9557886708495807,0.9297211865401644,0.0,,,,,0.8419069700043472,0.9087567408914804,0.7778357810413885,0.0,0.0259382698159687,0.0516008890368973,0.0115671103149032,1.0,0.9740617301840312,0.9901520660025332,0.9488248830077208,0.0,170.0,0.1321547601796841,0.1926464262839628,0.0896704420921048,1.0,0.8678452398203159,0.9156256135069694,0.7985461057796573,0.0,,,,,,,,,,,,,,,,0.8,symmetric_confident
Exp2B,olmo3_7b_it,17,nan,movies,math,movies->math,0.3367684594446529,0.3933804357721021,0.2852061810346915,0.0,0.6370379477092042,0.6812187414896301,0.586185588285458,0.0,0.8856578947368421,0.918383315122181,0.8564709916981638,0.0,0.5488894352921891,0.5854025335611424,0.4992552714794496,0.04,0.6046491228070175,0.6512466034502905,0.5623286177319333,0.0,,,,,0.4252797893350889,0.5722044210829491,0.284558572510649,0.0,0.1449967083607636,0.2129978604344963,0.0979450264362373,1.0,0.8550032916392364,0.90900205078125,0.8098337162729882,0.0,160.0,0.4297235023041474,0.5121973784191167,0.3372942734633094,0.96,0.5702764976958525,0.6616923060528559,0.4855908584169454,0.06,,,,,,,,,,,,,,,,0.8,symmetric_confident
Exp2B,olmo3_7b_it,18,nan,math,movies,math->movies,0.1200374180670733,0.1376584268279398,0.0995435940563487,0.0,0.8503341584158416,0.8788715134751671,0.8315469766219309,0.0,0.9949796622914958,0.9973982854170348,0.9903877357838208,0.0,0.8749422442244225,0.8932017084969411,0.8556595891494788,0.0,0.963255400601586,0.9725029558829658,0.952277210640604,0.0,,,,,0.8832053325604985,0.9247207258312178,0.8378072988242481,0.0,0.0113027097522098,0.0231576616415944,0.0026022998805256,1.0,0.9886972902477902,0.9978431108123804,0.9777815275441858,0.0,170.0,0.1054919576872917,0.1590067886630339,0.0634506856044761,1.0,0.8945080423127083,0.9384963121074296,0.8512639778062313,0.0,,,,,,,,,,,,,,,,0.8,symmetric_confident
Exp2B,olmo3_7b_it,18,nan,movies,math,movies->math,0.3621501095682407,0.4179882437808216,0.306489179095016,0.0,0.6431440045897877,0.6853788054911674,0.5965699636109552,0.0,0.9136622807017544,0.942016369847786,0.8817230910985826,0.0,0.5515121711335137,0.6095347225920629,0.5075333096628997,0.01,0.6192324561403508,0.6661231142027693,0.5690451319632639,0.0,,,,,0.4736668861092825,0.6229336416751315,0.3462336037863421,0.0,0.1125740618828176,0.168021539863645,0.0658152944530924,1.0,0.8874259381171824,0.9338315150305972,0.8337020501602126,0.0,160.0,0.4137590520078999,0.4983860322860257,0.345613940369129,0.97,0.5862409479921,0.669575355915562,0.4937543820112179,0.03,,,,,,,,,,,,,,,,0.8,symmetric_confident
Exp2B,olmo3_7b_it,19,nan,math,movies,math->movies,0.1097000141462054,0.1368660465287925,0.0933117227783366,0.0,0.8405321782178218,0.8646981228696373,0.8128137711980287,0.0,0.9951249316379546,0.9982202589781104,0.990591075603097,0.0,0.8854249174917491,0.9065980168984324,0.8630787318050778,0.0,0.9656865258408532,0.9756809064984616,0.9559690607818414,0.0,,,,,0.8775539776843936,0.9272922168773188,0.8201735581304173,0.0,0.0115925228227793,0.0250797771371128,0.0028451756576756,1.0,0.9884074771772208,0.9966953210593212,0.978312767094017,0.0,170.0,0.1108534994928271,0.1615665856918056,0.0600817198674341,1.0,0.8891465005071729,0.9282528040927388,0.8493944500335345,0.0,,,,,,,,,,,,,,,,0.8,symmetric_confident
Exp2B,olmo3_7b_it,19,nan,movies,math,movies->math,0.3685462149349277,0.4212355113848845,0.3082286905488963,0.0,0.6407466601098271,0.6953936343442607,0.5843709980947026,0.0,0.9174561403508772,0.9448245704184124,0.8825036945790562,0.0,0.5489099254159495,0.5881637820945173,0.4942504630140352,0.06,0.6019078947368421,0.6533480764972808,0.5562010755114319,0.0,,,,,0.467741935483871,0.5864685578612209,0.3497064549649336,0.0,0.108459512837393,0.1613569676664368,0.0556901098901098,1.0,0.891540487162607,0.9411694805194806,0.8336460528847895,0.0,160.0,0.423798551678736,0.5169750967117989,0.3409104641063404,0.91,0.576201448321264,0.6641622464503042,0.4918193629225887,0.07,,,,,,,,,,,,,,,,0.8,symmetric_confident
Exp2B,olmo3_7b_it,20,nan,math,movies,math->movies,0.1051924103915724,0.1236659276796937,0.0830022976833108,0.0,0.8523597359735974,0.8746644638538347,0.8274057764244241,0.0,0.9951676579163248,0.9974765415997208,0.991528569923151,0.0,0.8899752475247524,0.9086490781383332,0.8665157515065414,0.0,0.9700446062346184,0.9777158341625128,0.960143771749388,0.0,,,,,0.883495145631068,0.9257892334419776,0.8206645979020979,0.0,0.0118823358933487,0.0260724267565464,0.0034431042261994,1.0,0.9881176641066513,0.9970332090441698,0.978922286578246,0.0,170.0,0.1046225184755832,0.1616861712330461,0.0666263272672582,1.0,0.8953774815244168,0.935217326806112,0.8521891025641026,0.0,,,,,,,,,,,,,,,,0.8,symmetric_confident
Exp2B,olmo3_7b_it,20,nan,movies,math,movies->math,0.3615665616278217,0.4123744902956414,0.3059665899687285,0.0,0.6434513564461929,0.7082172369393815,0.5986333097954802,0.0,0.925372807017544,0.9522301819809892,0.8971107850313459,0.0,0.5638062453897221,0.6115202348911182,0.5231723426149005,0.01,0.657719298245614,0.7020359270438029,0.6057999843999844,0.0,,,,,0.5279789335088874,0.6689396614095409,0.3990523085785182,0.0,0.1048387096774193,0.1675312262014903,0.0616476507584165,1.0,0.8951612903225806,0.9412770495322216,0.8310643273715117,0.0,160.0,0.3671823568136932,0.4828608156028368,0.2743685410173401,1.0,0.6328176431863067,0.7159948529411763,0.5447389037529021,0.0,,,,,,,,,,,,,,,,0.8,symmetric_confident
Exp2B,olmo3_7b_it,21,nan,math,movies,math->movies,0.1012989110129224,0.1210686834959312,0.0813752314636354,0.0,0.838312706270627,0.864350822109082,0.8179423291302895,0.0,0.9949540265244736,0.99799259798274,0.9914219175360496,0.0,0.8936551155115512,0.9132990654593096,0.8770134534175984,0.0,0.978188234891988,0.9859705513390185,0.9705217857290586,0.0,,,,,0.9121866396174468,0.9485489224137932,0.8616191508801403,0.0,0.0095638313287929,0.0234386589526776,0.0014985131690739,1.0,0.9904361686712072,0.998698375611927,0.9785151477867764,0.0,170.0,0.0782495290537603,0.1192046301475112,0.0442639273356401,1.0,0.9217504709462396,0.9648189436356848,0.8757056611291264,0.0,,,,,,,,,,,,,,,,0.8,symmetric_confident
Exp2B,olmo3_7b_it,21,nan,movies,math,movies->math,0.3752910136787752,0.4308859431605685,0.3123076325591432,0.0,0.6381444143922629,0.6808101369199503,0.5865045154309718,0.0,0.9168859649122808,0.9414411934207036,0.8798585733951115,0.0,0.5415949512335054,0.5837998405558156,0.4894129646159683,0.07,0.5982017543859649,0.6477801546441004,0.5392414535245921,0.0,,,,,0.467577353522054,0.6021693725472357,0.313620249566102,0.0,0.1105990783410138,0.1636413598929583,0.0591227378613083,1.0,0.8894009216589862,0.94213472104513,0.8330559695313794,0.0,160.0,0.4218235681369321,0.5211332120636929,0.3390646276595744,0.93,0.5781764318630678,0.664865521978022,0.4716565795260715,0.08,,,,,,,,,,,,,,,,0.8,symmetric_confident
Exp2B,olmo3_7b_it,22,nan,math,movies,math->movies,0.0998406995129373,0.1195610870388708,0.0784337741178464,0.0,0.8491584158415841,0.8747448195587594,0.824696283859527,0.0,0.995855550998086,0.998991954844298,0.9927222967337204,0.0,0.8960148514851485,0.911048978608131,0.8753321770384525,0.0,0.9819908736669402,0.987172349810838,0.977325981172525,0.0,,,,,0.9246486016519344,0.9612959501557632,0.8804280846095363,0.0,0.0089842051876539,0.0193578210100239,0.0001422677479015,1.0,0.991015794812346,0.9984323780825288,0.9778540793272422,0.0,170.0,0.0663671931604115,0.1053411450141553,0.0323192377050055,1.0,0.9336328068395884,0.9652266794238624,0.8984901750693176,0.0,,,,,,,,,,,,,,,,0.8,symmetric_confident
Exp2B,olmo3_7b_it,22,nan,movies,math,movies->math,0.3613554432552983,0.4109897316428003,0.3118087200102051,0.0,0.6382878452585854,0.6770469740845987,0.5927818619810924,0.0,0.910921052631579,0.9402470220539582,0.8826705337668095,0.0,0.5495656093762806,0.6080431235480128,0.4940279543810401,0.05,0.6394517543859649,0.6861810595024693,0.585121657549321,0.0,,,,,0.5070770243581303,0.6306012645538325,0.3571026282853567,0.0,0.1219552337063857,0.170970589024914,0.0764719374056049,1.0,0.8780447662936142,0.9317792115183036,0.8305975377840056,0.0,160.0,0.3709677419354839,0.4660659704878453,0.2916583925585284,0.99,0.6290322580645161,0.7284504734848485,0.5524980157024214,0.0,,,,,,,,,,,,,,,,0.8,symmetric_confident
Exp2B,olmo3_7b_it,23,nan,math,movies,math->movies,0.1020982477657118,0.1228779127575253,0.0838350620743155,0.0,0.8307095709570957,0.8540402915299642,0.8032964794124184,0.0,0.9936081487558108,0.9973328339590476,0.9874192001214028,0.0,0.891509900990099,0.9104934795427742,0.8704608387543342,0.0,0.984874897456932,0.9902018809400872,0.9796485160202226,0.0,,,,,0.9387045355745544,0.9748398444598322,0.8969501334191039,0.0,0.0084045790465149,0.0189957544828622,0.0001428786283651,1.0,0.991595420953485,0.9981459965561772,0.9820880011792452,0.0,170.0,0.0528908853789305,0.0885998260996818,0.027522268907563,1.0,0.9471091146210694,0.9762704545454546,0.911554132788156,0.0,,,,,,,,,,,,,,,,0.8,symmetric_confident
Exp2B,olmo3_7b_it,23,nan,movies,math,movies->math,0.3868814301243642,0.4268165075804996,0.3216974013775746,0.0,0.6409720514711909,0.697867824074074,0.5899448237721825,0.0,0.9192763157894736,0.9458983230227804,0.8909522249522249,0.0,0.5323948856651094,0.5836029472552909,0.4816980392490323,0.13,0.5826754385964912,0.6281664111439611,0.5291023458434974,0.0,,,,,0.456056616194865,0.5573821630347054,0.3310388326391351,0.0,0.1130678077682686,0.1607749510462492,0.0605257229982293,1.0,0.8869321922317314,0.9311177169337164,0.8185948916724648,0.0,160.0,0.4308755760368664,0.5124515594975487,0.3413462945144973,0.94,0.5691244239631337,0.6633137846315874,0.4714046822742475,0.1,,,,,,,,,,,,,,,,0.8,symmetric_confident
Exp2B,olmo3_7b_it,24,nan,math,movies,math->movies,0.0988912370010585,0.1188100584780586,0.078230497447863,0.0,0.8235973597359736,0.848324113307508,0.7903894021051057,0.0,0.9916470125786164,0.9957555247946182,0.9870747813524564,0.0,0.8927557755775578,0.9116733939747274,0.8727325696767042,0.0,0.9846826292042656,0.9904818269462462,0.9784405361201044,0.0,,,,,0.9388494421098392,0.9701750609843592,0.9050465154697456,0.0,0.0082596725112302,0.0160332356821676,0.0009356426865776,1.0,0.9917403274887696,0.9978737396028016,0.9801588729609492,0.0,170.0,0.0528908853789305,0.0850369446150695,0.0212746165472458,1.0,0.9471091146210694,0.975741017248728,0.9167371418565194,0.0,,,,,,,,,,,,,,,,0.8,symmetric_confident
Exp2B,olmo3_7b_it,24,nan,movies,math,movies->math,0.3829153725535871,0.433798105842512,0.3232330063391279,0.0,0.6394967625604459,0.6901387326034191,0.5762808802119102,0.0,0.9109868421052632,0.9411338857059056,0.8769235375167262,0.0,0.528071469551676,0.5769007273476288,0.4775955097358748,0.12,0.5469298245614035,0.6065050472918522,0.4936419277123941,0.08,,,,,0.3986175115207374,0.5302908232717801,0.2523139422140824,0.0,0.1214614878209348,0.1714591845686086,0.0648047288681406,1.0,0.8785385121790652,0.9420849230004968,0.8382805352705855,0.0,160.0,0.4799210006583278,0.5763101838517665,0.3996697273654714,0.65,0.5200789993416721,0.6002499252094136,0.4208298703382959,0.44,,,,,,,,,,,,,,,,0.8,symmetric_confident
Exp2B,olmo3_7b_it,25,nan,math,movies,math->movies,0.1001846485920125,0.1232797342342831,0.0829877129748531,0.0,0.8306765676567657,0.8532225136865464,0.8062145379884663,0.0,0.9935056056877222,0.9966763218792418,0.9892993959927908,0.0,0.8933209570957096,0.9141762005632416,0.8719135635480479,0.0,0.9873402037188952,0.9920806580998202,0.9801213590437616,0.0,,,,,0.9436313577742356,0.9733788046652168,0.9018850476596956,0.0,0.0088392986523692,0.0192285627031389,0.0005934495644226,1.0,0.9911607013476308,0.9984081647892132,0.9814093406593408,0.0,170.0,0.0475293435733951,0.077231375973431,0.0211601458885941,1.0,0.9524706564266048,0.9809872183957524,0.9231216491841492,0.0,,,,,,,,,,,,,,,,0.8,symmetric_confident
Exp2B,olmo3_7b_it,25,nan,movies,math,movies->math,0.3661184372290451,0.4197106290893458,0.2992534243037194,0.0,0.6383698057536268,0.6863999745695779,0.5912112998309766,0.0,0.8970175438596492,0.9217842234716944,0.8535896265642529,0.0,0.530899106630604,0.573433398744113,0.4763571413107016,0.15,0.5590131578947368,0.6088533764946696,0.5001157382160758,0.03,,,,,0.3964779460171165,0.5192430508004279,0.2855383453599597,0.0,0.1400592495062541,0.2066650853889942,0.0805847246060227,1.0,0.8599407504937459,0.9236647889052528,0.7839567362763239,0.0,160.0,0.4634628044766293,0.5673394480519478,0.3682269429266684,0.77,0.5365371955233706,0.6104886156186612,0.4569458333333333,0.19,,,,,,,,,,,,,,,,0.8,symmetric_confident
Exp2B,olmo3_7b_it,26,nan,math,movies,math->movies,0.1033868554000601,0.1208497974736258,0.08730225306216,0.0,0.8275825082508251,0.8553023729302975,0.7979089023503867,0.0,0.9934116078753076,0.996677637865535,0.98874553638129,0.0,0.8900247524752475,0.908357113840299,0.8643480764296252,0.0,0.9885664479081214,0.9935945852125616,0.9831724303448584,0.0,,,,,0.9543544413853066,0.9784192399652224,0.921781387608807,0.0,0.007824952905376,0.0183939660569018,0.0012599826324461,1.0,0.992175047094624,0.9997096902191018,0.9835786218092252,0.0,170.0,0.0378206057093174,0.0679410026593124,0.0131189444366713,1.0,0.9621793942906826,0.986636256298185,0.9349707530070852,0.0,,,,,,,,,,,,,,,,0.8,symmetric_confident
Exp2B,olmo3_7b_it,26,nan,movies,math,movies->math,0.3678993525120891,0.4212847640114996,0.3036864140424554,0.0,0.643041553970986,0.7024906343466053,0.6038090969190714,0.0,0.9066666666666666,0.934811149545316,0.8799679535800912,0.0,0.5387673141545775,0.5880045780275551,0.4770509850799247,0.1,0.5656578947368421,0.6176087422131171,0.5027834618532718,0.02,,,,,0.4045424621461488,0.5703496305857886,0.2758219401041666,0.0,0.130348913759052,0.1970400080906148,0.0820803696846661,1.0,0.869651086240948,0.9209077451757864,0.8257725116633553,0.0,160.0,0.4651086240947992,0.559266146166347,0.3770623647931248,0.73,0.5348913759052007,0.6360422858391608,0.4567972733680946,0.2,,,,,,,,,,,,,,,,0.8,symmetric_confident
Exp2B,olmo3_7b_it,27,nan,math,movies,math->movies,0.0984048156661441,0.1148038141887972,0.0774036342876993,0.0,0.8404991749174917,0.8641581256578544,0.8179691968671272,0.0,0.9939328684714248,0.9968236027187958,0.990333943576943,0.0,0.8955280528052806,0.91383863266497,0.8743671831420934,0.0,0.9890919811320756,0.9933979597742064,0.9837457340277768,0.0,,,,,0.9526155629618897,0.9815700503814472,0.9241064482268202,0.0,0.0095638313287929,0.0195142869271801,0.0017732320474262,1.0,0.9904361686712072,0.9980543570353696,0.9804733952702702,0.0,170.0,0.0378206057093174,0.0641910885167464,0.0169177787343951,1.0,0.9621793942906826,0.9837442325539169,0.93203981588341,0.0,,,,,,,,,,,,,,,,0.8,symmetric_confident
Exp2B,olmo3_7b_it,27,nan,movies,math,movies->math,0.349783613508815,0.4145635957635464,0.2973027513038917,0.0,0.6475288910745021,0.6904846172688197,0.5969357454563871,0.0,0.9116228070175438,0.9382466436651904,0.878283823262804,0.0,0.5618391935087288,0.6114095097824718,0.4989171400080944,0.03,0.6255263157894737,0.6739526072786155,0.5806932261705385,0.0,,,,,0.4581961816984858,0.5784038461538461,0.3283181914745058,0.0,0.1262343647136274,0.1692364788958433,0.0812018874178773,1.0,0.8737656352863726,0.9181229277254218,0.8171277754503561,0.0,160.0,0.4155694535878868,0.5206829437982788,0.3352160389163063,0.94,0.5844305464121132,0.6671740997297098,0.475919086788652,0.08,,,,,,,,,,,,,,,,0.8,symmetric_confident
Exp2B,olmo3_7b_it,28,nan,math,movies,math->movies,0.0961632478875451,0.1168559719822929,0.0746723158685162,0.0,0.8440676567656765,0.8682238432319097,0.811081754907701,0.0,0.9937705086136176,0.9966504126472062,0.989501256985766,0.0,0.8976072607260726,0.9138252935177232,0.8753391582466379,0.0,0.9876093792726278,0.9920907562521962,0.9834367534621948,0.0,,,,,0.9442109839153746,0.9729280321692508,0.909154326730172,0.0,0.0105781770757861,0.0211863398730871,0.0023446969696969,1.0,0.989421822924214,0.9976212649292944,0.9746858136517876,0.0,170.0,0.0452108390088393,0.0756206184364233,0.0224119047619047,1.0,0.9547891609911608,0.9825851465430115,0.9284860678136616,0.0,,,,,,,,,,,,,,,,0.8,symmetric_confident
Exp2B,olmo3_7b_it,28,nan,movies,math,movies->math,0.3357671340571739,0.3956931064299155,0.2994551750120472,0.0,0.6532866158511598,0.7021940682084039,0.5972564035202506,0.0,0.9141008771929824,0.9414380757564692,0.8862577697262984,0.0,0.5783337431358085,0.6348306555563172,0.5256935414435414,0.01,0.6431140350877192,0.6920435165659692,0.598385733854676,0.0,,,,,0.4614878209348255,0.5956933037521099,0.324260159787888,0.0,0.1272218564845293,0.1793590896352697,0.0736043726775551,1.0,0.8727781435154707,0.9203565102347946,0.8000541240409208,0.0,160.0,0.4112903225806452,0.5070463221648644,0.313638576714667,0.91,0.5887096774193549,0.6959057809330628,0.5082005848761169,0.02,,,,,,,,,,,,,,,,0.8,symmetric_confident
Exp2B,olmo3_7b_it,29,nan,math,movies,math->movies,0.0988785511036748,0.1244432193238771,0.0764210146688761,0.0,0.8234653465346534,0.847023732275589,0.7967211744738685,0.0,0.986968485097074,0.9925294788301348,0.9806541946276296,0.0,0.8880899339933993,0.9041700767573928,0.8611561267155524,0.0,0.9847937175280284,0.9917385551141265,0.9784586042988505,0.0,,,,,0.928850891175192,0.97048323916589,0.8846443074146488,0.0,0.0175336907694537,0.0350344562520228,0.0046972410218889,1.0,0.9824663092305465,0.9957120096807692,0.9645254464427316,0.0,170.0,0.0536154180553542,0.084846300209817,0.0222028345694299,1.0,0.9463845819446456,0.977500026909498,0.901259491306867,0.0,,,,,,,,,,,,,,,,0.8,symmetric_confident
Exp2B,olmo3_7b_it,29,nan,movies,math,movies->math,0.3496941741186011,0.4022805037042958,0.2934455105913303,0.0,0.6505409392672732,0.6947458201913566,0.5953556906395038,0.0,0.9037061403508772,0.9309951475779332,0.8757636079152332,0.0,0.554011966232276,0.6082947529706066,0.4898512912062407,0.05,0.5748684210526316,0.6275263649425288,0.5366031946147739,0.01,,,,,0.3884134298880842,0.5130535207103055,0.2695815629260868,0.0,0.1372613561553653,0.1979006983478112,0.0913411902107554,1.0,0.8627386438446346,0.9150635788780422,0.8000509417337959,0.0,160.0,0.4743252139565503,0.5618963585434172,0.3672246134020618,0.75,0.5256747860434496,0.5936845471441893,0.4326735456913881,0.36,,,,,,,,,,,,,,,,0.8,symmetric_confident
Exp2B,olmo3_7b_it,30,nan,math,movies,math->movies,0.0867189094832371,0.105811969811625,0.0675279903750055,0.0,0.8057838283828382,0.8410623252343051,0.7844343420623161,0.0,0.976133100902379,0.983621950387031,0.965758904949058,0.0,0.8894141914191419,0.9100752369379164,0.8682920273117828,0.0,0.9815721561389116,0.9869323995869892,0.9748276342071892,0.0,,,,,0.9098681350528908,0.9576623058914178,0.8381862684729063,0.0,0.0208665410810027,0.0470363635443877,0.0053275732933575,1.0,0.9791334589189972,0.9968750046150868,0.9563478767440858,0.0,170.0,0.0692653238661063,0.1197473265268122,0.0303925457291403,1.0,0.9307346761338936,0.9670723925464778,0.8875751141609795,0.0,,,,,,,,,,,,,,,,0.8,symmetric_confident
Exp2B,olmo3_7b_it,30,nan,movies,math,movies->math,0.2776806150488096,0.3356349113022124,0.2283384207228605,0.0,0.6400704860257356,0.675971937185536,0.5839536999634898,0.0,0.8320614035087719,0.8667083810353536,0.7908365618202542,0.0,0.5543807884599623,0.5953939913904436,0.4961160044977511,0.03,0.536578947368421,0.60190494552712,0.4865858459292226,0.14,,,,,0.2481895984200131,0.3987226071770602,0.1353347352094611,0.0,0.2225148123765635,0.2867236227784748,0.1572837483717759,1.0,0.7774851876234364,0.8505352345249252,0.7106827225735656,0.0,160.0,0.5292955892034233,0.619286787961583,0.4285713873420902,0.29,0.4707044107965767,0.5875839994391214,0.3860041564069216,0.75,,,,,,,,,,,,,,,,0.8,symmetric_confident
Exp2B,olmo3_7b_it,31,nan,math,movies,math->movies,-0.1639194921850675,-0.126306766780606,-0.2090557024036024,1.0,0.5640717821782179,0.6038537156138564,0.5177746242840005,0.0,0.7050904088050315,0.7409342922869476,0.6790289762616383,0.0,0.869009900990099,0.891996351893866,0.8442735577692692,0.0,0.9781113275909216,0.9854067308463936,0.9696582742455796,0.0,,,,,0.8337922040284016,0.8939324363791361,0.7687427156177156,0.0,0.0969424721054919,0.1388463140369185,0.0570997255841005,1.0,0.903057527894508,0.94374535723315,0.8544368204018622,0.0,170.0,0.0692653238661063,0.1121555944055943,0.0346445221445221,1.0,0.9307346761338936,0.9755259133389974,0.8877836260087377,0.0,,,,,,,,,,,,,,,,0.8,symmetric_confident
Exp2B,olmo3_7b_it,31,nan,movies,math,movies->math,0.196488612883327,0.2471034235494288,0.1287228882516306,0.0,0.5951971149905746,0.6420950359840655,0.5437708617128381,0.0,0.6733552631578947,0.7191089103597812,0.611752736684702,0.0,0.4768666502745676,0.5243187482126078,0.4374216640502355,0.78,0.3061622807017544,0.351588348211947,0.2684752391505499,1.0,,,,,-0.129526003949967,0.0418609460606727,-0.3024711538461538,0.89,0.390552995391705,0.4847944711538461,0.3141003344481605,1.0,0.6094470046082949,0.7042625343406593,0.536683752417795,0.0,160.0,0.738973008558262,0.8166037395723781,0.6546958333333334,0.0,0.2610269914417379,0.3372051567118902,0.1966274801348836,1.0,,,,,,,,,,,,,,,,0.8,symmetric_confident
